{"Time":"2026-10-08T23:22:09.502877011Z","Action":"start","Package":"go.temporal.io/server/tools/gomad3/target"}
{"Time":"2026-10-08T23:22:09.503318302Z","Action":"start","Package":"go.temporal.io/server/tools/gomad3/target/internal/build"}
{"Time":"2026-10-08T23:22:09.503377719Z","Action":"start","Package":"go.temporal.io/server/tools/gomad3/target/internal/capabilitypolicy"}
{"Time":"2026-10-08T23:22:09.503511844Z","Action":"start","Package":"go.temporal.io/server/tools/gomad3/target/internal/capabilityreview"}
{"Time":"2026-10-08T23:22:09.503768552Z","Action":"start","Package":"go.temporal.io/server/tools/gomad3/target/internal/gocommand"}
{"Time":"2026-10-08T23:22:09.503917969Z","Action":"start","Package":"go.temporal.io/server/tools/gomad3/target/internal/livecap"}
{"Time":"2026-10-08T23:22:09.504095469Z","Action":"start","Package":"go.temporal.io/server/tools/gomad3/target/internal/provenance"}
{"Time":"2026-10-08T23:22:09.504418552Z","Action":"start","Package":"go.temporal.io/server/tools/gomad3/internal/hostexec"}
{"Time":"2026-10-08T23:22:09.519863178Z","Action":"run","Package":"go.temporal.io/server/tools/gomad3/target/internal/capabilityreview","Test":"TestListOwnsBoundedGoListTransport"}
{"Time":"2026-10-08T23:22:09.520588594Z","Action":"output","Package":"go.temporal.io/server/tools/gomad3/target/internal/capabilityreview","Test":"TestListOwnsBoundedGoListTransport","Output":"=== RUN   TestListOwnsBoundedGoListTransport\n","OutputType":"frame"}
{"Time":"2026-10-08T23:22:09.519669803Z","Action":"output","Package":"go.temporal.io/server/tools/gomad3/target/internal/build","Output":"testing: warning: no tests to run\n"}
{"Time":"2026-10-08T23:22:09.521186553Z","Action":"output","Package":"go.temporal.io/server/tools/gomad3/target/internal/build","Output":"PASS\n","OutputType":"frame"}
{"Time":"2026-10-08T23:22:09.521707844Z","Action":"output","Package":"go.temporal.io/server/tools/gomad3/target/internal/build","Output":"ok  \tgo.temporal.io/server/tools/gomad3/target/internal/build\t0.018s [no tests to run]\n"}
{"Time":"2026-10-08T23:22:09.522660261Z","Action":"pass","Package":"go.temporal.io/server/tools/gomad3/target/internal/build","Elapsed":0.019}
{"Time":"2026-10-08T23:22:09.522190636Z","Action":"run","Package":"go.temporal.io/server/tools/gomad3/target/internal/gocommand","Test":"TestCompatibilityInfrastructureFailurePreservesBoundedStderr"}
{"Time":"2026-10-08T23:22:09.523641803Z","Action":"output","Package":"go.temporal.io/server/tools/gomad3/target/internal/gocommand","Test":"TestCompatibilityInfrastructureFailurePreservesBoundedStderr","Output":"=== RUN   TestCompatibilityInfrastructureFailurePreservesBoundedStderr\n","OutputType":"frame"}
{"Time":"2026-10-08T23:22:09.523775511Z","Action":"output","Package":"go.temporal.io/server/tools/gomad3/target/internal/gocommand","Test":"TestCompatibilityInfrastructureFailurePreservesBoundedStderr","Output":"--- PASS: TestCompatibilityInfrastructureFailurePreservesBoundedStderr (0.00s)\n","OutputType":"frame"}
{"Time":"2026-10-08T23:22:09.523914886Z","Action":"pass","Package":"go.temporal.io/server/tools/gomad3/target/internal/gocommand","Test":"TestCompatibilityInfrastructureFailurePreservesBoundedStderr","Elapsed":0}
{"Time":"2026-10-08T23:22:09.523953303Z","Action":"run","Package":"go.temporal.io/server/tools/gomad3/target/internal/gocommand","Test":"TestCompatibilityStdinFailureWinsOverRealOverflow"}
{"Time":"2026-10-08T23:22:09.523996844Z","Action":"output","Package":"go.temporal.io/server/tools/gomad3/target/internal/gocommand","Test":"TestCompatibilityStdinFailureWinsOverRealOverflow","Output":"=== RUN   TestCompatibilityStdinFailureWinsOverRealOverflow\n","OutputType":"frame"}
{"Time":"2026-10-08T23:22:09.524028594Z","Action":"run","Package":"go.temporal.io/server/tools/gomad3/target/internal/gocommand","Test":"TestCompatibilityStdinFailureWinsOverRealOverflow/stdin_read_failed"}
{"Time":"2026-10-08T23:22:09.524086636Z","Action":"output","Package":"go.temporal.io/server/tools/gomad3/target/internal/gocommand","Test":"TestCompatibilityStdinFailureWinsOverRealOverflow/stdin_read_failed","Output":"=== RUN   TestCompatibilityStdinFailureWinsOverRealOverflow/stdin_read_failed\n","OutputType":"frame"}
{"Time":"2026-10-08T23:22:09.522291511Z","Action":"run","Package":"go.temporal.io/server/tools/gomad3/internal/hostexec","Test":"TestRunPreservesCommandErrorOnlyWhenRequested"}
{"Time":"2026-10-08T23:22:09.524204678Z","Action":"output","Package":"go.temporal.io/server/tools/gomad3/internal/hostexec","Test":"TestRunPreservesCommandErrorOnlyWhenRequested","Output":"=== RUN   TestRunPreservesCommandErrorOnlyWhenRequested\n","OutputType":"frame"}
{"Time":"2026-10-08T23:22:09.525478469Z","Action":"run","Package":"go.temporal.io/server/tools/gomad3/target","Test":"TestAdapterSourceSetPublicStreamBounds"}
{"Time":"2026-10-08T23:22:09.526221261Z","Action":"output","Package":"go.temporal.io/server/tools/gomad3/target","Test":"TestAdapterSourceSetPublicStreamBounds","Output":"=== RUN   TestAdapterSourceSetPublicStreamBounds\n","OutputType":"frame"}
{"Time":"2026-10-08T23:22:09.526486219Z","Action":"run","Package":"go.temporal.io/server/tools/gomad3/target","Test":"TestAdapterSourceSetPublicStreamBounds/stdout_exact"}
{"Time":"2026-10-08T23:22:09.526521886Z","Action":"output","Package":"go.temporal.io/server/tools/gomad3/target","Test":"TestAdapterSourceSetPublicStreamBounds/stdout_exact","Output":"=== RUN   TestAdapterSourceSetPublicStreamBounds/stdout_exact\n","OutputType":"frame"}
{"Time":"2026-10-08T23:22:09.526904053Z","Action":"output","Package":"go.temporal.io/server/tools/gomad3/target/internal/provenance","Output":"testing: warning: no tests to run\n"}
{"Time":"2026-10-08T23:22:09.526992969Z","Action":"output","Package":"go.temporal.io/server/tools/gomad3/target/internal/capabilitypolicy","Output":"testing: warning: no tests to run\n"}
{"Time":"2026-10-08T23:22:09.527036928Z","Action":"output","Package":"go.temporal.io/server/tools/gomad3/target/internal/capabilitypolicy","Output":"PASS\n","OutputType":"frame"}
{"Time":"2026-10-08T23:22:09.527105053Z","Action":"output","Package":"go.temporal.io/server/tools/gomad3/target/internal/provenance","Output":"PASS\n","OutputType":"frame"}
{"Time":"2026-10-08T23:22:09.527857511Z","Action":"output","Package":"go.temporal.io/server/tools/gomad3/target/internal/capabilitypolicy","Output":"ok  \tgo.temporal.io/server/tools/gomad3/target/internal/capabilitypolicy\t0.024s [no tests to run]\n"}
{"Time":"2026-10-08T23:22:09.529897719Z","Action":"pass","Package":"go.temporal.io/server/tools/gomad3/target/internal/capabilitypolicy","Elapsed":0.027}
{"Time":"2026-10-08T23:22:09.528326928Z","Action":"output","Package":"go.temporal.io/server/tools/gomad3/target/internal/provenance","Output":"ok  \tgo.temporal.io/server/tools/gomad3/target/internal/provenance\t0.024s [no tests to run]\n"}
{"Time":"2026-10-08T23:22:09.530206344Z","Action":"pass","Package":"go.temporal.io/server/tools/gomad3/target/internal/provenance","Elapsed":0.026}
{"Time":"2026-10-08T23:22:09.531134678Z","Action":"output","Package":"go.temporal.io/server/tools/gomad3/internal/hostexec","Test":"TestRunPreservesCommandErrorOnlyWhenRequested","Output":"--- PASS: TestRunPreservesCommandErrorOnlyWhenRequested (0.01s)\n","OutputType":"frame"}
{"Time":"2026-10-08T23:22:09.532793636Z","Action":"pass","Package":"go.temporal.io/server/tools/gomad3/internal/hostexec","Test":"TestRunPreservesCommandErrorOnlyWhenRequested","Elapsed":0.01}
{"Time":"2026-10-08T23:22:09.531144803Z","Action":"run","Package":"go.temporal.io/server/tools/gomad3/target/internal/livecap","Test":"TestPinnedToolchainProjectsOnlyReachableForbiddenImport"}
{"Time":"2026-10-08T23:22:09.532904803Z","Action":"output","Package":"go.temporal.io/server/tools/gomad3/target/internal/livecap","Test":"TestPinnedToolchainProjectsOnlyReachableForbiddenImport","Output":"=== RUN   TestPinnedToolchainProjectsOnlyReachableForbiddenImport\n","OutputType":"frame"}
{"Time":"2026-10-08T23:22:09.532926761Z","Action":"output","Package":"go.temporal.io/server/tools/gomad3/target/internal/livecap","Test":"TestPinnedToolchainProjectsOnlyReachableForbiddenImport","Output":"    toolchain_test.go:16: live capability records are supported only on darwin/arm64\n"}
{"Time":"2026-10-08T23:22:09.532961886Z","Action":"output","Package":"go.temporal.io/server/tools/gomad3/target/internal/livecap","Test":"TestPinnedToolchainProjectsOnlyReachableForbiddenImport","Output":"--- SKIP: TestPinnedToolchainProjectsOnlyReachableForbiddenImport (0.00s)\n","OutputType":"frame"}
{"Time":"2026-10-08T23:22:09.532985636Z","Action":"skip","Package":"go.temporal.io/server/tools/gomad3/target/internal/livecap","Test":"TestPinnedToolchainProjectsOnlyReachableForbiddenImport","Elapsed":0}
{"Time":"2026-10-08T23:22:09.533162928Z","Action":"run","Package":"go.temporal.io/server/tools/gomad3/target/internal/livecap","Test":"TestPinnedToolchainGuardsReachableForbiddenImport"}
{"Time":"2026-10-08T23:22:09.533862094Z","Action":"output","Package":"go.temporal.io/server/tools/gomad3/target/internal/livecap","Test":"TestPinnedToolchainGuardsReachableForbiddenImport","Output":"=== RUN   TestPinnedToolchainGuardsReachableForbiddenImport\n","OutputType":"frame"}
{"Time":"2026-10-08T23:22:09.533003844Z","Action":"run","Package":"go.temporal.io/server/tools/gomad3/internal/hostexec","Test":"TestRunCapturesSuccessfulCommand"}
{"Time":"2026-10-08T23:22:09.534909011Z","Action":"output","Package":"go.temporal.io/server/tools/gomad3/internal/hostexec","Test":"TestRunCapturesSuccessfulCommand","Output":"=== RUN   TestRunCapturesSuccessfulCommand\n","OutputType":"frame"}
{"Time":"2026-10-08T23:22:09.534969094Z","Action":"output","Package":"go.temporal.io/server/tools/gomad3/target/internal/livecap","Test":"TestPinnedToolchainGuardsReachableForbiddenImport","Output":"    toolchain_test.go:57: live capability records are supported only on darwin/arm64\n"}
{"Time":"2026-10-08T23:22:09.535031386Z","Action":"output","Package":"go.temporal.io/server/tools/gomad3/target/internal/livecap","Test":"TestPinnedToolchainGuardsReachableForbiddenImport","Output":"--- SKIP: TestPinnedToolchainGuardsReachableForbiddenImport (0.00s)\n","OutputType":"frame"}
{"Time":"2026-10-08T23:22:09.535062303Z","Action":"skip","Package":"go.temporal.io/server/tools/gomad3/target/internal/livecap","Test":"TestPinnedToolchainGuardsReachableForbiddenImport","Elapsed":0}
{"Time":"2026-10-08T23:22:09.535111678Z","Action":"run","Package":"go.temporal.io/server/tools/gomad3/target/internal/livecap","Test":"TestPinnedToolchainAllowsPureForbiddenPackageInitializationHelper"}
{"Time":"2026-10-08T23:22:09.535132219Z","Action":"output","Package":"go.temporal.io/server/tools/gomad3/target/internal/livecap","Test":"TestPinnedToolchainAllowsPureForbiddenPackageInitializationHelper","Output":"=== RUN   TestPinnedToolchainAllowsPureForbiddenPackageInitializationHelper\n","OutputType":"frame"}
{"Time":"2026-10-08T23:22:09.535179011Z","Action":"output","Package":"go.temporal.io/server/tools/gomad3/target/internal/livecap","Test":"TestPinnedToolchainAllowsPureForbiddenPackageInitializationHelper","Output":"    toolchain_test.go:102: live capability records are supported only on darwin/arm64\n"}
{"Time":"2026-10-08T23:22:09.535221636Z","Action":"output","Package":"go.temporal.io/server/tools/gomad3/target/internal/livecap","Test":"TestPinnedToolchainAllowsPureForbiddenPackageInitializationHelper","Output":"--- SKIP: TestPinnedToolchainAllowsPureForbiddenPackageInitializationHelper (0.00s)\n","OutputType":"frame"}
{"Time":"2026-10-08T23:22:09.535250928Z","Action":"skip","Package":"go.temporal.io/server/tools/gomad3/target/internal/livecap","Test":"TestPinnedToolchainAllowsPureForbiddenPackageInitializationHelper","Elapsed":0}
{"Time":"2026-10-08T23:22:09.535271678Z","Action":"run","Package":"go.temporal.io/server/tools/gomad3/target/internal/livecap","Test":"TestPinnedToolchainAllowsPureSyscallErrorHelpers"}
{"Time":"2026-10-08T23:22:09.535375011Z","Action":"output","Package":"go.temporal.io/server/tools/gomad3/target/internal/livecap","Test":"TestPinnedToolchainAllowsPureSyscallErrorHelpers","Output":"=== RUN   TestPinnedToolchainAllowsPureSyscallErrorHelpers\n","OutputType":"frame"}
{"Time":"2026-10-08T23:22:09.535411678Z","Action":"output","Package":"go.temporal.io/server/tools/gomad3/target/internal/livecap","Test":"TestPinnedToolchainAllowsPureSyscallErrorHelpers","Output":"    toolchain_test.go:147: live capability records are supported only on darwin/arm64\n"}
{"Time":"2026-10-08T23:22:09.535451219Z","Action":"output","Package":"go.temporal.io/server/tools/gomad3/target/internal/livecap","Test":"TestPinnedToolchainAllowsPureSyscallErrorHelpers","Output":"--- SKIP: TestPinnedToolchainAllowsPureSyscallErrorHelpers (0.00s)\n","OutputType":"frame"}
{"Time":"2026-10-08T23:22:09.535494469Z","Action":"skip","Package":"go.temporal.io/server/tools/gomad3/target/internal/livecap","Test":"TestPinnedToolchainAllowsPureSyscallErrorHelpers","Elapsed":0}
{"Time":"2026-10-08T23:22:09.535538719Z","Action":"run","Package":"go.temporal.io/server/tools/gomad3/target/internal/livecap","Test":"TestPinnedToolchainUsesDeterministicEnvironment"}
{"Time":"2026-10-08T23:22:09.535571303Z","Action":"output","Package":"go.temporal.io/server/tools/gomad3/target/internal/livecap","Test":"TestPinnedToolchainUsesDeterministicEnvironment","Output":"=== RUN   TestPinnedToolchainUsesDeterministicEnvironment\n","OutputType":"frame"}
{"Time":"2026-10-08T23:22:09.535687178Z","Action":"output","Package":"go.temporal.io/server/tools/gomad3/target/internal/livecap","Test":"TestPinnedToolchainUsesDeterministicEnvironment","Output":"    toolchain_test.go:173: live capability records are supported only on darwin/arm64\n"}
{"Time":"2026-10-08T23:22:09.535778928Z","Action":"output","Package":"go.temporal.io/server/tools/gomad3/target/internal/livecap","Test":"TestPinnedToolchainUsesDeterministicEnvironment","Output":"--- SKIP: TestPinnedToolchainUsesDeterministicEnvironment (0.00s)\n","OutputType":"frame"}
{"Time":"2026-10-08T23:22:09.535892719Z","Action":"skip","Package":"go.temporal.io/server/tools/gomad3/target/internal/livecap","Test":"TestPinnedToolchainUsesDeterministicEnvironment","Elapsed":0}
{"Time":"2026-10-08T23:22:09.535946178Z","Action":"run","Package":"go.temporal.io/server/tools/gomad3/target/internal/livecap","Test":"TestPinnedToolchainGuardsReachableDeniedBoundary"}
{"Time":"2026-10-08T23:22:09.534974636Z","Action":"output","Package":"go.temporal.io/server/tools/gomad3/internal/hostexec","Test":"TestRunCapturesSuccessfulCommand","Output":"--- PASS: TestRunCapturesSuccessfulCommand (0.00s)\n","OutputType":"frame"}
{"Time":"2026-10-08T23:22:09.536151469Z","Action":"pass","Package":"go.temporal.io/server/tools/gomad3/internal/hostexec","Test":"TestRunCapturesSuccessfulCommand","Elapsed":0}
{"Time":"2026-10-08T23:22:09.536223136Z","Action":"run","Package":"go.temporal.io/server/tools/gomad3/internal/hostexec","Test":"TestRunSuppliesExplicitStandardInput"}
{"Time":"2026-10-08T23:22:09.536271178Z","Action":"output","Package":"go.temporal.io/server/tools/gomad3/internal/hostexec","Test":"TestRunSuppliesExplicitStandardInput","Output":"=== RUN   TestRunSuppliesExplicitStandardInput\n","OutputType":"frame"}
{"Time":"2026-10-08T23:22:09.536356178Z","Action":"output","Package":"go.temporal.io/server/tools/gomad3/target/internal/livecap","Test":"TestPinnedToolchainGuardsReachableDeniedBoundary","Output":"=== RUN   TestPinnedToolchainGuardsReachableDeniedBoundary\n","OutputType":"frame"}
{"Time":"2026-10-08T23:22:09.536405553Z","Action":"output","Package":"go.temporal.io/server/tools/gomad3/target/internal/livecap","Test":"TestPinnedToolchainGuardsReachableDeniedBoundary","Output":"    toolchain_test.go:205: live capability records are supported only on darwin/arm64\n"}
{"Time":"2026-10-08T23:22:09.536455803Z","Action":"output","Package":"go.temporal.io/server/tools/gomad3/target/internal/livecap","Test":"TestPinnedToolchainGuardsReachableDeniedBoundary","Output":"--- SKIP: TestPinnedToolchainGuardsReachableDeniedBoundary (0.00s)\n","OutputType":"frame"}
{"Time":"2026-10-08T23:22:09.536489636Z","Action":"skip","Package":"go.temporal.io/server/tools/gomad3/target/internal/livecap","Test":"TestPinnedToolchainGuardsReachableDeniedBoundary","Elapsed":0}
{"Time":"2026-10-08T23:22:09.536605344Z","Action":"run","Package":"go.temporal.io/server/tools/gomad3/target/internal/livecap","Test":"TestPinnedToolchainDoesNotGuardModeledUnsupportedBoundary"}
{"Time":"2026-10-08T23:22:09.536642511Z","Action":"output","Package":"go.temporal.io/server/tools/gomad3/target/internal/livecap","Test":"TestPinnedToolchainDoesNotGuardModeledUnsupportedBoundary","Output":"=== RUN   TestPinnedToolchainDoesNotGuardModeledUnsupportedBoundary\n","OutputType":"frame"}
{"Time":"2026-10-08T23:22:09.536689511Z","Action":"output","Package":"go.temporal.io/server/tools/gomad3/target/internal/livecap","Test":"TestPinnedToolchainDoesNotGuardModeledUnsupportedBoundary","Output":"    toolchain_test.go:239: live capability records are supported only on darwin/arm64\n"}
{"Time":"2026-10-08T23:22:09.537027469Z","Action":"output","Package":"go.temporal.io/server/tools/gomad3/target/internal/livecap","Test":"TestPinnedToolchainDoesNotGuardModeledUnsupportedBoundary","Output":"--- SKIP: TestPinnedToolchainDoesNotGuardModeledUnsupportedBoundary (0.00s)\n","OutputType":"frame"}
{"Time":"2026-10-08T23:22:09.537090928Z","Action":"skip","Package":"go.temporal.io/server/tools/gomad3/target/internal/livecap","Test":"TestPinnedToolchainDoesNotGuardModeledUnsupportedBoundary","Elapsed":0}
{"Time":"2026-10-08T23:22:09.537170136Z","Action":"run","Package":"go.temporal.io/server/tools/gomad3/target/internal/livecap","Test":"TestPinnedToolchainGuardsForbiddenPackageExceptModeledBoundary"}
{"Time":"2026-10-08T23:22:09.537400553Z","Action":"output","Package":"go.temporal.io/server/tools/gomad3/target/internal/livecap","Test":"TestPinnedToolchainGuardsForbiddenPackageExceptModeledBoundary","Output":"=== RUN   TestPinnedToolchainGuardsForbiddenPackageExceptModeledBoundary\n","OutputType":"frame"}
{"Time":"2026-10-08T23:22:09.537495136Z","Action":"output","Package":"go.temporal.io/server/tools/gomad3/target/internal/livecap","Test":"TestPinnedToolchainGuardsForbiddenPackageExceptModeledBoundary","Output":"    toolchain_test.go:264: live capability records are supported only on darwin/arm64\n"}
{"Time":"2026-10-08T23:22:09.536492344Z","Action":"output","Package":"go.temporal.io/server/tools/gomad3/target/internal/capabilityreview","Test":"TestListOwnsBoundedGoListTransport","Output":"--- PASS: TestListOwnsBoundedGoListTransport (0.02s)\n","OutputType":"frame"}
{"Time":"2026-10-08T23:22:09.537531511Z","Action":"output","Package":"go.temporal.io/server/tools/gomad3/internal/hostexec","Test":"TestRunSuppliesExplicitStandardInput","Output":"--- PASS: TestRunSuppliesExplicitStandardInput (0.00s)\n","OutputType":"frame"}
{"Time":"2026-10-08T23:22:09.538027886Z","Action":"pass","Package":"go.temporal.io/server/tools/gomad3/internal/hostexec","Test":"TestRunSuppliesExplicitStandardInput","Elapsed":0}
{"Time":"2026-10-08T23:22:09.538064011Z","Action":"run","Package":"go.temporal.io/server/tools/gomad3/internal/hostexec","Test":"TestRunReturnsNonzeroExitAsData"}
{"Time":"2026-10-08T23:22:09.538902303Z","Action":"output","Package":"go.temporal.io/server/tools/gomad3/internal/hostexec","Test":"TestRunReturnsNonzeroExitAsData","Output":"=== RUN   TestRunReturnsNonzeroExitAsData\n","OutputType":"frame"}
{"Time":"2026-10-08T23:22:09.538069428Z","Action":"output","Package":"go.temporal.io/server/tools/gomad3/target/internal/livecap","Test":"TestPinnedToolchainGuardsForbiddenPackageExceptModeledBoundary","Output":"--- SKIP: TestPinnedToolchainGuardsForbiddenPackageExceptModeledBoundary (0.00s)\n","OutputType":"frame"}
{"Time":"2026-10-08T23:22:09.539723344Z","Action":"skip","Package":"go.temporal.io/server/tools/gomad3/target/internal/livecap","Test":"TestPinnedToolchainGuardsForbiddenPackageExceptModeledBoundary","Elapsed":0}
{"Time":"2026-10-08T23:22:09.539790094Z","Action":"output","Package":"go.temporal.io/server/tools/gomad3/target/internal/livecap","Output":"PASS\n","OutputType":"frame"}
{"Time":"2026-10-08T23:22:09.539767636Z","Action":"output","Package":"go.temporal.io/server/tools/gomad3/internal/hostexec","Test":"TestRunReturnsNonzeroExitAsData","Output":"--- PASS: TestRunReturnsNonzeroExitAsData (0.00s)\n","OutputType":"frame"}
{"Time":"2026-10-08T23:22:09.539897886Z","Action":"pass","Package":"go.temporal.io/server/tools/gomad3/internal/hostexec","Test":"TestRunReturnsNonzeroExitAsData","Elapsed":0}
{"Time":"2026-10-08T23:22:09.538086386Z","Action":"pass","Package":"go.temporal.io/server/tools/gomad3/target/internal/capabilityreview","Test":"TestListOwnsBoundedGoListTransport","Elapsed":0.02}
{"Time":"2026-10-08T23:22:09.539866303Z","Action":"output","Package":"go.temporal.io/server/tools/gomad3/target/internal/livecap","Output":"ok  \tgo.temporal.io/server/tools/gomad3/target/internal/livecap\t0.036s\n"}
{"Time":"2026-10-08T23:22:09.539991511Z","Action":"pass","Package":"go.temporal.io/server/tools/gomad3/target/internal/livecap","Elapsed":0.036}
{"Time":"2026-10-08T23:22:09.540027469Z","Action":"run","Package":"go.temporal.io/server/tools/gomad3/target/internal/capabilityreview","Test":"TestListRejectsOverflowBeforeDecodingValidPrefix"}
{"Time":"2026-10-08T23:22:09.540301428Z","Action":"output","Package":"go.temporal.io/server/tools/gomad3/target/internal/capabilityreview","Test":"TestListRejectsOverflowBeforeDecodingValidPrefix","Output":"=== RUN   TestListRejectsOverflowBeforeDecodingValidPrefix\n","OutputType":"frame"}
{"Time":"2026-10-08T23:22:09.539959636Z","Action":"run","Package":"go.temporal.io/server/tools/gomad3/internal/hostexec","Test":"TestRunClassifiesSignalExit"}
{"Time":"2026-10-08T23:22:09.540374303Z","Action":"output","Package":"go.temporal.io/server/tools/gomad3/internal/hostexec","Test":"TestRunClassifiesSignalExit","Output":"=== RUN   TestRunClassifiesSignalExit\n","OutputType":"frame"}
{"Time":"2026-10-08T23:22:09.539860011Z","Action":"output","Package":"go.temporal.io/server/tools/gomad3/target/internal/gocommand","Test":"TestCompatibilityStdinFailureWinsOverRealOverflow/stdin_read_failed","Output":"--- PASS: TestCompatibilityStdinFailureWinsOverRealOverflow/stdin_read_failed (0.02s)\n","OutputType":"frame"}
{"Time":"2026-10-08T23:22:09.540441428Z","Action":"pass","Package":"go.temporal.io/server/tools/gomad3/target/internal/gocommand","Test":"TestCompatibilityStdinFailureWinsOverRealOverflow/stdin_read_failed","Elapsed":0.02}
{"Time":"2026-10-08T23:22:09.540599678Z","Action":"run","Package":"go.temporal.io/server/tools/gomad3/target/internal/gocommand","Test":"TestCompatibilityStdinFailureWinsOverRealOverflow/context_canceled"}
{"Time":"2026-10-08T23:22:09.540672261Z","Action":"output","Package":"go.temporal.io/server/tools/gomad3/target/internal/gocommand","Test":"TestCompatibilityStdinFailureWinsOverRealOverflow/context_canceled","Output":"=== RUN   TestCompatibilityStdinFailureWinsOverRealOverflow/context_canceled\n","OutputType":"frame"}
{"Time":"2026-10-08T23:22:09.541162011Z","Action":"output","Package":"go.temporal.io/server/tools/gomad3/internal/hostexec","Test":"TestRunClassifiesSignalExit","Output":"--- PASS: TestRunClassifiesSignalExit (0.00s)\n","OutputType":"frame"}
{"Time":"2026-10-08T23:22:09.541215761Z","Action":"pass","Package":"go.temporal.io/server/tools/gomad3/internal/hostexec","Test":"TestRunClassifiesSignalExit","Elapsed":0}
{"Time":"2026-10-08T23:22:09.541691261Z","Action":"run","Package":"go.temporal.io/server/tools/gomad3/internal/hostexec","Test":"TestRunTimesOutAndRemovesTermIgnoringDescendant"}
{"Time":"2026-10-08T23:22:09.541724053Z","Action":"output","Package":"go.temporal.io/server/tools/gomad3/internal/hostexec","Test":"TestRunTimesOutAndRemovesTermIgnoringDescendant","Output":"=== RUN   TestRunTimesOutAndRemovesTermIgnoringDescendant\n","OutputType":"frame"}
{"Time":"2026-10-08T23:22:09.545564636Z","Action":"output","Package":"go.temporal.io/server/tools/gomad3/target/internal/capabilityreview","Test":"TestListRejectsOverflowBeforeDecodingValidPrefix","Output":"--- PASS: TestListRejectsOverflowBeforeDecodingValidPrefix (0.01s)\n","OutputType":"frame"}
{"Time":"2026-10-08T23:22:09.545646886Z","Action":"pass","Package":"go.temporal.io/server/tools/gomad3/target/internal/capabilityreview","Test":"TestListRejectsOverflowBeforeDecodingValidPrefix","Elapsed":0.01}
{"Time":"2026-10-08T23:22:09.545694094Z","Action":"run","Package":"go.temporal.io/server/tools/gomad3/target/internal/capabilityreview","Test":"TestListDistinguishesMalformedListingAndInvalidInput"}
{"Time":"2026-10-08T23:22:09.545875636Z","Action":"output","Package":"go.temporal.io/server/tools/gomad3/target/internal/capabilityreview","Test":"TestListDistinguishesMalformedListingAndInvalidInput","Output":"=== RUN   TestListDistinguishesMalformedListingAndInvalidInput\n","OutputType":"frame"}
{"Time":"2026-10-08T23:22:09.547347761Z","Action":"output","Package":"go.temporal.io/server/tools/gomad3/target/internal/gocommand","Test":"TestCompatibilityStdinFailureWinsOverRealOverflow/context_canceled","Output":"--- PASS: TestCompatibilityStdinFailureWinsOverRealOverflow/context_canceled (0.01s)\n","OutputType":"frame"}
{"Time":"2026-10-08T23:22:09.547788636Z","Action":"pass","Package":"go.temporal.io/server/tools/gomad3/target/internal/gocommand","Test":"TestCompatibilityStdinFailureWinsOverRealOverflow/context_canceled","Elapsed":0.01}
{"Time":"2026-10-08T23:22:09.547845053Z","Action":"output","Package":"go.temporal.io/server/tools/gomad3/target/internal/gocommand","Test":"TestCompatibilityStdinFailureWinsOverRealOverflow","Output":"--- PASS: TestCompatibilityStdinFailureWinsOverRealOverflow (0.02s)\n","OutputType":"frame"}
{"Time":"2026-10-08T23:22:09.550929844Z","Action":"pass","Package":"go.temporal.io/server/tools/gomad3/target/internal/gocommand","Test":"TestCompatibilityStdinFailureWinsOverRealOverflow","Elapsed":0.02}
{"Time":"2026-10-08T23:22:09.551311094Z","Action":"run","Package":"go.temporal.io/server/tools/gomad3/target/internal/gocommand","Test":"TestCompatibilityCompletedExitSurvivesWatchdogWhileStdinCopyIsBlocked"}
{"Time":"2026-10-08T23:22:09.551395053Z","Action":"output","Package":"go.temporal.io/server/tools/gomad3/target/internal/gocommand","Test":"TestCompatibilityCompletedExitSurvivesWatchdogWhileStdinCopyIsBlocked","Output":"=== RUN   TestCompatibilityCompletedExitSurvivesWatchdogWhileStdinCopyIsBlocked\n","OutputType":"frame"}
{"Time":"2026-10-08T23:22:09.552320136Z","Action":"output","Package":"go.temporal.io/server/tools/gomad3/target/internal/capabilityreview","Test":"TestListDistinguishesMalformedListingAndInvalidInput","Output":"--- PASS: TestListDistinguishesMalformedListingAndInvalidInput (0.01s)\n","OutputType":"frame"}
{"Time":"2026-10-08T23:22:09.552353011Z","Action":"pass","Package":"go.temporal.io/server/tools/gomad3/target/internal/capabilityreview","Test":"TestListDistinguishesMalformedListingAndInvalidInput","Elapsed":0.01}
{"Time":"2026-10-08T23:22:09.552456886Z","Action":"run","Package":"go.temporal.io/server/tools/gomad3/target/internal/capabilityreview","Test":"TestListPreservesDeadline"}
{"Time":"2026-10-08T23:22:09.552494261Z","Action":"output","Package":"go.temporal.io/server/tools/gomad3/target/internal/capabilityreview","Test":"TestListPreservesDeadline","Output":"=== RUN   TestListPreservesDeadline\n","OutputType":"frame"}
{"Time":"2026-10-08T23:22:09.566021178Z","Action":"output","Package":"go.temporal.io/server/tools/gomad3/target","Test":"TestAdapterSourceSetPublicStreamBounds/stdout_exact","Output":"--- PASS: TestAdapterSourceSetPublicStreamBounds/stdout_exact (0.04s)\n","OutputType":"frame"}
{"Time":"2026-10-08T23:22:09.566182719Z","Action":"pass","Package":"go.temporal.io/server/tools/gomad3/target","Test":"TestAdapterSourceSetPublicStreamBounds/stdout_exact","Elapsed":0.04}
{"Time":"2026-10-08T23:22:09.566238344Z","Action":"run","Package":"go.temporal.io/server/tools/gomad3/target","Test":"TestAdapterSourceSetPublicStreamBounds/stderr_exact"}
{"Time":"2026-10-08T23:22:09.566285136Z","Action":"output","Package":"go.temporal.io/server/tools/gomad3/target","Test":"TestAdapterSourceSetPublicStreamBounds/stderr_exact","Output":"=== RUN   TestAdapterSourceSetPublicStreamBounds/stderr_exact\n","OutputType":"frame"}
{"Time":"2026-10-08T23:22:09.580379469Z","Action":"output","Package":"go.temporal.io/server/tools/gomad3/target/internal/capabilityreview","Test":"TestListPreservesDeadline","Output":"--- PASS: TestListPreservesDeadline (0.03s)\n","OutputType":"frame"}
{"Time":"2026-10-08T23:22:09.580516678Z","Action":"pass","Package":"go.temporal.io/server/tools/gomad3/target/internal/capabilityreview","Test":"TestListPreservesDeadline","Elapsed":0.03}
{"Time":"2026-10-08T23:22:09.580554053Z","Action":"output","Package":"go.temporal.io/server/tools/gomad3/target/internal/capabilityreview","Output":"PASS\n","OutputType":"frame"}
{"Time":"2026-10-08T23:22:09.580874178Z","Action":"output","Package":"go.temporal.io/server/tools/gomad3/target/internal/capabilityreview","Output":"ok  \tgo.temporal.io/server/tools/gomad3/target/internal/capabilityreview\t0.077s\n"}
{"Time":"2026-10-08T23:22:09.580941136Z","Action":"pass","Package":"go.temporal.io/server/tools/gomad3/target/internal/capabilityreview","Elapsed":0.077}
{"Time":"2026-10-08T23:22:09.582752928Z","Action":"output","Package":"go.temporal.io/server/tools/gomad3/target","Test":"TestAdapterSourceSetPublicStreamBounds/stderr_exact","Output":"--- PASS: TestAdapterSourceSetPublicStreamBounds/stderr_exact (0.02s)\n","OutputType":"frame"}
{"Time":"2026-10-08T23:22:09.582788428Z","Action":"pass","Package":"go.temporal.io/server/tools/gomad3/target","Test":"TestAdapterSourceSetPublicStreamBounds/stderr_exact","Elapsed":0.02}
{"Time":"2026-10-08T23:22:09.582817469Z","Action":"run","Package":"go.temporal.io/server/tools/gomad3/target","Test":"TestAdapterSourceSetPublicStreamBounds/stdout_overflow"}
{"Time":"2026-10-08T23:22:09.582832594Z","Action":"output","Package":"go.temporal.io/server/tools/gomad3/target","Test":"TestAdapterSourceSetPublicStreamBounds/stdout_overflow","Output":"=== RUN   TestAdapterSourceSetPublicStreamBounds/stdout_overflow\n","OutputType":"frame"}
{"Time":"2026-10-08T23:22:09.594415344Z","Action":"output","Package":"go.temporal.io/server/tools/gomad3/target","Test":"TestAdapterSourceSetPublicStreamBounds/stdout_overflow","Output":"--- PASS: TestAdapterSourceSetPublicStreamBounds/stdout_overflow (0.01s)\n","OutputType":"frame"}
{"Time":"2026-10-08T23:22:09.594538094Z","Action":"pass","Package":"go.temporal.io/server/tools/gomad3/target","Test":"TestAdapterSourceSetPublicStreamBounds/stdout_overflow","Elapsed":0.01}
{"Time":"2026-10-08T23:22:09.594592969Z","Action":"run","Package":"go.temporal.io/server/tools/gomad3/target","Test":"TestAdapterSourceSetPublicStreamBounds/stderr_overflow"}
{"Time":"2026-10-08T23:22:09.594725636Z","Action":"output","Package":"go.temporal.io/server/tools/gomad3/target","Test":"TestAdapterSourceSetPublicStreamBounds/stderr_overflow","Output":"=== RUN   TestAdapterSourceSetPublicStreamBounds/stderr_overflow\n","OutputType":"frame"}
{"Time":"2026-10-08T23:22:09.605689303Z","Action":"output","Package":"go.temporal.io/server/tools/gomad3/target","Test":"TestAdapterSourceSetPublicStreamBounds/stderr_overflow","Output":"--- PASS: TestAdapterSourceSetPublicStreamBounds/stderr_overflow (0.01s)\n","OutputType":"frame"}
{"Time":"2026-10-08T23:22:09.605766136Z","Action":"pass","Package":"go.temporal.io/server/tools/gomad3/target","Test":"TestAdapterSourceSetPublicStreamBounds/stderr_overflow","Elapsed":0.01}
{"Time":"2026-10-08T23:22:09.605812511Z","Action":"run","Package":"go.temporal.io/server/tools/gomad3/target","Test":"TestAdapterSourceSetPublicStreamBounds/both_overflow"}
{"Time":"2026-10-08T23:22:09.605889094Z","Action":"output","Package":"go.temporal.io/server/tools/gomad3/target","Test":"TestAdapterSourceSetPublicStreamBounds/both_overflow","Output":"=== RUN   TestAdapterSourceSetPublicStreamBounds/both_overflow\n","OutputType":"frame"}
{"Time":"2026-10-08T23:22:09.623737386Z","Action":"output","Package":"go.temporal.io/server/tools/gomad3/target","Test":"TestAdapterSourceSetPublicStreamBounds/both_overflow","Output":"--- PASS: TestAdapterSourceSetPublicStreamBounds/both_overflow (0.02s)\n","OutputType":"frame"}
{"Time":"2026-10-08T23:22:09.623919594Z","Action":"pass","Package":"go.temporal.io/server/tools/gomad3/target","Test":"TestAdapterSourceSetPublicStreamBounds/both_overflow","Elapsed":0.02}
{"Time":"2026-10-08T23:22:09.624044386Z","Action":"output","Package":"go.temporal.io/server/tools/gomad3/target","Test":"TestAdapterSourceSetPublicStreamBounds","Output":"--- PASS: TestAdapterSourceSetPublicStreamBounds (0.10s)\n","OutputType":"frame"}
{"Time":"2026-10-08T23:22:09.624089261Z","Action":"pass","Package":"go.temporal.io/server/tools/gomad3/target","Test":"TestAdapterSourceSetPublicStreamBounds","Elapsed":0.1}
{"Time":"2026-10-08T23:22:09.624145886Z","Action":"run","Package":"go.temporal.io/server/tools/gomad3/target","Test":"TestAdapterSourceSetChild"}
{"Time":"2026-10-08T23:22:09.624192844Z","Action":"output","Package":"go.temporal.io/server/tools/gomad3/target","Test":"TestAdapterSourceSetChild","Output":"=== RUN   TestAdapterSourceSetChild\n","OutputType":"frame"}
{"Time":"2026-10-08T23:22:09.624260178Z","Action":"output","Package":"go.temporal.io/server/tools/gomad3/target","Test":"TestAdapterSourceSetChild","Output":"--- PASS: TestAdapterSourceSetChild (0.00s)\n","OutputType":"frame"}
{"Time":"2026-10-08T23:22:09.624404719Z","Action":"pass","Package":"go.temporal.io/server/tools/gomad3/target","Test":"TestAdapterSourceSetChild","Elapsed":0}
{"Time":"2026-10-08T23:22:09.624517094Z","Action":"run","Package":"go.temporal.io/server/tools/gomad3/target","Test":"TestAdapterSourceSetRequestAndLiteralProjection"}
{"Time":"2026-10-08T23:22:09.624555844Z","Action":"output","Package":"go.temporal.io/server/tools/gomad3/target","Test":"TestAdapterSourceSetRequestAndLiteralProjection","Output":"=== RUN   TestAdapterSourceSetRequestAndLiteralProjection\n","OutputType":"frame"}
{"Time":"2026-10-08T23:22:09.629035261Z","Action":"run","Package":"go.temporal.io/server/tools/gomad3/target","Test":"TestAdapterSourceSetRequestAndLiteralProjection/darwin"}
{"Time":"2026-10-08T23:22:09.629171219Z","Action":"output","Package":"go.temporal.io/server/tools/gomad3/target","Test":"TestAdapterSourceSetRequestAndLiteralProjection/darwin","Output":"=== RUN   TestAdapterSourceSetRequestAndLiteralProjection/darwin\n","OutputType":"frame"}
{"Time":"2026-10-08T23:22:09.629909886Z","Action":"output","Package":"go.temporal.io/server/tools/gomad3/target","Test":"TestAdapterSourceSetRequestAndLiteralProjection/darwin","Output":"--- PASS: TestAdapterSourceSetRequestAndLiteralProjection/darwin (0.00s)\n","OutputType":"frame"}
{"Time":"2026-10-08T23:22:09.630008178Z","Action":"pass","Package":"go.temporal.io/server/tools/gomad3/target","Test":"TestAdapterSourceSetRequestAndLiteralProjection/darwin","Elapsed":0}
{"Time":"2026-10-08T23:22:09.630061844Z","Action":"run","Package":"go.temporal.io/server/tools/gomad3/target","Test":"TestAdapterSourceSetRequestAndLiteralProjection/linux"}
{"Time":"2026-10-08T23:22:09.630142344Z","Action":"output","Package":"go.temporal.io/server/tools/gomad3/target","Test":"TestAdapterSourceSetRequestAndLiteralProjection/linux","Output":"=== RUN   TestAdapterSourceSetRequestAndLiteralProjection/linux\n","OutputType":"frame"}
{"Time":"2026-10-08T23:22:09.630878303Z","Action":"output","Package":"go.temporal.io/server/tools/gomad3/target","Test":"TestAdapterSourceSetRequestAndLiteralProjection/linux","Output":"--- PASS: TestAdapterSourceSetRequestAndLiteralProjection/linux (0.00s)\n","OutputType":"frame"}
{"Time":"2026-10-08T23:22:09.630916719Z","Action":"pass","Package":"go.temporal.io/server/tools/gomad3/target","Test":"TestAdapterSourceSetRequestAndLiteralProjection/linux","Elapsed":0}
{"Time":"2026-10-08T23:22:09.632002219Z","Action":"output","Package":"go.temporal.io/server/tools/gomad3/target","Test":"TestAdapterSourceSetRequestAndLiteralProjection","Output":"--- PASS: TestAdapterSourceSetRequestAndLiteralProjection (0.01s)\n","OutputType":"frame"}
{"Time":"2026-10-08T23:22:09.632085469Z","Action":"pass","Package":"go.temporal.io/server/tools/gomad3/target","Test":"TestAdapterSourceSetRequestAndLiteralProjection","Elapsed":0.01}
{"Time":"2026-10-08T23:22:09.632135928Z","Action":"run","Package":"go.temporal.io/server/tools/gomad3/target","Test":"TestAdapterSourceSetDecodeAndSourceFailures"}
{"Time":"2026-10-08T23:22:09.632179803Z","Action":"output","Package":"go.temporal.io/server/tools/gomad3/target","Test":"TestAdapterSourceSetDecodeAndSourceFailures","Output":"=== RUN   TestAdapterSourceSetDecodeAndSourceFailures\n","OutputType":"frame"}
{"Time":"2026-10-08T23:22:09.634411011Z","Action":"run","Package":"go.temporal.io/server/tools/gomad3/target","Test":"TestAdapterSourceSetDecodeAndSourceFailures/malformed"}
{"Time":"2026-10-08T23:22:09.634438261Z","Action":"output","Package":"go.temporal.io/server/tools/gomad3/target","Test":"TestAdapterSourceSetDecodeAndSourceFailures/malformed","Output":"=== RUN   TestAdapterSourceSetDecodeAndSourceFailures/malformed\n","OutputType":"frame"}
{"Time":"2026-10-08T23:22:09.634590178Z","Action":"output","Package":"go.temporal.io/server/tools/gomad3/target","Test":"TestAdapterSourceSetDecodeAndSourceFailures/malformed","Output":"--- PASS: TestAdapterSourceSetDecodeAndSourceFailures/malformed (0.00s)\n","OutputType":"frame"}
{"Time":"2026-10-08T23:22:09.634628136Z","Action":"pass","Package":"go.temporal.io/server/tools/gomad3/target","Test":"TestAdapterSourceSetDecodeAndSourceFailures/malformed","Elapsed":0}
{"Time":"2026-10-08T23:22:09.634716803Z","Action":"run","Package":"go.temporal.io/server/tools/gomad3/target","Test":"TestAdapterSourceSetDecodeAndSourceFailures/trailing"}
{"Time":"2026-10-08T23:22:09.634915094Z","Action":"output","Package":"go.temporal.io/server/tools/gomad3/target","Test":"TestAdapterSourceSetDecodeAndSourceFailures/trailing","Output":"=== RUN   TestAdapterSourceSetDecodeAndSourceFailures/trailing\n","OutputType":"frame"}
{"Time":"2026-10-08T23:22:09.802493136Z","Action":"output","Package":"go.temporal.io/server/tools/gomad3/target","Test":"TestAdapterSourceSetDecodeAndSourceFailures/trailing","Output":"--- PASS: TestAdapterSourceSetDecodeAndSourceFailures/trailing (0.17s)\n","OutputType":"frame"}
{"Time":"2026-10-08T23:22:09.802782178Z","Action":"pass","Package":"go.temporal.io/server/tools/gomad3/target","Test":"TestAdapterSourceSetDecodeAndSourceFailures/trailing","Elapsed":0.17}
{"Time":"2026-10-08T23:22:09.802870969Z","Action":"run","Package":"go.temporal.io/server/tools/gomad3/target","Test":"TestAdapterSourceSetDecodeAndSourceFailures/missing_directory"}
{"Time":"2026-10-08T23:22:09.802886219Z","Action":"output","Package":"go.temporal.io/server/tools/gomad3/target","Test":"TestAdapterSourceSetDecodeAndSourceFailures/missing_directory","Output":"=== RUN   TestAdapterSourceSetDecodeAndSourceFailures/missing_directory\n","OutputType":"frame"}
{"Time":"2026-10-08T23:22:09.807444011Z","Action":"output","Package":"go.temporal.io/server/tools/gomad3/target","Test":"TestAdapterSourceSetDecodeAndSourceFailures/missing_directory","Output":"--- PASS: TestAdapterSourceSetDecodeAndSourceFailures/missing_directory (0.01s)\n","OutputType":"frame"}
{"Time":"2026-10-08T23:22:09.807517094Z","Action":"pass","Package":"go.temporal.io/server/tools/gomad3/target","Test":"TestAdapterSourceSetDecodeAndSourceFailures/missing_directory","Elapsed":0.01}
{"Time":"2026-10-08T23:22:09.807715136Z","Action":"run","Package":"go.temporal.io/server/tools/gomad3/target","Test":"TestAdapterSourceSetDecodeAndSourceFailures/missing_name"}
{"Time":"2026-10-08T23:22:09.807748719Z","Action":"output","Package":"go.temporal.io/server/tools/gomad3/target","Test":"TestAdapterSourceSetDecodeAndSourceFailures/missing_name","Output":"=== RUN   TestAdapterSourceSetDecodeAndSourceFailures/missing_name\n","OutputType":"frame"}
{"Time":"2026-10-08T23:22:09.807792803Z","Action":"output","Package":"go.temporal.io/server/tools/gomad3/target","Test":"TestAdapterSourceSetDecodeAndSourceFailures/missing_name","Output":"--- PASS: TestAdapterSourceSetDecodeAndSourceFailures/missing_name (0.00s)\n","OutputType":"frame"}
{"Time":"2026-10-08T23:22:09.807851219Z","Action":"pass","Package":"go.temporal.io/server/tools/gomad3/target","Test":"TestAdapterSourceSetDecodeAndSourceFailures/missing_name","Elapsed":0}
{"Time":"2026-10-08T23:22:09.807879678Z","Action":"run","Package":"go.temporal.io/server/tools/gomad3/target","Test":"TestAdapterSourceSetDecodeAndSourceFailures/wrong_quotes"}
{"Time":"2026-10-08T23:22:09.807935011Z","Action":"output","Package":"go.temporal.io/server/tools/gomad3/target","Test":"TestAdapterSourceSetDecodeAndSourceFailures/wrong_quotes","Output":"=== RUN   TestAdapterSourceSetDecodeAndSourceFailures/wrong_quotes\n","OutputType":"frame"}
{"Time":"2026-10-08T23:22:09.811756094Z","Action":"output","Package":"go.temporal.io/server/tools/gomad3/target/internal/gocommand","Test":"TestCompatibilityCompletedExitSurvivesWatchdogWhileStdinCopyIsBlocked","Output":"--- PASS: TestCompatibilityCompletedExitSurvivesWatchdogWhileStdinCopyIsBlocked (0.26s)\n","OutputType":"frame"}
{"Time":"2026-10-08T23:22:09.812143011Z","Action":"pass","Package":"go.temporal.io/server/tools/gomad3/target/internal/gocommand","Test":"TestCompatibilityCompletedExitSurvivesWatchdogWhileStdinCopyIsBlocked","Elapsed":0.26}
{"Time":"2026-10-08T23:22:09.812858553Z","Action":"run","Package":"go.temporal.io/server/tools/gomad3/target/internal/gocommand","Test":"TestCompatibilityPreservesRawExitAndRejectsFailedStdout"}
{"Time":"2026-10-08T23:22:09.812933094Z","Action":"output","Package":"go.temporal.io/server/tools/gomad3/target/internal/gocommand","Test":"TestCompatibilityPreservesRawExitAndRejectsFailedStdout","Output":"=== RUN   TestCompatibilityPreservesRawExitAndRejectsFailedStdout\n","OutputType":"frame"}
{"Time":"2026-10-08T23:22:09.813807803Z","Action":"output","Package":"go.temporal.io/server/tools/gomad3/target","Test":"TestAdapterSourceSetDecodeAndSourceFailures/wrong_quotes","Output":"--- PASS: TestAdapterSourceSetDecodeAndSourceFailures/wrong_quotes (0.01s)\n","OutputType":"frame"}
{"Time":"2026-10-08T23:22:09.814377844Z","Action":"pass","Package":"go.temporal.io/server/tools/gomad3/target","Test":"TestAdapterSourceSetDecodeAndSourceFailures/wrong_quotes","Elapsed":0.01}
{"Time":"2026-10-08T23:22:09.814435553Z","Action":"run","Package":"go.temporal.io/server/tools/gomad3/target","Test":"TestAdapterSourceSetDecodeAndSourceFailures/trailing_import_comment"}
{"Time":"2026-10-08T23:22:09.814497303Z","Action":"output","Package":"go.temporal.io/server/tools/gomad3/target","Test":"TestAdapterSourceSetDecodeAndSourceFailures/trailing_import_comment","Output":"=== RUN   TestAdapterSourceSetDecodeAndSourceFailures/trailing_import_comment\n","OutputType":"frame"}
{"Time":"2026-10-08T23:22:09.814945303Z","Action":"output","Package":"go.temporal.io/server/tools/gomad3/target","Test":"TestAdapterSourceSetDecodeAndSourceFailures/trailing_import_comment","Output":"--- PASS: TestAdapterSourceSetDecodeAndSourceFailures/trailing_import_comment (0.00s)\n","OutputType":"frame"}
{"Time":"2026-10-08T23:22:09.815086094Z","Action":"pass","Package":"go.temporal.io/server/tools/gomad3/target","Test":"TestAdapterSourceSetDecodeAndSourceFailures/trailing_import_comment","Elapsed":0}
{"Time":"2026-10-08T23:22:09.815123428Z","Action":"run","Package":"go.temporal.io/server/tools/gomad3/target","Test":"TestAdapterSourceSetDecodeAndSourceFailures/other_import_comment"}
{"Time":"2026-10-08T23:22:09.815198844Z","Action":"output","Package":"go.temporal.io/server/tools/gomad3/target","Test":"TestAdapterSourceSetDecodeAndSourceFailures/other_import_comment","Output":"=== RUN   TestAdapterSourceSetDecodeAndSourceFailures/other_import_comment\n","OutputType":"frame"}
{"Time":"2026-10-08T23:22:09.814290969Z","Action":"output","Package":"go.temporal.io/server/tools/gomad3/internal/hostexec","Test":"TestRunTimesOutAndRemovesTermIgnoringDescendant","Output":"--- PASS: TestRunTimesOutAndRemovesTermIgnoringDescendant (0.27s)\n","OutputType":"frame"}
{"Time":"2026-10-08T23:22:09.815276011Z","Action":"pass","Package":"go.temporal.io/server/tools/gomad3/internal/hostexec","Test":"TestRunTimesOutAndRemovesTermIgnoringDescendant","Elapsed":0.27}
{"Time":"2026-10-08T23:22:09.815314511Z","Action":"run","Package":"go.temporal.io/server/tools/gomad3/internal/hostexec","Test":"TestRunClassifiesContextCancellation"}
{"Time":"2026-10-08T23:22:09.815341011Z","Action":"output","Package":"go.temporal.io/server/tools/gomad3/internal/hostexec","Test":"TestRunClassifiesContextCancellation","Output":"=== RUN   TestRunClassifiesContextCancellation\n","OutputType":"frame"}
{"Time":"2026-10-08T23:22:09.817552053Z","Action":"output","Package":"go.temporal.io/server/tools/gomad3/target","Test":"TestAdapterSourceSetDecodeAndSourceFailures/other_import_comment","Output":"--- PASS: TestAdapterSourceSetDecodeAndSourceFailures/other_import_comment (0.00s)\n","OutputType":"frame"}
{"Time":"2026-10-08T23:22:09.817676511Z","Action":"pass","Package":"go.temporal.io/server/tools/gomad3/target","Test":"TestAdapterSourceSetDecodeAndSourceFailures/other_import_comment","Elapsed":0}
{"Time":"2026-10-08T23:22:09.817735719Z","Action":"run","Package":"go.temporal.io/server/tools/gomad3/target","Test":"TestAdapterSourceSetDecodeAndSourceFailures/listed_error"}
{"Time":"2026-10-08T23:22:09.817758386Z","Action":"output","Package":"go.temporal.io/server/tools/gomad3/target","Test":"TestAdapterSourceSetDecodeAndSourceFailures/listed_error","Output":"=== RUN   TestAdapterSourceSetDecodeAndSourceFailures/listed_error\n","OutputType":"frame"}
{"Time":"2026-10-08T23:22:09.820750678Z","Action":"output","Package":"go.temporal.io/server/tools/gomad3/target","Test":"TestAdapterSourceSetDecodeAndSourceFailures/listed_error","Output":"--- PASS: TestAdapterSourceSetDecodeAndSourceFailures/listed_error (0.00s)\n","OutputType":"frame"}
{"Time":"2026-10-08T23:22:09.820863969Z","Action":"pass","Package":"go.temporal.io/server/tools/gomad3/target","Test":"TestAdapterSourceSetDecodeAndSourceFailures/listed_error","Elapsed":0}
{"Time":"2026-10-08T23:22:09.821115553Z","Action":"run","Package":"go.temporal.io/server/tools/gomad3/target","Test":"TestAdapterSourceSetDecodeAndSourceFailures/Go_read_failure"}
{"Time":"2026-10-08T23:22:09.821170136Z","Action":"output","Package":"go.temporal.io/server/tools/gomad3/target","Test":"TestAdapterSourceSetDecodeAndSourceFailures/Go_read_failure","Output":"=== RUN   TestAdapterSourceSetDecodeAndSourceFailures/Go_read_failure\n","OutputType":"frame"}
{"Time":"2026-10-08T23:22:09.821218053Z","Action":"output","Package":"go.temporal.io/server/tools/gomad3/target","Test":"TestAdapterSourceSetDecodeAndSourceFailures/Go_read_failure","Output":"--- PASS: TestAdapterSourceSetDecodeAndSourceFailures/Go_read_failure (0.00s)\n","OutputType":"frame"}
{"Time":"2026-10-08T23:22:09.821252094Z","Action":"pass","Package":"go.temporal.io/server/tools/gomad3/target","Test":"TestAdapterSourceSetDecodeAndSourceFailures/Go_read_failure","Elapsed":0}
{"Time":"2026-10-08T23:22:09.821300136Z","Action":"run","Package":"go.temporal.io/server/tools/gomad3/target","Test":"TestAdapterSourceSetDecodeAndSourceFailures/foreign_read_failure"}
{"Time":"2026-10-08T23:22:09.821323053Z","Action":"output","Package":"go.temporal.io/server/tools/gomad3/target","Test":"TestAdapterSourceSetDecodeAndSourceFailures/foreign_read_failure","Output":"=== RUN   TestAdapterSourceSetDecodeAndSourceFailures/foreign_read_failure\n","OutputType":"frame"}
{"Time":"2026-10-08T23:22:09.821653428Z","Action":"output","Package":"go.temporal.io/server/tools/gomad3/target","Test":"TestAdapterSourceSetDecodeAndSourceFailures/foreign_read_failure","Output":"--- PASS: TestAdapterSourceSetDecodeAndSourceFailures/foreign_read_failure (0.00s)\n","OutputType":"frame"}
{"Time":"2026-10-08T23:22:09.821746219Z","Action":"pass","Package":"go.temporal.io/server/tools/gomad3/target","Test":"TestAdapterSourceSetDecodeAndSourceFailures/foreign_read_failure","Elapsed":0}
{"Time":"2026-10-08T23:22:09.822065469Z","Action":"output","Package":"go.temporal.io/server/tools/gomad3/target/internal/gocommand","Test":"TestCompatibilityPreservesRawExitAndRejectsFailedStdout","Output":"--- PASS: TestCompatibilityPreservesRawExitAndRejectsFailedStdout (0.01s)\n","OutputType":"frame"}
{"Time":"2026-10-08T23:22:09.822181928Z","Action":"pass","Package":"go.temporal.io/server/tools/gomad3/target/internal/gocommand","Test":"TestCompatibilityPreservesRawExitAndRejectsFailedStdout","Elapsed":0.01}
{"Time":"2026-10-08T23:22:09.822259844Z","Action":"run","Package":"go.temporal.io/server/tools/gomad3/target/internal/gocommand","Test":"TestCompatibilityPreservesLegacyStartupPrecedence"}
{"Time":"2026-10-08T23:22:09.822304886Z","Action":"output","Package":"go.temporal.io/server/tools/gomad3/target/internal/gocommand","Test":"TestCompatibilityPreservesLegacyStartupPrecedence","Output":"=== RUN   TestCompatibilityPreservesLegacyStartupPrecedence\n","OutputType":"frame"}
{"Time":"2026-10-08T23:22:09.822755428Z","Action":"output","Package":"go.temporal.io/server/tools/gomad3/target/internal/gocommand","Test":"TestCompatibilityPreservesLegacyStartupPrecedence","Output":"--- PASS: TestCompatibilityPreservesLegacyStartupPrecedence (0.00s)\n","OutputType":"frame"}
{"Time":"2026-10-08T23:22:09.822934761Z","Action":"pass","Package":"go.temporal.io/server/tools/gomad3/target/internal/gocommand","Test":"TestCompatibilityPreservesLegacyStartupPrecedence","Elapsed":0}
{"Time":"2026-10-08T23:22:09.822981553Z","Action":"run","Package":"go.temporal.io/server/tools/gomad3/target/internal/gocommand","Test":"TestCompatibilityStartupErrorsAndDirectories"}
{"Time":"2026-10-08T23:22:09.823009261Z","Action":"output","Package":"go.temporal.io/server/tools/gomad3/target/internal/gocommand","Test":"TestCompatibilityStartupErrorsAndDirectories","Output":"=== RUN   TestCompatibilityStartupErrorsAndDirectories\n","OutputType":"frame"}
{"Time":"2026-10-08T23:22:09.823135469Z","Action":"output","Package":"go.temporal.io/server/tools/gomad3/target","Test":"TestAdapterSourceSetDecodeAndSourceFailures","Output":"--- PASS: TestAdapterSourceSetDecodeAndSourceFailures (0.19s)\n","OutputType":"frame"}
{"Time":"2026-10-08T23:22:09.823269803Z","Action":"pass","Package":"go.temporal.io/server/tools/gomad3/target","Test":"TestAdapterSourceSetDecodeAndSourceFailures","Elapsed":0.19}
{"Time":"2026-10-08T23:22:09.823327511Z","Action":"run","Package":"go.temporal.io/server/tools/gomad3/target","Test":"TestAdapterSourceSetExecutionPrecedesDecode"}
{"Time":"2026-10-08T23:22:09.823429011Z","Action":"output","Package":"go.temporal.io/server/tools/gomad3/target","Test":"TestAdapterSourceSetExecutionPrecedesDecode","Output":"=== RUN   TestAdapterSourceSetExecutionPrecedesDecode\n","OutputType":"frame"}
{"Time":"2026-10-08T23:22:09.823897178Z","Action":"run","Package":"go.temporal.io/server/tools/gomad3/target","Test":"TestAdapterSourceSetExecutionPrecedesDecode/raw_command"}
{"Time":"2026-10-08T23:22:09.824067303Z","Action":"output","Package":"go.temporal.io/server/tools/gomad3/target","Test":"TestAdapterSourceSetExecutionPrecedesDecode/raw_command","Output":"=== RUN   TestAdapterSourceSetExecutionPrecedesDecode/raw_command\n","OutputType":"frame"}
{"Time":"2026-10-08T23:22:09.824503511Z","Action":"run","Package":"go.temporal.io/server/tools/gomad3/target/internal/gocommand","Test":"TestCompatibilityStartupErrorsAndDirectories/missing"}
{"Time":"2026-10-08T23:22:09.824559553Z","Action":"output","Package":"go.temporal.io/server/tools/gomad3/target/internal/gocommand","Test":"TestCompatibilityStartupErrorsAndDirectories/missing","Output":"=== RUN   TestCompatibilityStartupErrorsAndDirectories/missing\n","OutputType":"frame"}
{"Time":"2026-10-08T23:22:09.824651511Z","Action":"output","Package":"go.temporal.io/server/tools/gomad3/target/internal/gocommand","Test":"TestCompatibilityStartupErrorsAndDirectories/missing","Output":"--- PASS: TestCompatibilityStartupErrorsAndDirectories/missing (0.00s)\n","OutputType":"frame"}
{"Time":"2026-10-08T23:22:09.824686053Z","Action":"pass","Package":"go.temporal.io/server/tools/gomad3/target/internal/gocommand","Test":"TestCompatibilityStartupErrorsAndDirectories/missing","Elapsed":0}
{"Time":"2026-10-08T23:22:09.824714011Z","Action":"run","Package":"go.temporal.io/server/tools/gomad3/target/internal/gocommand","Test":"TestCompatibilityStartupErrorsAndDirectories/permission"}
{"Time":"2026-10-08T23:22:09.824759303Z","Action":"output","Package":"go.temporal.io/server/tools/gomad3/target/internal/gocommand","Test":"TestCompatibilityStartupErrorsAndDirectories/permission","Output":"=== RUN   TestCompatibilityStartupErrorsAndDirectories/permission\n","OutputType":"frame"}
{"Time":"2026-10-08T23:22:09.824894511Z","Action":"output","Package":"go.temporal.io/server/tools/gomad3/target/internal/gocommand","Test":"TestCompatibilityStartupErrorsAndDirectories/permission","Output":"--- PASS: TestCompatibilityStartupErrorsAndDirectories/permission (0.00s)\n","OutputType":"frame"}
{"Time":"2026-10-08T23:22:09.826162178Z","Action":"pass","Package":"go.temporal.io/server/tools/gomad3/target/internal/gocommand","Test":"TestCompatibilityStartupErrorsAndDirectories/permission","Elapsed":0}
{"Time":"2026-10-08T23:22:09.826259261Z","Action":"run","Package":"go.temporal.io/server/tools/gomad3/target/internal/gocommand","Test":"TestCompatibilityStartupErrorsAndDirectories/format"}
{"Time":"2026-10-08T23:22:09.826299261Z","Action":"output","Package":"go.temporal.io/server/tools/gomad3/target/internal/gocommand","Test":"TestCompatibilityStartupErrorsAndDirectories/format","Output":"=== RUN   TestCompatibilityStartupErrorsAndDirectories/format\n","OutputType":"frame"}
{"Time":"2026-10-08T23:22:09.826321678Z","Action":"output","Package":"go.temporal.io/server/tools/gomad3/target/internal/gocommand","Test":"TestCompatibilityStartupErrorsAndDirectories/format","Output":"--- PASS: TestCompatibilityStartupErrorsAndDirectories/format (0.00s)\n","OutputType":"frame"}
{"Time":"2026-10-08T23:22:09.826346844Z","Action":"pass","Package":"go.temporal.io/server/tools/gomad3/target/internal/gocommand","Test":"TestCompatibilityStartupErrorsAndDirectories/format","Elapsed":0}
{"Time":"2026-10-08T23:22:09.826397553Z","Action":"run","Package":"go.temporal.io/server/tools/gomad3/target/internal/gocommand","Test":"TestCompatibilityStartupErrorsAndDirectories/directory"}
{"Time":"2026-10-08T23:22:09.826430886Z","Action":"output","Package":"go.temporal.io/server/tools/gomad3/target/internal/gocommand","Test":"TestCompatibilityStartupErrorsAndDirectories/directory","Output":"=== RUN   TestCompatibilityStartupErrorsAndDirectories/directory\n","OutputType":"frame"}
{"Time":"2026-10-08T23:22:09.826475844Z","Action":"output","Package":"go.temporal.io/server/tools/gomad3/target","Test":"TestAdapterSourceSetExecutionPrecedesDecode/raw_command","Output":"--- PASS: TestAdapterSourceSetExecutionPrecedesDecode/raw_command (0.00s)\n","OutputType":"frame"}
{"Time":"2026-10-08T23:22:09.826504594Z","Action":"pass","Package":"go.temporal.io/server/tools/gomad3/target","Test":"TestAdapterSourceSetExecutionPrecedesDecode/raw_command","Elapsed":0}
{"Time":"2026-10-08T23:22:09.826548553Z","Action":"run","Package":"go.temporal.io/server/tools/gomad3/target","Test":"TestAdapterSourceSetExecutionPrecedesDecode/raw_nonzero"}
{"Time":"2026-10-08T23:22:09.826573678Z","Action":"output","Package":"go.temporal.io/server/tools/gomad3/target","Test":"TestAdapterSourceSetExecutionPrecedesDecode/raw_nonzero","Output":"=== RUN   TestAdapterSourceSetExecutionPrecedesDecode/raw_nonzero\n","OutputType":"frame"}
{"Time":"2026-10-08T23:22:09.826590344Z","Action":"output","Package":"go.temporal.io/server/tools/gomad3/target","Test":"TestAdapterSourceSetExecutionPrecedesDecode/raw_nonzero","Output":"--- PASS: TestAdapterSourceSetExecutionPrecedesDecode/raw_nonzero (0.00s)\n","OutputType":"frame"}
{"Time":"2026-10-08T23:22:09.826616803Z","Action":"pass","Package":"go.temporal.io/server/tools/gomad3/target","Test":"TestAdapterSourceSetExecutionPrecedesDecode/raw_nonzero","Elapsed":0}
{"Time":"2026-10-08T23:22:09.826673719Z","Action":"run","Package":"go.temporal.io/server/tools/gomad3/target","Test":"TestAdapterSourceSetExecutionPrecedesDecode/raw_canceled"}
{"Time":"2026-10-08T23:22:09.826699719Z","Action":"output","Package":"go.temporal.io/server/tools/gomad3/target","Test":"TestAdapterSourceSetExecutionPrecedesDecode/raw_canceled","Output":"=== RUN   TestAdapterSourceSetExecutionPrecedesDecode/raw_canceled\n","OutputType":"frame"}
{"Time":"2026-10-08T23:22:09.828278761Z","Action":"output","Package":"go.temporal.io/server/tools/gomad3/target/internal/gocommand","Test":"TestCompatibilityStartupErrorsAndDirectories/directory","Output":"--- PASS: TestCompatibilityStartupErrorsAndDirectories/directory (0.00s)\n","OutputType":"frame"}
{"Time":"2026-10-08T23:22:09.828393678Z","Action":"pass","Package":"go.temporal.io/server/tools/gomad3/target/internal/gocommand","Test":"TestCompatibilityStartupErrorsAndDirectories/directory","Elapsed":0}
{"Time":"2026-10-08T23:22:09.828468219Z","Action":"run","Package":"go.temporal.io/server/tools/gomad3/target/internal/gocommand","Test":"TestCompatibilityStartupErrorsAndDirectories/empty"}
{"Time":"2026-10-08T23:22:09.828514344Z","Action":"output","Package":"go.temporal.io/server/tools/gomad3/target/internal/gocommand","Test":"TestCompatibilityStartupErrorsAndDirectories/empty","Output":"=== RUN   TestCompatibilityStartupErrorsAndDirectories/empty\n","OutputType":"frame"}
{"Time":"2026-10-08T23:22:09.828594678Z","Action":"output","Package":"go.temporal.io/server/tools/gomad3/target/internal/gocommand","Test":"TestCompatibilityStartupErrorsAndDirectories/empty","Output":"--- PASS: TestCompatibilityStartupErrorsAndDirectories/empty (0.00s)\n","OutputType":"frame"}
{"Time":"2026-10-08T23:22:09.828647219Z","Action":"pass","Package":"go.temporal.io/server/tools/gomad3/target/internal/gocommand","Test":"TestCompatibilityStartupErrorsAndDirectories/empty","Elapsed":0}
{"Time":"2026-10-08T23:22:09.831249136Z","Action":"output","Package":"go.temporal.io/server/tools/gomad3/target","Test":"TestAdapterSourceSetExecutionPrecedesDecode/raw_canceled","Output":"--- PASS: TestAdapterSourceSetExecutionPrecedesDecode/raw_canceled (0.01s)\n","OutputType":"frame"}
{"Time":"2026-10-08T23:22:09.831413761Z","Action":"pass","Package":"go.temporal.io/server/tools/gomad3/target","Test":"TestAdapterSourceSetExecutionPrecedesDecode/raw_canceled","Elapsed":0.01}
{"Time":"2026-10-08T23:22:09.831493136Z","Action":"run","Package":"go.temporal.io/server/tools/gomad3/target","Test":"TestAdapterSourceSetExecutionPrecedesDecode/raw_deadline"}
{"Time":"2026-10-08T23:22:09.831658969Z","Action":"output","Package":"go.temporal.io/server/tools/gomad3/target","Test":"TestAdapterSourceSetExecutionPrecedesDecode/raw_deadline","Output":"=== RUN   TestAdapterSourceSetExecutionPrecedesDecode/raw_deadline\n","OutputType":"frame"}
{"Time":"2026-10-08T23:22:09.834777636Z","Action":"output","Package":"go.temporal.io/server/tools/gomad3/target","Test":"TestAdapterSourceSetExecutionPrecedesDecode/raw_deadline","Output":"--- PASS: TestAdapterSourceSetExecutionPrecedesDecode/raw_deadline (0.00s)\n","OutputType":"frame"}
{"Time":"2026-10-08T23:22:09.834892386Z","Action":"pass","Package":"go.temporal.io/server/tools/gomad3/target","Test":"TestAdapterSourceSetExecutionPrecedesDecode/raw_deadline","Elapsed":0}
{"Time":"2026-10-08T23:22:09.834947053Z","Action":"run","Package":"go.temporal.io/server/tools/gomad3/target","Test":"TestAdapterSourceSetExecutionPrecedesDecode/watchdog"}
{"Time":"2026-10-08T23:22:09.834999344Z","Action":"output","Package":"go.temporal.io/server/tools/gomad3/target","Test":"TestAdapterSourceSetExecutionPrecedesDecode/watchdog","Output":"=== RUN   TestAdapterSourceSetExecutionPrecedesDecode/watchdog\n","OutputType":"frame"}
{"Time":"2026-10-08T23:22:09.835390594Z","Action":"output","Package":"go.temporal.io/server/tools/gomad3/target","Test":"TestAdapterSourceSetExecutionPrecedesDecode/watchdog","Output":"--- PASS: TestAdapterSourceSetExecutionPrecedesDecode/watchdog (0.00s)\n","OutputType":"frame"}
{"Time":"2026-10-08T23:22:09.835431469Z","Action":"pass","Package":"go.temporal.io/server/tools/gomad3/target","Test":"TestAdapterSourceSetExecutionPrecedesDecode/watchdog","Elapsed":0}
{"Time":"2026-10-08T23:22:09.835502761Z","Action":"run","Package":"go.temporal.io/server/tools/gomad3/target","Test":"TestAdapterSourceSetExecutionPrecedesDecode/stdout_overflow_plus_raw"}
{"Time":"2026-10-08T23:22:09.835815428Z","Action":"output","Package":"go.temporal.io/server/tools/gomad3/target","Test":"TestAdapterSourceSetExecutionPrecedesDecode/stdout_overflow_plus_raw","Output":"=== RUN   TestAdapterSourceSetExecutionPrecedesDecode/stdout_overflow_plus_raw\n","OutputType":"frame"}
{"Time":"2026-10-08T23:22:09.842251303Z","Action":"output","Package":"go.temporal.io/server/tools/gomad3/target","Test":"TestAdapterSourceSetExecutionPrecedesDecode/stdout_overflow_plus_raw","Output":"--- PASS: TestAdapterSourceSetExecutionPrecedesDecode/stdout_overflow_plus_raw (0.01s)\n","OutputType":"frame"}
{"Time":"2026-10-08T23:22:09.842419969Z","Action":"pass","Package":"go.temporal.io/server/tools/gomad3/target","Test":"TestAdapterSourceSetExecutionPrecedesDecode/stdout_overflow_plus_raw","Elapsed":0.01}
{"Time":"2026-10-08T23:22:09.842472386Z","Action":"run","Package":"go.temporal.io/server/tools/gomad3/target","Test":"TestAdapterSourceSetExecutionPrecedesDecode/stdout_overflow_plus_nonzero"}
{"Time":"2026-10-08T23:22:09.842530011Z","Action":"output","Package":"go.temporal.io/server/tools/gomad3/target","Test":"TestAdapterSourceSetExecutionPrecedesDecode/stdout_overflow_plus_nonzero","Output":"=== RUN   TestAdapterSourceSetExecutionPrecedesDecode/stdout_overflow_plus_nonzero\n","OutputType":"frame"}
{"Time":"2026-10-08T23:22:09.845356178Z","Action":"output","Package":"go.temporal.io/server/tools/gomad3/target","Test":"TestAdapterSourceSetExecutionPrecedesDecode/stdout_overflow_plus_nonzero","Output":"--- PASS: TestAdapterSourceSetExecutionPrecedesDecode/stdout_overflow_plus_nonzero (0.00s)\n","OutputType":"frame"}
{"Time":"2026-10-08T23:22:09.845444969Z","Action":"pass","Package":"go.temporal.io/server/tools/gomad3/target","Test":"TestAdapterSourceSetExecutionPrecedesDecode/stdout_overflow_plus_nonzero","Elapsed":0}
{"Time":"2026-10-08T23:22:09.845471136Z","Action":"run","Package":"go.temporal.io/server/tools/gomad3/target","Test":"TestAdapterSourceSetExecutionPrecedesDecode/stderr_overflow_plus_raw"}
{"Time":"2026-10-08T23:22:09.845544844Z","Action":"output","Package":"go.temporal.io/server/tools/gomad3/target","Test":"TestAdapterSourceSetExecutionPrecedesDecode/stderr_overflow_plus_raw","Output":"=== RUN   TestAdapterSourceSetExecutionPrecedesDecode/stderr_overflow_plus_raw\n","OutputType":"frame"}
{"Time":"2026-10-08T23:22:09.845594261Z","Action":"output","Package":"go.temporal.io/server/tools/gomad3/target","Test":"TestAdapterSourceSetExecutionPrecedesDecode/stderr_overflow_plus_raw","Output":"--- PASS: TestAdapterSourceSetExecutionPrecedesDecode/stderr_overflow_plus_raw (0.00s)\n","OutputType":"frame"}
{"Time":"2026-10-08T23:22:09.845625719Z","Action":"pass","Package":"go.temporal.io/server/tools/gomad3/target","Test":"TestAdapterSourceSetExecutionPrecedesDecode/stderr_overflow_plus_raw","Elapsed":0}
{"Time":"2026-10-08T23:22:09.845703928Z","Action":"run","Package":"go.temporal.io/server/tools/gomad3/target","Test":"TestAdapterSourceSetExecutionPrecedesDecode/dual_overflow_plus_cancellation"}
{"Time":"2026-10-08T23:22:09.845747303Z","Action":"output","Package":"go.temporal.io/server/tools/gomad3/target","Test":"TestAdapterSourceSetExecutionPrecedesDecode/dual_overflow_plus_cancellation","Output":"=== RUN   TestAdapterSourceSetExecutionPrecedesDecode/dual_overflow_plus_cancellation\n","OutputType":"frame"}
{"Time":"2026-10-08T23:22:09.849384428Z","Action":"output","Package":"go.temporal.io/server/tools/gomad3/target","Test":"TestAdapterSourceSetExecutionPrecedesDecode/dual_overflow_plus_cancellation","Output":"--- PASS: TestAdapterSourceSetExecutionPrecedesDecode/dual_overflow_plus_cancellation (0.00s)\n","OutputType":"frame"}
{"Time":"2026-10-08T23:22:09.849551594Z","Action":"pass","Package":"go.temporal.io/server/tools/gomad3/target","Test":"TestAdapterSourceSetExecutionPrecedesDecode/dual_overflow_plus_cancellation","Elapsed":0}
{"Time":"2026-10-08T23:22:09.849622178Z","Action":"run","Package":"go.temporal.io/server/tools/gomad3/target","Test":"TestAdapterSourceSetExecutionPrecedesDecode/stdout_overflow_plus_cancellation"}
{"Time":"2026-10-08T23:22:09.849682928Z","Action":"output","Package":"go.temporal.io/server/tools/gomad3/target","Test":"TestAdapterSourceSetExecutionPrecedesDecode/stdout_overflow_plus_cancellation","Output":"=== RUN   TestAdapterSourceSetExecutionPrecedesDecode/stdout_overflow_plus_cancellation\n","OutputType":"frame"}
{"Time":"2026-10-08T23:22:09.853220678Z","Action":"output","Package":"go.temporal.io/server/tools/gomad3/target","Test":"TestAdapterSourceSetExecutionPrecedesDecode/stdout_overflow_plus_cancellation","Output":"--- PASS: TestAdapterSourceSetExecutionPrecedesDecode/stdout_overflow_plus_cancellation (0.00s)\n","OutputType":"frame"}
{"Time":"2026-10-08T23:22:09.853364761Z","Action":"pass","Package":"go.temporal.io/server/tools/gomad3/target","Test":"TestAdapterSourceSetExecutionPrecedesDecode/stdout_overflow_plus_cancellation","Elapsed":0}
{"Time":"2026-10-08T23:22:09.853422969Z","Action":"run","Package":"go.temporal.io/server/tools/gomad3/target","Test":"TestAdapterSourceSetExecutionPrecedesDecode/overflow_plus_watchdog"}
{"Time":"2026-10-08T23:22:09.853475511Z","Action":"output","Package":"go.temporal.io/server/tools/gomad3/target","Test":"TestAdapterSourceSetExecutionPrecedesDecode/overflow_plus_watchdog","Output":"=== RUN   TestAdapterSourceSetExecutionPrecedesDecode/overflow_plus_watchdog\n","OutputType":"frame"}
{"Time":"2026-10-08T23:22:09.856590928Z","Action":"output","Package":"go.temporal.io/server/tools/gomad3/target","Test":"TestAdapterSourceSetExecutionPrecedesDecode/overflow_plus_watchdog","Output":"--- PASS: TestAdapterSourceSetExecutionPrecedesDecode/overflow_plus_watchdog (0.00s)\n","OutputType":"frame"}
{"Time":"2026-10-08T23:22:09.856744386Z","Action":"pass","Package":"go.temporal.io/server/tools/gomad3/target","Test":"TestAdapterSourceSetExecutionPrecedesDecode/overflow_plus_watchdog","Elapsed":0}
{"Time":"2026-10-08T23:22:09.856789094Z","Action":"run","Package":"go.temporal.io/server/tools/gomad3/target","Test":"TestAdapterSourceSetExecutionPrecedesDecode/cleanup_plus_dual_overflow"}
{"Time":"2026-10-08T23:22:09.857135886Z","Action":"output","Package":"go.temporal.io/server/tools/gomad3/target","Test":"TestAdapterSourceSetExecutionPrecedesDecode/cleanup_plus_dual_overflow","Output":"=== RUN   TestAdapterSourceSetExecutionPrecedesDecode/cleanup_plus_dual_overflow\n","OutputType":"frame"}
{"Time":"2026-10-08T23:22:09.857256844Z","Action":"output","Package":"go.temporal.io/server/tools/gomad3/target","Test":"TestAdapterSourceSetExecutionPrecedesDecode/cleanup_plus_dual_overflow","Output":"--- PASS: TestAdapterSourceSetExecutionPrecedesDecode/cleanup_plus_dual_overflow (0.00s)\n","OutputType":"frame"}
{"Time":"2026-10-08T23:22:09.857288511Z","Action":"pass","Package":"go.temporal.io/server/tools/gomad3/target","Test":"TestAdapterSourceSetExecutionPrecedesDecode/cleanup_plus_dual_overflow","Elapsed":0}
{"Time":"2026-10-08T23:22:09.857320719Z","Action":"run","Package":"go.temporal.io/server/tools/gomad3/target","Test":"TestAdapterSourceSetExecutionPrecedesDecode/cleanup_plus_canceled"}
{"Time":"2026-10-08T23:22:09.857346386Z","Action":"output","Package":"go.temporal.io/server/tools/gomad3/target","Test":"TestAdapterSourceSetExecutionPrecedesDecode/cleanup_plus_canceled","Output":"=== RUN   TestAdapterSourceSetExecutionPrecedesDecode/cleanup_plus_canceled\n","OutputType":"frame"}
{"Time":"2026-10-08T23:22:09.860682886Z","Action":"output","Package":"go.temporal.io/server/tools/gomad3/target","Test":"TestAdapterSourceSetExecutionPrecedesDecode/cleanup_plus_canceled","Output":"--- PASS: TestAdapterSourceSetExecutionPrecedesDecode/cleanup_plus_canceled (0.00s)\n","OutputType":"frame"}
{"Time":"2026-10-08T23:22:09.860908803Z","Action":"pass","Package":"go.temporal.io/server/tools/gomad3/target","Test":"TestAdapterSourceSetExecutionPrecedesDecode/cleanup_plus_canceled","Elapsed":0}
{"Time":"2026-10-08T23:22:09.861016886Z","Action":"output","Package":"go.temporal.io/server/tools/gomad3/target","Test":"TestAdapterSourceSetExecutionPrecedesDecode","Output":"--- PASS: TestAdapterSourceSetExecutionPrecedesDecode (0.04s)\n","OutputType":"frame"}
{"Time":"2026-10-08T23:22:09.861091761Z","Action":"pass","Package":"go.temporal.io/server/tools/gomad3/target","Test":"TestAdapterSourceSetExecutionPrecedesDecode","Elapsed":0.04}
{"Time":"2026-10-08T23:22:09.861231511Z","Action":"run","Package":"go.temporal.io/server/tools/gomad3/target","Test":"TestCapabilityReviewGoldenCanonicalBytes"}
{"Time":"2026-10-08T23:22:09.861372761Z","Action":"output","Package":"go.temporal.io/server/tools/gomad3/target","Test":"TestCapabilityReviewGoldenCanonicalBytes","Output":"=== RUN   TestCapabilityReviewGoldenCanonicalBytes\n","OutputType":"frame"}
{"Time":"2026-10-08T23:22:09.862149094Z","Action":"output","Package":"go.temporal.io/server/tools/gomad3/target/internal/gocommand","Test":"TestCompatibilityStartupErrorsAndDirectories","Output":"--- PASS: TestCompatibilityStartupErrorsAndDirectories (0.04s)\n","OutputType":"frame"}
{"Time":"2026-10-08T23:22:09.862456844Z","Action":"pass","Package":"go.temporal.io/server/tools/gomad3/target/internal/gocommand","Test":"TestCompatibilityStartupErrorsAndDirectories","Elapsed":0.04}
{"Time":"2026-10-08T23:22:09.862485761Z","Action":"run","Package":"go.temporal.io/server/tools/gomad3/target/internal/gocommand","Test":"TestCompatibilityBoundsRealStreamsBeforeRawOutcome"}
{"Time":"2026-10-08T23:22:09.862564594Z","Action":"output","Package":"go.temporal.io/server/tools/gomad3/target/internal/gocommand","Test":"TestCompatibilityBoundsRealStreamsBeforeRawOutcome","Output":"=== RUN   TestCompatibilityBoundsRealStreamsBeforeRawOutcome\n","OutputType":"frame"}
{"Time":"2026-10-08T23:22:09.862624344Z","Action":"run","Package":"go.temporal.io/server/tools/gomad3/target/internal/gocommand","Test":"TestCompatibilityBoundsRealStreamsBeforeRawOutcome/stdout-exit"}
{"Time":"2026-10-08T23:22:09.862673928Z","Action":"output","Package":"go.temporal.io/server/tools/gomad3/target/internal/gocommand","Test":"TestCompatibilityBoundsRealStreamsBeforeRawOutcome/stdout-exit","Output":"=== RUN   TestCompatibilityBoundsRealStreamsBeforeRawOutcome/stdout-exit\n","OutputType":"frame"}
{"Time":"2026-10-08T23:22:09.864445719Z","Action":"output","Package":"go.temporal.io/server/tools/gomad3/target/internal/gocommand","Test":"TestCompatibilityBoundsRealStreamsBeforeRawOutcome/stdout-exit","Output":"--- PASS: TestCompatibilityBoundsRealStreamsBeforeRawOutcome/stdout-exit (0.00s)\n","OutputType":"frame"}
{"Time":"2026-10-08T23:22:09.864888428Z","Action":"pass","Package":"go.temporal.io/server/tools/gomad3/target/internal/gocommand","Test":"TestCompatibilityBoundsRealStreamsBeforeRawOutcome/stdout-exit","Elapsed":0}
{"Time":"2026-10-08T23:22:09.865033678Z","Action":"run","Package":"go.temporal.io/server/tools/gomad3/target/internal/gocommand","Test":"TestCompatibilityBoundsRealStreamsBeforeRawOutcome/stderr-exit"}
{"Time":"2026-10-08T23:22:09.865090553Z","Action":"output","Package":"go.temporal.io/server/tools/gomad3/target/internal/gocommand","Test":"TestCompatibilityBoundsRealStreamsBeforeRawOutcome/stderr-exit","Output":"=== RUN   TestCompatibilityBoundsRealStreamsBeforeRawOutcome/stderr-exit\n","OutputType":"frame"}
{"Time":"2026-10-08T23:22:09.866264678Z","Action":"output","Package":"go.temporal.io/server/tools/gomad3/target/internal/gocommand","Test":"TestCompatibilityBoundsRealStreamsBeforeRawOutcome/stderr-exit","Output":"--- PASS: TestCompatibilityBoundsRealStreamsBeforeRawOutcome/stderr-exit (0.00s)\n","OutputType":"frame"}
{"Time":"2026-10-08T23:22:09.866753011Z","Action":"pass","Package":"go.temporal.io/server/tools/gomad3/target/internal/gocommand","Test":"TestCompatibilityBoundsRealStreamsBeforeRawOutcome/stderr-exit","Elapsed":0}
{"Time":"2026-10-08T23:22:09.866782928Z","Action":"run","Package":"go.temporal.io/server/tools/gomad3/target/internal/gocommand","Test":"TestCompatibilityBoundsRealStreamsBeforeRawOutcome/both"}
{"Time":"2026-10-08T23:22:09.866838261Z","Action":"output","Package":"go.temporal.io/server/tools/gomad3/target/internal/gocommand","Test":"TestCompatibilityBoundsRealStreamsBeforeRawOutcome/both","Output":"=== RUN   TestCompatibilityBoundsRealStreamsBeforeRawOutcome/both\n","OutputType":"frame"}
{"Time":"2026-10-08T23:22:09.868091678Z","Action":"output","Package":"go.temporal.io/server/tools/gomad3/target/internal/gocommand","Test":"TestCompatibilityBoundsRealStreamsBeforeRawOutcome/both","Output":"--- PASS: TestCompatibilityBoundsRealStreamsBeforeRawOutcome/both (0.00s)\n","OutputType":"frame"}
{"Time":"2026-10-08T23:22:09.868171969Z","Action":"pass","Package":"go.temporal.io/server/tools/gomad3/target/internal/gocommand","Test":"TestCompatibilityBoundsRealStreamsBeforeRawOutcome/both","Elapsed":0}
{"Time":"2026-10-08T23:22:09.868209761Z","Action":"output","Package":"go.temporal.io/server/tools/gomad3/target/internal/gocommand","Test":"TestCompatibilityBoundsRealStreamsBeforeRawOutcome","Output":"--- PASS: TestCompatibilityBoundsRealStreamsBeforeRawOutcome (0.01s)\n","OutputType":"frame"}
{"Time":"2026-10-08T23:22:09.868254761Z","Action":"pass","Package":"go.temporal.io/server/tools/gomad3/target/internal/gocommand","Test":"TestCompatibilityBoundsRealStreamsBeforeRawOutcome","Elapsed":0.01}
{"Time":"2026-10-08T23:22:09.868311178Z","Action":"run","Package":"go.temporal.io/server/tools/gomad3/target/internal/gocommand","Test":"TestCompatibilityCallerLifetimeKillsLeaderBeforeDescendants"}
{"Time":"2026-10-08T23:22:09.868485636Z","Action":"output","Package":"go.temporal.io/server/tools/gomad3/target/internal/gocommand","Test":"TestCompatibilityCallerLifetimeKillsLeaderBeforeDescendants","Output":"=== RUN   TestCompatibilityCallerLifetimeKillsLeaderBeforeDescendants\n","OutputType":"frame"}
{"Time":"2026-10-08T23:22:09.868570178Z","Action":"run","Package":"go.temporal.io/server/tools/gomad3/target/internal/gocommand","Test":"TestCompatibilityCallerLifetimeKillsLeaderBeforeDescendants/cancel"}
{"Time":"2026-10-08T23:22:09.868615219Z","Action":"output","Package":"go.temporal.io/server/tools/gomad3/target/internal/gocommand","Test":"TestCompatibilityCallerLifetimeKillsLeaderBeforeDescendants/cancel","Output":"=== RUN   TestCompatibilityCallerLifetimeKillsLeaderBeforeDescendants/cancel\n","OutputType":"frame"}
{"Time":"2026-10-08T23:22:09.868706261Z","Action":"output","Package":"go.temporal.io/server/tools/gomad3/internal/hostexec","Test":"TestRunClassifiesContextCancellation","Output":"--- PASS: TestRunClassifiesContextCancellation (0.06s)\n","OutputType":"frame"}
{"Time":"2026-10-08T23:22:09.868729219Z","Action":"pass","Package":"go.temporal.io/server/tools/gomad3/internal/hostexec","Test":"TestRunClassifiesContextCancellation","Elapsed":0.06}
{"Time":"2026-10-08T23:22:09.868754719Z","Action":"run","Package":"go.temporal.io/server/tools/gomad3/internal/hostexec","Test":"TestRunBoundsEachOutputStream"}
{"Time":"2026-10-08T23:22:09.868822261Z","Action":"output","Package":"go.temporal.io/server/tools/gomad3/internal/hostexec","Test":"TestRunBoundsEachOutputStream","Output":"=== RUN   TestRunBoundsEachOutputStream\n","OutputType":"frame"}
{"Time":"2026-10-08T23:22:09.869674844Z","Action":"output","Package":"go.temporal.io/server/tools/gomad3/internal/hostexec","Test":"TestRunBoundsEachOutputStream","Output":"--- PASS: TestRunBoundsEachOutputStream (0.00s)\n","OutputType":"frame"}
{"Time":"2026-10-08T23:22:09.870495178Z","Action":"pass","Package":"go.temporal.io/server/tools/gomad3/internal/hostexec","Test":"TestRunBoundsEachOutputStream","Elapsed":0}
{"Time":"2026-10-08T23:22:09.870818344Z","Action":"run","Package":"go.temporal.io/server/tools/gomad3/internal/hostexec","Test":"TestRunRejectsInvalidRequest"}
{"Time":"2026-10-08T23:22:09.870976719Z","Action":"output","Package":"go.temporal.io/server/tools/gomad3/internal/hostexec","Test":"TestRunRejectsInvalidRequest","Output":"=== RUN   TestRunRejectsInvalidRequest\n","OutputType":"frame"}
{"Time":"2026-10-08T23:22:09.871055553Z","Action":"run","Package":"go.temporal.io/server/tools/gomad3/internal/hostexec","Test":"TestRunRejectsInvalidRequest/termination-grace"}
{"Time":"2026-10-08T23:22:09.871092469Z","Action":"output","Package":"go.temporal.io/server/tools/gomad3/internal/hostexec","Test":"TestRunRejectsInvalidRequest/termination-grace","Output":"=== RUN   TestRunRejectsInvalidRequest/termination-grace\n","OutputType":"frame"}
{"Time":"2026-10-08T23:22:09.871135636Z","Action":"output","Package":"go.temporal.io/server/tools/gomad3/internal/hostexec","Test":"TestRunRejectsInvalidRequest/termination-grace","Output":"--- PASS: TestRunRejectsInvalidRequest/termination-grace (0.00s)\n","OutputType":"frame"}
{"Time":"2026-10-08T23:22:09.871190969Z","Action":"pass","Package":"go.temporal.io/server/tools/gomad3/internal/hostexec","Test":"TestRunRejectsInvalidRequest/termination-grace","Elapsed":0}
{"Time":"2026-10-08T23:22:09.871258886Z","Action":"run","Package":"go.temporal.io/server/tools/gomad3/internal/hostexec","Test":"TestRunRejectsInvalidRequest/output-limit"}
{"Time":"2026-10-08T23:22:09.871766886Z","Action":"output","Package":"go.temporal.io/server/tools/gomad3/internal/hostexec","Test":"TestRunRejectsInvalidRequest/output-limit","Output":"=== RUN   TestRunRejectsInvalidRequest/output-limit\n","OutputType":"frame"}
{"Time":"2026-10-08T23:22:09.871863803Z","Action":"output","Package":"go.temporal.io/server/tools/gomad3/internal/hostexec","Test":"TestRunRejectsInvalidRequest/output-limit","Output":"--- PASS: TestRunRejectsInvalidRequest/output-limit (0.00s)\n","OutputType":"frame"}
{"Time":"2026-10-08T23:22:09.872057094Z","Action":"pass","Package":"go.temporal.io/server/tools/gomad3/internal/hostexec","Test":"TestRunRejectsInvalidRequest/output-limit","Elapsed":0}
{"Time":"2026-10-08T23:22:09.872131886Z","Action":"run","Package":"go.temporal.io/server/tools/gomad3/internal/hostexec","Test":"TestRunRejectsInvalidRequest/command"}
{"Time":"2026-10-08T23:22:09.872174386Z","Action":"output","Package":"go.temporal.io/server/tools/gomad3/internal/hostexec","Test":"TestRunRejectsInvalidRequest/command","Output":"=== RUN   TestRunRejectsInvalidRequest/command\n","OutputType":"frame"}
{"Time":"2026-10-08T23:22:09.872205803Z","Action":"output","Package":"go.temporal.io/server/tools/gomad3/internal/hostexec","Test":"TestRunRejectsInvalidRequest/command","Output":"--- PASS: TestRunRejectsInvalidRequest/command (0.00s)\n","OutputType":"frame"}
{"Time":"2026-10-08T23:22:09.872237636Z","Action":"pass","Package":"go.temporal.io/server/tools/gomad3/internal/hostexec","Test":"TestRunRejectsInvalidRequest/command","Elapsed":0}
{"Time":"2026-10-08T23:22:09.872268719Z","Action":"run","Package":"go.temporal.io/server/tools/gomad3/internal/hostexec","Test":"TestRunRejectsInvalidRequest/working-directory"}
{"Time":"2026-10-08T23:22:09.872296719Z","Action":"output","Package":"go.temporal.io/server/tools/gomad3/internal/hostexec","Test":"TestRunRejectsInvalidRequest/working-directory","Output":"=== RUN   TestRunRejectsInvalidRequest/working-directory\n","OutputType":"frame"}
{"Time":"2026-10-08T23:22:09.872348344Z","Action":"output","Package":"go.temporal.io/server/tools/gomad3/internal/hostexec","Test":"TestRunRejectsInvalidRequest/working-directory","Output":"--- PASS: TestRunRejectsInvalidRequest/working-directory (0.00s)\n","OutputType":"frame"}
{"Time":"2026-10-08T23:22:09.872381803Z","Action":"pass","Package":"go.temporal.io/server/tools/gomad3/internal/hostexec","Test":"TestRunRejectsInvalidRequest/working-directory","Elapsed":0}
{"Time":"2026-10-08T23:22:09.872436844Z","Action":"run","Package":"go.temporal.io/server/tools/gomad3/internal/hostexec","Test":"TestRunRejectsInvalidRequest/timeout"}
{"Time":"2026-10-08T23:22:09.872458511Z","Action":"output","Package":"go.temporal.io/server/tools/gomad3/internal/hostexec","Test":"TestRunRejectsInvalidRequest/timeout","Output":"=== RUN   TestRunRejectsInvalidRequest/timeout\n","OutputType":"frame"}
{"Time":"2026-10-08T23:22:09.872532886Z","Action":"output","Package":"go.temporal.io/server/tools/gomad3/internal/hostexec","Test":"TestRunRejectsInvalidRequest/timeout","Output":"--- PASS: TestRunRejectsInvalidRequest/timeout (0.00s)\n","OutputType":"frame"}
{"Time":"2026-10-08T23:22:09.872724761Z","Action":"pass","Package":"go.temporal.io/server/tools/gomad3/internal/hostexec","Test":"TestRunRejectsInvalidRequest/timeout","Elapsed":0}
{"Time":"2026-10-08T23:22:09.873698136Z","Action":"output","Package":"go.temporal.io/server/tools/gomad3/internal/hostexec","Test":"TestRunRejectsInvalidRequest","Output":"--- PASS: TestRunRejectsInvalidRequest (0.00s)\n","OutputType":"frame"}
{"Time":"2026-10-08T23:22:09.873786303Z","Action":"pass","Package":"go.temporal.io/server/tools/gomad3/internal/hostexec","Test":"TestRunRejectsInvalidRequest","Elapsed":0}
{"Time":"2026-10-08T23:22:09.873812928Z","Action":"run","Package":"go.temporal.io/server/tools/gomad3/internal/hostexec","Test":"TestRunSupportsConcurrentCommands"}
{"Time":"2026-10-08T23:22:09.873863928Z","Action":"output","Package":"go.temporal.io/server/tools/gomad3/internal/hostexec","Test":"TestRunSupportsConcurrentCommands","Output":"=== RUN   TestRunSupportsConcurrentCommands\n","OutputType":"frame"}
{"Time":"2026-10-08T23:22:09.874428094Z","Action":"output","Package":"go.temporal.io/server/tools/gomad3/internal/hostexec","Test":"TestRunSupportsConcurrentCommands","Output":"--- PASS: TestRunSupportsConcurrentCommands (0.00s)\n","OutputType":"frame"}
{"Time":"2026-10-08T23:22:09.874455803Z","Action":"pass","Package":"go.temporal.io/server/tools/gomad3/internal/hostexec","Test":"TestRunSupportsConcurrentCommands","Elapsed":0}
{"Time":"2026-10-08T23:22:09.874487553Z","Action":"run","Package":"go.temporal.io/server/tools/gomad3/internal/hostexec","Test":"TestCaptureRetainsExactStreamWithinLimit"}
{"Time":"2026-10-08T23:22:09.874509261Z","Action":"output","Package":"go.temporal.io/server/tools/gomad3/internal/hostexec","Test":"TestCaptureRetainsExactStreamWithinLimit","Output":"=== RUN   TestCaptureRetainsExactStreamWithinLimit\n","OutputType":"frame"}
{"Time":"2026-10-08T23:22:09.874527261Z","Action":"output","Package":"go.temporal.io/server/tools/gomad3/internal/hostexec","Test":"TestCaptureRetainsExactStreamWithinLimit","Output":"--- PASS: TestCaptureRetainsExactStreamWithinLimit (0.00s)\n","OutputType":"frame"}
{"Time":"2026-10-08T23:22:09.874619594Z","Action":"pass","Package":"go.temporal.io/server/tools/gomad3/internal/hostexec","Test":"TestCaptureRetainsExactStreamWithinLimit","Elapsed":0}
{"Time":"2026-10-08T23:22:09.874712178Z","Action":"run","Package":"go.temporal.io/server/tools/gomad3/internal/hostexec","Test":"TestCaptureKeepsHeadMarkerAndTail"}
{"Time":"2026-10-08T23:22:09.874747678Z","Action":"output","Package":"go.temporal.io/server/tools/gomad3/internal/hostexec","Test":"TestCaptureKeepsHeadMarkerAndTail","Output":"=== RUN   TestCaptureKeepsHeadMarkerAndTail\n","OutputType":"frame"}
{"Time":"2026-10-08T23:22:09.874772303Z","Action":"output","Package":"go.temporal.io/server/tools/gomad3/internal/hostexec","Test":"TestCaptureKeepsHeadMarkerAndTail","Output":"--- PASS: TestCaptureKeepsHeadMarkerAndTail (0.00s)\n","OutputType":"frame"}
{"Time":"2026-10-08T23:22:09.874810344Z","Action":"pass","Package":"go.temporal.io/server/tools/gomad3/internal/hostexec","Test":"TestCaptureKeepsHeadMarkerAndTail","Elapsed":0}
{"Time":"2026-10-08T23:22:09.874825469Z","Action":"run","Package":"go.temporal.io/server/tools/gomad3/internal/hostexec","Test":"TestCaptureIsIndependentOfWriteChunking"}
{"Time":"2026-10-08T23:22:09.874909469Z","Action":"output","Package":"go.temporal.io/server/tools/gomad3/internal/hostexec","Test":"TestCaptureIsIndependentOfWriteChunking","Output":"=== RUN   TestCaptureIsIndependentOfWriteChunking\n","OutputType":"frame"}
{"Time":"2026-10-08T23:22:09.874954386Z","Action":"output","Package":"go.temporal.io/server/tools/gomad3/internal/hostexec","Test":"TestCaptureIsIndependentOfWriteChunking","Output":"--- PASS: TestCaptureIsIndependentOfWriteChunking (0.00s)\n","OutputType":"frame"}
{"Time":"2026-10-08T23:22:09.874970511Z","Action":"pass","Package":"go.temporal.io/server/tools/gomad3/internal/hostexec","Test":"TestCaptureIsIndependentOfWriteChunking","Elapsed":0}
{"Time":"2026-10-08T23:22:09.874985469Z","Action":"run","Package":"go.temporal.io/server/tools/gomad3/internal/hostexec","Test":"TestNewRejectsZeroLimit"}
{"Time":"2026-10-08T23:22:09.875020844Z","Action":"output","Package":"go.temporal.io/server/tools/gomad3/internal/hostexec","Test":"TestNewRejectsZeroLimit","Output":"=== RUN   TestNewRejectsZeroLimit\n","OutputType":"frame"}
{"Time":"2026-10-08T23:22:09.875038219Z","Action":"output","Package":"go.temporal.io/server/tools/gomad3/internal/hostexec","Test":"TestNewRejectsZeroLimit","Output":"--- PASS: TestNewRejectsZeroLimit (0.00s)\n","OutputType":"frame"}
{"Time":"2026-10-08T23:22:09.875080344Z","Action":"pass","Package":"go.temporal.io/server/tools/gomad3/internal/hostexec","Test":"TestNewRejectsZeroLimit","Elapsed":0}
{"Time":"2026-10-08T23:22:09.875096344Z","Action":"output","Package":"go.temporal.io/server/tools/gomad3/internal/hostexec","Output":"PASS\n","OutputType":"frame"}
{"Time":"2026-10-08T23:22:09.875171553Z","Action":"output","Package":"go.temporal.io/server/tools/gomad3/internal/hostexec","Output":"ok  \tgo.temporal.io/server/tools/gomad3/internal/hostexec\t0.370s\n"}
{"Time":"2026-10-08T23:22:09.875222261Z","Action":"pass","Package":"go.temporal.io/server/tools/gomad3/internal/hostexec","Elapsed":0.371}
{"Time":"2026-10-08T23:22:09.915529594Z","Action":"run","Package":"go.temporal.io/server/tools/gomad3/target","Test":"TestCapabilityReviewGoldenCanonicalBytes/closure-findings"}
{"Time":"2026-10-08T23:22:09.915615219Z","Action":"output","Package":"go.temporal.io/server/tools/gomad3/target","Test":"TestCapabilityReviewGoldenCanonicalBytes/closure-findings","Output":"=== RUN   TestCapabilityReviewGoldenCanonicalBytes/closure-findings\n","OutputType":"frame"}
{"Time":"2026-10-08T23:22:09.916089261Z","Action":"output","Package":"go.temporal.io/server/tools/gomad3/target","Test":"TestCapabilityReviewGoldenCanonicalBytes/closure-findings","Output":"--- PASS: TestCapabilityReviewGoldenCanonicalBytes/closure-findings (0.00s)\n","OutputType":"frame"}
{"Time":"2026-10-08T23:22:09.916128636Z","Action":"pass","Package":"go.temporal.io/server/tools/gomad3/target","Test":"TestCapabilityReviewGoldenCanonicalBytes/closure-findings","Elapsed":0}
{"Time":"2026-10-08T23:22:09.916162178Z","Action":"run","Package":"go.temporal.io/server/tools/gomad3/target","Test":"TestCapabilityReviewGoldenCanonicalBytes/closure-sources"}
{"Time":"2026-10-08T23:22:09.916193969Z","Action":"output","Package":"go.temporal.io/server/tools/gomad3/target","Test":"TestCapabilityReviewGoldenCanonicalBytes/closure-sources","Output":"=== RUN   TestCapabilityReviewGoldenCanonicalBytes/closure-sources\n","OutputType":"frame"}
{"Time":"2026-10-08T23:22:09.916510178Z","Action":"output","Package":"go.temporal.io/server/tools/gomad3/target","Test":"TestCapabilityReviewGoldenCanonicalBytes/closure-sources","Output":"--- PASS: TestCapabilityReviewGoldenCanonicalBytes/closure-sources (0.00s)\n","OutputType":"frame"}
{"Time":"2026-10-08T23:22:09.916537803Z","Action":"pass","Package":"go.temporal.io/server/tools/gomad3/target","Test":"TestCapabilityReviewGoldenCanonicalBytes/closure-sources","Elapsed":0}
{"Time":"2026-10-08T23:22:09.916554761Z","Action":"run","Package":"go.temporal.io/server/tools/gomad3/target","Test":"TestCapabilityReviewGoldenCanonicalBytes/closure-adapter"}
{"Time":"2026-10-08T23:22:09.916588136Z","Action":"output","Package":"go.temporal.io/server/tools/gomad3/target","Test":"TestCapabilityReviewGoldenCanonicalBytes/closure-adapter","Output":"=== RUN   TestCapabilityReviewGoldenCanonicalBytes/closure-adapter\n","OutputType":"frame"}
{"Time":"2026-10-08T23:22:09.916763219Z","Action":"output","Package":"go.temporal.io/server/tools/gomad3/target","Test":"TestCapabilityReviewGoldenCanonicalBytes/closure-adapter","Output":"--- PASS: TestCapabilityReviewGoldenCanonicalBytes/closure-adapter (0.00s)\n","OutputType":"frame"}
{"Time":"2026-10-08T23:22:09.916795178Z","Action":"pass","Package":"go.temporal.io/server/tools/gomad3/target","Test":"TestCapabilityReviewGoldenCanonicalBytes/closure-adapter","Elapsed":0}
{"Time":"2026-10-08T23:22:09.916822511Z","Action":"run","Package":"go.temporal.io/server/tools/gomad3/target","Test":"TestCapabilityReviewGoldenCanonicalBytes/linked"}
{"Time":"2026-10-08T23:22:09.916843511Z","Action":"output","Package":"go.temporal.io/server/tools/gomad3/target","Test":"TestCapabilityReviewGoldenCanonicalBytes/linked","Output":"=== RUN   TestCapabilityReviewGoldenCanonicalBytes/linked\n","OutputType":"frame"}
{"Time":"2026-10-08T23:22:09.917691219Z","Action":"output","Package":"go.temporal.io/server/tools/gomad3/target","Test":"TestCapabilityReviewGoldenCanonicalBytes/linked","Output":"--- PASS: TestCapabilityReviewGoldenCanonicalBytes/linked (0.00s)\n","OutputType":"frame"}
{"Time":"2026-10-08T23:22:09.918100428Z","Action":"pass","Package":"go.temporal.io/server/tools/gomad3/target","Test":"TestCapabilityReviewGoldenCanonicalBytes/linked","Elapsed":0}
{"Time":"2026-10-08T23:22:09.918350386Z","Action":"run","Package":"go.temporal.io/server/tools/gomad3/target","Test":"TestCapabilityReviewGoldenCanonicalBytes/guarded"}
{"Time":"2026-10-08T23:22:09.918460719Z","Action":"output","Package":"go.temporal.io/server/tools/gomad3/target","Test":"TestCapabilityReviewGoldenCanonicalBytes/guarded","Output":"=== RUN   TestCapabilityReviewGoldenCanonicalBytes/guarded\n","OutputType":"frame"}
{"Time":"2026-10-08T23:22:09.918900219Z","Action":"output","Package":"go.temporal.io/server/tools/gomad3/target","Test":"TestCapabilityReviewGoldenCanonicalBytes/guarded","Output":"--- PASS: TestCapabilityReviewGoldenCanonicalBytes/guarded (0.00s)\n","OutputType":"frame"}
{"Time":"2026-10-08T23:22:09.919263219Z","Action":"pass","Package":"go.temporal.io/server/tools/gomad3/target","Test":"TestCapabilityReviewGoldenCanonicalBytes/guarded","Elapsed":0}
{"Time":"2026-10-08T23:22:09.919788803Z","Action":"run","Package":"go.temporal.io/server/tools/gomad3/target","Test":"TestCapabilityReviewGoldenCanonicalBytes/recorded-closure"}
{"Time":"2026-10-08T23:22:09.919827011Z","Action":"output","Package":"go.temporal.io/server/tools/gomad3/target","Test":"TestCapabilityReviewGoldenCanonicalBytes/recorded-closure","Output":"=== RUN   TestCapabilityReviewGoldenCanonicalBytes/recorded-closure\n","OutputType":"frame"}
{"Time":"2026-10-08T23:22:09.919879344Z","Action":"output","Package":"go.temporal.io/server/tools/gomad3/target","Test":"TestCapabilityReviewGoldenCanonicalBytes/recorded-closure","Output":"--- PASS: TestCapabilityReviewGoldenCanonicalBytes/recorded-closure (0.00s)\n","OutputType":"frame"}
{"Time":"2026-10-08T23:22:09.919945344Z","Action":"pass","Package":"go.temporal.io/server/tools/gomad3/target","Test":"TestCapabilityReviewGoldenCanonicalBytes/recorded-closure","Elapsed":0}
{"Time":"2026-10-08T23:22:09.921520178Z","Action":"output","Package":"go.temporal.io/server/tools/gomad3/target","Test":"TestCapabilityReviewGoldenCanonicalBytes","Output":"--- PASS: TestCapabilityReviewGoldenCanonicalBytes (0.06s)\n","OutputType":"frame"}
{"Time":"2026-10-08T23:22:09.921622844Z","Action":"pass","Package":"go.temporal.io/server/tools/gomad3/target","Test":"TestCapabilityReviewGoldenCanonicalBytes","Elapsed":0.06}
{"Time":"2026-10-08T23:22:09.921688594Z","Action":"run","Package":"go.temporal.io/server/tools/gomad3/target","Test":"TestCompatibilityPackProjectionPreservesCompleteEvidence"}
{"Time":"2026-10-08T23:22:09.921713344Z","Action":"output","Package":"go.temporal.io/server/tools/gomad3/target","Test":"TestCompatibilityPackProjectionPreservesCompleteEvidence","Output":"=== RUN   TestCompatibilityPackProjectionPreservesCompleteEvidence\n","OutputType":"frame"}
{"Time":"2026-10-08T23:22:09.921988969Z","Action":"output","Package":"go.temporal.io/server/tools/gomad3/target","Test":"TestCompatibilityPackProjectionPreservesCompleteEvidence","Output":"--- PASS: TestCompatibilityPackProjectionPreservesCompleteEvidence (0.00s)\n","OutputType":"frame"}
{"Time":"2026-10-08T23:22:09.922044719Z","Action":"pass","Package":"go.temporal.io/server/tools/gomad3/target","Test":"TestCompatibilityPackProjectionPreservesCompleteEvidence","Elapsed":0}
{"Time":"2026-10-08T23:22:09.922079053Z","Action":"run","Package":"go.temporal.io/server/tools/gomad3/target","Test":"TestCompatibilityPackProjectionPreservesNilAndEmpty"}
{"Time":"2026-10-08T23:22:09.922164178Z","Action":"output","Package":"go.temporal.io/server/tools/gomad3/target","Test":"TestCompatibilityPackProjectionPreservesNilAndEmpty","Output":"=== RUN   TestCompatibilityPackProjectionPreservesNilAndEmpty\n","OutputType":"frame"}
{"Time":"2026-10-08T23:22:09.922213803Z","Action":"output","Package":"go.temporal.io/server/tools/gomad3/target","Test":"TestCompatibilityPackProjectionPreservesNilAndEmpty","Output":"--- PASS: TestCompatibilityPackProjectionPreservesNilAndEmpty (0.00s)\n","OutputType":"frame"}
{"Time":"2026-10-08T23:22:09.922276261Z","Action":"pass","Package":"go.temporal.io/server/tools/gomad3/target","Test":"TestCompatibilityPackProjectionPreservesNilAndEmpty","Elapsed":0}
{"Time":"2026-10-08T23:22:09.922308594Z","Action":"run","Package":"go.temporal.io/server/tools/gomad3/target","Test":"TestCompatibilityPackProjectionPreservesOrderAndDetachesNestedStorage"}
{"Time":"2026-10-08T23:22:09.922383844Z","Action":"output","Package":"go.temporal.io/server/tools/gomad3/target","Test":"TestCompatibilityPackProjectionPreservesOrderAndDetachesNestedStorage","Output":"=== RUN   TestCompatibilityPackProjectionPreservesOrderAndDetachesNestedStorage\n","OutputType":"frame"}
{"Time":"2026-10-08T23:22:09.922483678Z","Action":"output","Package":"go.temporal.io/server/tools/gomad3/target","Test":"TestCompatibilityPackProjectionPreservesOrderAndDetachesNestedStorage","Output":"--- PASS: TestCompatibilityPackProjectionPreservesOrderAndDetachesNestedStorage (0.00s)\n","OutputType":"frame"}
{"Time":"2026-10-08T23:22:09.922537344Z","Action":"pass","Package":"go.temporal.io/server/tools/gomad3/target","Test":"TestCompatibilityPackProjectionPreservesOrderAndDetachesNestedStorage","Elapsed":0}
{"Time":"2026-10-08T23:22:09.922571053Z","Action":"run","Package":"go.temporal.io/server/tools/gomad3/target","Test":"TestProjectCapabilityReviewCollectsEveryDeniedFinding"}
{"Time":"2026-10-08T23:22:09.922612053Z","Action":"output","Package":"go.temporal.io/server/tools/gomad3/target","Test":"TestProjectCapabilityReviewCollectsEveryDeniedFinding","Output":"=== RUN   TestProjectCapabilityReviewCollectsEveryDeniedFinding\n","OutputType":"frame"}
{"Time":"2026-10-08T23:22:09.948201011Z","Action":"output","Package":"go.temporal.io/server/tools/gomad3/target","Test":"TestProjectCapabilityReviewCollectsEveryDeniedFinding","Output":"--- PASS: TestProjectCapabilityReviewCollectsEveryDeniedFinding (0.03s)\n","OutputType":"frame"}
{"Time":"2026-10-08T23:22:09.948369511Z","Action":"pass","Package":"go.temporal.io/server/tools/gomad3/target","Test":"TestProjectCapabilityReviewCollectsEveryDeniedFinding","Elapsed":0.03}
{"Time":"2026-10-08T23:22:09.948500511Z","Action":"run","Package":"go.temporal.io/server/tools/gomad3/target","Test":"TestProjectCapabilityReviewHashesForeignSources"}
{"Time":"2026-10-08T23:22:09.948589094Z","Action":"output","Package":"go.temporal.io/server/tools/gomad3/target","Test":"TestProjectCapabilityReviewHashesForeignSources","Output":"=== RUN   TestProjectCapabilityReviewHashesForeignSources\n","OutputType":"frame"}
{"Time":"2026-10-08T23:22:09.960264719Z","Action":"output","Package":"go.temporal.io/server/tools/gomad3/target","Test":"TestProjectCapabilityReviewHashesForeignSources","Output":"--- PASS: TestProjectCapabilityReviewHashesForeignSources (0.01s)\n","OutputType":"frame"}
{"Time":"2026-10-08T23:22:09.960431803Z","Action":"pass","Package":"go.temporal.io/server/tools/gomad3/target","Test":"TestProjectCapabilityReviewHashesForeignSources","Elapsed":0.01}
{"Time":"2026-10-08T23:22:09.960481094Z","Action":"run","Package":"go.temporal.io/server/tools/gomad3/target","Test":"TestProjectCapabilityReviewHashesHeaderWithoutExecutableFinding"}
{"Time":"2026-10-08T23:22:09.960519511Z","Action":"output","Package":"go.temporal.io/server/tools/gomad3/target","Test":"TestProjectCapabilityReviewHashesHeaderWithoutExecutableFinding","Output":"=== RUN   TestProjectCapabilityReviewHashesHeaderWithoutExecutableFinding\n","OutputType":"frame"}
{"Time":"2026-10-08T23:22:09.973028636Z","Action":"output","Package":"go.temporal.io/server/tools/gomad3/target","Test":"TestProjectCapabilityReviewHashesHeaderWithoutExecutableFinding","Output":"--- PASS: TestProjectCapabilityReviewHashesHeaderWithoutExecutableFinding (0.01s)\n","OutputType":"frame"}
{"Time":"2026-10-08T23:22:09.973172511Z","Action":"pass","Package":"go.temporal.io/server/tools/gomad3/target","Test":"TestProjectCapabilityReviewHashesHeaderWithoutExecutableFinding","Elapsed":0.01}
{"Time":"2026-10-08T23:22:09.973265261Z","Action":"run","Package":"go.temporal.io/server/tools/gomad3/target","Test":"TestProjectCapabilityReviewValidatesAdapterReplacementEvidence"}
{"Time":"2026-10-08T23:22:09.973310428Z","Action":"output","Package":"go.temporal.io/server/tools/gomad3/target","Test":"TestProjectCapabilityReviewValidatesAdapterReplacementEvidence","Output":"=== RUN   TestProjectCapabilityReviewValidatesAdapterReplacementEvidence\n","OutputType":"frame"}
{"Time":"2026-10-08T23:22:09.981904594Z","Action":"output","Package":"go.temporal.io/server/tools/gomad3/target/internal/gocommand","Test":"TestCompatibilityCallerLifetimeKillsLeaderBeforeDescendants/cancel","Output":"--- PASS: TestCompatibilityCallerLifetimeKillsLeaderBeforeDescendants/cancel (0.11s)\n","OutputType":"frame"}
{"Time":"2026-10-08T23:22:09.982065053Z","Action":"pass","Package":"go.temporal.io/server/tools/gomad3/target/internal/gocommand","Test":"TestCompatibilityCallerLifetimeKillsLeaderBeforeDescendants/cancel","Elapsed":0.11}
{"Time":"2026-10-08T23:22:09.982226178Z","Action":"run","Package":"go.temporal.io/server/tools/gomad3/target/internal/gocommand","Test":"TestCompatibilityCallerLifetimeKillsLeaderBeforeDescendants/deadline"}
{"Time":"2026-10-08T23:22:09.982341636Z","Action":"output","Package":"go.temporal.io/server/tools/gomad3/target/internal/gocommand","Test":"TestCompatibilityCallerLifetimeKillsLeaderBeforeDescendants/deadline","Output":"=== RUN   TestCompatibilityCallerLifetimeKillsLeaderBeforeDescendants/deadline\n","OutputType":"frame"}
{"Time":"2026-10-08T23:22:09.988074303Z","Action":"output","Package":"go.temporal.io/server/tools/gomad3/target","Test":"TestProjectCapabilityReviewValidatesAdapterReplacementEvidence","Output":"--- PASS: TestProjectCapabilityReviewValidatesAdapterReplacementEvidence (0.01s)\n","OutputType":"frame"}
{"Time":"2026-10-08T23:22:09.988142428Z","Action":"pass","Package":"go.temporal.io/server/tools/gomad3/target","Test":"TestProjectCapabilityReviewValidatesAdapterReplacementEvidence","Elapsed":0.01}
{"Time":"2026-10-08T23:22:09.988212469Z","Action":"run","Package":"go.temporal.io/server/tools/gomad3/target","Test":"TestProjectCapabilityReviewValidatesNestedAdapterPreparedPackage"}
{"Time":"2026-10-08T23:22:09.988271678Z","Action":"output","Package":"go.temporal.io/server/tools/gomad3/target","Test":"TestProjectCapabilityReviewValidatesNestedAdapterPreparedPackage","Output":"=== RUN   TestProjectCapabilityReviewValidatesNestedAdapterPreparedPackage\n","OutputType":"frame"}
{"Time":"2026-10-08T23:22:10.010707386Z","Action":"output","Package":"go.temporal.io/server/tools/gomad3/target","Test":"TestProjectCapabilityReviewValidatesNestedAdapterPreparedPackage","Output":"--- PASS: TestProjectCapabilityReviewValidatesNestedAdapterPreparedPackage (0.02s)\n","OutputType":"frame"}
{"Time":"2026-10-08T23:22:10.010770344Z","Action":"pass","Package":"go.temporal.io/server/tools/gomad3/target","Test":"TestProjectCapabilityReviewValidatesNestedAdapterPreparedPackage","Elapsed":0.02}
{"Time":"2026-10-08T23:22:10.010817511Z","Action":"run","Package":"go.temporal.io/server/tools/gomad3/target","Test":"TestProjectCapabilityReviewMapsAdapterInventoryCapacity"}
{"Time":"2026-10-08T23:22:10.010862844Z","Action":"output","Package":"go.temporal.io/server/tools/gomad3/target","Test":"TestProjectCapabilityReviewMapsAdapterInventoryCapacity","Output":"=== RUN   TestProjectCapabilityReviewMapsAdapterInventoryCapacity\n","OutputType":"frame"}
{"Time":"2026-10-08T23:22:11.755707637Z","Action":"output","Package":"go.temporal.io/server/tools/gomad3/target","Test":"TestProjectCapabilityReviewMapsAdapterInventoryCapacity","Output":"--- PASS: TestProjectCapabilityReviewMapsAdapterInventoryCapacity (1.74s)\n","OutputType":"frame"}
{"Time":"2026-10-08T23:22:11.756149304Z","Action":"pass","Package":"go.temporal.io/server/tools/gomad3/target","Test":"TestProjectCapabilityReviewMapsAdapterInventoryCapacity","Elapsed":1.74}
{"Time":"2026-10-08T23:22:11.756223554Z","Action":"run","Package":"go.temporal.io/server/tools/gomad3/target","Test":"TestProjectCapabilityReviewTreatsUnreadableSourceAsInfrastructureFailure"}
{"Time":"2026-10-08T23:22:11.756247054Z","Action":"output","Package":"go.temporal.io/server/tools/gomad3/target","Test":"TestProjectCapabilityReviewTreatsUnreadableSourceAsInfrastructureFailure","Output":"=== RUN   TestProjectCapabilityReviewTreatsUnreadableSourceAsInfrastructureFailure\n","OutputType":"frame"}
{"Time":"2026-10-08T23:22:11.756998429Z","Action":"output","Package":"go.temporal.io/server/tools/gomad3/target","Test":"TestProjectCapabilityReviewTreatsUnreadableSourceAsInfrastructureFailure","Output":"--- PASS: TestProjectCapabilityReviewTreatsUnreadableSourceAsInfrastructureFailure (0.00s)\n","OutputType":"frame"}
{"Time":"2026-10-08T23:22:11.757113345Z","Action":"pass","Package":"go.temporal.io/server/tools/gomad3/target","Test":"TestProjectCapabilityReviewTreatsUnreadableSourceAsInfrastructureFailure","Elapsed":0}
{"Time":"2026-10-08T23:22:11.757199512Z","Action":"run","Package":"go.temporal.io/server/tools/gomad3/target","Test":"TestProjectCapabilityReviewRejectsUnsafeSourceFiles"}
{"Time":"2026-10-08T23:22:11.757478387Z","Action":"output","Package":"go.temporal.io/server/tools/gomad3/target","Test":"TestProjectCapabilityReviewRejectsUnsafeSourceFiles","Output":"=== RUN   TestProjectCapabilityReviewRejectsUnsafeSourceFiles\n","OutputType":"frame"}
{"Time":"2026-10-08T23:22:11.75753622Z","Action":"run","Package":"go.temporal.io/server/tools/gomad3/target","Test":"TestProjectCapabilityReviewRejectsUnsafeSourceFiles/symbolic_link"}
{"Time":"2026-10-08T23:22:11.75757697Z","Action":"output","Package":"go.temporal.io/server/tools/gomad3/target","Test":"TestProjectCapabilityReviewRejectsUnsafeSourceFiles/symbolic_link","Output":"=== RUN   TestProjectCapabilityReviewRejectsUnsafeSourceFiles/symbolic_link\n","OutputType":"frame"}
{"Time":"2026-10-08T23:22:11.759828637Z","Action":"output","Package":"go.temporal.io/server/tools/gomad3/target","Test":"TestProjectCapabilityReviewRejectsUnsafeSourceFiles/symbolic_link","Output":"--- PASS: TestProjectCapabilityReviewRejectsUnsafeSourceFiles/symbolic_link (0.00s)\n","OutputType":"frame"}
{"Time":"2026-10-08T23:22:11.75992822Z","Action":"pass","Package":"go.temporal.io/server/tools/gomad3/target","Test":"TestProjectCapabilityReviewRejectsUnsafeSourceFiles/symbolic_link","Elapsed":0}
{"Time":"2026-10-08T23:22:11.759991679Z","Action":"run","Package":"go.temporal.io/server/tools/gomad3/target","Test":"TestProjectCapabilityReviewRejectsUnsafeSourceFiles/oversized"}
{"Time":"2026-10-08T23:22:11.76001897Z","Action":"output","Package":"go.temporal.io/server/tools/gomad3/target","Test":"TestProjectCapabilityReviewRejectsUnsafeSourceFiles/oversized","Output":"=== RUN   TestProjectCapabilityReviewRejectsUnsafeSourceFiles/oversized\n","OutputType":"frame"}
{"Time":"2026-10-08T23:22:11.893790054Z","Action":"output","Package":"go.temporal.io/server/tools/gomad3/target","Test":"TestProjectCapabilityReviewRejectsUnsafeSourceFiles/oversized","Output":"--- PASS: TestProjectCapabilityReviewRejectsUnsafeSourceFiles/oversized (0.13s)\n","OutputType":"frame"}
{"Time":"2026-10-08T23:22:11.893918012Z","Action":"pass","Package":"go.temporal.io/server/tools/gomad3/target","Test":"TestProjectCapabilityReviewRejectsUnsafeSourceFiles/oversized","Elapsed":0.13}
{"Time":"2026-10-08T23:22:11.893995012Z","Action":"output","Package":"go.temporal.io/server/tools/gomad3/target","Test":"TestProjectCapabilityReviewRejectsUnsafeSourceFiles","Output":"--- PASS: TestProjectCapabilityReviewRejectsUnsafeSourceFiles (0.14s)\n","OutputType":"frame"}
{"Time":"2026-10-08T23:22:11.894050012Z","Action":"pass","Package":"go.temporal.io/server/tools/gomad3/target","Test":"TestProjectCapabilityReviewRejectsUnsafeSourceFiles","Elapsed":0.14}
{"Time":"2026-10-08T23:22:11.894087679Z","Action":"run","Package":"go.temporal.io/server/tools/gomad3/target","Test":"TestValidateCapabilityClosureRejectsEscapeCapabilities"}
{"Time":"2026-10-08T23:22:11.89410822Z","Action":"output","Package":"go.temporal.io/server/tools/gomad3/target","Test":"TestValidateCapabilityClosureRejectsEscapeCapabilities","Output":"=== RUN   TestValidateCapabilityClosureRejectsEscapeCapabilities\n","OutputType":"frame"}
{"Time":"2026-10-08T23:22:11.894138762Z","Action":"run","Package":"go.temporal.io/server/tools/gomad3/target","Test":"TestValidateCapabilityClosureRejectsEscapeCapabilities/process_import"}
{"Time":"2026-10-08T23:22:11.894153887Z","Action":"output","Package":"go.temporal.io/server/tools/gomad3/target","Test":"TestValidateCapabilityClosureRejectsEscapeCapabilities/process_import","Output":"=== RUN   TestValidateCapabilityClosureRejectsEscapeCapabilities/process_import\n","OutputType":"frame"}
{"Time":"2026-10-08T23:22:11.919886637Z","Action":"output","Package":"go.temporal.io/server/tools/gomad3/target","Test":"TestValidateCapabilityClosureRejectsEscapeCapabilities/process_import","Output":"--- PASS: TestValidateCapabilityClosureRejectsEscapeCapabilities/process_import (0.03s)\n","OutputType":"frame"}
{"Time":"2026-10-08T23:22:11.920106095Z","Action":"pass","Package":"go.temporal.io/server/tools/gomad3/target","Test":"TestValidateCapabilityClosureRejectsEscapeCapabilities/process_import","Elapsed":0.03}
{"Time":"2026-10-08T23:22:11.920147345Z","Action":"run","Package":"go.temporal.io/server/tools/gomad3/target","Test":"TestValidateCapabilityClosureRejectsEscapeCapabilities/signal_import"}
{"Time":"2026-10-08T23:22:11.920200012Z","Action":"output","Package":"go.temporal.io/server/tools/gomad3/target","Test":"TestValidateCapabilityClosureRejectsEscapeCapabilities/signal_import","Output":"=== RUN   TestValidateCapabilityClosureRejectsEscapeCapabilities/signal_import\n","OutputType":"frame"}
{"Time":"2026-10-08T23:22:11.942067012Z","Action":"output","Package":"go.temporal.io/server/tools/gomad3/target","Test":"TestValidateCapabilityClosureRejectsEscapeCapabilities/signal_import","Output":"--- PASS: TestValidateCapabilityClosureRejectsEscapeCapabilities/signal_import (0.02s)\n","OutputType":"frame"}
{"Time":"2026-10-08T23:22:11.942140595Z","Action":"pass","Package":"go.temporal.io/server/tools/gomad3/target","Test":"TestValidateCapabilityClosureRejectsEscapeCapabilities/signal_import","Elapsed":0.02}
{"Time":"2026-10-08T23:22:11.942160929Z","Action":"run","Package":"go.temporal.io/server/tools/gomad3/target","Test":"TestValidateCapabilityClosureRejectsEscapeCapabilities/host_user_import"}
{"Time":"2026-10-08T23:22:11.942176887Z","Action":"output","Package":"go.temporal.io/server/tools/gomad3/target","Test":"TestValidateCapabilityClosureRejectsEscapeCapabilities/host_user_import","Output":"=== RUN   TestValidateCapabilityClosureRejectsEscapeCapabilities/host_user_import\n","OutputType":"frame"}
{"Time":"2026-10-08T23:22:11.96342947Z","Action":"output","Package":"go.temporal.io/server/tools/gomad3/target","Test":"TestValidateCapabilityClosureRejectsEscapeCapabilities/host_user_import","Output":"--- PASS: TestValidateCapabilityClosureRejectsEscapeCapabilities/host_user_import (0.02s)\n","OutputType":"frame"}
{"Time":"2026-10-08T23:22:11.963491512Z","Action":"pass","Package":"go.temporal.io/server/tools/gomad3/target","Test":"TestValidateCapabilityClosureRejectsEscapeCapabilities/host_user_import","Elapsed":0.02}
{"Time":"2026-10-08T23:22:11.963575012Z","Action":"run","Package":"go.temporal.io/server/tools/gomad3/target","Test":"TestValidateCapabilityClosureRejectsEscapeCapabilities/plugin_import"}
{"Time":"2026-10-08T23:22:11.963604512Z","Action":"output","Package":"go.temporal.io/server/tools/gomad3/target","Test":"TestValidateCapabilityClosureRejectsEscapeCapabilities/plugin_import","Output":"=== RUN   TestValidateCapabilityClosureRejectsEscapeCapabilities/plugin_import\n","OutputType":"frame"}
{"Time":"2026-10-08T23:22:11.984978012Z","Action":"output","Package":"go.temporal.io/server/tools/gomad3/target","Test":"TestValidateCapabilityClosureRejectsEscapeCapabilities/plugin_import","Output":"--- PASS: TestValidateCapabilityClosureRejectsEscapeCapabilities/plugin_import (0.02s)\n","OutputType":"frame"}
{"Time":"2026-10-08T23:22:11.985234179Z","Action":"pass","Package":"go.temporal.io/server/tools/gomad3/target","Test":"TestValidateCapabilityClosureRejectsEscapeCapabilities/plugin_import","Elapsed":0.02}
{"Time":"2026-10-08T23:22:11.985293512Z","Action":"run","Package":"go.temporal.io/server/tools/gomad3/target","Test":"TestValidateCapabilityClosureRejectsEscapeCapabilities/assembly_source"}
{"Time":"2026-10-08T23:22:11.985350137Z","Action":"output","Package":"go.temporal.io/server/tools/gomad3/target","Test":"TestValidateCapabilityClosureRejectsEscapeCapabilities/assembly_source","Output":"=== RUN   TestValidateCapabilityClosureRejectsEscapeCapabilities/assembly_source\n","OutputType":"frame"}
{"Time":"2026-10-08T23:22:12.007193679Z","Action":"output","Package":"go.temporal.io/server/tools/gomad3/target","Test":"TestValidateCapabilityClosureRejectsEscapeCapabilities/assembly_source","Output":"--- PASS: TestValidateCapabilityClosureRejectsEscapeCapabilities/assembly_source (0.02s)\n","OutputType":"frame"}
{"Time":"2026-10-08T23:22:12.007310804Z","Action":"pass","Package":"go.temporal.io/server/tools/gomad3/target","Test":"TestValidateCapabilityClosureRejectsEscapeCapabilities/assembly_source","Elapsed":0.02}
{"Time":"2026-10-08T23:22:12.007356095Z","Action":"run","Package":"go.temporal.io/server/tools/gomad3/target","Test":"TestValidateCapabilityClosureRejectsEscapeCapabilities/syscall_import"}
{"Time":"2026-10-08T23:22:12.007395387Z","Action":"output","Package":"go.temporal.io/server/tools/gomad3/target","Test":"TestValidateCapabilityClosureRejectsEscapeCapabilities/syscall_import","Output":"=== RUN   TestValidateCapabilityClosureRejectsEscapeCapabilities/syscall_import\n","OutputType":"frame"}
{"Time":"2026-10-08T23:22:12.028324554Z","Action":"output","Package":"go.temporal.io/server/tools/gomad3/target","Test":"TestValidateCapabilityClosureRejectsEscapeCapabilities/syscall_import","Output":"--- PASS: TestValidateCapabilityClosureRejectsEscapeCapabilities/syscall_import (0.02s)\n","OutputType":"frame"}
{"Time":"2026-10-08T23:22:12.028429929Z","Action":"pass","Package":"go.temporal.io/server/tools/gomad3/target","Test":"TestValidateCapabilityClosureRejectsEscapeCapabilities/syscall_import","Elapsed":0.02}
{"Time":"2026-10-08T23:22:12.028541137Z","Action":"run","Package":"go.temporal.io/server/tools/gomad3/target","Test":"TestValidateCapabilityClosureRejectsEscapeCapabilities/x/sys_import"}
{"Time":"2026-10-08T23:22:12.028595762Z","Action":"output","Package":"go.temporal.io/server/tools/gomad3/target","Test":"TestValidateCapabilityClosureRejectsEscapeCapabilities/x/sys_import","Output":"=== RUN   TestValidateCapabilityClosureRejectsEscapeCapabilities/x/sys_import\n","OutputType":"frame"}
{"Time":"2026-10-08T23:22:12.050809429Z","Action":"output","Package":"go.temporal.io/server/tools/gomad3/target","Test":"TestValidateCapabilityClosureRejectsEscapeCapabilities/x/sys_import","Output":"--- PASS: TestValidateCapabilityClosureRejectsEscapeCapabilities/x/sys_import (0.02s)\n","OutputType":"frame"}
{"Time":"2026-10-08T23:22:12.050947554Z","Action":"pass","Package":"go.temporal.io/server/tools/gomad3/target","Test":"TestValidateCapabilityClosureRejectsEscapeCapabilities/x/sys_import","Elapsed":0.02}
{"Time":"2026-10-08T23:22:12.051050304Z","Action":"run","Package":"go.temporal.io/server/tools/gomad3/target","Test":"TestValidateCapabilityClosureRejectsEscapeCapabilities/cgo_source"}
{"Time":"2026-10-08T23:22:12.051112262Z","Action":"output","Package":"go.temporal.io/server/tools/gomad3/target","Test":"TestValidateCapabilityClosureRejectsEscapeCapabilities/cgo_source","Output":"=== RUN   TestValidateCapabilityClosureRejectsEscapeCapabilities/cgo_source\n","OutputType":"frame"}
{"Time":"2026-10-08T23:22:12.073035262Z","Action":"output","Package":"go.temporal.io/server/tools/gomad3/target","Test":"TestValidateCapabilityClosureRejectsEscapeCapabilities/cgo_source","Output":"--- PASS: TestValidateCapabilityClosureRejectsEscapeCapabilities/cgo_source (0.02s)\n","OutputType":"frame"}
{"Time":"2026-10-08T23:22:12.07318747Z","Action":"pass","Package":"go.temporal.io/server/tools/gomad3/target","Test":"TestValidateCapabilityClosureRejectsEscapeCapabilities/cgo_source","Elapsed":0.02}
{"Time":"2026-10-08T23:22:12.073291887Z","Action":"run","Package":"go.temporal.io/server/tools/gomad3/target","Test":"TestValidateCapabilityClosureRejectsEscapeCapabilities/external_object"}
{"Time":"2026-10-08T23:22:12.073411512Z","Action":"output","Package":"go.temporal.io/server/tools/gomad3/target","Test":"TestValidateCapabilityClosureRejectsEscapeCapabilities/external_object","Output":"=== RUN   TestValidateCapabilityClosureRejectsEscapeCapabilities/external_object\n","OutputType":"frame"}
{"Time":"2026-10-08T23:22:12.096923345Z","Action":"output","Package":"go.temporal.io/server/tools/gomad3/target","Test":"TestValidateCapabilityClosureRejectsEscapeCapabilities/external_object","Output":"--- PASS: TestValidateCapabilityClosureRejectsEscapeCapabilities/external_object (0.02s)\n","OutputType":"frame"}
{"Time":"2026-10-08T23:22:12.097038095Z","Action":"pass","Package":"go.temporal.io/server/tools/gomad3/target","Test":"TestValidateCapabilityClosureRejectsEscapeCapabilities/external_object","Elapsed":0.02}
{"Time":"2026-10-08T23:22:12.097105262Z","Action":"output","Package":"go.temporal.io/server/tools/gomad3/target","Test":"TestValidateCapabilityClosureRejectsEscapeCapabilities","Output":"--- PASS: TestValidateCapabilityClosureRejectsEscapeCapabilities (0.20s)\n","OutputType":"frame"}
{"Time":"2026-10-08T23:22:12.097191387Z","Action":"pass","Package":"go.temporal.io/server/tools/gomad3/target","Test":"TestValidateCapabilityClosureRejectsEscapeCapabilities","Elapsed":0.2}
{"Time":"2026-10-08T23:22:12.097223554Z","Action":"run","Package":"go.temporal.io/server/tools/gomad3/target","Test":"TestValidateCapabilityClosureRejectsLinkname"}
{"Time":"2026-10-08T23:22:12.097249012Z","Action":"output","Package":"go.temporal.io/server/tools/gomad3/target","Test":"TestValidateCapabilityClosureRejectsLinkname","Output":"=== RUN   TestValidateCapabilityClosureRejectsLinkname\n","OutputType":"frame"}
{"Time":"2026-10-08T23:22:12.099038762Z","Action":"output","Package":"go.temporal.io/server/tools/gomad3/target/internal/gocommand","Test":"TestCompatibilityCallerLifetimeKillsLeaderBeforeDescendants/deadline","Output":"--- PASS: TestCompatibilityCallerLifetimeKillsLeaderBeforeDescendants/deadline (2.12s)\n","OutputType":"frame"}
{"Time":"2026-10-08T23:22:12.099107304Z","Action":"pass","Package":"go.temporal.io/server/tools/gomad3/target/internal/gocommand","Test":"TestCompatibilityCallerLifetimeKillsLeaderBeforeDescendants/deadline","Elapsed":2.12}
{"Time":"2026-10-08T23:22:12.099470929Z","Action":"run","Package":"go.temporal.io/server/tools/gomad3/target/internal/gocommand","Test":"TestCompatibilityCallerLifetimeKillsLeaderBeforeDescendants/watchdog"}
{"Time":"2026-10-08T23:22:12.099696304Z","Action":"output","Package":"go.temporal.io/server/tools/gomad3/target/internal/gocommand","Test":"TestCompatibilityCallerLifetimeKillsLeaderBeforeDescendants/watchdog","Output":"=== RUN   TestCompatibilityCallerLifetimeKillsLeaderBeforeDescendants/watchdog\n","OutputType":"frame"}
{"Time":"2026-10-08T23:22:12.121214679Z","Action":"output","Package":"go.temporal.io/server/tools/gomad3/target","Test":"TestValidateCapabilityClosureRejectsLinkname","Output":"--- PASS: TestValidateCapabilityClosureRejectsLinkname (0.02s)\n","OutputType":"frame"}
{"Time":"2026-10-08T23:22:12.121305179Z","Action":"pass","Package":"go.temporal.io/server/tools/gomad3/target","Test":"TestValidateCapabilityClosureRejectsLinkname","Elapsed":0.02}
{"Time":"2026-10-08T23:22:12.121416387Z","Action":"run","Package":"go.temporal.io/server/tools/gomad3/target","Test":"TestValidateCapabilityClosureRejectsUnapprovedReflect2ForeignSources"}
{"Time":"2026-10-08T23:22:12.121463845Z","Action":"output","Package":"go.temporal.io/server/tools/gomad3/target","Test":"TestValidateCapabilityClosureRejectsUnapprovedReflect2ForeignSources","Output":"=== RUN   TestValidateCapabilityClosureRejectsUnapprovedReflect2ForeignSources\n","OutputType":"frame"}
{"Time":"2026-10-08T23:22:12.121502095Z","Action":"output","Package":"go.temporal.io/server/tools/gomad3/target","Test":"TestValidateCapabilityClosureRejectsUnapprovedReflect2ForeignSources","Output":"    capability_test.go:104: reflect2 assembly inventory is not pinned for linux/arm64\n"}
{"Time":"2026-10-08T23:22:12.121537304Z","Action":"output","Package":"go.temporal.io/server/tools/gomad3/target","Test":"TestValidateCapabilityClosureRejectsUnapprovedReflect2ForeignSources","Output":"--- SKIP: TestValidateCapabilityClosureRejectsUnapprovedReflect2ForeignSources (0.00s)\n","OutputType":"frame"}
{"Time":"2026-10-08T23:22:12.121583887Z","Action":"skip","Package":"go.temporal.io/server/tools/gomad3/target","Test":"TestValidateCapabilityClosureRejectsUnapprovedReflect2ForeignSources","Elapsed":0}
{"Time":"2026-10-08T23:22:12.121602762Z","Action":"run","Package":"go.temporal.io/server/tools/gomad3/target","Test":"TestValidateCapabilityClosureRejectsModifiedReflect2Linkname"}
{"Time":"2026-10-08T23:22:12.121654637Z","Action":"output","Package":"go.temporal.io/server/tools/gomad3/target","Test":"TestValidateCapabilityClosureRejectsModifiedReflect2Linkname","Output":"=== RUN   TestValidateCapabilityClosureRejectsModifiedReflect2Linkname\n","OutputType":"frame"}
{"Time":"2026-10-08T23:22:12.143712179Z","Action":"output","Package":"go.temporal.io/server/tools/gomad3/target","Test":"TestValidateCapabilityClosureRejectsModifiedReflect2Linkname","Output":"--- PASS: TestValidateCapabilityClosureRejectsModifiedReflect2Linkname (0.02s)\n","OutputType":"frame"}
{"Time":"2026-10-08T23:22:12.144096012Z","Action":"pass","Package":"go.temporal.io/server/tools/gomad3/target","Test":"TestValidateCapabilityClosureRejectsModifiedReflect2Linkname","Elapsed":0.02}
{"Time":"2026-10-08T23:22:12.144414845Z","Action":"run","Package":"go.temporal.io/server/tools/gomad3/target","Test":"TestValidateCapabilityClosureRejectsLocallyReplacedReflect2Linkname"}
{"Time":"2026-10-08T23:22:12.144579762Z","Action":"output","Package":"go.temporal.io/server/tools/gomad3/target","Test":"TestValidateCapabilityClosureRejectsLocallyReplacedReflect2Linkname","Output":"=== RUN   TestValidateCapabilityClosureRejectsLocallyReplacedReflect2Linkname\n","OutputType":"frame"}
{"Time":"2026-10-08T23:22:12.172409804Z","Action":"output","Package":"go.temporal.io/server/tools/gomad3/target","Test":"TestValidateCapabilityClosureRejectsLocallyReplacedReflect2Linkname","Output":"--- PASS: TestValidateCapabilityClosureRejectsLocallyReplacedReflect2Linkname (0.03s)\n","OutputType":"frame"}
{"Time":"2026-10-08T23:22:12.172518012Z","Action":"pass","Package":"go.temporal.io/server/tools/gomad3/target","Test":"TestValidateCapabilityClosureRejectsLocallyReplacedReflect2Linkname","Elapsed":0.03}
{"Time":"2026-10-08T23:22:12.172598804Z","Action":"run","Package":"go.temporal.io/server/tools/gomad3/target","Test":"TestValidateCapabilityClosureIgnoresUnlinkedDependencyTests"}
{"Time":"2026-10-08T23:22:12.172647304Z","Action":"output","Package":"go.temporal.io/server/tools/gomad3/target","Test":"TestValidateCapabilityClosureIgnoresUnlinkedDependencyTests","Output":"=== RUN   TestValidateCapabilityClosureIgnoresUnlinkedDependencyTests\n","OutputType":"frame"}
{"Time":"2026-10-08T23:22:12.194854637Z","Action":"output","Package":"go.temporal.io/server/tools/gomad3/target","Test":"TestValidateCapabilityClosureIgnoresUnlinkedDependencyTests","Output":"--- PASS: TestValidateCapabilityClosureIgnoresUnlinkedDependencyTests (0.02s)\n","OutputType":"frame"}
{"Time":"2026-10-08T23:22:12.19491672Z","Action":"pass","Package":"go.temporal.io/server/tools/gomad3/target","Test":"TestValidateCapabilityClosureIgnoresUnlinkedDependencyTests","Elapsed":0.02}
{"Time":"2026-10-08T23:22:12.19493922Z","Action":"run","Package":"go.temporal.io/server/tools/gomad3/target","Test":"TestValidateCapabilityClosureRejectsIncompletePinnedAdapterEvidence"}
{"Time":"2026-10-08T23:22:12.194988887Z","Action":"output","Package":"go.temporal.io/server/tools/gomad3/target","Test":"TestValidateCapabilityClosureRejectsIncompletePinnedAdapterEvidence","Output":"=== RUN   TestValidateCapabilityClosureRejectsIncompletePinnedAdapterEvidence\n","OutputType":"frame"}
{"Time":"2026-10-08T23:22:12.217881804Z","Action":"output","Package":"go.temporal.io/server/tools/gomad3/target","Test":"TestValidateCapabilityClosureRejectsIncompletePinnedAdapterEvidence","Output":"--- PASS: TestValidateCapabilityClosureRejectsIncompletePinnedAdapterEvidence (0.02s)\n","OutputType":"frame"}
{"Time":"2026-10-08T23:22:12.217943345Z","Action":"pass","Package":"go.temporal.io/server/tools/gomad3/target","Test":"TestValidateCapabilityClosureRejectsIncompletePinnedAdapterEvidence","Elapsed":0.02}
{"Time":"2026-10-08T23:22:12.217964554Z","Action":"run","Package":"go.temporal.io/server/tools/gomad3/target","Test":"TestProjectCapabilityClosureRecordsSelectedCompatibilityPack"}
{"Time":"2026-10-08T23:22:12.217980304Z","Action":"output","Package":"go.temporal.io/server/tools/gomad3/target","Test":"TestProjectCapabilityClosureRecordsSelectedCompatibilityPack","Output":"=== RUN   TestProjectCapabilityClosureRecordsSelectedCompatibilityPack\n","OutputType":"frame"}
{"Time":"2026-10-08T23:22:12.218024929Z","Action":"output","Package":"go.temporal.io/server/tools/gomad3/target","Test":"TestProjectCapabilityClosureRecordsSelectedCompatibilityPack","Output":"    capability_test.go:202: reflect2 assembly inventory is not pinned for linux/arm64\n"}
{"Time":"2026-10-08T23:22:12.21804822Z","Action":"output","Package":"go.temporal.io/server/tools/gomad3/target","Test":"TestProjectCapabilityClosureRecordsSelectedCompatibilityPack","Output":"--- SKIP: TestProjectCapabilityClosureRecordsSelectedCompatibilityPack (0.00s)\n","OutputType":"frame"}
{"Time":"2026-10-08T23:22:12.218062095Z","Action":"skip","Package":"go.temporal.io/server/tools/gomad3/target","Test":"TestProjectCapabilityClosureRecordsSelectedCompatibilityPack","Elapsed":0}
{"Time":"2026-10-08T23:22:12.218076762Z","Action":"run","Package":"go.temporal.io/server/tools/gomad3/target","Test":"TestValidateCapabilityClosureDoesNotExtendAdapterAllowlist"}
{"Time":"2026-10-08T23:22:12.218103554Z","Action":"output","Package":"go.temporal.io/server/tools/gomad3/target","Test":"TestValidateCapabilityClosureDoesNotExtendAdapterAllowlist","Output":"=== RUN   TestValidateCapabilityClosureDoesNotExtendAdapterAllowlist\n","OutputType":"frame"}
{"Time":"2026-10-08T23:22:12.227390929Z","Action":"output","Package":"go.temporal.io/server/tools/gomad3/target","Test":"TestValidateCapabilityClosureDoesNotExtendAdapterAllowlist","Output":"--- PASS: TestValidateCapabilityClosureDoesNotExtendAdapterAllowlist (0.01s)\n","OutputType":"frame"}
{"Time":"2026-10-08T23:22:12.227444179Z","Action":"pass","Package":"go.temporal.io/server/tools/gomad3/target","Test":"TestValidateCapabilityClosureDoesNotExtendAdapterAllowlist","Elapsed":0.01}
{"Time":"2026-10-08T23:22:12.227480429Z","Action":"run","Package":"go.temporal.io/server/tools/gomad3/target","Test":"TestValidateCapabilityClosureDoesNotAuthorizeAnotherPackageInPinnedModule"}
{"Time":"2026-10-08T23:22:12.227557137Z","Action":"output","Package":"go.temporal.io/server/tools/gomad3/target","Test":"TestValidateCapabilityClosureDoesNotAuthorizeAnotherPackageInPinnedModule","Output":"=== RUN   TestValidateCapabilityClosureDoesNotAuthorizeAnotherPackageInPinnedModule\n","OutputType":"frame"}
{"Time":"2026-10-08T23:22:12.280185929Z","Action":"output","Package":"go.temporal.io/server/tools/gomad3/target","Test":"TestValidateCapabilityClosureDoesNotAuthorizeAnotherPackageInPinnedModule","Output":"--- PASS: TestValidateCapabilityClosureDoesNotAuthorizeAnotherPackageInPinnedModule (0.05s)\n","OutputType":"frame"}
{"Time":"2026-10-08T23:22:12.28024847Z","Action":"pass","Package":"go.temporal.io/server/tools/gomad3/target","Test":"TestValidateCapabilityClosureDoesNotAuthorizeAnotherPackageInPinnedModule","Elapsed":0.05}
{"Time":"2026-10-08T23:22:12.280483845Z","Action":"run","Package":"go.temporal.io/server/tools/gomad3/target","Test":"TestValidateCapabilityReviewRejectsForgedCompatibilityIdentity"}
{"Time":"2026-10-08T23:22:12.280513595Z","Action":"output","Package":"go.temporal.io/server/tools/gomad3/target","Test":"TestValidateCapabilityReviewRejectsForgedCompatibilityIdentity","Output":"=== RUN   TestValidateCapabilityReviewRejectsForgedCompatibilityIdentity\n","OutputType":"frame"}
{"Time":"2026-10-08T23:22:12.29185547Z","Action":"output","Package":"go.temporal.io/server/tools/gomad3/target","Test":"TestValidateCapabilityReviewRejectsForgedCompatibilityIdentity","Output":"--- PASS: TestValidateCapabilityReviewRejectsForgedCompatibilityIdentity (0.01s)\n","OutputType":"frame"}
{"Time":"2026-10-08T23:22:12.29191947Z","Action":"pass","Package":"go.temporal.io/server/tools/gomad3/target","Test":"TestValidateCapabilityReviewRejectsForgedCompatibilityIdentity","Elapsed":0.01}
{"Time":"2026-10-08T23:22:12.291940762Z","Action":"run","Package":"go.temporal.io/server/tools/gomad3/target","Test":"TestValidateCapabilityReviewRejectsForgedGeneratedMain"}
{"Time":"2026-10-08T23:22:12.291988095Z","Action":"output","Package":"go.temporal.io/server/tools/gomad3/target","Test":"TestValidateCapabilityReviewRejectsForgedGeneratedMain","Output":"=== RUN   TestValidateCapabilityReviewRejectsForgedGeneratedMain\n","OutputType":"frame"}
{"Time":"2026-10-08T23:22:12.301866179Z","Action":"output","Package":"go.temporal.io/server/tools/gomad3/target","Test":"TestValidateCapabilityReviewRejectsForgedGeneratedMain","Output":"--- PASS: TestValidateCapabilityReviewRejectsForgedGeneratedMain (0.01s)\n","OutputType":"frame"}
{"Time":"2026-10-08T23:22:12.301966345Z","Action":"pass","Package":"go.temporal.io/server/tools/gomad3/target","Test":"TestValidateCapabilityReviewRejectsForgedGeneratedMain","Elapsed":0.01}
{"Time":"2026-10-08T23:22:12.302047429Z","Action":"run","Package":"go.temporal.io/server/tools/gomad3/target","Test":"TestTargetFileCleanupExecutable"}
{"Time":"2026-10-08T23:22:12.302166512Z","Action":"output","Package":"go.temporal.io/server/tools/gomad3/target","Test":"TestTargetFileCleanupExecutable","Output":"=== RUN   TestTargetFileCleanupExecutable\n","OutputType":"frame"}
{"Time":"2026-10-08T23:22:12.304135637Z","Action":"output","Package":"go.temporal.io/server/tools/gomad3/target","Test":"TestTargetFileCleanupExecutable","Output":"--- PASS: TestTargetFileCleanupExecutable (0.00s)\n","OutputType":"frame"}
{"Time":"2026-10-08T23:22:12.304182387Z","Action":"pass","Package":"go.temporal.io/server/tools/gomad3/target","Test":"TestTargetFileCleanupExecutable","Elapsed":0}
{"Time":"2026-10-08T23:22:12.304213554Z","Action":"run","Package":"go.temporal.io/server/tools/gomad3/target","Test":"TestTargetFileCleanupSourceRejection"}
{"Time":"2026-10-08T23:22:12.304244137Z","Action":"output","Package":"go.temporal.io/server/tools/gomad3/target","Test":"TestTargetFileCleanupSourceRejection","Output":"=== RUN   TestTargetFileCleanupSourceRejection\n","OutputType":"frame"}
{"Time":"2026-10-08T23:22:12.304275637Z","Action":"run","Package":"go.temporal.io/server/tools/gomad3/target","Test":"TestTargetFileCleanupSourceRejection/missing"}
{"Time":"2026-10-08T23:22:12.304299012Z","Action":"output","Package":"go.temporal.io/server/tools/gomad3/target","Test":"TestTargetFileCleanupSourceRejection/missing","Output":"=== RUN   TestTargetFileCleanupSourceRejection/missing\n","OutputType":"frame"}
{"Time":"2026-10-08T23:22:12.305109179Z","Action":"output","Package":"go.temporal.io/server/tools/gomad3/target","Test":"TestTargetFileCleanupSourceRejection/missing","Output":"--- PASS: TestTargetFileCleanupSourceRejection/missing (0.00s)\n","OutputType":"frame"}
{"Time":"2026-10-08T23:22:12.305144762Z","Action":"pass","Package":"go.temporal.io/server/tools/gomad3/target","Test":"TestTargetFileCleanupSourceRejection/missing","Elapsed":0}
{"Time":"2026-10-08T23:22:12.30517272Z","Action":"run","Package":"go.temporal.io/server/tools/gomad3/target","Test":"TestTargetFileCleanupSourceRejection/symlink"}
{"Time":"2026-10-08T23:22:12.305382637Z","Action":"output","Package":"go.temporal.io/server/tools/gomad3/target","Test":"TestTargetFileCleanupSourceRejection/symlink","Output":"=== RUN   TestTargetFileCleanupSourceRejection/symlink\n","OutputType":"frame"}
{"Time":"2026-10-08T23:22:12.306512637Z","Action":"output","Package":"go.temporal.io/server/tools/gomad3/target","Test":"TestTargetFileCleanupSourceRejection/symlink","Output":"--- PASS: TestTargetFileCleanupSourceRejection/symlink (0.00s)\n","OutputType":"frame"}
{"Time":"2026-10-08T23:22:12.30653997Z","Action":"pass","Package":"go.temporal.io/server/tools/gomad3/target","Test":"TestTargetFileCleanupSourceRejection/symlink","Elapsed":0}
{"Time":"2026-10-08T23:22:12.30656822Z","Action":"run","Package":"go.temporal.io/server/tools/gomad3/target","Test":"TestTargetFileCleanupSourceRejection/nonexecutable"}
{"Time":"2026-10-08T23:22:12.306588887Z","Action":"output","Package":"go.temporal.io/server/tools/gomad3/target","Test":"TestTargetFileCleanupSourceRejection/nonexecutable","Output":"=== RUN   TestTargetFileCleanupSourceRejection/nonexecutable\n","OutputType":"frame"}
{"Time":"2026-10-08T23:22:12.307780595Z","Action":"output","Package":"go.temporal.io/server/tools/gomad3/target","Test":"TestTargetFileCleanupSourceRejection/nonexecutable","Output":"--- PASS: TestTargetFileCleanupSourceRejection/nonexecutable (0.00s)\n","OutputType":"frame"}
{"Time":"2026-10-08T23:22:12.30781072Z","Action":"pass","Package":"go.temporal.io/server/tools/gomad3/target","Test":"TestTargetFileCleanupSourceRejection/nonexecutable","Elapsed":0}
{"Time":"2026-10-08T23:22:12.307835012Z","Action":"run","Package":"go.temporal.io/server/tools/gomad3/target","Test":"TestTargetFileCleanupSourceRejection/directory"}
{"Time":"2026-10-08T23:22:12.30785947Z","Action":"output","Package":"go.temporal.io/server/tools/gomad3/target","Test":"TestTargetFileCleanupSourceRejection/directory","Output":"=== RUN   TestTargetFileCleanupSourceRejection/directory\n","OutputType":"frame"}
{"Time":"2026-10-08T23:22:12.309193845Z","Action":"output","Package":"go.temporal.io/server/tools/gomad3/target","Test":"TestTargetFileCleanupSourceRejection/directory","Output":"--- PASS: TestTargetFileCleanupSourceRejection/directory (0.00s)\n","OutputType":"frame"}
{"Time":"2026-10-08T23:22:12.309225054Z","Action":"pass","Package":"go.temporal.io/server/tools/gomad3/target","Test":"TestTargetFileCleanupSourceRejection/directory","Elapsed":0}
{"Time":"2026-10-08T23:22:12.309258054Z","Action":"output","Package":"go.temporal.io/server/tools/gomad3/target","Test":"TestTargetFileCleanupSourceRejection","Output":"--- PASS: TestTargetFileCleanupSourceRejection (0.01s)\n","OutputType":"frame"}
{"Time":"2026-10-08T23:22:12.309277637Z","Action":"pass","Package":"go.temporal.io/server/tools/gomad3/target","Test":"TestTargetFileCleanupSourceRejection","Elapsed":0.01}
{"Time":"2026-10-08T23:22:12.309303762Z","Action":"run","Package":"go.temporal.io/server/tools/gomad3/target","Test":"TestTargetFileCleanupDestinationRejection"}
{"Time":"2026-10-08T23:22:12.309336554Z","Action":"output","Package":"go.temporal.io/server/tools/gomad3/target","Test":"TestTargetFileCleanupDestinationRejection","Output":"=== RUN   TestTargetFileCleanupDestinationRejection\n","OutputType":"frame"}
{"Time":"2026-10-08T23:22:12.309398637Z","Action":"run","Package":"go.temporal.io/server/tools/gomad3/target","Test":"TestTargetFileCleanupDestinationRejection/copy/collision"}
{"Time":"2026-10-08T23:22:12.309536137Z","Action":"output","Package":"go.temporal.io/server/tools/gomad3/target","Test":"TestTargetFileCleanupDestinationRejection/copy/collision","Output":"=== RUN   TestTargetFileCleanupDestinationRejection/copy/collision\n","OutputType":"frame"}
{"Time":"2026-10-08T23:22:12.310361595Z","Action":"output","Package":"go.temporal.io/server/tools/gomad3/target","Test":"TestTargetFileCleanupDestinationRejection/copy/collision","Output":"--- PASS: TestTargetFileCleanupDestinationRejection/copy/collision (0.00s)\n","OutputType":"frame"}
{"Time":"2026-10-08T23:22:12.310381929Z","Action":"pass","Package":"go.temporal.io/server/tools/gomad3/target","Test":"TestTargetFileCleanupDestinationRejection/copy/collision","Elapsed":0}
{"Time":"2026-10-08T23:22:12.31057047Z","Action":"run","Package":"go.temporal.io/server/tools/gomad3/target","Test":"TestTargetFileCleanupDestinationRejection/copy/missing-parent"}
{"Time":"2026-10-08T23:22:12.310593679Z","Action":"output","Package":"go.temporal.io/server/tools/gomad3/target","Test":"TestTargetFileCleanupDestinationRejection/copy/missing-parent","Output":"=== RUN   TestTargetFileCleanupDestinationRejection/copy/missing-parent\n","OutputType":"frame"}
{"Time":"2026-10-08T23:22:12.31223747Z","Action":"output","Package":"go.temporal.io/server/tools/gomad3/target","Test":"TestTargetFileCleanupDestinationRejection/copy/missing-parent","Output":"--- PASS: TestTargetFileCleanupDestinationRejection/copy/missing-parent (0.00s)\n","OutputType":"frame"}
{"Time":"2026-10-08T23:22:12.312540679Z","Action":"pass","Package":"go.temporal.io/server/tools/gomad3/target","Test":"TestTargetFileCleanupDestinationRejection/copy/missing-parent","Elapsed":0}
{"Time":"2026-10-08T23:22:12.312578554Z","Action":"run","Package":"go.temporal.io/server/tools/gomad3/target","Test":"TestTargetFileCleanupDestinationRejection/write/collision"}
{"Time":"2026-10-08T23:22:12.312618429Z","Action":"output","Package":"go.temporal.io/server/tools/gomad3/target","Test":"TestTargetFileCleanupDestinationRejection/write/collision","Output":"=== RUN   TestTargetFileCleanupDestinationRejection/write/collision\n","OutputType":"frame"}
{"Time":"2026-10-08T23:22:12.314009804Z","Action":"output","Package":"go.temporal.io/server/tools/gomad3/target","Test":"TestTargetFileCleanupDestinationRejection/write/collision","Output":"--- PASS: TestTargetFileCleanupDestinationRejection/write/collision (0.00s)\n","OutputType":"frame"}
{"Time":"2026-10-08T23:22:12.31407647Z","Action":"pass","Package":"go.temporal.io/server/tools/gomad3/target","Test":"TestTargetFileCleanupDestinationRejection/write/collision","Elapsed":0}
{"Time":"2026-10-08T23:22:12.314172095Z","Action":"run","Package":"go.temporal.io/server/tools/gomad3/target","Test":"TestTargetFileCleanupDestinationRejection/write/missing-parent"}
{"Time":"2026-10-08T23:22:12.314209429Z","Action":"output","Package":"go.temporal.io/server/tools/gomad3/target","Test":"TestTargetFileCleanupDestinationRejection/write/missing-parent","Output":"=== RUN   TestTargetFileCleanupDestinationRejection/write/missing-parent\n","OutputType":"frame"}
{"Time":"2026-10-08T23:22:12.314717971Z","Action":"output","Package":"go.temporal.io/server/tools/gomad3/target","Test":"TestTargetFileCleanupDestinationRejection/write/missing-parent","Output":"--- PASS: TestTargetFileCleanupDestinationRejection/write/missing-parent (0.00s)\n","OutputType":"frame"}
{"Time":"2026-10-08T23:22:12.314740137Z","Action":"pass","Package":"go.temporal.io/server/tools/gomad3/target","Test":"TestTargetFileCleanupDestinationRejection/write/missing-parent","Elapsed":0}
{"Time":"2026-10-08T23:22:12.314756929Z","Action":"output","Package":"go.temporal.io/server/tools/gomad3/target","Test":"TestTargetFileCleanupDestinationRejection","Output":"--- PASS: TestTargetFileCleanupDestinationRejection (0.01s)\n","OutputType":"frame"}
{"Time":"2026-10-08T23:22:12.314771137Z","Action":"pass","Package":"go.temporal.io/server/tools/gomad3/target","Test":"TestTargetFileCleanupDestinationRejection","Elapsed":0.01}
{"Time":"2026-10-08T23:22:12.314822804Z","Action":"run","Package":"go.temporal.io/server/tools/gomad3/target","Test":"TestTargetFileCleanupPrivateWrite"}
{"Time":"2026-10-08T23:22:12.314871721Z","Action":"output","Package":"go.temporal.io/server/tools/gomad3/target","Test":"TestTargetFileCleanupPrivateWrite","Output":"=== RUN   TestTargetFileCleanupPrivateWrite\n","OutputType":"frame"}
{"Time":"2026-10-08T23:22:12.314893471Z","Action":"run","Package":"go.temporal.io/server/tools/gomad3/target","Test":"TestTargetFileCleanupPrivateWrite/0400/0-bytes"}
{"Time":"2026-10-08T23:22:12.314905304Z","Action":"output","Package":"go.temporal.io/server/tools/gomad3/target","Test":"TestTargetFileCleanupPrivateWrite/0400/0-bytes","Output":"=== RUN   TestTargetFileCleanupPrivateWrite/0400/0-bytes\n","OutputType":"frame"}
{"Time":"2026-10-08T23:22:12.317977762Z","Action":"output","Package":"go.temporal.io/server/tools/gomad3/target","Test":"TestTargetFileCleanupPrivateWrite/0400/0-bytes","Output":"--- PASS: TestTargetFileCleanupPrivateWrite/0400/0-bytes (0.00s)\n","OutputType":"frame"}
{"Time":"2026-10-08T23:22:12.318004346Z","Action":"pass","Package":"go.temporal.io/server/tools/gomad3/target","Test":"TestTargetFileCleanupPrivateWrite/0400/0-bytes","Elapsed":0}
{"Time":"2026-10-08T23:22:12.318019054Z","Action":"run","Package":"go.temporal.io/server/tools/gomad3/target","Test":"TestTargetFileCleanupPrivateWrite/0400/18-bytes"}
{"Time":"2026-10-08T23:22:12.318031221Z","Action":"output","Package":"go.temporal.io/server/tools/gomad3/target","Test":"TestTargetFileCleanupPrivateWrite/0400/18-bytes","Output":"=== RUN   TestTargetFileCleanupPrivateWrite/0400/18-bytes\n","OutputType":"frame"}
{"Time":"2026-10-08T23:22:12.320150096Z","Action":"output","Package":"go.temporal.io/server/tools/gomad3/target","Test":"TestTargetFileCleanupPrivateWrite/0400/18-bytes","Output":"--- PASS: TestTargetFileCleanupPrivateWrite/0400/18-bytes (0.00s)\n","OutputType":"frame"}
{"Time":"2026-10-08T23:22:12.320181012Z","Action":"pass","Package":"go.temporal.io/server/tools/gomad3/target","Test":"TestTargetFileCleanupPrivateWrite/0400/18-bytes","Elapsed":0}
{"Time":"2026-10-08T23:22:12.320221137Z","Action":"run","Package":"go.temporal.io/server/tools/gomad3/target","Test":"TestTargetFileCleanupPrivateWrite/0700/0-bytes"}
{"Time":"2026-10-08T23:22:12.320304554Z","Action":"output","Package":"go.temporal.io/server/tools/gomad3/target","Test":"TestTargetFileCleanupPrivateWrite/0700/0-bytes","Output":"=== RUN   TestTargetFileCleanupPrivateWrite/0700/0-bytes\n","OutputType":"frame"}
{"Time":"2026-10-08T23:22:12.321782304Z","Action":"output","Package":"go.temporal.io/server/tools/gomad3/target","Test":"TestTargetFileCleanupPrivateWrite/0700/0-bytes","Output":"--- PASS: TestTargetFileCleanupPrivateWrite/0700/0-bytes (0.00s)\n","OutputType":"frame"}
{"Time":"2026-10-08T23:22:12.321808929Z","Action":"pass","Package":"go.temporal.io/server/tools/gomad3/target","Test":"TestTargetFileCleanupPrivateWrite/0700/0-bytes","Elapsed":0}
{"Time":"2026-10-08T23:22:12.321831679Z","Action":"run","Package":"go.temporal.io/server/tools/gomad3/target","Test":"TestTargetFileCleanupPrivateWrite/0700/18-bytes"}
{"Time":"2026-10-08T23:22:12.321852179Z","Action":"output","Package":"go.temporal.io/server/tools/gomad3/target","Test":"TestTargetFileCleanupPrivateWrite/0700/18-bytes","Output":"=== RUN   TestTargetFileCleanupPrivateWrite/0700/18-bytes\n","OutputType":"frame"}
{"Time":"2026-10-08T23:22:12.326718221Z","Action":"output","Package":"go.temporal.io/server/tools/gomad3/target","Test":"TestTargetFileCleanupPrivateWrite/0700/18-bytes","Output":"--- PASS: TestTargetFileCleanupPrivateWrite/0700/18-bytes (0.00s)\n","OutputType":"frame"}
{"Time":"2026-10-08T23:22:12.326769346Z","Action":"pass","Package":"go.temporal.io/server/tools/gomad3/target","Test":"TestTargetFileCleanupPrivateWrite/0700/18-bytes","Elapsed":0}
{"Time":"2026-10-08T23:22:12.326793637Z","Action":"output","Package":"go.temporal.io/server/tools/gomad3/target","Test":"TestTargetFileCleanupPrivateWrite","Output":"--- PASS: TestTargetFileCleanupPrivateWrite (0.01s)\n","OutputType":"frame"}
{"Time":"2026-10-08T23:22:12.326823554Z","Action":"pass","Package":"go.temporal.io/server/tools/gomad3/target","Test":"TestTargetFileCleanupPrivateWrite","Elapsed":0.01}
{"Time":"2026-10-08T23:22:12.326844804Z","Action":"run","Package":"go.temporal.io/server/tools/gomad3/target","Test":"TestReadToolchainIdentityRejectsMalformedAndOverflowedEnvironment"}
{"Time":"2026-10-08T23:22:12.326867637Z","Action":"output","Package":"go.temporal.io/server/tools/gomad3/target","Test":"TestReadToolchainIdentityRejectsMalformedAndOverflowedEnvironment","Output":"=== RUN   TestReadToolchainIdentityRejectsMalformedAndOverflowedEnvironment\n","OutputType":"frame"}
{"Time":"2026-10-08T23:22:12.327472429Z","Action":"run","Package":"go.temporal.io/server/tools/gomad3/target","Test":"TestReadToolchainIdentityRejectsMalformedAndOverflowedEnvironment/malformed"}
{"Time":"2026-10-08T23:22:12.327488971Z","Action":"output","Package":"go.temporal.io/server/tools/gomad3/target","Test":"TestReadToolchainIdentityRejectsMalformedAndOverflowedEnvironment/malformed","Output":"=== RUN   TestReadToolchainIdentityRejectsMalformedAndOverflowedEnvironment/malformed\n","OutputType":"frame"}
{"Time":"2026-10-08T23:22:12.328025179Z","Action":"output","Package":"go.temporal.io/server/tools/gomad3/target","Test":"TestReadToolchainIdentityRejectsMalformedAndOverflowedEnvironment/malformed","Output":"--- PASS: TestReadToolchainIdentityRejectsMalformedAndOverflowedEnvironment/malformed (0.00s)\n","OutputType":"frame"}
{"Time":"2026-10-08T23:22:12.328041012Z","Action":"pass","Package":"go.temporal.io/server/tools/gomad3/target","Test":"TestReadToolchainIdentityRejectsMalformedAndOverflowedEnvironment/malformed","Elapsed":0}
{"Time":"2026-10-08T23:22:12.328052304Z","Action":"run","Package":"go.temporal.io/server/tools/gomad3/target","Test":"TestReadToolchainIdentityRejectsMalformedAndOverflowedEnvironment/overflow"}
{"Time":"2026-10-08T23:22:12.328061887Z","Action":"output","Package":"go.temporal.io/server/tools/gomad3/target","Test":"TestReadToolchainIdentityRejectsMalformedAndOverflowedEnvironment/overflow","Output":"=== RUN   TestReadToolchainIdentityRejectsMalformedAndOverflowedEnvironment/overflow\n","OutputType":"frame"}
{"Time":"2026-10-08T23:22:12.328155096Z","Action":"output","Package":"go.temporal.io/server/tools/gomad3/target","Test":"TestReadToolchainIdentityRejectsMalformedAndOverflowedEnvironment/overflow","Output":"--- PASS: TestReadToolchainIdentityRejectsMalformedAndOverflowedEnvironment/overflow (0.00s)\n","OutputType":"frame"}
{"Time":"2026-10-08T23:22:12.328181804Z","Action":"pass","Package":"go.temporal.io/server/tools/gomad3/target","Test":"TestReadToolchainIdentityRejectsMalformedAndOverflowedEnvironment/overflow","Elapsed":0}
{"Time":"2026-10-08T23:22:12.328542679Z","Action":"output","Package":"go.temporal.io/server/tools/gomad3/target","Test":"TestReadToolchainIdentityRejectsMalformedAndOverflowedEnvironment","Output":"--- PASS: TestReadToolchainIdentityRejectsMalformedAndOverflowedEnvironment (0.00s)\n","OutputType":"frame"}
{"Time":"2026-10-08T23:22:12.328567762Z","Action":"pass","Package":"go.temporal.io/server/tools/gomad3/target","Test":"TestReadToolchainIdentityRejectsMalformedAndOverflowedEnvironment","Elapsed":0}
{"Time":"2026-10-08T23:22:12.328593471Z","Action":"run","Package":"go.temporal.io/server/tools/gomad3/target","Test":"TestGoCommandQueriesRejectMalformedData"}
{"Time":"2026-10-08T23:22:12.328606096Z","Action":"output","Package":"go.temporal.io/server/tools/gomad3/target","Test":"TestGoCommandQueriesRejectMalformedData","Output":"=== RUN   TestGoCommandQueriesRejectMalformedData\n","OutputType":"frame"}
{"Time":"2026-10-08T23:22:12.332761762Z","Action":"output","Package":"go.temporal.io/server/tools/gomad3/target","Test":"TestGoCommandQueriesRejectMalformedData","Output":"--- PASS: TestGoCommandQueriesRejectMalformedData (0.00s)\n","OutputType":"frame"}
{"Time":"2026-10-08T23:22:12.332786429Z","Action":"pass","Package":"go.temporal.io/server/tools/gomad3/target","Test":"TestGoCommandQueriesRejectMalformedData","Elapsed":0}
{"Time":"2026-10-08T23:22:12.332801637Z","Action":"run","Package":"go.temporal.io/server/tools/gomad3/target","Test":"TestReadToolchainIdentityQueriesTheValidatedInstallation"}
{"Time":"2026-10-08T23:22:12.332820096Z","Action":"output","Package":"go.temporal.io/server/tools/gomad3/target","Test":"TestReadToolchainIdentityQueriesTheValidatedInstallation","Output":"=== RUN   TestReadToolchainIdentityQueriesTheValidatedInstallation\n","OutputType":"frame"}
{"Time":"2026-10-08T23:22:12.335330221Z","Action":"output","Package":"go.temporal.io/server/tools/gomad3/target","Test":"TestReadToolchainIdentityQueriesTheValidatedInstallation","Output":"--- PASS: TestReadToolchainIdentityQueriesTheValidatedInstallation (0.00s)\n","OutputType":"frame"}
{"Time":"2026-10-08T23:22:12.335364971Z","Action":"pass","Package":"go.temporal.io/server/tools/gomad3/target","Test":"TestReadToolchainIdentityQueriesTheValidatedInstallation","Elapsed":0}
{"Time":"2026-10-08T23:22:12.335380137Z","Action":"run","Package":"go.temporal.io/server/tools/gomad3/target","Test":"TestReadToolchainIdentityFailsClosedWithRepairGuidance"}
{"Time":"2026-10-08T23:22:12.335392179Z","Action":"output","Package":"go.temporal.io/server/tools/gomad3/target","Test":"TestReadToolchainIdentityFailsClosedWithRepairGuidance","Output":"=== RUN   TestReadToolchainIdentityFailsClosedWithRepairGuidance\n","OutputType":"frame"}
{"Time":"2026-10-08T23:22:12.335408054Z","Action":"run","Package":"go.temporal.io/server/tools/gomad3/target","Test":"TestReadToolchainIdentityFailsClosedWithRepairGuidance/missing_pinned_command"}
{"Time":"2026-10-08T23:22:12.335441096Z","Action":"output","Package":"go.temporal.io/server/tools/gomad3/target","Test":"TestReadToolchainIdentityFailsClosedWithRepairGuidance/missing_pinned_command","Output":"=== RUN   TestReadToolchainIdentityFailsClosedWithRepairGuidance/missing_pinned_command\n","OutputType":"frame"}
{"Time":"2026-10-08T23:22:12.336590721Z","Action":"output","Package":"go.temporal.io/server/tools/gomad3/target","Test":"TestReadToolchainIdentityFailsClosedWithRepairGuidance/missing_pinned_command","Output":"--- PASS: TestReadToolchainIdentityFailsClosedWithRepairGuidance/missing_pinned_command (0.00s)\n","OutputType":"frame"}
{"Time":"2026-10-08T23:22:12.336619762Z","Action":"pass","Package":"go.temporal.io/server/tools/gomad3/target","Test":"TestReadToolchainIdentityFailsClosedWithRepairGuidance/missing_pinned_command","Elapsed":0}
{"Time":"2026-10-08T23:22:12.336637804Z","Action":"run","Package":"go.temporal.io/server/tools/gomad3/target","Test":"TestReadToolchainIdentityFailsClosedWithRepairGuidance/non-executable_pinned_command"}
{"Time":"2026-10-08T23:22:12.336656554Z","Action":"output","Package":"go.temporal.io/server/tools/gomad3/target","Test":"TestReadToolchainIdentityFailsClosedWithRepairGuidance/non-executable_pinned_command","Output":"=== RUN   TestReadToolchainIdentityFailsClosedWithRepairGuidance/non-executable_pinned_command\n","OutputType":"frame"}
{"Time":"2026-10-08T23:22:12.338234012Z","Action":"output","Package":"go.temporal.io/server/tools/gomad3/target","Test":"TestReadToolchainIdentityFailsClosedWithRepairGuidance/non-executable_pinned_command","Output":"--- PASS: TestReadToolchainIdentityFailsClosedWithRepairGuidance/non-executable_pinned_command (0.00s)\n","OutputType":"frame"}
{"Time":"2026-10-08T23:22:12.338276512Z","Action":"pass","Package":"go.temporal.io/server/tools/gomad3/target","Test":"TestReadToolchainIdentityFailsClosedWithRepairGuidance/non-executable_pinned_command","Elapsed":0}
{"Time":"2026-10-08T23:22:12.338351096Z","Action":"run","Package":"go.temporal.io/server/tools/gomad3/target","Test":"TestReadToolchainIdentityFailsClosedWithRepairGuidance/directory_pinned_command"}
{"Time":"2026-10-08T23:22:12.338368929Z","Action":"output","Package":"go.temporal.io/server/tools/gomad3/target","Test":"TestReadToolchainIdentityFailsClosedWithRepairGuidance/directory_pinned_command","Output":"=== RUN   TestReadToolchainIdentityFailsClosedWithRepairGuidance/directory_pinned_command\n","OutputType":"frame"}
{"Time":"2026-10-08T23:22:12.346361429Z","Action":"output","Package":"go.temporal.io/server/tools/gomad3/target","Test":"TestReadToolchainIdentityFailsClosedWithRepairGuidance/directory_pinned_command","Output":"--- PASS: TestReadToolchainIdentityFailsClosedWithRepairGuidance/directory_pinned_command (0.01s)\n","OutputType":"frame"}
{"Time":"2026-10-08T23:22:12.346465679Z","Action":"pass","Package":"go.temporal.io/server/tools/gomad3/target","Test":"TestReadToolchainIdentityFailsClosedWithRepairGuidance/directory_pinned_command","Elapsed":0.01}
{"Time":"2026-10-08T23:22:12.346560054Z","Action":"run","Package":"go.temporal.io/server/tools/gomad3/target","Test":"TestReadToolchainIdentityFailsClosedWithRepairGuidance/missing_build_key"}
{"Time":"2026-10-08T23:22:12.346616054Z","Action":"output","Package":"go.temporal.io/server/tools/gomad3/target","Test":"TestReadToolchainIdentityFailsClosedWithRepairGuidance/missing_build_key","Output":"=== RUN   TestReadToolchainIdentityFailsClosedWithRepairGuidance/missing_build_key\n","OutputType":"frame"}
{"Time":"2026-10-08T23:22:12.363399804Z","Action":"output","Package":"go.temporal.io/server/tools/gomad3/target","Test":"TestReadToolchainIdentityFailsClosedWithRepairGuidance/missing_build_key","Output":"--- PASS: TestReadToolchainIdentityFailsClosedWithRepairGuidance/missing_build_key (0.02s)\n","OutputType":"frame"}
{"Time":"2026-10-08T23:22:12.363679804Z","Action":"pass","Package":"go.temporal.io/server/tools/gomad3/target","Test":"TestReadToolchainIdentityFailsClosedWithRepairGuidance/missing_build_key","Elapsed":0.02}
{"Time":"2026-10-08T23:22:12.363725429Z","Action":"run","Package":"go.temporal.io/server/tools/gomad3/target","Test":"TestReadToolchainIdentityFailsClosedWithRepairGuidance/build_key_without_newline"}
{"Time":"2026-10-08T23:22:12.363745262Z","Action":"output","Package":"go.temporal.io/server/tools/gomad3/target","Test":"TestReadToolchainIdentityFailsClosedWithRepairGuidance/build_key_without_newline","Output":"=== RUN   TestReadToolchainIdentityFailsClosedWithRepairGuidance/build_key_without_newline\n","OutputType":"frame"}
{"Time":"2026-10-08T23:22:12.384739929Z","Action":"output","Package":"go.temporal.io/server/tools/gomad3/target","Test":"TestReadToolchainIdentityFailsClosedWithRepairGuidance/build_key_without_newline","Output":"--- PASS: TestReadToolchainIdentityFailsClosedWithRepairGuidance/build_key_without_newline (0.02s)\n","OutputType":"frame"}
{"Time":"2026-10-08T23:22:12.384793637Z","Action":"pass","Package":"go.temporal.io/server/tools/gomad3/target","Test":"TestReadToolchainIdentityFailsClosedWithRepairGuidance/build_key_without_newline","Elapsed":0.02}
{"Time":"2026-10-08T23:22:12.384912721Z","Action":"run","Package":"go.temporal.io/server/tools/gomad3/target","Test":"TestReadToolchainIdentityFailsClosedWithRepairGuidance/uppercase_build_key"}
{"Time":"2026-10-08T23:22:12.384930721Z","Action":"output","Package":"go.temporal.io/server/tools/gomad3/target","Test":"TestReadToolchainIdentityFailsClosedWithRepairGuidance/uppercase_build_key","Output":"=== RUN   TestReadToolchainIdentityFailsClosedWithRepairGuidance/uppercase_build_key\n","OutputType":"frame"}
{"Time":"2026-10-08T23:22:12.387816554Z","Action":"output","Package":"go.temporal.io/server/tools/gomad3/target","Test":"TestReadToolchainIdentityFailsClosedWithRepairGuidance/uppercase_build_key","Output":"--- PASS: TestReadToolchainIdentityFailsClosedWithRepairGuidance/uppercase_build_key (0.00s)\n","OutputType":"frame"}
{"Time":"2026-10-08T23:22:12.387839512Z","Action":"pass","Package":"go.temporal.io/server/tools/gomad3/target","Test":"TestReadToolchainIdentityFailsClosedWithRepairGuidance/uppercase_build_key","Elapsed":0}
{"Time":"2026-10-08T23:22:12.387894012Z","Action":"run","Package":"go.temporal.io/server/tools/gomad3/target","Test":"TestReadToolchainIdentityFailsClosedWithRepairGuidance/short_build_key"}
{"Time":"2026-10-08T23:22:12.387907012Z","Action":"output","Package":"go.temporal.io/server/tools/gomad3/target","Test":"TestReadToolchainIdentityFailsClosedWithRepairGuidance/short_build_key","Output":"=== RUN   TestReadToolchainIdentityFailsClosedWithRepairGuidance/short_build_key\n","OutputType":"frame"}
{"Time":"2026-10-08T23:22:12.392436387Z","Action":"output","Package":"go.temporal.io/server/tools/gomad3/target","Test":"TestReadToolchainIdentityFailsClosedWithRepairGuidance/short_build_key","Output":"--- PASS: TestReadToolchainIdentityFailsClosedWithRepairGuidance/short_build_key (0.00s)\n","OutputType":"frame"}
{"Time":"2026-10-08T23:22:12.392468179Z","Action":"pass","Package":"go.temporal.io/server/tools/gomad3/target","Test":"TestReadToolchainIdentityFailsClosedWithRepairGuidance/short_build_key","Elapsed":0}
{"Time":"2026-10-08T23:22:12.392490846Z","Action":"run","Package":"go.temporal.io/server/tools/gomad3/target","Test":"TestReadToolchainIdentityFailsClosedWithRepairGuidance/trailing_build_key_data"}
{"Time":"2026-10-08T23:22:12.392506887Z","Action":"output","Package":"go.temporal.io/server/tools/gomad3/target","Test":"TestReadToolchainIdentityFailsClosedWithRepairGuidance/trailing_build_key_data","Output":"=== RUN   TestReadToolchainIdentityFailsClosedWithRepairGuidance/trailing_build_key_data\n","OutputType":"frame"}
{"Time":"2026-10-08T23:22:12.394332929Z","Action":"output","Package":"go.temporal.io/server/tools/gomad3/target","Test":"TestReadToolchainIdentityFailsClosedWithRepairGuidance/trailing_build_key_data","Output":"--- PASS: TestReadToolchainIdentityFailsClosedWithRepairGuidance/trailing_build_key_data (0.00s)\n","OutputType":"frame"}
{"Time":"2026-10-08T23:22:12.394367096Z","Action":"pass","Package":"go.temporal.io/server/tools/gomad3/target","Test":"TestReadToolchainIdentityFailsClosedWithRepairGuidance/trailing_build_key_data","Elapsed":0}
{"Time":"2026-10-08T23:22:12.394398846Z","Action":"run","Package":"go.temporal.io/server/tools/gomad3/target","Test":"TestReadToolchainIdentityFailsClosedWithRepairGuidance/missing_build"}
{"Time":"2026-10-08T23:22:12.394425346Z","Action":"output","Package":"go.temporal.io/server/tools/gomad3/target","Test":"TestReadToolchainIdentityFailsClosedWithRepairGuidance/missing_build","Output":"=== RUN   TestReadToolchainIdentityFailsClosedWithRepairGuidance/missing_build\n","OutputType":"frame"}
{"Time":"2026-10-08T23:22:12.403946346Z","Action":"output","Package":"go.temporal.io/server/tools/gomad3/target","Test":"TestReadToolchainIdentityFailsClosedWithRepairGuidance/missing_build","Output":"--- PASS: TestReadToolchainIdentityFailsClosedWithRepairGuidance/missing_build (0.01s)\n","OutputType":"frame"}
{"Time":"2026-10-08T23:22:12.403987304Z","Action":"pass","Package":"go.temporal.io/server/tools/gomad3/target","Test":"TestReadToolchainIdentityFailsClosedWithRepairGuidance/missing_build","Elapsed":0.01}
{"Time":"2026-10-08T23:22:12.404009012Z","Action":"run","Package":"go.temporal.io/server/tools/gomad3/target","Test":"TestReadToolchainIdentityFailsClosedWithRepairGuidance/stale_build_key"}
{"Time":"2026-10-08T23:22:12.404025054Z","Action":"output","Package":"go.temporal.io/server/tools/gomad3/target","Test":"TestReadToolchainIdentityFailsClosedWithRepairGuidance/stale_build_key","Output":"=== RUN   TestReadToolchainIdentityFailsClosedWithRepairGuidance/stale_build_key\n","OutputType":"frame"}
{"Time":"2026-10-08T23:22:12.405813721Z","Action":"output","Package":"go.temporal.io/server/tools/gomad3/target","Test":"TestReadToolchainIdentityFailsClosedWithRepairGuidance/stale_build_key","Output":"--- PASS: TestReadToolchainIdentityFailsClosedWithRepairGuidance/stale_build_key (0.00s)\n","OutputType":"frame"}
{"Time":"2026-10-08T23:22:12.405838137Z","Action":"pass","Package":"go.temporal.io/server/tools/gomad3/target","Test":"TestReadToolchainIdentityFailsClosedWithRepairGuidance/stale_build_key","Elapsed":0}
{"Time":"2026-10-08T23:22:12.405862721Z","Action":"run","Package":"go.temporal.io/server/tools/gomad3/target","Test":"TestReadToolchainIdentityFailsClosedWithRepairGuidance/non-executable_build_command"}
{"Time":"2026-10-08T23:22:12.405893929Z","Action":"output","Package":"go.temporal.io/server/tools/gomad3/target","Test":"TestReadToolchainIdentityFailsClosedWithRepairGuidance/non-executable_build_command","Output":"=== RUN   TestReadToolchainIdentityFailsClosedWithRepairGuidance/non-executable_build_command\n","OutputType":"frame"}
{"Time":"2026-10-08T23:22:12.408029137Z","Action":"output","Package":"go.temporal.io/server/tools/gomad3/target","Test":"TestReadToolchainIdentityFailsClosedWithRepairGuidance/non-executable_build_command","Output":"--- PASS: TestReadToolchainIdentityFailsClosedWithRepairGuidance/non-executable_build_command (0.00s)\n","OutputType":"frame"}
{"Time":"2026-10-08T23:22:12.408096471Z","Action":"pass","Package":"go.temporal.io/server/tools/gomad3/target","Test":"TestReadToolchainIdentityFailsClosedWithRepairGuidance/non-executable_build_command","Elapsed":0}
{"Time":"2026-10-08T23:22:12.408120762Z","Action":"run","Package":"go.temporal.io/server/tools/gomad3/target","Test":"TestReadToolchainIdentityFailsClosedWithRepairGuidance/platform_mismatch"}
{"Time":"2026-10-08T23:22:12.408157096Z","Action":"output","Package":"go.temporal.io/server/tools/gomad3/target","Test":"TestReadToolchainIdentityFailsClosedWithRepairGuidance/platform_mismatch","Output":"=== RUN   TestReadToolchainIdentityFailsClosedWithRepairGuidance/platform_mismatch\n","OutputType":"frame"}
{"Time":"2026-10-08T23:22:12.409728012Z","Action":"output","Package":"go.temporal.io/server/tools/gomad3/target","Test":"TestReadToolchainIdentityFailsClosedWithRepairGuidance/platform_mismatch","Output":"--- PASS: TestReadToolchainIdentityFailsClosedWithRepairGuidance/platform_mismatch (0.00s)\n","OutputType":"frame"}
{"Time":"2026-10-08T23:22:12.409753971Z","Action":"pass","Package":"go.temporal.io/server/tools/gomad3/target","Test":"TestReadToolchainIdentityFailsClosedWithRepairGuidance/platform_mismatch","Elapsed":0}
{"Time":"2026-10-08T23:22:12.409778012Z","Action":"run","Package":"go.temporal.io/server/tools/gomad3/target","Test":"TestReadToolchainIdentityFailsClosedWithRepairGuidance/cgo_identity"}
{"Time":"2026-10-08T23:22:12.409806554Z","Action":"output","Package":"go.temporal.io/server/tools/gomad3/target","Test":"TestReadToolchainIdentityFailsClosedWithRepairGuidance/cgo_identity","Output":"=== RUN   TestReadToolchainIdentityFailsClosedWithRepairGuidance/cgo_identity\n","OutputType":"frame"}
{"Time":"2026-10-08T23:22:12.411460554Z","Action":"output","Package":"go.temporal.io/server/tools/gomad3/target","Test":"TestReadToolchainIdentityFailsClosedWithRepairGuidance/cgo_identity","Output":"--- PASS: TestReadToolchainIdentityFailsClosedWithRepairGuidance/cgo_identity (0.00s)\n","OutputType":"frame"}
{"Time":"2026-10-08T23:22:12.411495304Z","Action":"pass","Package":"go.temporal.io/server/tools/gomad3/target","Test":"TestReadToolchainIdentityFailsClosedWithRepairGuidance/cgo_identity","Elapsed":0}
{"Time":"2026-10-08T23:22:12.411516346Z","Action":"output","Package":"go.temporal.io/server/tools/gomad3/target","Test":"TestReadToolchainIdentityFailsClosedWithRepairGuidance","Output":"--- PASS: TestReadToolchainIdentityFailsClosedWithRepairGuidance (0.08s)\n","OutputType":"frame"}
{"Time":"2026-10-08T23:22:12.411555887Z","Action":"pass","Package":"go.temporal.io/server/tools/gomad3/target","Test":"TestReadToolchainIdentityFailsClosedWithRepairGuidance","Elapsed":0.08}
{"Time":"2026-10-08T23:22:12.411588346Z","Action":"run","Package":"go.temporal.io/server/tools/gomad3/target","Test":"TestPinnedToolchainSuppliesBuildCacheLocations"}
{"Time":"2026-10-08T23:22:12.411653971Z","Action":"output","Package":"go.temporal.io/server/tools/gomad3/target","Test":"TestPinnedToolchainSuppliesBuildCacheLocations","Output":"=== RUN   TestPinnedToolchainSuppliesBuildCacheLocations\n","OutputType":"frame"}
{"Time":"2026-10-08T23:22:12.415519929Z","Action":"output","Package":"go.temporal.io/server/tools/gomad3/target","Test":"TestPinnedToolchainSuppliesBuildCacheLocations","Output":"--- PASS: TestPinnedToolchainSuppliesBuildCacheLocations (0.00s)\n","OutputType":"frame"}
{"Time":"2026-10-08T23:22:12.415558804Z","Action":"pass","Package":"go.temporal.io/server/tools/gomad3/target","Test":"TestPinnedToolchainSuppliesBuildCacheLocations","Elapsed":0}
{"Time":"2026-10-08T23:22:12.415616721Z","Action":"run","Package":"go.temporal.io/server/tools/gomad3/target","Test":"TestModuleDirectoryResolvesTheOwningModule"}
{"Time":"2026-10-08T23:22:12.415751762Z","Action":"output","Package":"go.temporal.io/server/tools/gomad3/target","Test":"TestModuleDirectoryResolvesTheOwningModule","Output":"=== RUN   TestModuleDirectoryResolvesTheOwningModule\n","OutputType":"frame"}
{"Time":"2026-10-08T23:22:12.416359596Z","Action":"run","Package":"go.temporal.io/server/tools/gomad3/target","Test":"TestModuleDirectoryResolvesTheOwningModule/import_path_uses_cwd"}
{"Time":"2026-10-08T23:22:12.416432804Z","Action":"output","Package":"go.temporal.io/server/tools/gomad3/target","Test":"TestModuleDirectoryResolvesTheOwningModule/import_path_uses_cwd","Output":"=== RUN   TestModuleDirectoryResolvesTheOwningModule/import_path_uses_cwd\n","OutputType":"frame"}
{"Time":"2026-10-08T23:22:12.416491262Z","Action":"output","Package":"go.temporal.io/server/tools/gomad3/target","Test":"TestModuleDirectoryResolvesTheOwningModule/import_path_uses_cwd","Output":"--- PASS: TestModuleDirectoryResolvesTheOwningModule/import_path_uses_cwd (0.00s)\n","OutputType":"frame"}
{"Time":"2026-10-08T23:22:12.416519137Z","Action":"pass","Package":"go.temporal.io/server/tools/gomad3/target","Test":"TestModuleDirectoryResolvesTheOwningModule/import_path_uses_cwd","Elapsed":0}
{"Time":"2026-10-08T23:22:12.416532512Z","Action":"run","Package":"go.temporal.io/server/tools/gomad3/target","Test":"TestModuleDirectoryResolvesTheOwningModule/exec_uses_working_dir"}
{"Time":"2026-10-08T23:22:12.416567096Z","Action":"output","Package":"go.temporal.io/server/tools/gomad3/target","Test":"TestModuleDirectoryResolvesTheOwningModule/exec_uses_working_dir","Output":"=== RUN   TestModuleDirectoryResolvesTheOwningModule/exec_uses_working_dir\n","OutputType":"frame"}
{"Time":"2026-10-08T23:22:12.416584262Z","Action":"output","Package":"go.temporal.io/server/tools/gomad3/target","Test":"TestModuleDirectoryResolvesTheOwningModule/exec_uses_working_dir","Output":"--- PASS: TestModuleDirectoryResolvesTheOwningModule/exec_uses_working_dir (0.00s)\n","OutputType":"frame"}
{"Time":"2026-10-08T23:22:12.416602262Z","Action":"pass","Package":"go.temporal.io/server/tools/gomad3/target","Test":"TestModuleDirectoryResolvesTheOwningModule/exec_uses_working_dir","Elapsed":0}
{"Time":"2026-10-08T23:22:12.416622512Z","Action":"run","Package":"go.temporal.io/server/tools/gomad3/target","Test":"TestModuleDirectoryResolvesTheOwningModule/relative_from_root"}
{"Time":"2026-10-08T23:22:12.416631929Z","Action":"output","Package":"go.temporal.io/server/tools/gomad3/target","Test":"TestModuleDirectoryResolvesTheOwningModule/relative_from_root","Output":"=== RUN   TestModuleDirectoryResolvesTheOwningModule/relative_from_root\n","OutputType":"frame"}
{"Time":"2026-10-08T23:22:12.416649721Z","Action":"output","Package":"go.temporal.io/server/tools/gomad3/target","Test":"TestModuleDirectoryResolvesTheOwningModule/relative_from_root","Output":"--- PASS: TestModuleDirectoryResolvesTheOwningModule/relative_from_root (0.00s)\n","OutputType":"frame"}
{"Time":"2026-10-08T23:22:12.416671512Z","Action":"pass","Package":"go.temporal.io/server/tools/gomad3/target","Test":"TestModuleDirectoryResolvesTheOwningModule/relative_from_root","Elapsed":0}
{"Time":"2026-10-08T23:22:12.416688221Z","Action":"run","Package":"go.temporal.io/server/tools/gomad3/target","Test":"TestModuleDirectoryResolvesTheOwningModule/relative_from_nested"}
{"Time":"2026-10-08T23:22:12.416712971Z","Action":"output","Package":"go.temporal.io/server/tools/gomad3/target","Test":"TestModuleDirectoryResolvesTheOwningModule/relative_from_nested","Output":"=== RUN   TestModuleDirectoryResolvesTheOwningModule/relative_from_nested\n","OutputType":"frame"}
{"Time":"2026-10-08T23:22:12.416746096Z","Action":"output","Package":"go.temporal.io/server/tools/gomad3/target","Test":"TestModuleDirectoryResolvesTheOwningModule/relative_from_nested","Output":"--- PASS: TestModuleDirectoryResolvesTheOwningModule/relative_from_nested (0.00s)\n","OutputType":"frame"}
{"Time":"2026-10-08T23:22:12.416757554Z","Action":"pass","Package":"go.temporal.io/server/tools/gomad3/target","Test":"TestModuleDirectoryResolvesTheOwningModule/relative_from_nested","Elapsed":0}
{"Time":"2026-10-08T23:22:12.416780096Z","Action":"run","Package":"go.temporal.io/server/tools/gomad3/target","Test":"TestModuleDirectoryResolvesTheOwningModule/absolute"}
{"Time":"2026-10-08T23:22:12.416802762Z","Action":"output","Package":"go.temporal.io/server/tools/gomad3/target","Test":"TestModuleDirectoryResolvesTheOwningModule/absolute","Output":"=== RUN   TestModuleDirectoryResolvesTheOwningModule/absolute\n","OutputType":"frame"}
{"Time":"2026-10-08T23:22:12.416823346Z","Action":"output","Package":"go.temporal.io/server/tools/gomad3/target","Test":"TestModuleDirectoryResolvesTheOwningModule/absolute","Output":"--- PASS: TestModuleDirectoryResolvesTheOwningModule/absolute (0.00s)\n","OutputType":"frame"}
{"Time":"2026-10-08T23:22:12.416836554Z","Action":"pass","Package":"go.temporal.io/server/tools/gomad3/target","Test":"TestModuleDirectoryResolvesTheOwningModule/absolute","Elapsed":0}
{"Time":"2026-10-08T23:22:12.417533429Z","Action":"output","Package":"go.temporal.io/server/tools/gomad3/target","Test":"TestModuleDirectoryResolvesTheOwningModule","Output":"--- PASS: TestModuleDirectoryResolvesTheOwningModule (0.00s)\n","OutputType":"frame"}
{"Time":"2026-10-08T23:22:12.417565471Z","Action":"pass","Package":"go.temporal.io/server/tools/gomad3/target","Test":"TestModuleDirectoryResolvesTheOwningModule","Elapsed":0}
{"Time":"2026-10-08T23:22:12.417610846Z","Action":"run","Package":"go.temporal.io/server/tools/gomad3/target","Test":"TestPreparedCacheDigestOverlayEmpty"}
{"Time":"2026-10-08T23:22:12.417638804Z","Action":"output","Package":"go.temporal.io/server/tools/gomad3/target","Test":"TestPreparedCacheDigestOverlayEmpty","Output":"=== RUN   TestPreparedCacheDigestOverlayEmpty\n","OutputType":"frame"}
{"Time":"2026-10-08T23:22:12.418550012Z","Action":"output","Package":"go.temporal.io/server/tools/gomad3/target","Test":"TestPreparedCacheDigestOverlayEmpty","Output":"--- PASS: TestPreparedCacheDigestOverlayEmpty (0.00s)\n","OutputType":"frame"}
{"Time":"2026-10-08T23:22:12.418596304Z","Action":"pass","Package":"go.temporal.io/server/tools/gomad3/target","Test":"TestPreparedCacheDigestOverlayEmpty","Elapsed":0}
{"Time":"2026-10-08T23:22:12.418614762Z","Action":"run","Package":"go.temporal.io/server/tools/gomad3/target","Test":"TestPreparedCacheDigestOverlayCanonicalInputs"}
{"Time":"2026-10-08T23:22:12.418638346Z","Action":"output","Package":"go.temporal.io/server/tools/gomad3/target","Test":"TestPreparedCacheDigestOverlayCanonicalInputs","Output":"=== RUN   TestPreparedCacheDigestOverlayCanonicalInputs\n","OutputType":"frame"}
{"Time":"2026-10-08T23:22:12.418667346Z","Action":"run","Package":"go.temporal.io/server/tools/gomad3/target","Test":"TestPreparedCacheDigestOverlayCanonicalInputs/reverse_map_order_and_unclean_original"}
{"Time":"2026-10-08T23:22:12.418686012Z","Action":"output","Package":"go.temporal.io/server/tools/gomad3/target","Test":"TestPreparedCacheDigestOverlayCanonicalInputs/reverse_map_order_and_unclean_original","Output":"=== RUN   TestPreparedCacheDigestOverlayCanonicalInputs/reverse_map_order_and_unclean_original\n","OutputType":"frame"}
{"Time":"2026-10-08T23:22:12.420558554Z","Action":"output","Package":"go.temporal.io/server/tools/gomad3/target","Test":"TestPreparedCacheDigestOverlayCanonicalInputs/reverse_map_order_and_unclean_original","Output":"--- PASS: TestPreparedCacheDigestOverlayCanonicalInputs/reverse_map_order_and_unclean_original (0.00s)\n","OutputType":"frame"}
{"Time":"2026-10-08T23:22:12.420626221Z","Action":"pass","Package":"go.temporal.io/server/tools/gomad3/target","Test":"TestPreparedCacheDigestOverlayCanonicalInputs/reverse_map_order_and_unclean_original","Elapsed":0}
{"Time":"2026-10-08T23:22:12.420656721Z","Action":"run","Package":"go.temporal.io/server/tools/gomad3/target","Test":"TestPreparedCacheDigestOverlayCanonicalInputs/sorted_map_order_and_clean_original"}
{"Time":"2026-10-08T23:22:12.420669971Z","Action":"output","Package":"go.temporal.io/server/tools/gomad3/target","Test":"TestPreparedCacheDigestOverlayCanonicalInputs/sorted_map_order_and_clean_original","Output":"=== RUN   TestPreparedCacheDigestOverlayCanonicalInputs/sorted_map_order_and_clean_original\n","OutputType":"frame"}
{"Time":"2026-10-08T23:22:12.422831387Z","Action":"output","Package":"go.temporal.io/server/tools/gomad3/target","Test":"TestPreparedCacheDigestOverlayCanonicalInputs/sorted_map_order_and_clean_original","Output":"--- PASS: TestPreparedCacheDigestOverlayCanonicalInputs/sorted_map_order_and_clean_original (0.00s)\n","OutputType":"frame"}
{"Time":"2026-10-08T23:22:12.422858012Z","Action":"pass","Package":"go.temporal.io/server/tools/gomad3/target","Test":"TestPreparedCacheDigestOverlayCanonicalInputs/sorted_map_order_and_clean_original","Elapsed":0}
{"Time":"2026-10-08T23:22:12.422884971Z","Action":"output","Package":"go.temporal.io/server/tools/gomad3/target","Test":"TestPreparedCacheDigestOverlayCanonicalInputs","Output":"--- PASS: TestPreparedCacheDigestOverlayCanonicalInputs (0.00s)\n","OutputType":"frame"}
{"Time":"2026-10-08T23:22:12.422905887Z","Action":"pass","Package":"go.temporal.io/server/tools/gomad3/target","Test":"TestPreparedCacheDigestOverlayCanonicalInputs","Elapsed":0}
{"Time":"2026-10-08T23:22:12.422937096Z","Action":"run","Package":"go.temporal.io/server/tools/gomad3/target","Test":"TestPreparedCacheDigestOverlayReadFailure"}
{"Time":"2026-10-08T23:22:12.422950804Z","Action":"output","Package":"go.temporal.io/server/tools/gomad3/target","Test":"TestPreparedCacheDigestOverlayReadFailure","Output":"=== RUN   TestPreparedCacheDigestOverlayReadFailure\n","OutputType":"frame"}
{"Time":"2026-10-08T23:22:12.423719137Z","Action":"output","Package":"go.temporal.io/server/tools/gomad3/target","Test":"TestPreparedCacheDigestOverlayReadFailure","Output":"--- PASS: TestPreparedCacheDigestOverlayReadFailure (0.00s)\n","OutputType":"frame"}
{"Time":"2026-10-08T23:22:12.423748429Z","Action":"pass","Package":"go.temporal.io/server/tools/gomad3/target","Test":"TestPreparedCacheDigestOverlayReadFailure","Elapsed":0}
{"Time":"2026-10-08T23:22:12.423777929Z","Action":"run","Package":"go.temporal.io/server/tools/gomad3/target","Test":"TestPreparedCacheDigestModuleInputs"}
{"Time":"2026-10-08T23:22:12.423805012Z","Action":"output","Package":"go.temporal.io/server/tools/gomad3/target","Test":"TestPreparedCacheDigestModuleInputs","Output":"=== RUN   TestPreparedCacheDigestModuleInputs\n","OutputType":"frame"}
{"Time":"2026-10-08T23:22:12.423824887Z","Action":"run","Package":"go.temporal.io/server/tools/gomad3/target","Test":"TestPreparedCacheDigestModuleInputs/present"}
{"Time":"2026-10-08T23:22:12.423838512Z","Action":"output","Package":"go.temporal.io/server/tools/gomad3/target","Test":"TestPreparedCacheDigestModuleInputs/present","Output":"=== RUN   TestPreparedCacheDigestModuleInputs/present\n","OutputType":"frame"}
{"Time":"2026-10-08T23:22:12.425101512Z","Action":"output","Package":"go.temporal.io/server/tools/gomad3/target","Test":"TestPreparedCacheDigestModuleInputs/present","Output":"--- PASS: TestPreparedCacheDigestModuleInputs/present (0.00s)\n","OutputType":"frame"}
{"Time":"2026-10-08T23:22:12.425121137Z","Action":"pass","Package":"go.temporal.io/server/tools/gomad3/target","Test":"TestPreparedCacheDigestModuleInputs/present","Elapsed":0}
{"Time":"2026-10-08T23:22:12.425134721Z","Action":"run","Package":"go.temporal.io/server/tools/gomad3/target","Test":"TestPreparedCacheDigestModuleInputs/absent_go.sum"}
{"Time":"2026-10-08T23:22:12.425193512Z","Action":"output","Package":"go.temporal.io/server/tools/gomad3/target","Test":"TestPreparedCacheDigestModuleInputs/absent_go.sum","Output":"=== RUN   TestPreparedCacheDigestModuleInputs/absent_go.sum\n","OutputType":"frame"}
{"Time":"2026-10-08T23:22:12.426375596Z","Action":"output","Package":"go.temporal.io/server/tools/gomad3/target","Test":"TestPreparedCacheDigestModuleInputs/absent_go.sum","Output":"--- PASS: TestPreparedCacheDigestModuleInputs/absent_go.sum (0.00s)\n","OutputType":"frame"}
{"Time":"2026-10-08T23:22:12.426409346Z","Action":"pass","Package":"go.temporal.io/server/tools/gomad3/target","Test":"TestPreparedCacheDigestModuleInputs/absent_go.sum","Elapsed":0}
{"Time":"2026-10-08T23:22:12.426460387Z","Action":"run","Package":"go.temporal.io/server/tools/gomad3/target","Test":"TestPreparedCacheDigestModuleInputs/empty_go.sum"}
{"Time":"2026-10-08T23:22:12.426496471Z","Action":"output","Package":"go.temporal.io/server/tools/gomad3/target","Test":"TestPreparedCacheDigestModuleInputs/empty_go.sum","Output":"=== RUN   TestPreparedCacheDigestModuleInputs/empty_go.sum\n","OutputType":"frame"}
{"Time":"2026-10-08T23:22:12.427900096Z","Action":"output","Package":"go.temporal.io/server/tools/gomad3/target","Test":"TestPreparedCacheDigestModuleInputs/empty_go.sum","Output":"--- PASS: TestPreparedCacheDigestModuleInputs/empty_go.sum (0.00s)\n","OutputType":"frame"}
{"Time":"2026-10-08T23:22:12.427938846Z","Action":"pass","Package":"go.temporal.io/server/tools/gomad3/target","Test":"TestPreparedCacheDigestModuleInputs/empty_go.sum","Elapsed":0}
{"Time":"2026-10-08T23:22:12.427976637Z","Action":"run","Package":"go.temporal.io/server/tools/gomad3/target","Test":"TestPreparedCacheDigestModuleInputs/argument_order"}
{"Time":"2026-10-08T23:22:12.428002554Z","Action":"output","Package":"go.temporal.io/server/tools/gomad3/target","Test":"TestPreparedCacheDigestModuleInputs/argument_order","Output":"=== RUN   TestPreparedCacheDigestModuleInputs/argument_order\n","OutputType":"frame"}
{"Time":"2026-10-08T23:22:12.429139554Z","Action":"output","Package":"go.temporal.io/server/tools/gomad3/target","Test":"TestPreparedCacheDigestModuleInputs/argument_order","Output":"--- PASS: TestPreparedCacheDigestModuleInputs/argument_order (0.00s)\n","OutputType":"frame"}
{"Time":"2026-10-08T23:22:12.429158262Z","Action":"pass","Package":"go.temporal.io/server/tools/gomad3/target","Test":"TestPreparedCacheDigestModuleInputs/argument_order","Elapsed":0}
{"Time":"2026-10-08T23:22:12.429211346Z","Action":"run","Package":"go.temporal.io/server/tools/gomad3/target","Test":"TestPreparedCacheDigestModuleInputs/basename_framing"}
{"Time":"2026-10-08T23:22:12.429232179Z","Action":"output","Package":"go.temporal.io/server/tools/gomad3/target","Test":"TestPreparedCacheDigestModuleInputs/basename_framing","Output":"=== RUN   TestPreparedCacheDigestModuleInputs/basename_framing\n","OutputType":"frame"}
{"Time":"2026-10-08T23:22:12.430581846Z","Action":"output","Package":"go.temporal.io/server/tools/gomad3/target","Test":"TestPreparedCacheDigestModuleInputs/basename_framing","Output":"--- PASS: TestPreparedCacheDigestModuleInputs/basename_framing (0.00s)\n","OutputType":"frame"}
{"Time":"2026-10-08T23:22:12.430617471Z","Action":"pass","Package":"go.temporal.io/server/tools/gomad3/target","Test":"TestPreparedCacheDigestModuleInputs/basename_framing","Elapsed":0}
{"Time":"2026-10-08T23:22:12.430639346Z","Action":"output","Package":"go.temporal.io/server/tools/gomad3/target","Test":"TestPreparedCacheDigestModuleInputs","Output":"--- PASS: TestPreparedCacheDigestModuleInputs (0.01s)\n","OutputType":"frame"}
{"Time":"2026-10-08T23:22:12.430675179Z","Action":"pass","Package":"go.temporal.io/server/tools/gomad3/target","Test":"TestPreparedCacheDigestModuleInputs","Elapsed":0.01}
{"Time":"2026-10-08T23:22:12.430692304Z","Action":"run","Package":"go.temporal.io/server/tools/gomad3/target","Test":"TestPreparedCacheDigestModuleEmptyInputs"}
{"Time":"2026-10-08T23:22:12.430709929Z","Action":"output","Package":"go.temporal.io/server/tools/gomad3/target","Test":"TestPreparedCacheDigestModuleEmptyInputs","Output":"=== RUN   TestPreparedCacheDigestModuleEmptyInputs\n","OutputType":"frame"}
{"Time":"2026-10-08T23:22:12.430741512Z","Action":"output","Package":"go.temporal.io/server/tools/gomad3/target","Test":"TestPreparedCacheDigestModuleEmptyInputs","Output":"--- PASS: TestPreparedCacheDigestModuleEmptyInputs (0.00s)\n","OutputType":"frame"}
{"Time":"2026-10-08T23:22:12.430757846Z","Action":"pass","Package":"go.temporal.io/server/tools/gomad3/target","Test":"TestPreparedCacheDigestModuleEmptyInputs","Elapsed":0}
{"Time":"2026-10-08T23:22:12.430775554Z","Action":"run","Package":"go.temporal.io/server/tools/gomad3/target","Test":"TestPreparedCacheDigestModuleReadFailure"}
{"Time":"2026-10-08T23:22:12.430791596Z","Action":"output","Package":"go.temporal.io/server/tools/gomad3/target","Test":"TestPreparedCacheDigestModuleReadFailure","Output":"=== RUN   TestPreparedCacheDigestModuleReadFailure\n","OutputType":"frame"}
{"Time":"2026-10-08T23:22:12.434833846Z","Action":"output","Package":"go.temporal.io/server/tools/gomad3/target","Test":"TestPreparedCacheDigestModuleReadFailure","Output":"--- PASS: TestPreparedCacheDigestModuleReadFailure (0.00s)\n","OutputType":"frame"}
{"Time":"2026-10-08T23:22:12.434892429Z","Action":"pass","Package":"go.temporal.io/server/tools/gomad3/target","Test":"TestPreparedCacheDigestModuleReadFailure","Elapsed":0}
{"Time":"2026-10-08T23:22:12.434946096Z","Action":"output","Package":"go.temporal.io/server/tools/gomad3/target","Output":"PASS\n","OutputType":"frame"}
{"Time":"2026-10-08T23:22:12.455023762Z","Action":"output","Package":"go.temporal.io/server/tools/gomad3/target","Output":"ok  \tgo.temporal.io/server/tools/gomad3/target\t2.951s\n"}
{"Time":"2026-10-08T23:22:12.455207596Z","Action":"pass","Package":"go.temporal.io/server/tools/gomad3/target","Elapsed":2.952}
{"Time":"2026-10-08T23:22:13.217698513Z","Action":"output","Package":"go.temporal.io/server/tools/gomad3/target/internal/gocommand","Test":"TestCompatibilityCallerLifetimeKillsLeaderBeforeDescendants/watchdog","Output":"--- PASS: TestCompatibilityCallerLifetimeKillsLeaderBeforeDescendants/watchdog (1.12s)\n","OutputType":"frame"}
{"Time":"2026-10-08T23:22:13.218660554Z","Action":"pass","Package":"go.temporal.io/server/tools/gomad3/target/internal/gocommand","Test":"TestCompatibilityCallerLifetimeKillsLeaderBeforeDescendants/watchdog","Elapsed":1.12}
{"Time":"2026-10-08T23:22:13.218862138Z","Action":"run","Package":"go.temporal.io/server/tools/gomad3/target/internal/gocommand","Test":"TestCompatibilityCallerLifetimeKillsLeaderBeforeDescendants/cancel-overflow"}
{"Time":"2026-10-08T23:22:13.219454388Z","Action":"output","Package":"go.temporal.io/server/tools/gomad3/target/internal/gocommand","Test":"TestCompatibilityCallerLifetimeKillsLeaderBeforeDescendants/cancel-overflow","Output":"=== RUN   TestCompatibilityCallerLifetimeKillsLeaderBeforeDescendants/cancel-overflow\n","OutputType":"frame"}
{"Time":"2026-10-08T23:22:13.331491471Z","Action":"output","Package":"go.temporal.io/server/tools/gomad3/target/internal/gocommand","Test":"TestCompatibilityCallerLifetimeKillsLeaderBeforeDescendants/cancel-overflow","Output":"--- PASS: TestCompatibilityCallerLifetimeKillsLeaderBeforeDescendants/cancel-overflow (0.11s)\n","OutputType":"frame"}
{"Time":"2026-10-08T23:22:13.331781679Z","Action":"pass","Package":"go.temporal.io/server/tools/gomad3/target/internal/gocommand","Test":"TestCompatibilityCallerLifetimeKillsLeaderBeforeDescendants/cancel-overflow","Elapsed":0.11}
{"Time":"2026-10-08T23:22:13.332169929Z","Action":"run","Package":"go.temporal.io/server/tools/gomad3/target/internal/gocommand","Test":"TestCompatibilityCallerLifetimeKillsLeaderBeforeDescendants/cancel-stderr-overflow"}
{"Time":"2026-10-08T23:22:13.332400638Z","Action":"output","Package":"go.temporal.io/server/tools/gomad3/target/internal/gocommand","Test":"TestCompatibilityCallerLifetimeKillsLeaderBeforeDescendants/cancel-stderr-overflow","Output":"=== RUN   TestCompatibilityCallerLifetimeKillsLeaderBeforeDescendants/cancel-stderr-overflow\n","OutputType":"frame"}
{"Time":"2026-10-08T23:22:13.453013554Z","Action":"output","Package":"go.temporal.io/server/tools/gomad3/target/internal/gocommand","Test":"TestCompatibilityCallerLifetimeKillsLeaderBeforeDescendants/cancel-stderr-overflow","Output":"--- PASS: TestCompatibilityCallerLifetimeKillsLeaderBeforeDescendants/cancel-stderr-overflow (0.12s)\n","OutputType":"frame"}
{"Time":"2026-10-08T23:22:13.453341388Z","Action":"pass","Package":"go.temporal.io/server/tools/gomad3/target/internal/gocommand","Test":"TestCompatibilityCallerLifetimeKillsLeaderBeforeDescendants/cancel-stderr-overflow","Elapsed":0.12}
{"Time":"2026-10-08T23:22:13.453499846Z","Action":"output","Package":"go.temporal.io/server/tools/gomad3/target/internal/gocommand","Test":"TestCompatibilityCallerLifetimeKillsLeaderBeforeDescendants","Output":"--- PASS: TestCompatibilityCallerLifetimeKillsLeaderBeforeDescendants (3.58s)\n","OutputType":"frame"}
{"Time":"2026-10-08T23:22:13.453612596Z","Action":"pass","Package":"go.temporal.io/server/tools/gomad3/target/internal/gocommand","Test":"TestCompatibilityCallerLifetimeKillsLeaderBeforeDescendants","Elapsed":3.58}
{"Time":"2026-10-08T23:22:13.453700138Z","Action":"run","Package":"go.temporal.io/server/tools/gomad3/target/internal/gocommand","Test":"TestCompatibilityKeepsCompletedOutcomeAndCleanupPrecedence"}
{"Time":"2026-10-08T23:22:13.453801096Z","Action":"output","Package":"go.temporal.io/server/tools/gomad3/target/internal/gocommand","Test":"TestCompatibilityKeepsCompletedOutcomeAndCleanupPrecedence","Output":"=== RUN   TestCompatibilityKeepsCompletedOutcomeAndCleanupPrecedence\n","OutputType":"frame"}
{"Time":"2026-10-08T23:22:13.456248471Z","Action":"output","Package":"go.temporal.io/server/tools/gomad3/target/internal/gocommand","Test":"TestCompatibilityKeepsCompletedOutcomeAndCleanupPrecedence","Output":"--- PASS: TestCompatibilityKeepsCompletedOutcomeAndCleanupPrecedence (0.00s)\n","OutputType":"frame"}
{"Time":"2026-10-08T23:22:13.456440179Z","Action":"pass","Package":"go.temporal.io/server/tools/gomad3/target/internal/gocommand","Test":"TestCompatibilityKeepsCompletedOutcomeAndCleanupPrecedence","Elapsed":0}
{"Time":"2026-10-08T23:22:13.456582054Z","Action":"run","Package":"go.temporal.io/server/tools/gomad3/target/internal/gocommand","Test":"TestCompatibilityUsesFiniteDefaultWatchdogAndPositiveCapacity"}
{"Time":"2026-10-08T23:22:13.456653304Z","Action":"output","Package":"go.temporal.io/server/tools/gomad3/target/internal/gocommand","Test":"TestCompatibilityUsesFiniteDefaultWatchdogAndPositiveCapacity","Output":"=== RUN   TestCompatibilityUsesFiniteDefaultWatchdogAndPositiveCapacity\n","OutputType":"frame"}
{"Time":"2026-10-08T23:22:13.456772013Z","Action":"output","Package":"go.temporal.io/server/tools/gomad3/target/internal/gocommand","Test":"TestCompatibilityUsesFiniteDefaultWatchdogAndPositiveCapacity","Output":"--- PASS: TestCompatibilityUsesFiniteDefaultWatchdogAndPositiveCapacity (0.00s)\n","OutputType":"frame"}
{"Time":"2026-10-08T23:22:13.456855429Z","Action":"pass","Package":"go.temporal.io/server/tools/gomad3/target/internal/gocommand","Test":"TestCompatibilityUsesFiniteDefaultWatchdogAndPositiveCapacity","Elapsed":0}
{"Time":"2026-10-08T23:22:13.457011096Z","Action":"run","Package":"go.temporal.io/server/tools/gomad3/target/internal/gocommand","Test":"TestStructuredRejectsOverflowBeforeReturningData"}
{"Time":"2026-10-08T23:22:13.457054638Z","Action":"output","Package":"go.temporal.io/server/tools/gomad3/target/internal/gocommand","Test":"TestStructuredRejectsOverflowBeforeReturningData","Output":"=== RUN   TestStructuredRejectsOverflowBeforeReturningData\n","OutputType":"frame"}
{"Time":"2026-10-08T23:22:13.458966263Z","Action":"output","Package":"go.temporal.io/server/tools/gomad3/target/internal/gocommand","Test":"TestStructuredRejectsOverflowBeforeReturningData","Output":"--- PASS: TestStructuredRejectsOverflowBeforeReturningData (0.00s)\n","OutputType":"frame"}
{"Time":"2026-10-08T23:22:13.459060763Z","Action":"pass","Package":"go.temporal.io/server/tools/gomad3/target/internal/gocommand","Test":"TestStructuredRejectsOverflowBeforeReturningData","Elapsed":0}
{"Time":"2026-10-08T23:22:13.459136596Z","Action":"run","Package":"go.temporal.io/server/tools/gomad3/target/internal/gocommand","Test":"TestDiagnosticBoundsLongOutputAndKeepsFullHashes"}
{"Time":"2026-10-08T23:22:13.459162929Z","Action":"output","Package":"go.temporal.io/server/tools/gomad3/target/internal/gocommand","Test":"TestDiagnosticBoundsLongOutputAndKeepsFullHashes","Output":"=== RUN   TestDiagnosticBoundsLongOutputAndKeepsFullHashes\n","OutputType":"frame"}
{"Time":"2026-10-08T23:22:13.461282179Z","Action":"output","Package":"go.temporal.io/server/tools/gomad3/target/internal/gocommand","Test":"TestDiagnosticBoundsLongOutputAndKeepsFullHashes","Output":"--- PASS: TestDiagnosticBoundsLongOutputAndKeepsFullHashes (0.00s)\n","OutputType":"frame"}
{"Time":"2026-10-08T23:22:13.461311763Z","Action":"pass","Package":"go.temporal.io/server/tools/gomad3/target/internal/gocommand","Test":"TestDiagnosticBoundsLongOutputAndKeepsFullHashes","Elapsed":0}
{"Time":"2026-10-08T23:22:13.461375429Z","Action":"run","Package":"go.temporal.io/server/tools/gomad3/target/internal/gocommand","Test":"TestStructuredCancellationRemovesDescendant"}
{"Time":"2026-10-08T23:22:13.461409763Z","Action":"output","Package":"go.temporal.io/server/tools/gomad3/target/internal/gocommand","Test":"TestStructuredCancellationRemovesDescendant","Output":"=== RUN   TestStructuredCancellationRemovesDescendant\n","OutputType":"frame"}
{"Time":"2026-10-08T23:22:13.472411513Z","Action":"output","Package":"go.temporal.io/server/tools/gomad3/target/internal/gocommand","Test":"TestStructuredCancellationRemovesDescendant","Output":"--- PASS: TestStructuredCancellationRemovesDescendant (0.01s)\n","OutputType":"frame"}
{"Time":"2026-10-08T23:22:13.472460221Z","Action":"pass","Package":"go.temporal.io/server/tools/gomad3/target/internal/gocommand","Test":"TestStructuredCancellationRemovesDescendant","Elapsed":0.01}
{"Time":"2026-10-08T23:22:13.472537929Z","Action":"run","Package":"go.temporal.io/server/tools/gomad3/target/internal/gocommand","Test":"TestDiagnosticRetainsOutputOnWatchdogAndPropagatesCleanupFailure"}
{"Time":"2026-10-08T23:22:13.472570304Z","Action":"output","Package":"go.temporal.io/server/tools/gomad3/target/internal/gocommand","Test":"TestDiagnosticRetainsOutputOnWatchdogAndPropagatesCleanupFailure","Output":"=== RUN   TestDiagnosticRetainsOutputOnWatchdogAndPropagatesCleanupFailure\n","OutputType":"frame"}
{"Time":"2026-10-08T23:22:13.473342013Z","Action":"output","Package":"go.temporal.io/server/tools/gomad3/target/internal/gocommand","Test":"TestDiagnosticRetainsOutputOnWatchdogAndPropagatesCleanupFailure","Output":"--- PASS: TestDiagnosticRetainsOutputOnWatchdogAndPropagatesCleanupFailure (0.00s)\n","OutputType":"frame"}
{"Time":"2026-10-08T23:22:13.473425513Z","Action":"pass","Package":"go.temporal.io/server/tools/gomad3/target/internal/gocommand","Test":"TestDiagnosticRetainsOutputOnWatchdogAndPropagatesCleanupFailure","Elapsed":0}
{"Time":"2026-10-08T23:22:13.473464971Z","Action":"output","Package":"go.temporal.io/server/tools/gomad3/target/internal/gocommand","Output":"PASS\n","OutputType":"frame"}
{"Time":"2026-10-08T23:22:13.474570138Z","Action":"output","Package":"go.temporal.io/server/tools/gomad3/target/internal/gocommand","Output":"ok  \tgo.temporal.io/server/tools/gomad3/target/internal/gocommand\t3.971s\n"}
{"Time":"2026-10-08T23:22:13.474630804Z","Action":"pass","Package":"go.temporal.io/server/tools/gomad3/target/internal/gocommand","Elapsed":3.971}
