{"Time":"2026-10-09T01:55:22.318194916Z","Action":"start","Package":"go.temporal.io/server/tools/gomad3/target"}
{"Time":"2026-10-09T01:55:22.318472958Z","Action":"start","Package":"go.temporal.io/server/tools/gomad3/target/internal/build"}
{"Time":"2026-10-09T01:55:22.318539875Z","Action":"start","Package":"go.temporal.io/server/tools/gomad3/target/internal/capabilitypolicy"}
{"Time":"2026-10-09T01:55:22.318814916Z","Action":"start","Package":"go.temporal.io/server/tools/gomad3/target/internal/capabilityreview"}
{"Time":"2026-10-09T01:55:22.319052916Z","Action":"start","Package":"go.temporal.io/server/tools/gomad3/target/internal/gocommand"}
{"Time":"2026-10-09T01:55:22.319263708Z","Action":"start","Package":"go.temporal.io/server/tools/gomad3/target/internal/livecap"}
{"Time":"2026-10-09T01:55:22.319503583Z","Action":"start","Package":"go.temporal.io/server/tools/gomad3/target/internal/provenance"}
{"Time":"2026-10-09T01:55:22.319862125Z","Action":"start","Package":"go.temporal.io/server/tools/gomad3/internal/hostexec"}
{"Time":"2026-10-09T01:55:22.330425416Z","Action":"run","Package":"go.temporal.io/server/tools/gomad3/target/internal/capabilityreview","Test":"TestListSourcePreservesActualCommandError"}
{"Time":"2026-10-09T01:55:22.331639625Z","Action":"output","Package":"go.temporal.io/server/tools/gomad3/target/internal/capabilityreview","Test":"TestListSourcePreservesActualCommandError","Output":"=== RUN   TestListSourcePreservesActualCommandError\n","OutputType":"frame"}
{"Time":"2026-10-09T01:55:22.330422375Z","Action":"output","Package":"go.temporal.io/server/tools/gomad3/target/internal/capabilitypolicy","Output":"testing: warning: no tests to run\n"}
{"Time":"2026-10-09T01:55:22.330471708Z","Action":"run","Package":"go.temporal.io/server/tools/gomad3/internal/hostexec","Test":"TestRunPreservesCommandErrorOnlyWhenRequested"}
{"Time":"2026-10-09T01:55:22.330474541Z","Action":"output","Package":"go.temporal.io/server/tools/gomad3/target/internal/build","Output":"testing: warning: no tests to run\n"}
{"Time":"2026-10-09T01:55:22.330490166Z","Action":"run","Package":"go.temporal.io/server/tools/gomad3/target/internal/gocommand","Test":"TestCompatibilityInfrastructureFailurePreservesBoundedStderr"}
{"Time":"2026-10-09T01:55:22.33232375Z","Action":"output","Package":"go.temporal.io/server/tools/gomad3/target/internal/capabilitypolicy","Output":"PASS\n","OutputType":"frame"}
{"Time":"2026-10-09T01:55:22.333257333Z","Action":"output","Package":"go.temporal.io/server/tools/gomad3/target/internal/capabilitypolicy","Output":"ok  \tgo.temporal.io/server/tools/gomad3/target/internal/capabilitypolicy\t0.015s [no tests to run]\n"}
{"Time":"2026-10-09T01:55:22.333443541Z","Action":"pass","Package":"go.temporal.io/server/tools/gomad3/target/internal/capabilitypolicy","Elapsed":0.015}
{"Time":"2026-10-09T01:55:22.332818958Z","Action":"output","Package":"go.temporal.io/server/tools/gomad3/target/internal/provenance","Output":"testing: warning: no tests to run\n"}
{"Time":"2026-10-09T01:55:22.333761333Z","Action":"output","Package":"go.temporal.io/server/tools/gomad3/target/internal/provenance","Output":"PASS\n","OutputType":"frame"}
{"Time":"2026-10-09T01:55:22.334041416Z","Action":"output","Package":"go.temporal.io/server/tools/gomad3/target/internal/provenance","Output":"ok  \tgo.temporal.io/server/tools/gomad3/target/internal/provenance\t0.014s [no tests to run]\n"}
{"Time":"2026-10-09T01:55:22.334666041Z","Action":"pass","Package":"go.temporal.io/server/tools/gomad3/target/internal/provenance","Elapsed":0.015}
{"Time":"2026-10-09T01:55:22.333137666Z","Action":"output","Package":"go.temporal.io/server/tools/gomad3/target/internal/build","Output":"PASS\n","OutputType":"frame"}
{"Time":"2026-10-09T01:55:22.334217916Z","Action":"run","Package":"go.temporal.io/server/tools/gomad3/target/internal/livecap","Test":"TestPinnedToolchainProjectsOnlyReachableForbiddenImport"}
{"Time":"2026-10-09T01:55:22.334985875Z","Action":"output","Package":"go.temporal.io/server/tools/gomad3/target/internal/livecap","Test":"TestPinnedToolchainProjectsOnlyReachableForbiddenImport","Output":"=== RUN   TestPinnedToolchainProjectsOnlyReachableForbiddenImport\n","OutputType":"frame"}
{"Time":"2026-10-09T01:55:22.335042041Z","Action":"output","Package":"go.temporal.io/server/tools/gomad3/target/internal/livecap","Test":"TestPinnedToolchainProjectsOnlyReachableForbiddenImport","Output":"    toolchain_test.go:16: live capability records are supported only on darwin/arm64\n"}
{"Time":"2026-10-09T01:55:22.335070291Z","Action":"output","Package":"go.temporal.io/server/tools/gomad3/target/internal/livecap","Test":"TestPinnedToolchainProjectsOnlyReachableForbiddenImport","Output":"--- SKIP: TestPinnedToolchainProjectsOnlyReachableForbiddenImport (0.00s)\n","OutputType":"frame"}
{"Time":"2026-10-09T01:55:22.335208916Z","Action":"skip","Package":"go.temporal.io/server/tools/gomad3/target/internal/livecap","Test":"TestPinnedToolchainProjectsOnlyReachableForbiddenImport","Elapsed":0}
{"Time":"2026-10-09T01:55:22.335702791Z","Action":"run","Package":"go.temporal.io/server/tools/gomad3/target/internal/livecap","Test":"TestPinnedToolchainGuardsReachableForbiddenImport"}
{"Time":"2026-10-09T01:55:22.337086333Z","Action":"output","Package":"go.temporal.io/server/tools/gomad3/target/internal/livecap","Test":"TestPinnedToolchainGuardsReachableForbiddenImport","Output":"=== RUN   TestPinnedToolchainGuardsReachableForbiddenImport\n","OutputType":"frame"}
{"Time":"2026-10-09T01:55:22.335168041Z","Action":"output","Package":"go.temporal.io/server/tools/gomad3/target/internal/build","Output":"ok  \tgo.temporal.io/server/tools/gomad3/target/internal/build\t0.016s [no tests to run]\n"}
{"Time":"2026-10-09T01:55:22.333197041Z","Action":"output","Package":"go.temporal.io/server/tools/gomad3/target/internal/gocommand","Test":"TestCompatibilityInfrastructureFailurePreservesBoundedStderr","Output":"=== RUN   TestCompatibilityInfrastructureFailurePreservesBoundedStderr\n","OutputType":"frame"}
{"Time":"2026-10-09T01:55:22.333115333Z","Action":"output","Package":"go.temporal.io/server/tools/gomad3/internal/hostexec","Test":"TestRunPreservesCommandErrorOnlyWhenRequested","Output":"=== RUN   TestRunPreservesCommandErrorOnlyWhenRequested\n","OutputType":"frame"}
{"Time":"2026-10-09T01:55:22.33786425Z","Action":"output","Package":"go.temporal.io/server/tools/gomad3/target/internal/livecap","Test":"TestPinnedToolchainGuardsReachableForbiddenImport","Output":"    toolchain_test.go:57: live capability records are supported only on darwin/arm64\n"}
{"Time":"2026-10-09T01:55:22.34002825Z","Action":"output","Package":"go.temporal.io/server/tools/gomad3/target/internal/livecap","Test":"TestPinnedToolchainGuardsReachableForbiddenImport","Output":"--- SKIP: TestPinnedToolchainGuardsReachableForbiddenImport (0.00s)\n","OutputType":"frame"}
{"Time":"2026-10-09T01:55:22.338286791Z","Action":"pass","Package":"go.temporal.io/server/tools/gomad3/target/internal/build","Elapsed":0.02}
{"Time":"2026-10-09T01:55:22.338295708Z","Action":"output","Package":"go.temporal.io/server/tools/gomad3/target/internal/gocommand","Test":"TestCompatibilityInfrastructureFailurePreservesBoundedStderr","Output":"--- PASS: TestCompatibilityInfrastructureFailurePreservesBoundedStderr (0.00s)\n","OutputType":"frame"}
{"Time":"2026-10-09T01:55:22.338928458Z","Action":"output","Package":"go.temporal.io/server/tools/gomad3/internal/hostexec","Test":"TestRunPreservesCommandErrorOnlyWhenRequested","Output":"--- PASS: TestRunPreservesCommandErrorOnlyWhenRequested (0.00s)\n","OutputType":"frame"}
{"Time":"2026-10-09T01:55:22.34040925Z","Action":"skip","Package":"go.temporal.io/server/tools/gomad3/target/internal/livecap","Test":"TestPinnedToolchainGuardsReachableForbiddenImport","Elapsed":0}
{"Time":"2026-10-09T01:55:22.341255791Z","Action":"run","Package":"go.temporal.io/server/tools/gomad3/target/internal/livecap","Test":"TestPinnedToolchainAllowsPureForbiddenPackageInitializationHelper"}
{"Time":"2026-10-09T01:55:22.341299041Z","Action":"output","Package":"go.temporal.io/server/tools/gomad3/target/internal/livecap","Test":"TestPinnedToolchainAllowsPureForbiddenPackageInitializationHelper","Output":"=== RUN   TestPinnedToolchainAllowsPureForbiddenPackageInitializationHelper\n","OutputType":"frame"}
{"Time":"2026-10-09T01:55:22.341362666Z","Action":"output","Package":"go.temporal.io/server/tools/gomad3/target/internal/livecap","Test":"TestPinnedToolchainAllowsPureForbiddenPackageInitializationHelper","Output":"    toolchain_test.go:102: live capability records are supported only on darwin/arm64\n"}
{"Time":"2026-10-09T01:55:22.34140425Z","Action":"output","Package":"go.temporal.io/server/tools/gomad3/target/internal/livecap","Test":"TestPinnedToolchainAllowsPureForbiddenPackageInitializationHelper","Output":"--- SKIP: TestPinnedToolchainAllowsPureForbiddenPackageInitializationHelper (0.00s)\n","OutputType":"frame"}
{"Time":"2026-10-09T01:55:22.341427541Z","Action":"skip","Package":"go.temporal.io/server/tools/gomad3/target/internal/livecap","Test":"TestPinnedToolchainAllowsPureForbiddenPackageInitializationHelper","Elapsed":0}
{"Time":"2026-10-09T01:55:22.341448958Z","Action":"run","Package":"go.temporal.io/server/tools/gomad3/target/internal/livecap","Test":"TestPinnedToolchainAllowsPureSyscallErrorHelpers"}
{"Time":"2026-10-09T01:55:22.3414685Z","Action":"output","Package":"go.temporal.io/server/tools/gomad3/target/internal/livecap","Test":"TestPinnedToolchainAllowsPureSyscallErrorHelpers","Output":"=== RUN   TestPinnedToolchainAllowsPureSyscallErrorHelpers\n","OutputType":"frame"}
{"Time":"2026-10-09T01:55:22.341539Z","Action":"output","Package":"go.temporal.io/server/tools/gomad3/target/internal/livecap","Test":"TestPinnedToolchainAllowsPureSyscallErrorHelpers","Output":"    toolchain_test.go:147: live capability records are supported only on darwin/arm64\n"}
{"Time":"2026-10-09T01:55:22.341648791Z","Action":"output","Package":"go.temporal.io/server/tools/gomad3/target/internal/livecap","Test":"TestPinnedToolchainAllowsPureSyscallErrorHelpers","Output":"--- SKIP: TestPinnedToolchainAllowsPureSyscallErrorHelpers (0.00s)\n","OutputType":"frame"}
{"Time":"2026-10-09T01:55:22.341681Z","Action":"skip","Package":"go.temporal.io/server/tools/gomad3/target/internal/livecap","Test":"TestPinnedToolchainAllowsPureSyscallErrorHelpers","Elapsed":0}
{"Time":"2026-10-09T01:55:22.340766958Z","Action":"pass","Package":"go.temporal.io/server/tools/gomad3/target/internal/gocommand","Test":"TestCompatibilityInfrastructureFailurePreservesBoundedStderr","Elapsed":0}
{"Time":"2026-10-09T01:55:22.341111Z","Action":"pass","Package":"go.temporal.io/server/tools/gomad3/internal/hostexec","Test":"TestRunPreservesCommandErrorOnlyWhenRequested","Elapsed":0}
{"Time":"2026-10-09T01:55:22.342318208Z","Action":"run","Package":"go.temporal.io/server/tools/gomad3/target/internal/livecap","Test":"TestPinnedToolchainUsesDeterministicEnvironment"}
{"Time":"2026-10-09T01:55:22.34244325Z","Action":"output","Package":"go.temporal.io/server/tools/gomad3/target/internal/livecap","Test":"TestPinnedToolchainUsesDeterministicEnvironment","Output":"=== RUN   TestPinnedToolchainUsesDeterministicEnvironment\n","OutputType":"frame"}
{"Time":"2026-10-09T01:55:22.342595166Z","Action":"output","Package":"go.temporal.io/server/tools/gomad3/target/internal/livecap","Test":"TestPinnedToolchainUsesDeterministicEnvironment","Output":"    toolchain_test.go:173: live capability records are supported only on darwin/arm64\n"}
{"Time":"2026-10-09T01:55:22.342629666Z","Action":"output","Package":"go.temporal.io/server/tools/gomad3/target/internal/livecap","Test":"TestPinnedToolchainUsesDeterministicEnvironment","Output":"--- SKIP: TestPinnedToolchainUsesDeterministicEnvironment (0.00s)\n","OutputType":"frame"}
{"Time":"2026-10-09T01:55:22.342655958Z","Action":"skip","Package":"go.temporal.io/server/tools/gomad3/target/internal/livecap","Test":"TestPinnedToolchainUsesDeterministicEnvironment","Elapsed":0}
{"Time":"2026-10-09T01:55:22.342736Z","Action":"run","Package":"go.temporal.io/server/tools/gomad3/target/internal/livecap","Test":"TestPinnedToolchainGuardsReachableDeniedBoundary"}
{"Time":"2026-10-09T01:55:22.342782791Z","Action":"output","Package":"go.temporal.io/server/tools/gomad3/target/internal/livecap","Test":"TestPinnedToolchainGuardsReachableDeniedBoundary","Output":"=== RUN   TestPinnedToolchainGuardsReachableDeniedBoundary\n","OutputType":"frame"}
{"Time":"2026-10-09T01:55:22.342852666Z","Action":"output","Package":"go.temporal.io/server/tools/gomad3/target/internal/livecap","Test":"TestPinnedToolchainGuardsReachableDeniedBoundary","Output":"    toolchain_test.go:205: live capability records are supported only on darwin/arm64\n"}
{"Time":"2026-10-09T01:55:22.342882041Z","Action":"output","Package":"go.temporal.io/server/tools/gomad3/target/internal/livecap","Test":"TestPinnedToolchainGuardsReachableDeniedBoundary","Output":"--- SKIP: TestPinnedToolchainGuardsReachableDeniedBoundary (0.00s)\n","OutputType":"frame"}
{"Time":"2026-10-09T01:55:22.342905916Z","Action":"skip","Package":"go.temporal.io/server/tools/gomad3/target/internal/livecap","Test":"TestPinnedToolchainGuardsReachableDeniedBoundary","Elapsed":0}
{"Time":"2026-10-09T01:55:22.342965416Z","Action":"run","Package":"go.temporal.io/server/tools/gomad3/target/internal/livecap","Test":"TestPinnedToolchainDoesNotGuardModeledUnsupportedBoundary"}
{"Time":"2026-10-09T01:55:22.343032458Z","Action":"output","Package":"go.temporal.io/server/tools/gomad3/target/internal/livecap","Test":"TestPinnedToolchainDoesNotGuardModeledUnsupportedBoundary","Output":"=== RUN   TestPinnedToolchainDoesNotGuardModeledUnsupportedBoundary\n","OutputType":"frame"}
{"Time":"2026-10-09T01:55:22.343072166Z","Action":"output","Package":"go.temporal.io/server/tools/gomad3/target/internal/livecap","Test":"TestPinnedToolchainDoesNotGuardModeledUnsupportedBoundary","Output":"    toolchain_test.go:239: live capability records are supported only on darwin/arm64\n"}
{"Time":"2026-10-09T01:55:22.343240041Z","Action":"output","Package":"go.temporal.io/server/tools/gomad3/target/internal/livecap","Test":"TestPinnedToolchainDoesNotGuardModeledUnsupportedBoundary","Output":"--- SKIP: TestPinnedToolchainDoesNotGuardModeledUnsupportedBoundary (0.00s)\n","OutputType":"frame"}
{"Time":"2026-10-09T01:55:22.3432855Z","Action":"skip","Package":"go.temporal.io/server/tools/gomad3/target/internal/livecap","Test":"TestPinnedToolchainDoesNotGuardModeledUnsupportedBoundary","Elapsed":0}
{"Time":"2026-10-09T01:55:22.343390291Z","Action":"run","Package":"go.temporal.io/server/tools/gomad3/target/internal/livecap","Test":"TestPinnedToolchainGuardsForbiddenPackageExceptModeledBoundary"}
{"Time":"2026-10-09T01:55:22.343455333Z","Action":"output","Package":"go.temporal.io/server/tools/gomad3/target/internal/livecap","Test":"TestPinnedToolchainGuardsForbiddenPackageExceptModeledBoundary","Output":"=== RUN   TestPinnedToolchainGuardsForbiddenPackageExceptModeledBoundary\n","OutputType":"frame"}
{"Time":"2026-10-09T01:55:22.342418666Z","Action":"run","Package":"go.temporal.io/server/tools/gomad3/target/internal/gocommand","Test":"TestCompatibilityStdinFailureWinsOverRealOverflow"}
{"Time":"2026-10-09T01:55:22.342425375Z","Action":"run","Package":"go.temporal.io/server/tools/gomad3/internal/hostexec","Test":"TestClassifyGroupSignal"}
{"Time":"2026-10-09T01:55:22.342794416Z","Action":"run","Package":"go.temporal.io/server/tools/gomad3/target","Test":"TestAdapterSourceSetPublicStreamBounds"}
{"Time":"2026-10-09T01:55:22.343563208Z","Action":"output","Package":"go.temporal.io/server/tools/gomad3/target","Test":"TestAdapterSourceSetPublicStreamBounds","Output":"=== RUN   TestAdapterSourceSetPublicStreamBounds\n","OutputType":"frame"}
{"Time":"2026-10-09T01:55:22.343590958Z","Action":"run","Package":"go.temporal.io/server/tools/gomad3/target","Test":"TestAdapterSourceSetPublicStreamBounds/stdout_exact"}
{"Time":"2026-10-09T01:55:22.343722083Z","Action":"output","Package":"go.temporal.io/server/tools/gomad3/target","Test":"TestAdapterSourceSetPublicStreamBounds/stdout_exact","Output":"=== RUN   TestAdapterSourceSetPublicStreamBounds/stdout_exact\n","OutputType":"frame"}
{"Time":"2026-10-09T01:55:22.343595416Z","Action":"output","Package":"go.temporal.io/server/tools/gomad3/target/internal/gocommand","Test":"TestCompatibilityStdinFailureWinsOverRealOverflow","Output":"=== RUN   TestCompatibilityStdinFailureWinsOverRealOverflow\n","OutputType":"frame"}
{"Time":"2026-10-09T01:55:22.344345458Z","Action":"run","Package":"go.temporal.io/server/tools/gomad3/target/internal/gocommand","Test":"TestCompatibilityStdinFailureWinsOverRealOverflow/stdin_read_failed"}
{"Time":"2026-10-09T01:55:22.34438075Z","Action":"output","Package":"go.temporal.io/server/tools/gomad3/target/internal/gocommand","Test":"TestCompatibilityStdinFailureWinsOverRealOverflow/stdin_read_failed","Output":"=== RUN   TestCompatibilityStdinFailureWinsOverRealOverflow/stdin_read_failed\n","OutputType":"frame"}
{"Time":"2026-10-09T01:55:22.344409916Z","Action":"output","Package":"go.temporal.io/server/tools/gomad3/target/internal/gocommand","Test":"TestCompatibilityStdinFailureWinsOverRealOverflow/stdin_read_failed","Output":"--- PASS: TestCompatibilityStdinFailureWinsOverRealOverflow/stdin_read_failed (0.00s)\n","OutputType":"frame"}
{"Time":"2026-10-09T01:55:22.34474475Z","Action":"pass","Package":"go.temporal.io/server/tools/gomad3/target/internal/gocommand","Test":"TestCompatibilityStdinFailureWinsOverRealOverflow/stdin_read_failed","Elapsed":0}
{"Time":"2026-10-09T01:55:22.343603041Z","Action":"output","Package":"go.temporal.io/server/tools/gomad3/target/internal/livecap","Test":"TestPinnedToolchainGuardsForbiddenPackageExceptModeledBoundary","Output":"    toolchain_test.go:264: live capability records are supported only on darwin/arm64\n"}
{"Time":"2026-10-09T01:55:22.343605541Z","Action":"output","Package":"go.temporal.io/server/tools/gomad3/internal/hostexec","Test":"TestClassifyGroupSignal","Output":"=== RUN   TestClassifyGroupSignal\n","OutputType":"frame"}
{"Time":"2026-10-09T01:55:22.343697833Z","Action":"output","Package":"go.temporal.io/server/tools/gomad3/target/internal/capabilityreview","Test":"TestListSourcePreservesActualCommandError","Output":"--- PASS: TestListSourcePreservesActualCommandError (0.01s)\n","OutputType":"frame"}
{"Time":"2026-10-09T01:55:22.3449845Z","Action":"run","Package":"go.temporal.io/server/tools/gomad3/target/internal/gocommand","Test":"TestCompatibilityStdinFailureWinsOverRealOverflow/context_canceled"}
{"Time":"2026-10-09T01:55:22.345352708Z","Action":"output","Package":"go.temporal.io/server/tools/gomad3/target/internal/gocommand","Test":"TestCompatibilityStdinFailureWinsOverRealOverflow/context_canceled","Output":"=== RUN   TestCompatibilityStdinFailureWinsOverRealOverflow/context_canceled\n","OutputType":"frame"}
{"Time":"2026-10-09T01:55:22.3454235Z","Action":"output","Package":"go.temporal.io/server/tools/gomad3/target/internal/gocommand","Test":"TestCompatibilityStdinFailureWinsOverRealOverflow/context_canceled","Output":"--- PASS: TestCompatibilityStdinFailureWinsOverRealOverflow/context_canceled (0.00s)\n","OutputType":"frame"}
{"Time":"2026-10-09T01:55:22.345474666Z","Action":"pass","Package":"go.temporal.io/server/tools/gomad3/target/internal/gocommand","Test":"TestCompatibilityStdinFailureWinsOverRealOverflow/context_canceled","Elapsed":0}
{"Time":"2026-10-09T01:55:22.345762458Z","Action":"output","Package":"go.temporal.io/server/tools/gomad3/target/internal/gocommand","Test":"TestCompatibilityStdinFailureWinsOverRealOverflow","Output":"--- PASS: TestCompatibilityStdinFailureWinsOverRealOverflow (0.01s)\n","OutputType":"frame"}
{"Time":"2026-10-09T01:55:22.345861083Z","Action":"pass","Package":"go.temporal.io/server/tools/gomad3/target/internal/gocommand","Test":"TestCompatibilityStdinFailureWinsOverRealOverflow","Elapsed":0.01}
{"Time":"2026-10-09T01:55:22.34621025Z","Action":"run","Package":"go.temporal.io/server/tools/gomad3/target/internal/gocommand","Test":"TestCompatibilityCompletedExitSurvivesWatchdogWhileStdinCopyIsBlocked"}
{"Time":"2026-10-09T01:55:22.345124708Z","Action":"output","Package":"go.temporal.io/server/tools/gomad3/target/internal/livecap","Test":"TestPinnedToolchainGuardsForbiddenPackageExceptModeledBoundary","Output":"--- SKIP: TestPinnedToolchainGuardsForbiddenPackageExceptModeledBoundary (0.00s)\n","OutputType":"frame"}
{"Time":"2026-10-09T01:55:22.345268Z","Action":"run","Package":"go.temporal.io/server/tools/gomad3/internal/hostexec","Test":"TestClassifyGroupSignal/delivered"}
{"Time":"2026-10-09T01:55:22.34533825Z","Action":"pass","Package":"go.temporal.io/server/tools/gomad3/target/internal/capabilityreview","Test":"TestListSourcePreservesActualCommandError","Elapsed":0.01}
{"Time":"2026-10-09T01:55:22.346694666Z","Action":"run","Package":"go.temporal.io/server/tools/gomad3/target/internal/capabilityreview","Test":"TestListSourcePreservesContextOverrideForEveryFailure"}
{"Time":"2026-10-09T01:55:22.346729125Z","Action":"output","Package":"go.temporal.io/server/tools/gomad3/target/internal/capabilityreview","Test":"TestListSourcePreservesContextOverrideForEveryFailure","Output":"=== RUN   TestListSourcePreservesContextOverrideForEveryFailure\n","OutputType":"frame"}
{"Time":"2026-10-09T01:55:22.347049333Z","Action":"run","Package":"go.temporal.io/server/tools/gomad3/target/internal/capabilityreview","Test":"TestListSourcePreservesContextOverrideForEveryFailure/command"}
{"Time":"2026-10-09T01:55:22.34710275Z","Action":"output","Package":"go.temporal.io/server/tools/gomad3/target/internal/capabilityreview","Test":"TestListSourcePreservesContextOverrideForEveryFailure/command","Output":"=== RUN   TestListSourcePreservesContextOverrideForEveryFailure/command\n","OutputType":"frame"}
{"Time":"2026-10-09T01:55:22.347440375Z","Action":"output","Package":"go.temporal.io/server/tools/gomad3/target/internal/capabilityreview","Test":"TestListSourcePreservesContextOverrideForEveryFailure/command","Output":"--- PASS: TestListSourcePreservesContextOverrideForEveryFailure/command (0.00s)\n","OutputType":"frame"}
{"Time":"2026-10-09T01:55:22.347622375Z","Action":"pass","Package":"go.temporal.io/server/tools/gomad3/target/internal/capabilityreview","Test":"TestListSourcePreservesContextOverrideForEveryFailure/command","Elapsed":0}
{"Time":"2026-10-09T01:55:22.348275958Z","Action":"run","Package":"go.temporal.io/server/tools/gomad3/target/internal/capabilityreview","Test":"TestListSourcePreservesContextOverrideForEveryFailure/infrastructure"}
{"Time":"2026-10-09T01:55:22.348579958Z","Action":"output","Package":"go.temporal.io/server/tools/gomad3/target/internal/capabilityreview","Test":"TestListSourcePreservesContextOverrideForEveryFailure/infrastructure","Output":"=== RUN   TestListSourcePreservesContextOverrideForEveryFailure/infrastructure\n","OutputType":"frame"}
{"Time":"2026-10-09T01:55:22.346914875Z","Action":"skip","Package":"go.temporal.io/server/tools/gomad3/target/internal/livecap","Test":"TestPinnedToolchainGuardsForbiddenPackageExceptModeledBoundary","Elapsed":0}
{"Time":"2026-10-09T01:55:22.346923958Z","Action":"output","Package":"go.temporal.io/server/tools/gomad3/target/internal/gocommand","Test":"TestCompatibilityCompletedExitSurvivesWatchdogWhileStdinCopyIsBlocked","Output":"=== RUN   TestCompatibilityCompletedExitSurvivesWatchdogWhileStdinCopyIsBlocked\n","OutputType":"frame"}
{"Time":"2026-10-09T01:55:22.346927458Z","Action":"output","Package":"go.temporal.io/server/tools/gomad3/internal/hostexec","Test":"TestClassifyGroupSignal/delivered","Output":"=== RUN   TestClassifyGroupSignal/delivered\n","OutputType":"frame"}
{"Time":"2026-10-09T01:55:22.34864975Z","Action":"output","Package":"go.temporal.io/server/tools/gomad3/target/internal/capabilityreview","Test":"TestListSourcePreservesContextOverrideForEveryFailure/infrastructure","Output":"--- PASS: TestListSourcePreservesContextOverrideForEveryFailure/infrastructure (0.00s)\n","OutputType":"frame"}
{"Time":"2026-10-09T01:55:22.348912375Z","Action":"pass","Package":"go.temporal.io/server/tools/gomad3/target/internal/capabilityreview","Test":"TestListSourcePreservesContextOverrideForEveryFailure/infrastructure","Elapsed":0}
{"Time":"2026-10-09T01:55:22.34897975Z","Action":"run","Package":"go.temporal.io/server/tools/gomad3/target/internal/capabilityreview","Test":"TestListSourcePreservesContextOverrideForEveryFailure/overflow"}
{"Time":"2026-10-09T01:55:22.349033541Z","Action":"output","Package":"go.temporal.io/server/tools/gomad3/target/internal/capabilityreview","Test":"TestListSourcePreservesContextOverrideForEveryFailure/overflow","Output":"=== RUN   TestListSourcePreservesContextOverrideForEveryFailure/overflow\n","OutputType":"frame"}
{"Time":"2026-10-09T01:55:22.349155666Z","Action":"output","Package":"go.temporal.io/server/tools/gomad3/target/internal/capabilityreview","Test":"TestListSourcePreservesContextOverrideForEveryFailure/overflow","Output":"--- PASS: TestListSourcePreservesContextOverrideForEveryFailure/overflow (0.00s)\n","OutputType":"frame"}
{"Time":"2026-10-09T01:55:22.349263083Z","Action":"pass","Package":"go.temporal.io/server/tools/gomad3/target/internal/capabilityreview","Test":"TestListSourcePreservesContextOverrideForEveryFailure/overflow","Elapsed":0}
{"Time":"2026-10-09T01:55:22.349460041Z","Action":"run","Package":"go.temporal.io/server/tools/gomad3/target/internal/capabilityreview","Test":"TestListSourcePreservesContextOverrideForEveryFailure/watchdog"}
{"Time":"2026-10-09T01:55:22.349509083Z","Action":"output","Package":"go.temporal.io/server/tools/gomad3/target/internal/capabilityreview","Test":"TestListSourcePreservesContextOverrideForEveryFailure/watchdog","Output":"=== RUN   TestListSourcePreservesContextOverrideForEveryFailure/watchdog\n","OutputType":"frame"}
{"Time":"2026-10-09T01:55:22.349593375Z","Action":"output","Package":"go.temporal.io/server/tools/gomad3/target/internal/capabilityreview","Test":"TestListSourcePreservesContextOverrideForEveryFailure/watchdog","Output":"--- PASS: TestListSourcePreservesContextOverrideForEveryFailure/watchdog (0.00s)\n","OutputType":"frame"}
{"Time":"2026-10-09T01:55:22.349690333Z","Action":"pass","Package":"go.temporal.io/server/tools/gomad3/target/internal/capabilityreview","Test":"TestListSourcePreservesContextOverrideForEveryFailure/watchdog","Elapsed":0}
{"Time":"2026-10-09T01:55:22.349838625Z","Action":"output","Package":"go.temporal.io/server/tools/gomad3/target/internal/capabilityreview","Test":"TestListSourcePreservesContextOverrideForEveryFailure","Output":"--- PASS: TestListSourcePreservesContextOverrideForEveryFailure (0.00s)\n","OutputType":"frame"}
{"Time":"2026-10-09T01:55:22.348924083Z","Action":"output","Package":"go.temporal.io/server/tools/gomad3/internal/hostexec","Test":"TestClassifyGroupSignal/delivered","Output":"--- PASS: TestClassifyGroupSignal/delivered (0.00s)\n","OutputType":"frame"}
{"Time":"2026-10-09T01:55:22.348710125Z","Action":"output","Package":"go.temporal.io/server/tools/gomad3/target/internal/livecap","Output":"PASS\n","OutputType":"frame"}
{"Time":"2026-10-09T01:55:22.350886916Z","Action":"pass","Package":"go.temporal.io/server/tools/gomad3/target/internal/capabilityreview","Test":"TestListSourcePreservesContextOverrideForEveryFailure","Elapsed":0}
{"Time":"2026-10-09T01:55:22.351593Z","Action":"pass","Package":"go.temporal.io/server/tools/gomad3/internal/hostexec","Test":"TestClassifyGroupSignal/delivered","Elapsed":0}
{"Time":"2026-10-09T01:55:22.3524605Z","Action":"run","Package":"go.temporal.io/server/tools/gomad3/internal/hostexec","Test":"TestClassifyGroupSignal/gone"}
{"Time":"2026-10-09T01:55:22.353040666Z","Action":"output","Package":"go.temporal.io/server/tools/gomad3/internal/hostexec","Test":"TestClassifyGroupSignal/gone","Output":"=== RUN   TestClassifyGroupSignal/gone\n","OutputType":"frame"}
{"Time":"2026-10-09T01:55:22.353071791Z","Action":"output","Package":"go.temporal.io/server/tools/gomad3/internal/hostexec","Test":"TestClassifyGroupSignal/gone","Output":"--- PASS: TestClassifyGroupSignal/gone (0.00s)\n","OutputType":"frame"}
{"Time":"2026-10-09T01:55:22.353090958Z","Action":"pass","Package":"go.temporal.io/server/tools/gomad3/internal/hostexec","Test":"TestClassifyGroupSignal/gone","Elapsed":0}
{"Time":"2026-10-09T01:55:22.353195791Z","Action":"run","Package":"go.temporal.io/server/tools/gomad3/internal/hostexec","Test":"TestClassifyGroupSignal/zombies"}
{"Time":"2026-10-09T01:55:22.353519416Z","Action":"output","Package":"go.temporal.io/server/tools/gomad3/internal/hostexec","Test":"TestClassifyGroupSignal/zombies","Output":"=== RUN   TestClassifyGroupSignal/zombies\n","OutputType":"frame"}
{"Time":"2026-10-09T01:55:22.352341125Z","Action":"run","Package":"go.temporal.io/server/tools/gomad3/target/internal/capabilityreview","Test":"TestListOwnsBoundedGoListTransport"}
{"Time":"2026-10-09T01:55:22.35244675Z","Action":"output","Package":"go.temporal.io/server/tools/gomad3/target/internal/livecap","Output":"ok  \tgo.temporal.io/server/tools/gomad3/target/internal/livecap\t0.033s\n"}
{"Time":"2026-10-09T01:55:22.35394825Z","Action":"output","Package":"go.temporal.io/server/tools/gomad3/internal/hostexec","Test":"TestClassifyGroupSignal/zombies","Output":"--- PASS: TestClassifyGroupSignal/zombies (0.00s)\n","OutputType":"frame"}
{"Time":"2026-10-09T01:55:22.354118041Z","Action":"pass","Package":"go.temporal.io/server/tools/gomad3/internal/hostexec","Test":"TestClassifyGroupSignal/zombies","Elapsed":0}
{"Time":"2026-10-09T01:55:22.3545685Z","Action":"run","Package":"go.temporal.io/server/tools/gomad3/internal/hostexec","Test":"TestClassifyGroupSignal/unexpected"}
{"Time":"2026-10-09T01:55:22.354692166Z","Action":"output","Package":"go.temporal.io/server/tools/gomad3/internal/hostexec","Test":"TestClassifyGroupSignal/unexpected","Output":"=== RUN   TestClassifyGroupSignal/unexpected\n","OutputType":"frame"}
{"Time":"2026-10-09T01:55:22.354714083Z","Action":"output","Package":"go.temporal.io/server/tools/gomad3/internal/hostexec","Test":"TestClassifyGroupSignal/unexpected","Output":"--- PASS: TestClassifyGroupSignal/unexpected (0.00s)\n","OutputType":"frame"}
{"Time":"2026-10-09T01:55:22.354853Z","Action":"pass","Package":"go.temporal.io/server/tools/gomad3/internal/hostexec","Test":"TestClassifyGroupSignal/unexpected","Elapsed":0}
{"Time":"2026-10-09T01:55:22.355026416Z","Action":"output","Package":"go.temporal.io/server/tools/gomad3/internal/hostexec","Test":"TestClassifyGroupSignal","Output":"--- PASS: TestClassifyGroupSignal (0.00s)\n","OutputType":"frame"}
{"Time":"2026-10-09T01:55:22.355051541Z","Action":"pass","Package":"go.temporal.io/server/tools/gomad3/internal/hostexec","Test":"TestClassifyGroupSignal","Elapsed":0}
{"Time":"2026-10-09T01:55:22.355073875Z","Action":"run","Package":"go.temporal.io/server/tools/gomad3/internal/hostexec","Test":"TestRunCapturesSuccessfulCommand"}
{"Time":"2026-10-09T01:55:22.355096125Z","Action":"output","Package":"go.temporal.io/server/tools/gomad3/internal/hostexec","Test":"TestRunCapturesSuccessfulCommand","Output":"=== RUN   TestRunCapturesSuccessfulCommand\n","OutputType":"frame"}
{"Time":"2026-10-09T01:55:22.355119083Z","Action":"output","Package":"go.temporal.io/server/tools/gomad3/internal/hostexec","Test":"TestRunCapturesSuccessfulCommand","Output":"--- PASS: TestRunCapturesSuccessfulCommand (0.00s)\n","OutputType":"frame"}
{"Time":"2026-10-09T01:55:22.354033083Z","Action":"output","Package":"go.temporal.io/server/tools/gomad3/target/internal/capabilityreview","Test":"TestListOwnsBoundedGoListTransport","Output":"=== RUN   TestListOwnsBoundedGoListTransport\n","OutputType":"frame"}
{"Time":"2026-10-09T01:55:22.354075958Z","Action":"pass","Package":"go.temporal.io/server/tools/gomad3/target/internal/livecap","Elapsed":0.035}
{"Time":"2026-10-09T01:55:22.355220333Z","Action":"pass","Package":"go.temporal.io/server/tools/gomad3/internal/hostexec","Test":"TestRunCapturesSuccessfulCommand","Elapsed":0}
{"Time":"2026-10-09T01:55:22.355393916Z","Action":"run","Package":"go.temporal.io/server/tools/gomad3/internal/hostexec","Test":"TestRunSuppliesExplicitStandardInput"}
{"Time":"2026-10-09T01:55:22.355419583Z","Action":"output","Package":"go.temporal.io/server/tools/gomad3/internal/hostexec","Test":"TestRunSuppliesExplicitStandardInput","Output":"=== RUN   TestRunSuppliesExplicitStandardInput\n","OutputType":"frame"}
{"Time":"2026-10-09T01:55:22.355530083Z","Action":"output","Package":"go.temporal.io/server/tools/gomad3/internal/hostexec","Test":"TestRunSuppliesExplicitStandardInput","Output":"--- PASS: TestRunSuppliesExplicitStandardInput (0.00s)\n","OutputType":"frame"}
{"Time":"2026-10-09T01:55:22.355597833Z","Action":"pass","Package":"go.temporal.io/server/tools/gomad3/internal/hostexec","Test":"TestRunSuppliesExplicitStandardInput","Elapsed":0}
{"Time":"2026-10-09T01:55:22.355933208Z","Action":"run","Package":"go.temporal.io/server/tools/gomad3/internal/hostexec","Test":"TestRunReturnsNonzeroExitAsData"}
{"Time":"2026-10-09T01:55:22.355979166Z","Action":"output","Package":"go.temporal.io/server/tools/gomad3/internal/hostexec","Test":"TestRunReturnsNonzeroExitAsData","Output":"=== RUN   TestRunReturnsNonzeroExitAsData\n","OutputType":"frame"}
{"Time":"2026-10-09T01:55:22.356155833Z","Action":"output","Package":"go.temporal.io/server/tools/gomad3/internal/hostexec","Test":"TestRunReturnsNonzeroExitAsData","Output":"--- PASS: TestRunReturnsNonzeroExitAsData (0.00s)\n","OutputType":"frame"}
{"Time":"2026-10-09T01:55:22.3565175Z","Action":"pass","Package":"go.temporal.io/server/tools/gomad3/internal/hostexec","Test":"TestRunReturnsNonzeroExitAsData","Elapsed":0}
{"Time":"2026-10-09T01:55:22.355440958Z","Action":"output","Package":"go.temporal.io/server/tools/gomad3/target/internal/capabilityreview","Test":"TestListOwnsBoundedGoListTransport","Output":"--- PASS: TestListOwnsBoundedGoListTransport (0.01s)\n","OutputType":"frame"}
{"Time":"2026-10-09T01:55:22.3566035Z","Action":"pass","Package":"go.temporal.io/server/tools/gomad3/target/internal/capabilityreview","Test":"TestListOwnsBoundedGoListTransport","Elapsed":0.01}
{"Time":"2026-10-09T01:55:22.356900541Z","Action":"run","Package":"go.temporal.io/server/tools/gomad3/target/internal/capabilityreview","Test":"TestListRejectsOverflowBeforeDecodingValidPrefix"}
{"Time":"2026-10-09T01:55:22.357001083Z","Action":"output","Package":"go.temporal.io/server/tools/gomad3/target/internal/capabilityreview","Test":"TestListRejectsOverflowBeforeDecodingValidPrefix","Output":"=== RUN   TestListRejectsOverflowBeforeDecodingValidPrefix\n","OutputType":"frame"}
{"Time":"2026-10-09T01:55:22.3568495Z","Action":"run","Package":"go.temporal.io/server/tools/gomad3/internal/hostexec","Test":"TestRunClassifiesSignalExit"}
{"Time":"2026-10-09T01:55:22.357251041Z","Action":"output","Package":"go.temporal.io/server/tools/gomad3/target/internal/capabilityreview","Test":"TestListRejectsOverflowBeforeDecodingValidPrefix","Output":"--- PASS: TestListRejectsOverflowBeforeDecodingValidPrefix (0.00s)\n","OutputType":"frame"}
{"Time":"2026-10-09T01:55:22.357301791Z","Action":"pass","Package":"go.temporal.io/server/tools/gomad3/target/internal/capabilityreview","Test":"TestListRejectsOverflowBeforeDecodingValidPrefix","Elapsed":0}
{"Time":"2026-10-09T01:55:22.357370541Z","Action":"run","Package":"go.temporal.io/server/tools/gomad3/target/internal/capabilityreview","Test":"TestListDistinguishesMalformedListingAndInvalidInput"}
{"Time":"2026-10-09T01:55:22.357398083Z","Action":"output","Package":"go.temporal.io/server/tools/gomad3/target/internal/capabilityreview","Test":"TestListDistinguishesMalformedListingAndInvalidInput","Output":"=== RUN   TestListDistinguishesMalformedListingAndInvalidInput\n","OutputType":"frame"}
{"Time":"2026-10-09T01:55:22.357253083Z","Action":"output","Package":"go.temporal.io/server/tools/gomad3/internal/hostexec","Test":"TestRunClassifiesSignalExit","Output":"=== RUN   TestRunClassifiesSignalExit\n","OutputType":"frame"}
{"Time":"2026-10-09T01:55:22.357579583Z","Action":"output","Package":"go.temporal.io/server/tools/gomad3/internal/hostexec","Test":"TestRunClassifiesSignalExit","Output":"--- PASS: TestRunClassifiesSignalExit (0.01s)\n","OutputType":"frame"}
{"Time":"2026-10-09T01:55:22.35764275Z","Action":"pass","Package":"go.temporal.io/server/tools/gomad3/internal/hostexec","Test":"TestRunClassifiesSignalExit","Elapsed":0.01}
{"Time":"2026-10-09T01:55:22.357691958Z","Action":"run","Package":"go.temporal.io/server/tools/gomad3/internal/hostexec","Test":"TestRunTimesOutAndRemovesTermIgnoringDescendant"}
{"Time":"2026-10-09T01:55:22.357710375Z","Action":"output","Package":"go.temporal.io/server/tools/gomad3/internal/hostexec","Test":"TestRunTimesOutAndRemovesTermIgnoringDescendant","Output":"=== RUN   TestRunTimesOutAndRemovesTermIgnoringDescendant\n","OutputType":"frame"}
{"Time":"2026-10-09T01:55:22.363783583Z","Action":"output","Package":"go.temporal.io/server/tools/gomad3/target/internal/capabilityreview","Test":"TestListDistinguishesMalformedListingAndInvalidInput","Output":"--- PASS: TestListDistinguishesMalformedListingAndInvalidInput (0.01s)\n","OutputType":"frame"}
{"Time":"2026-10-09T01:55:22.363845583Z","Action":"pass","Package":"go.temporal.io/server/tools/gomad3/target/internal/capabilityreview","Test":"TestListDistinguishesMalformedListingAndInvalidInput","Elapsed":0.01}
{"Time":"2026-10-09T01:55:22.364122916Z","Action":"run","Package":"go.temporal.io/server/tools/gomad3/target/internal/capabilityreview","Test":"TestListPreservesDeadline"}
{"Time":"2026-10-09T01:55:22.364166958Z","Action":"output","Package":"go.temporal.io/server/tools/gomad3/target/internal/capabilityreview","Test":"TestListPreservesDeadline","Output":"=== RUN   TestListPreservesDeadline\n","OutputType":"frame"}
{"Time":"2026-10-09T01:55:22.379459333Z","Action":"output","Package":"go.temporal.io/server/tools/gomad3/target","Test":"TestAdapterSourceSetPublicStreamBounds/stdout_exact","Output":"--- PASS: TestAdapterSourceSetPublicStreamBounds/stdout_exact (0.04s)\n","OutputType":"frame"}
{"Time":"2026-10-09T01:55:22.379505291Z","Action":"pass","Package":"go.temporal.io/server/tools/gomad3/target","Test":"TestAdapterSourceSetPublicStreamBounds/stdout_exact","Elapsed":0.04}
{"Time":"2026-10-09T01:55:22.37988525Z","Action":"run","Package":"go.temporal.io/server/tools/gomad3/target","Test":"TestAdapterSourceSetPublicStreamBounds/stderr_exact"}
{"Time":"2026-10-09T01:55:22.379921Z","Action":"output","Package":"go.temporal.io/server/tools/gomad3/target","Test":"TestAdapterSourceSetPublicStreamBounds/stderr_exact","Output":"=== RUN   TestAdapterSourceSetPublicStreamBounds/stderr_exact\n","OutputType":"frame"}
{"Time":"2026-10-09T01:55:22.392856791Z","Action":"output","Package":"go.temporal.io/server/tools/gomad3/target/internal/capabilityreview","Test":"TestListPreservesDeadline","Output":"--- PASS: TestListPreservesDeadline (0.03s)\n","OutputType":"frame"}
{"Time":"2026-10-09T01:55:22.392969Z","Action":"pass","Package":"go.temporal.io/server/tools/gomad3/target/internal/capabilityreview","Test":"TestListPreservesDeadline","Elapsed":0.03}
{"Time":"2026-10-09T01:55:22.393016Z","Action":"output","Package":"go.temporal.io/server/tools/gomad3/target/internal/capabilityreview","Output":"PASS\n","OutputType":"frame"}
{"Time":"2026-10-09T01:55:22.393227833Z","Action":"output","Package":"go.temporal.io/server/tools/gomad3/target/internal/capabilityreview","Output":"ok  \tgo.temporal.io/server/tools/gomad3/target/internal/capabilityreview\t0.074s\n"}
{"Time":"2026-10-09T01:55:22.393282Z","Action":"pass","Package":"go.temporal.io/server/tools/gomad3/target/internal/capabilityreview","Elapsed":0.074}
{"Time":"2026-10-09T01:55:22.395901166Z","Action":"output","Package":"go.temporal.io/server/tools/gomad3/target","Test":"TestAdapterSourceSetPublicStreamBounds/stderr_exact","Output":"--- PASS: TestAdapterSourceSetPublicStreamBounds/stderr_exact (0.02s)\n","OutputType":"frame"}
{"Time":"2026-10-09T01:55:22.395947291Z","Action":"pass","Package":"go.temporal.io/server/tools/gomad3/target","Test":"TestAdapterSourceSetPublicStreamBounds/stderr_exact","Elapsed":0.02}
{"Time":"2026-10-09T01:55:22.395979958Z","Action":"run","Package":"go.temporal.io/server/tools/gomad3/target","Test":"TestAdapterSourceSetPublicStreamBounds/stdout_overflow"}
{"Time":"2026-10-09T01:55:22.395997333Z","Action":"output","Package":"go.temporal.io/server/tools/gomad3/target","Test":"TestAdapterSourceSetPublicStreamBounds/stdout_overflow","Output":"=== RUN   TestAdapterSourceSetPublicStreamBounds/stdout_overflow\n","OutputType":"frame"}
{"Time":"2026-10-09T01:55:22.409165708Z","Action":"output","Package":"go.temporal.io/server/tools/gomad3/target","Test":"TestAdapterSourceSetPublicStreamBounds/stdout_overflow","Output":"--- PASS: TestAdapterSourceSetPublicStreamBounds/stdout_overflow (0.01s)\n","OutputType":"frame"}
{"Time":"2026-10-09T01:55:22.409226833Z","Action":"pass","Package":"go.temporal.io/server/tools/gomad3/target","Test":"TestAdapterSourceSetPublicStreamBounds/stdout_overflow","Elapsed":0.01}
{"Time":"2026-10-09T01:55:22.409991208Z","Action":"run","Package":"go.temporal.io/server/tools/gomad3/target","Test":"TestAdapterSourceSetPublicStreamBounds/stderr_overflow"}
{"Time":"2026-10-09T01:55:22.410033583Z","Action":"output","Package":"go.temporal.io/server/tools/gomad3/target","Test":"TestAdapterSourceSetPublicStreamBounds/stderr_overflow","Output":"=== RUN   TestAdapterSourceSetPublicStreamBounds/stderr_overflow\n","OutputType":"frame"}
{"Time":"2026-10-09T01:55:22.421142958Z","Action":"output","Package":"go.temporal.io/server/tools/gomad3/target","Test":"TestAdapterSourceSetPublicStreamBounds/stderr_overflow","Output":"--- PASS: TestAdapterSourceSetPublicStreamBounds/stderr_overflow (0.01s)\n","OutputType":"frame"}
{"Time":"2026-10-09T01:55:22.421194458Z","Action":"pass","Package":"go.temporal.io/server/tools/gomad3/target","Test":"TestAdapterSourceSetPublicStreamBounds/stderr_overflow","Elapsed":0.01}
{"Time":"2026-10-09T01:55:22.421221375Z","Action":"run","Package":"go.temporal.io/server/tools/gomad3/target","Test":"TestAdapterSourceSetPublicStreamBounds/both_overflow"}
{"Time":"2026-10-09T01:55:22.421234791Z","Action":"output","Package":"go.temporal.io/server/tools/gomad3/target","Test":"TestAdapterSourceSetPublicStreamBounds/both_overflow","Output":"=== RUN   TestAdapterSourceSetPublicStreamBounds/both_overflow\n","OutputType":"frame"}
{"Time":"2026-10-09T01:55:22.438330625Z","Action":"output","Package":"go.temporal.io/server/tools/gomad3/target","Test":"TestAdapterSourceSetPublicStreamBounds/both_overflow","Output":"--- PASS: TestAdapterSourceSetPublicStreamBounds/both_overflow (0.02s)\n","OutputType":"frame"}
{"Time":"2026-10-09T01:55:22.438388375Z","Action":"pass","Package":"go.temporal.io/server/tools/gomad3/target","Test":"TestAdapterSourceSetPublicStreamBounds/both_overflow","Elapsed":0.02}
{"Time":"2026-10-09T01:55:22.438413833Z","Action":"output","Package":"go.temporal.io/server/tools/gomad3/target","Test":"TestAdapterSourceSetPublicStreamBounds","Output":"--- PASS: TestAdapterSourceSetPublicStreamBounds (0.10s)\n","OutputType":"frame"}
{"Time":"2026-10-09T01:55:22.438435083Z","Action":"pass","Package":"go.temporal.io/server/tools/gomad3/target","Test":"TestAdapterSourceSetPublicStreamBounds","Elapsed":0.1}
{"Time":"2026-10-09T01:55:22.438462791Z","Action":"run","Package":"go.temporal.io/server/tools/gomad3/target","Test":"TestAdapterSourceSetChild"}
{"Time":"2026-10-09T01:55:22.438474083Z","Action":"output","Package":"go.temporal.io/server/tools/gomad3/target","Test":"TestAdapterSourceSetChild","Output":"=== RUN   TestAdapterSourceSetChild\n","OutputType":"frame"}
{"Time":"2026-10-09T01:55:22.438485916Z","Action":"output","Package":"go.temporal.io/server/tools/gomad3/target","Test":"TestAdapterSourceSetChild","Output":"--- PASS: TestAdapterSourceSetChild (0.00s)\n","OutputType":"frame"}
{"Time":"2026-10-09T01:55:22.438503166Z","Action":"pass","Package":"go.temporal.io/server/tools/gomad3/target","Test":"TestAdapterSourceSetChild","Elapsed":0}
{"Time":"2026-10-09T01:55:22.438517583Z","Action":"run","Package":"go.temporal.io/server/tools/gomad3/target","Test":"TestAdapterSourceSetRequestAndLiteralProjection"}
{"Time":"2026-10-09T01:55:22.438530625Z","Action":"output","Package":"go.temporal.io/server/tools/gomad3/target","Test":"TestAdapterSourceSetRequestAndLiteralProjection","Output":"=== RUN   TestAdapterSourceSetRequestAndLiteralProjection\n","OutputType":"frame"}
{"Time":"2026-10-09T01:55:22.440180916Z","Action":"run","Package":"go.temporal.io/server/tools/gomad3/target","Test":"TestAdapterSourceSetRequestAndLiteralProjection/darwin"}
{"Time":"2026-10-09T01:55:22.44020325Z","Action":"output","Package":"go.temporal.io/server/tools/gomad3/target","Test":"TestAdapterSourceSetRequestAndLiteralProjection/darwin","Output":"=== RUN   TestAdapterSourceSetRequestAndLiteralProjection/darwin\n","OutputType":"frame"}
{"Time":"2026-10-09T01:55:22.442181541Z","Action":"output","Package":"go.temporal.io/server/tools/gomad3/target","Test":"TestAdapterSourceSetRequestAndLiteralProjection/darwin","Output":"--- PASS: TestAdapterSourceSetRequestAndLiteralProjection/darwin (0.00s)\n","OutputType":"frame"}
{"Time":"2026-10-09T01:55:22.442272125Z","Action":"pass","Package":"go.temporal.io/server/tools/gomad3/target","Test":"TestAdapterSourceSetRequestAndLiteralProjection/darwin","Elapsed":0}
{"Time":"2026-10-09T01:55:22.442306208Z","Action":"run","Package":"go.temporal.io/server/tools/gomad3/target","Test":"TestAdapterSourceSetRequestAndLiteralProjection/linux"}
{"Time":"2026-10-09T01:55:22.442383375Z","Action":"output","Package":"go.temporal.io/server/tools/gomad3/target","Test":"TestAdapterSourceSetRequestAndLiteralProjection/linux","Output":"=== RUN   TestAdapterSourceSetRequestAndLiteralProjection/linux\n","OutputType":"frame"}
{"Time":"2026-10-09T01:55:22.44292525Z","Action":"output","Package":"go.temporal.io/server/tools/gomad3/target","Test":"TestAdapterSourceSetRequestAndLiteralProjection/linux","Output":"--- PASS: TestAdapterSourceSetRequestAndLiteralProjection/linux (0.00s)\n","OutputType":"frame"}
{"Time":"2026-10-09T01:55:22.442978166Z","Action":"pass","Package":"go.temporal.io/server/tools/gomad3/target","Test":"TestAdapterSourceSetRequestAndLiteralProjection/linux","Elapsed":0}
{"Time":"2026-10-09T01:55:22.443380833Z","Action":"output","Package":"go.temporal.io/server/tools/gomad3/target","Test":"TestAdapterSourceSetRequestAndLiteralProjection","Output":"--- PASS: TestAdapterSourceSetRequestAndLiteralProjection (0.00s)\n","OutputType":"frame"}
{"Time":"2026-10-09T01:55:22.44354175Z","Action":"pass","Package":"go.temporal.io/server/tools/gomad3/target","Test":"TestAdapterSourceSetRequestAndLiteralProjection","Elapsed":0}
{"Time":"2026-10-09T01:55:22.443593875Z","Action":"run","Package":"go.temporal.io/server/tools/gomad3/target","Test":"TestAdapterSourceSetDecodeAndSourceFailures"}
{"Time":"2026-10-09T01:55:22.44391575Z","Action":"output","Package":"go.temporal.io/server/tools/gomad3/target","Test":"TestAdapterSourceSetDecodeAndSourceFailures","Output":"=== RUN   TestAdapterSourceSetDecodeAndSourceFailures\n","OutputType":"frame"}
{"Time":"2026-10-09T01:55:22.446141625Z","Action":"run","Package":"go.temporal.io/server/tools/gomad3/target","Test":"TestAdapterSourceSetDecodeAndSourceFailures/malformed"}
{"Time":"2026-10-09T01:55:22.448059833Z","Action":"output","Package":"go.temporal.io/server/tools/gomad3/target","Test":"TestAdapterSourceSetDecodeAndSourceFailures/malformed","Output":"=== RUN   TestAdapterSourceSetDecodeAndSourceFailures/malformed\n","OutputType":"frame"}
{"Time":"2026-10-09T01:55:22.448200416Z","Action":"output","Package":"go.temporal.io/server/tools/gomad3/target","Test":"TestAdapterSourceSetDecodeAndSourceFailures/malformed","Output":"--- PASS: TestAdapterSourceSetDecodeAndSourceFailures/malformed (0.00s)\n","OutputType":"frame"}
{"Time":"2026-10-09T01:55:22.448260625Z","Action":"pass","Package":"go.temporal.io/server/tools/gomad3/target","Test":"TestAdapterSourceSetDecodeAndSourceFailures/malformed","Elapsed":0}
{"Time":"2026-10-09T01:55:22.448446291Z","Action":"run","Package":"go.temporal.io/server/tools/gomad3/target","Test":"TestAdapterSourceSetDecodeAndSourceFailures/trailing"}
{"Time":"2026-10-09T01:55:22.448570875Z","Action":"output","Package":"go.temporal.io/server/tools/gomad3/target","Test":"TestAdapterSourceSetDecodeAndSourceFailures/trailing","Output":"=== RUN   TestAdapterSourceSetDecodeAndSourceFailures/trailing\n","OutputType":"frame"}
{"Time":"2026-10-09T01:55:22.448777625Z","Action":"output","Package":"go.temporal.io/server/tools/gomad3/target","Test":"TestAdapterSourceSetDecodeAndSourceFailures/trailing","Output":"--- PASS: TestAdapterSourceSetDecodeAndSourceFailures/trailing (0.00s)\n","OutputType":"frame"}
{"Time":"2026-10-09T01:55:22.450064666Z","Action":"pass","Package":"go.temporal.io/server/tools/gomad3/target","Test":"TestAdapterSourceSetDecodeAndSourceFailures/trailing","Elapsed":0}
{"Time":"2026-10-09T01:55:22.450142958Z","Action":"run","Package":"go.temporal.io/server/tools/gomad3/target","Test":"TestAdapterSourceSetDecodeAndSourceFailures/missing_directory"}
{"Time":"2026-10-09T01:55:22.450209291Z","Action":"output","Package":"go.temporal.io/server/tools/gomad3/target","Test":"TestAdapterSourceSetDecodeAndSourceFailures/missing_directory","Output":"=== RUN   TestAdapterSourceSetDecodeAndSourceFailures/missing_directory\n","OutputType":"frame"}
{"Time":"2026-10-09T01:55:22.450233208Z","Action":"output","Package":"go.temporal.io/server/tools/gomad3/target","Test":"TestAdapterSourceSetDecodeAndSourceFailures/missing_directory","Output":"--- PASS: TestAdapterSourceSetDecodeAndSourceFailures/missing_directory (0.00s)\n","OutputType":"frame"}
{"Time":"2026-10-09T01:55:22.45025325Z","Action":"pass","Package":"go.temporal.io/server/tools/gomad3/target","Test":"TestAdapterSourceSetDecodeAndSourceFailures/missing_directory","Elapsed":0}
{"Time":"2026-10-09T01:55:22.450274166Z","Action":"run","Package":"go.temporal.io/server/tools/gomad3/target","Test":"TestAdapterSourceSetDecodeAndSourceFailures/missing_name"}
{"Time":"2026-10-09T01:55:22.450296583Z","Action":"output","Package":"go.temporal.io/server/tools/gomad3/target","Test":"TestAdapterSourceSetDecodeAndSourceFailures/missing_name","Output":"=== RUN   TestAdapterSourceSetDecodeAndSourceFailures/missing_name\n","OutputType":"frame"}
{"Time":"2026-10-09T01:55:22.450317125Z","Action":"output","Package":"go.temporal.io/server/tools/gomad3/target","Test":"TestAdapterSourceSetDecodeAndSourceFailures/missing_name","Output":"--- PASS: TestAdapterSourceSetDecodeAndSourceFailures/missing_name (0.00s)\n","OutputType":"frame"}
{"Time":"2026-10-09T01:55:22.450343541Z","Action":"pass","Package":"go.temporal.io/server/tools/gomad3/target","Test":"TestAdapterSourceSetDecodeAndSourceFailures/missing_name","Elapsed":0}
{"Time":"2026-10-09T01:55:22.450362833Z","Action":"run","Package":"go.temporal.io/server/tools/gomad3/target","Test":"TestAdapterSourceSetDecodeAndSourceFailures/wrong_quotes"}
{"Time":"2026-10-09T01:55:22.450382Z","Action":"output","Package":"go.temporal.io/server/tools/gomad3/target","Test":"TestAdapterSourceSetDecodeAndSourceFailures/wrong_quotes","Output":"=== RUN   TestAdapterSourceSetDecodeAndSourceFailures/wrong_quotes\n","OutputType":"frame"}
{"Time":"2026-10-09T01:55:22.450401666Z","Action":"output","Package":"go.temporal.io/server/tools/gomad3/target","Test":"TestAdapterSourceSetDecodeAndSourceFailures/wrong_quotes","Output":"--- PASS: TestAdapterSourceSetDecodeAndSourceFailures/wrong_quotes (0.00s)\n","OutputType":"frame"}
{"Time":"2026-10-09T01:55:22.450422375Z","Action":"pass","Package":"go.temporal.io/server/tools/gomad3/target","Test":"TestAdapterSourceSetDecodeAndSourceFailures/wrong_quotes","Elapsed":0}
{"Time":"2026-10-09T01:55:22.450445791Z","Action":"run","Package":"go.temporal.io/server/tools/gomad3/target","Test":"TestAdapterSourceSetDecodeAndSourceFailures/trailing_import_comment"}
{"Time":"2026-10-09T01:55:22.450465791Z","Action":"output","Package":"go.temporal.io/server/tools/gomad3/target","Test":"TestAdapterSourceSetDecodeAndSourceFailures/trailing_import_comment","Output":"=== RUN   TestAdapterSourceSetDecodeAndSourceFailures/trailing_import_comment\n","OutputType":"frame"}
{"Time":"2026-10-09T01:55:22.450487333Z","Action":"output","Package":"go.temporal.io/server/tools/gomad3/target","Test":"TestAdapterSourceSetDecodeAndSourceFailures/trailing_import_comment","Output":"--- PASS: TestAdapterSourceSetDecodeAndSourceFailures/trailing_import_comment (0.00s)\n","OutputType":"frame"}
{"Time":"2026-10-09T01:55:22.450511458Z","Action":"pass","Package":"go.temporal.io/server/tools/gomad3/target","Test":"TestAdapterSourceSetDecodeAndSourceFailures/trailing_import_comment","Elapsed":0}
{"Time":"2026-10-09T01:55:22.45052675Z","Action":"run","Package":"go.temporal.io/server/tools/gomad3/target","Test":"TestAdapterSourceSetDecodeAndSourceFailures/other_import_comment"}
{"Time":"2026-10-09T01:55:22.450783125Z","Action":"output","Package":"go.temporal.io/server/tools/gomad3/target","Test":"TestAdapterSourceSetDecodeAndSourceFailures/other_import_comment","Output":"=== RUN   TestAdapterSourceSetDecodeAndSourceFailures/other_import_comment\n","OutputType":"frame"}
{"Time":"2026-10-09T01:55:22.450812375Z","Action":"output","Package":"go.temporal.io/server/tools/gomad3/target","Test":"TestAdapterSourceSetDecodeAndSourceFailures/other_import_comment","Output":"--- PASS: TestAdapterSourceSetDecodeAndSourceFailures/other_import_comment (0.00s)\n","OutputType":"frame"}
{"Time":"2026-10-09T01:55:22.450843166Z","Action":"pass","Package":"go.temporal.io/server/tools/gomad3/target","Test":"TestAdapterSourceSetDecodeAndSourceFailures/other_import_comment","Elapsed":0}
{"Time":"2026-10-09T01:55:22.450857666Z","Action":"run","Package":"go.temporal.io/server/tools/gomad3/target","Test":"TestAdapterSourceSetDecodeAndSourceFailures/listed_error"}
{"Time":"2026-10-09T01:55:22.450868083Z","Action":"output","Package":"go.temporal.io/server/tools/gomad3/target","Test":"TestAdapterSourceSetDecodeAndSourceFailures/listed_error","Output":"=== RUN   TestAdapterSourceSetDecodeAndSourceFailures/listed_error\n","OutputType":"frame"}
{"Time":"2026-10-09T01:55:22.533355625Z","Action":"output","Package":"go.temporal.io/server/tools/gomad3/target","Test":"TestAdapterSourceSetDecodeAndSourceFailures/listed_error","Output":"--- PASS: TestAdapterSourceSetDecodeAndSourceFailures/listed_error (0.09s)\n","OutputType":"frame"}
{"Time":"2026-10-09T01:55:22.533428291Z","Action":"pass","Package":"go.temporal.io/server/tools/gomad3/target","Test":"TestAdapterSourceSetDecodeAndSourceFailures/listed_error","Elapsed":0.09}
{"Time":"2026-10-09T01:55:22.533481208Z","Action":"run","Package":"go.temporal.io/server/tools/gomad3/target","Test":"TestAdapterSourceSetDecodeAndSourceFailures/Go_read_failure"}
{"Time":"2026-10-09T01:55:22.533497458Z","Action":"output","Package":"go.temporal.io/server/tools/gomad3/target","Test":"TestAdapterSourceSetDecodeAndSourceFailures/Go_read_failure","Output":"=== RUN   TestAdapterSourceSetDecodeAndSourceFailures/Go_read_failure\n","OutputType":"frame"}
{"Time":"2026-10-09T01:55:22.637490333Z","Action":"output","Package":"go.temporal.io/server/tools/gomad3/target","Test":"TestAdapterSourceSetDecodeAndSourceFailures/Go_read_failure","Output":"--- PASS: TestAdapterSourceSetDecodeAndSourceFailures/Go_read_failure (0.10s)\n","OutputType":"frame"}
{"Time":"2026-10-09T01:55:22.637645541Z","Action":"pass","Package":"go.temporal.io/server/tools/gomad3/target","Test":"TestAdapterSourceSetDecodeAndSourceFailures/Go_read_failure","Elapsed":0.1}
{"Time":"2026-10-09T01:55:22.6378085Z","Action":"run","Package":"go.temporal.io/server/tools/gomad3/target","Test":"TestAdapterSourceSetDecodeAndSourceFailures/foreign_read_failure"}
{"Time":"2026-10-09T01:55:22.639245666Z","Action":"output","Package":"go.temporal.io/server/tools/gomad3/target","Test":"TestAdapterSourceSetDecodeAndSourceFailures/foreign_read_failure","Output":"=== RUN   TestAdapterSourceSetDecodeAndSourceFailures/foreign_read_failure\n","OutputType":"frame"}
{"Time":"2026-10-09T01:55:22.701166208Z","Action":"output","Package":"go.temporal.io/server/tools/gomad3/internal/hostexec","Test":"TestRunTimesOutAndRemovesTermIgnoringDescendant","Output":"--- PASS: TestRunTimesOutAndRemovesTermIgnoringDescendant (0.35s)\n","OutputType":"frame"}
{"Time":"2026-10-09T01:55:22.705641291Z","Action":"pass","Package":"go.temporal.io/server/tools/gomad3/internal/hostexec","Test":"TestRunTimesOutAndRemovesTermIgnoringDescendant","Elapsed":0.35}
{"Time":"2026-10-09T01:55:22.705898166Z","Action":"run","Package":"go.temporal.io/server/tools/gomad3/internal/hostexec","Test":"TestRunClassifiesContextCancellation"}
{"Time":"2026-10-09T01:55:22.70597325Z","Action":"output","Package":"go.temporal.io/server/tools/gomad3/internal/hostexec","Test":"TestRunClassifiesContextCancellation","Output":"=== RUN   TestRunClassifiesContextCancellation\n","OutputType":"frame"}
{"Time":"2026-10-09T01:55:22.723905583Z","Action":"output","Package":"go.temporal.io/server/tools/gomad3/target","Test":"TestAdapterSourceSetDecodeAndSourceFailures/foreign_read_failure","Output":"--- PASS: TestAdapterSourceSetDecodeAndSourceFailures/foreign_read_failure (0.09s)\n","OutputType":"frame"}
{"Time":"2026-10-09T01:55:22.724006916Z","Action":"pass","Package":"go.temporal.io/server/tools/gomad3/target","Test":"TestAdapterSourceSetDecodeAndSourceFailures/foreign_read_failure","Elapsed":0.09}
{"Time":"2026-10-09T01:55:22.745134625Z","Action":"output","Package":"go.temporal.io/server/tools/gomad3/target/internal/gocommand","Test":"TestCompatibilityCompletedExitSurvivesWatchdogWhileStdinCopyIsBlocked","Output":"--- PASS: TestCompatibilityCompletedExitSurvivesWatchdogWhileStdinCopyIsBlocked (0.42s)\n","OutputType":"frame"}
{"Time":"2026-10-09T01:55:22.745262Z","Action":"pass","Package":"go.temporal.io/server/tools/gomad3/target/internal/gocommand","Test":"TestCompatibilityCompletedExitSurvivesWatchdogWhileStdinCopyIsBlocked","Elapsed":0.42}
{"Time":"2026-10-09T01:55:22.745510166Z","Action":"run","Package":"go.temporal.io/server/tools/gomad3/target/internal/gocommand","Test":"TestCompatibilityPreservesRawExitAndRejectsFailedStdout"}
{"Time":"2026-10-09T01:55:22.746027458Z","Action":"output","Package":"go.temporal.io/server/tools/gomad3/target/internal/gocommand","Test":"TestCompatibilityPreservesRawExitAndRejectsFailedStdout","Output":"=== RUN   TestCompatibilityPreservesRawExitAndRejectsFailedStdout\n","OutputType":"frame"}
{"Time":"2026-10-09T01:55:22.7603265Z","Action":"output","Package":"go.temporal.io/server/tools/gomad3/internal/hostexec","Test":"TestRunClassifiesContextCancellation","Output":"--- PASS: TestRunClassifiesContextCancellation (0.06s)\n","OutputType":"frame"}
{"Time":"2026-10-09T01:55:22.760422375Z","Action":"pass","Package":"go.temporal.io/server/tools/gomad3/internal/hostexec","Test":"TestRunClassifiesContextCancellation","Elapsed":0.06}
{"Time":"2026-10-09T01:55:22.760461333Z","Action":"run","Package":"go.temporal.io/server/tools/gomad3/internal/hostexec","Test":"TestRunBoundsEachOutputStream"}
{"Time":"2026-10-09T01:55:22.760945666Z","Action":"output","Package":"go.temporal.io/server/tools/gomad3/internal/hostexec","Test":"TestRunBoundsEachOutputStream","Output":"=== RUN   TestRunBoundsEachOutputStream\n","OutputType":"frame"}
{"Time":"2026-10-09T01:55:22.76113Z","Action":"output","Package":"go.temporal.io/server/tools/gomad3/target","Test":"TestAdapterSourceSetDecodeAndSourceFailures","Output":"--- PASS: TestAdapterSourceSetDecodeAndSourceFailures (0.32s)\n","OutputType":"frame"}
{"Time":"2026-10-09T01:55:22.761164375Z","Action":"pass","Package":"go.temporal.io/server/tools/gomad3/target","Test":"TestAdapterSourceSetDecodeAndSourceFailures","Elapsed":0.32}
{"Time":"2026-10-09T01:55:22.761330375Z","Action":"run","Package":"go.temporal.io/server/tools/gomad3/target","Test":"TestAdapterSourceSetExecutionPrecedesDecode"}
{"Time":"2026-10-09T01:55:22.761362333Z","Action":"output","Package":"go.temporal.io/server/tools/gomad3/target","Test":"TestAdapterSourceSetExecutionPrecedesDecode","Output":"=== RUN   TestAdapterSourceSetExecutionPrecedesDecode\n","OutputType":"frame"}
{"Time":"2026-10-09T01:55:22.761779625Z","Action":"output","Package":"go.temporal.io/server/tools/gomad3/internal/hostexec","Test":"TestRunBoundsEachOutputStream","Output":"--- PASS: TestRunBoundsEachOutputStream (0.00s)\n","OutputType":"frame"}
{"Time":"2026-10-09T01:55:22.762578166Z","Action":"pass","Package":"go.temporal.io/server/tools/gomad3/internal/hostexec","Test":"TestRunBoundsEachOutputStream","Elapsed":0}
{"Time":"2026-10-09T01:55:22.762667083Z","Action":"run","Package":"go.temporal.io/server/tools/gomad3/internal/hostexec","Test":"TestRunRejectsInvalidRequest"}
{"Time":"2026-10-09T01:55:22.765471708Z","Action":"output","Package":"go.temporal.io/server/tools/gomad3/internal/hostexec","Test":"TestRunRejectsInvalidRequest","Output":"=== RUN   TestRunRejectsInvalidRequest\n","OutputType":"frame"}
{"Time":"2026-10-09T01:55:22.765887125Z","Action":"run","Package":"go.temporal.io/server/tools/gomad3/internal/hostexec","Test":"TestRunRejectsInvalidRequest/working-directory"}
{"Time":"2026-10-09T01:55:22.766020125Z","Action":"output","Package":"go.temporal.io/server/tools/gomad3/internal/hostexec","Test":"TestRunRejectsInvalidRequest/working-directory","Output":"=== RUN   TestRunRejectsInvalidRequest/working-directory\n","OutputType":"frame"}
{"Time":"2026-10-09T01:55:22.766083875Z","Action":"output","Package":"go.temporal.io/server/tools/gomad3/internal/hostexec","Test":"TestRunRejectsInvalidRequest/working-directory","Output":"--- PASS: TestRunRejectsInvalidRequest/working-directory (0.00s)\n","OutputType":"frame"}
{"Time":"2026-10-09T01:55:22.767898791Z","Action":"pass","Package":"go.temporal.io/server/tools/gomad3/internal/hostexec","Test":"TestRunRejectsInvalidRequest/working-directory","Elapsed":0}
{"Time":"2026-10-09T01:55:22.768616333Z","Action":"run","Package":"go.temporal.io/server/tools/gomad3/internal/hostexec","Test":"TestRunRejectsInvalidRequest/timeout"}
{"Time":"2026-10-09T01:55:22.771943333Z","Action":"output","Package":"go.temporal.io/server/tools/gomad3/target/internal/gocommand","Test":"TestCompatibilityPreservesRawExitAndRejectsFailedStdout","Output":"--- PASS: TestCompatibilityPreservesRawExitAndRejectsFailedStdout (0.02s)\n","OutputType":"frame"}
{"Time":"2026-10-09T01:55:22.771968958Z","Action":"run","Package":"go.temporal.io/server/tools/gomad3/target","Test":"TestAdapterSourceSetExecutionPrecedesDecode/raw_command"}
{"Time":"2026-10-09T01:55:22.7753955Z","Action":"output","Package":"go.temporal.io/server/tools/gomad3/target","Test":"TestAdapterSourceSetExecutionPrecedesDecode/raw_command","Output":"=== RUN   TestAdapterSourceSetExecutionPrecedesDecode/raw_command\n","OutputType":"frame"}
{"Time":"2026-10-09T01:55:22.775436833Z","Action":"output","Package":"go.temporal.io/server/tools/gomad3/target","Test":"TestAdapterSourceSetExecutionPrecedesDecode/raw_command","Output":"--- PASS: TestAdapterSourceSetExecutionPrecedesDecode/raw_command (0.01s)\n","OutputType":"frame"}
{"Time":"2026-10-09T01:55:22.775560666Z","Action":"pass","Package":"go.temporal.io/server/tools/gomad3/target","Test":"TestAdapterSourceSetExecutionPrecedesDecode/raw_command","Elapsed":0.01}
{"Time":"2026-10-09T01:55:22.772521833Z","Action":"output","Package":"go.temporal.io/server/tools/gomad3/internal/hostexec","Test":"TestRunRejectsInvalidRequest/timeout","Output":"=== RUN   TestRunRejectsInvalidRequest/timeout\n","OutputType":"frame"}
{"Time":"2026-10-09T01:55:22.774856916Z","Action":"pass","Package":"go.temporal.io/server/tools/gomad3/target/internal/gocommand","Test":"TestCompatibilityPreservesRawExitAndRejectsFailedStdout","Elapsed":0.02}
{"Time":"2026-10-09T01:55:22.776347833Z","Action":"run","Package":"go.temporal.io/server/tools/gomad3/target/internal/gocommand","Test":"TestCompatibilityPreservesLegacyStartupPrecedence"}
{"Time":"2026-10-09T01:55:22.776473666Z","Action":"output","Package":"go.temporal.io/server/tools/gomad3/target/internal/gocommand","Test":"TestCompatibilityPreservesLegacyStartupPrecedence","Output":"=== RUN   TestCompatibilityPreservesLegacyStartupPrecedence\n","OutputType":"frame"}
{"Time":"2026-10-09T01:55:22.776622916Z","Action":"output","Package":"go.temporal.io/server/tools/gomad3/target/internal/gocommand","Test":"TestCompatibilityPreservesLegacyStartupPrecedence","Output":"--- PASS: TestCompatibilityPreservesLegacyStartupPrecedence (0.00s)\n","OutputType":"frame"}
{"Time":"2026-10-09T01:55:22.776780166Z","Action":"pass","Package":"go.temporal.io/server/tools/gomad3/target/internal/gocommand","Test":"TestCompatibilityPreservesLegacyStartupPrecedence","Elapsed":0}
{"Time":"2026-10-09T01:55:22.775714Z","Action":"run","Package":"go.temporal.io/server/tools/gomad3/target","Test":"TestAdapterSourceSetExecutionPrecedesDecode/raw_nonzero"}
{"Time":"2026-10-09T01:55:22.775809583Z","Action":"output","Package":"go.temporal.io/server/tools/gomad3/internal/hostexec","Test":"TestRunRejectsInvalidRequest/timeout","Output":"--- PASS: TestRunRejectsInvalidRequest/timeout (0.00s)\n","OutputType":"frame"}
{"Time":"2026-10-09T01:55:22.777282833Z","Action":"run","Package":"go.temporal.io/server/tools/gomad3/target/internal/gocommand","Test":"TestCompatibilityStartupErrorsAndDirectories"}
{"Time":"2026-10-09T01:55:22.7873845Z","Action":"output","Package":"go.temporal.io/server/tools/gomad3/target/internal/gocommand","Test":"TestCompatibilityStartupErrorsAndDirectories","Output":"=== RUN   TestCompatibilityStartupErrorsAndDirectories\n","OutputType":"frame"}
{"Time":"2026-10-09T01:55:22.786822125Z","Action":"pass","Package":"go.temporal.io/server/tools/gomad3/internal/hostexec","Test":"TestRunRejectsInvalidRequest/timeout","Elapsed":0}
{"Time":"2026-10-09T01:55:22.788046041Z","Action":"run","Package":"go.temporal.io/server/tools/gomad3/internal/hostexec","Test":"TestRunRejectsInvalidRequest/termination-grace"}
{"Time":"2026-10-09T01:55:22.786788916Z","Action":"output","Package":"go.temporal.io/server/tools/gomad3/target","Test":"TestAdapterSourceSetExecutionPrecedesDecode/raw_nonzero","Output":"=== RUN   TestAdapterSourceSetExecutionPrecedesDecode/raw_nonzero\n","OutputType":"frame"}
{"Time":"2026-10-09T01:55:22.788235458Z","Action":"output","Package":"go.temporal.io/server/tools/gomad3/target","Test":"TestAdapterSourceSetExecutionPrecedesDecode/raw_nonzero","Output":"--- PASS: TestAdapterSourceSetExecutionPrecedesDecode/raw_nonzero (0.00s)\n","OutputType":"frame"}
{"Time":"2026-10-09T01:55:22.78829675Z","Action":"pass","Package":"go.temporal.io/server/tools/gomad3/target","Test":"TestAdapterSourceSetExecutionPrecedesDecode/raw_nonzero","Elapsed":0}
{"Time":"2026-10-09T01:55:22.788331625Z","Action":"run","Package":"go.temporal.io/server/tools/gomad3/target","Test":"TestAdapterSourceSetExecutionPrecedesDecode/raw_canceled"}
{"Time":"2026-10-09T01:55:22.788411541Z","Action":"output","Package":"go.temporal.io/server/tools/gomad3/target","Test":"TestAdapterSourceSetExecutionPrecedesDecode/raw_canceled","Output":"=== RUN   TestAdapterSourceSetExecutionPrecedesDecode/raw_canceled\n","OutputType":"frame"}
{"Time":"2026-10-09T01:55:22.7885245Z","Action":"output","Package":"go.temporal.io/server/tools/gomad3/target","Test":"TestAdapterSourceSetExecutionPrecedesDecode/raw_canceled","Output":"--- PASS: TestAdapterSourceSetExecutionPrecedesDecode/raw_canceled (0.01s)\n","OutputType":"frame"}
{"Time":"2026-10-09T01:55:22.788707583Z","Action":"pass","Package":"go.temporal.io/server/tools/gomad3/target","Test":"TestAdapterSourceSetExecutionPrecedesDecode/raw_canceled","Elapsed":0.01}
{"Time":"2026-10-09T01:55:22.788206416Z","Action":"output","Package":"go.temporal.io/server/tools/gomad3/internal/hostexec","Test":"TestRunRejectsInvalidRequest/termination-grace","Output":"=== RUN   TestRunRejectsInvalidRequest/termination-grace\n","OutputType":"frame"}
{"Time":"2026-10-09T01:55:22.788863708Z","Action":"output","Package":"go.temporal.io/server/tools/gomad3/internal/hostexec","Test":"TestRunRejectsInvalidRequest/termination-grace","Output":"--- PASS: TestRunRejectsInvalidRequest/termination-grace (0.00s)\n","OutputType":"frame"}
{"Time":"2026-10-09T01:55:22.789011333Z","Action":"pass","Package":"go.temporal.io/server/tools/gomad3/internal/hostexec","Test":"TestRunRejectsInvalidRequest/termination-grace","Elapsed":0}
{"Time":"2026-10-09T01:55:22.789135416Z","Action":"run","Package":"go.temporal.io/server/tools/gomad3/internal/hostexec","Test":"TestRunRejectsInvalidRequest/output-limit"}
{"Time":"2026-10-09T01:55:22.789211958Z","Action":"output","Package":"go.temporal.io/server/tools/gomad3/internal/hostexec","Test":"TestRunRejectsInvalidRequest/output-limit","Output":"=== RUN   TestRunRejectsInvalidRequest/output-limit\n","OutputType":"frame"}
{"Time":"2026-10-09T01:55:22.789300541Z","Action":"output","Package":"go.temporal.io/server/tools/gomad3/internal/hostexec","Test":"TestRunRejectsInvalidRequest/output-limit","Output":"--- PASS: TestRunRejectsInvalidRequest/output-limit (0.00s)\n","OutputType":"frame"}
{"Time":"2026-10-09T01:55:22.789413791Z","Action":"pass","Package":"go.temporal.io/server/tools/gomad3/internal/hostexec","Test":"TestRunRejectsInvalidRequest/output-limit","Elapsed":0}
{"Time":"2026-10-09T01:55:22.789486958Z","Action":"run","Package":"go.temporal.io/server/tools/gomad3/internal/hostexec","Test":"TestRunRejectsInvalidRequest/command"}
{"Time":"2026-10-09T01:55:22.789570958Z","Action":"output","Package":"go.temporal.io/server/tools/gomad3/internal/hostexec","Test":"TestRunRejectsInvalidRequest/command","Output":"=== RUN   TestRunRejectsInvalidRequest/command\n","OutputType":"frame"}
{"Time":"2026-10-09T01:55:22.788620083Z","Action":"run","Package":"go.temporal.io/server/tools/gomad3/target/internal/gocommand","Test":"TestCompatibilityStartupErrorsAndDirectories/missing"}
{"Time":"2026-10-09T01:55:22.789922166Z","Action":"output","Package":"go.temporal.io/server/tools/gomad3/target/internal/gocommand","Test":"TestCompatibilityStartupErrorsAndDirectories/missing","Output":"=== RUN   TestCompatibilityStartupErrorsAndDirectories/missing\n","OutputType":"frame"}
{"Time":"2026-10-09T01:55:22.788772125Z","Action":"run","Package":"go.temporal.io/server/tools/gomad3/target","Test":"TestAdapterSourceSetExecutionPrecedesDecode/raw_deadline"}
{"Time":"2026-10-09T01:55:22.790067583Z","Action":"output","Package":"go.temporal.io/server/tools/gomad3/target","Test":"TestAdapterSourceSetExecutionPrecedesDecode/raw_deadline","Output":"=== RUN   TestAdapterSourceSetExecutionPrecedesDecode/raw_deadline\n","OutputType":"frame"}
{"Time":"2026-10-09T01:55:22.789725416Z","Action":"output","Package":"go.temporal.io/server/tools/gomad3/internal/hostexec","Test":"TestRunRejectsInvalidRequest/command","Output":"--- PASS: TestRunRejectsInvalidRequest/command (0.00s)\n","OutputType":"frame"}
{"Time":"2026-10-09T01:55:22.790202208Z","Action":"pass","Package":"go.temporal.io/server/tools/gomad3/internal/hostexec","Test":"TestRunRejectsInvalidRequest/command","Elapsed":0}
{"Time":"2026-10-09T01:55:22.790244916Z","Action":"output","Package":"go.temporal.io/server/tools/gomad3/internal/hostexec","Test":"TestRunRejectsInvalidRequest","Output":"--- PASS: TestRunRejectsInvalidRequest (0.00s)\n","OutputType":"frame"}
{"Time":"2026-10-09T01:55:22.790313875Z","Action":"pass","Package":"go.temporal.io/server/tools/gomad3/internal/hostexec","Test":"TestRunRejectsInvalidRequest","Elapsed":0}
{"Time":"2026-10-09T01:55:22.7904375Z","Action":"run","Package":"go.temporal.io/server/tools/gomad3/internal/hostexec","Test":"TestRunSupportsConcurrentCommands"}
{"Time":"2026-10-09T01:55:22.790571Z","Action":"output","Package":"go.temporal.io/server/tools/gomad3/internal/hostexec","Test":"TestRunSupportsConcurrentCommands","Output":"=== RUN   TestRunSupportsConcurrentCommands\n","OutputType":"frame"}
{"Time":"2026-10-09T01:55:22.794017083Z","Action":"output","Package":"go.temporal.io/server/tools/gomad3/internal/hostexec","Test":"TestRunSupportsConcurrentCommands","Output":"--- PASS: TestRunSupportsConcurrentCommands (0.03s)\n","OutputType":"frame"}
{"Time":"2026-10-09T01:55:22.799117583Z","Action":"pass","Package":"go.temporal.io/server/tools/gomad3/internal/hostexec","Test":"TestRunSupportsConcurrentCommands","Elapsed":0.03}
{"Time":"2026-10-09T01:55:22.799569625Z","Action":"run","Package":"go.temporal.io/server/tools/gomad3/internal/hostexec","Test":"TestCaptureRetainsExactStreamWithinLimit"}
{"Time":"2026-10-09T01:55:22.799785416Z","Action":"output","Package":"go.temporal.io/server/tools/gomad3/internal/hostexec","Test":"TestCaptureRetainsExactStreamWithinLimit","Output":"=== RUN   TestCaptureRetainsExactStreamWithinLimit\n","OutputType":"frame"}
{"Time":"2026-10-09T01:55:22.799863916Z","Action":"output","Package":"go.temporal.io/server/tools/gomad3/internal/hostexec","Test":"TestCaptureRetainsExactStreamWithinLimit","Output":"--- PASS: TestCaptureRetainsExactStreamWithinLimit (0.00s)\n","OutputType":"frame"}
{"Time":"2026-10-09T01:55:22.799896583Z","Action":"pass","Package":"go.temporal.io/server/tools/gomad3/internal/hostexec","Test":"TestCaptureRetainsExactStreamWithinLimit","Elapsed":0}
{"Time":"2026-10-09T01:55:22.799992Z","Action":"run","Package":"go.temporal.io/server/tools/gomad3/internal/hostexec","Test":"TestCaptureKeepsHeadMarkerAndTail"}
{"Time":"2026-10-09T01:55:22.800023416Z","Action":"output","Package":"go.temporal.io/server/tools/gomad3/internal/hostexec","Test":"TestCaptureKeepsHeadMarkerAndTail","Output":"=== RUN   TestCaptureKeepsHeadMarkerAndTail\n","OutputType":"frame"}
{"Time":"2026-10-09T01:55:22.800048791Z","Action":"output","Package":"go.temporal.io/server/tools/gomad3/internal/hostexec","Test":"TestCaptureKeepsHeadMarkerAndTail","Output":"--- PASS: TestCaptureKeepsHeadMarkerAndTail (0.00s)\n","OutputType":"frame"}
{"Time":"2026-10-09T01:55:22.800112083Z","Action":"pass","Package":"go.temporal.io/server/tools/gomad3/internal/hostexec","Test":"TestCaptureKeepsHeadMarkerAndTail","Elapsed":0}
{"Time":"2026-10-09T01:55:22.800137291Z","Action":"run","Package":"go.temporal.io/server/tools/gomad3/internal/hostexec","Test":"TestCaptureIsIndependentOfWriteChunking"}
{"Time":"2026-10-09T01:55:22.800167958Z","Action":"output","Package":"go.temporal.io/server/tools/gomad3/internal/hostexec","Test":"TestCaptureIsIndependentOfWriteChunking","Output":"=== RUN   TestCaptureIsIndependentOfWriteChunking\n","OutputType":"frame"}
{"Time":"2026-10-09T01:55:22.799332125Z","Action":"output","Package":"go.temporal.io/server/tools/gomad3/target/internal/gocommand","Test":"TestCompatibilityStartupErrorsAndDirectories/missing","Output":"--- PASS: TestCompatibilityStartupErrorsAndDirectories/missing (0.01s)\n","OutputType":"frame"}
{"Time":"2026-10-09T01:55:22.80022175Z","Action":"pass","Package":"go.temporal.io/server/tools/gomad3/target/internal/gocommand","Test":"TestCompatibilityStartupErrorsAndDirectories/missing","Elapsed":0.01}
{"Time":"2026-10-09T01:55:22.800257166Z","Action":"run","Package":"go.temporal.io/server/tools/gomad3/target/internal/gocommand","Test":"TestCompatibilityStartupErrorsAndDirectories/permission"}
{"Time":"2026-10-09T01:55:22.799746Z","Action":"output","Package":"go.temporal.io/server/tools/gomad3/target","Test":"TestAdapterSourceSetExecutionPrecedesDecode/raw_deadline","Output":"--- PASS: TestAdapterSourceSetExecutionPrecedesDecode/raw_deadline (0.01s)\n","OutputType":"frame"}
{"Time":"2026-10-09T01:55:22.800375458Z","Action":"pass","Package":"go.temporal.io/server/tools/gomad3/target","Test":"TestAdapterSourceSetExecutionPrecedesDecode/raw_deadline","Elapsed":0.01}
{"Time":"2026-10-09T01:55:22.800433583Z","Action":"run","Package":"go.temporal.io/server/tools/gomad3/target","Test":"TestAdapterSourceSetExecutionPrecedesDecode/watchdog"}
{"Time":"2026-10-09T01:55:22.800189416Z","Action":"output","Package":"go.temporal.io/server/tools/gomad3/internal/hostexec","Test":"TestCaptureIsIndependentOfWriteChunking","Output":"--- PASS: TestCaptureIsIndependentOfWriteChunking (0.00s)\n","OutputType":"frame"}
{"Time":"2026-10-09T01:55:22.800516041Z","Action":"pass","Package":"go.temporal.io/server/tools/gomad3/internal/hostexec","Test":"TestCaptureIsIndependentOfWriteChunking","Elapsed":0}
{"Time":"2026-10-09T01:55:22.800590875Z","Action":"run","Package":"go.temporal.io/server/tools/gomad3/internal/hostexec","Test":"TestNewRejectsZeroLimit"}
{"Time":"2026-10-09T01:55:22.800630791Z","Action":"output","Package":"go.temporal.io/server/tools/gomad3/internal/hostexec","Test":"TestNewRejectsZeroLimit","Output":"=== RUN   TestNewRejectsZeroLimit\n","OutputType":"frame"}
{"Time":"2026-10-09T01:55:22.8006725Z","Action":"output","Package":"go.temporal.io/server/tools/gomad3/internal/hostexec","Test":"TestNewRejectsZeroLimit","Output":"--- PASS: TestNewRejectsZeroLimit (0.00s)\n","OutputType":"frame"}
{"Time":"2026-10-09T01:55:22.800711333Z","Action":"pass","Package":"go.temporal.io/server/tools/gomad3/internal/hostexec","Test":"TestNewRejectsZeroLimit","Elapsed":0}
{"Time":"2026-10-09T01:55:22.800734875Z","Action":"output","Package":"go.temporal.io/server/tools/gomad3/internal/hostexec","Output":"PASS\n","OutputType":"frame"}
{"Time":"2026-10-09T01:55:22.800772708Z","Action":"output","Package":"go.temporal.io/server/tools/gomad3/internal/hostexec","Output":"ok  \tgo.temporal.io/server/tools/gomad3/internal/hostexec\t0.481s\n"}
{"Time":"2026-10-09T01:55:22.800856291Z","Action":"pass","Package":"go.temporal.io/server/tools/gomad3/internal/hostexec","Elapsed":0.481}
{"Time":"2026-10-09T01:55:22.800326583Z","Action":"output","Package":"go.temporal.io/server/tools/gomad3/target/internal/gocommand","Test":"TestCompatibilityStartupErrorsAndDirectories/permission","Output":"=== RUN   TestCompatibilityStartupErrorsAndDirectories/permission\n","OutputType":"frame"}
{"Time":"2026-10-09T01:55:22.800949916Z","Action":"output","Package":"go.temporal.io/server/tools/gomad3/target/internal/gocommand","Test":"TestCompatibilityStartupErrorsAndDirectories/permission","Output":"--- PASS: TestCompatibilityStartupErrorsAndDirectories/permission (0.00s)\n","OutputType":"frame"}
{"Time":"2026-10-09T01:55:22.801022375Z","Action":"pass","Package":"go.temporal.io/server/tools/gomad3/target/internal/gocommand","Test":"TestCompatibilityStartupErrorsAndDirectories/permission","Elapsed":0}
{"Time":"2026-10-09T01:55:22.80104575Z","Action":"run","Package":"go.temporal.io/server/tools/gomad3/target/internal/gocommand","Test":"TestCompatibilityStartupErrorsAndDirectories/format"}
{"Time":"2026-10-09T01:55:22.801094916Z","Action":"output","Package":"go.temporal.io/server/tools/gomad3/target/internal/gocommand","Test":"TestCompatibilityStartupErrorsAndDirectories/format","Output":"=== RUN   TestCompatibilityStartupErrorsAndDirectories/format\n","OutputType":"frame"}
{"Time":"2026-10-09T01:55:22.800467416Z","Action":"output","Package":"go.temporal.io/server/tools/gomad3/target","Test":"TestAdapterSourceSetExecutionPrecedesDecode/watchdog","Output":"=== RUN   TestAdapterSourceSetExecutionPrecedesDecode/watchdog\n","OutputType":"frame"}
{"Time":"2026-10-09T01:55:22.80942075Z","Action":"output","Package":"go.temporal.io/server/tools/gomad3/target/internal/gocommand","Test":"TestCompatibilityStartupErrorsAndDirectories/format","Output":"--- PASS: TestCompatibilityStartupErrorsAndDirectories/format (0.01s)\n","OutputType":"frame"}
{"Time":"2026-10-09T01:55:22.809618958Z","Action":"pass","Package":"go.temporal.io/server/tools/gomad3/target/internal/gocommand","Test":"TestCompatibilityStartupErrorsAndDirectories/format","Elapsed":0.01}
{"Time":"2026-10-09T01:55:22.80970475Z","Action":"run","Package":"go.temporal.io/server/tools/gomad3/target/internal/gocommand","Test":"TestCompatibilityStartupErrorsAndDirectories/directory"}
{"Time":"2026-10-09T01:55:22.810073666Z","Action":"output","Package":"go.temporal.io/server/tools/gomad3/target/internal/gocommand","Test":"TestCompatibilityStartupErrorsAndDirectories/directory","Output":"=== RUN   TestCompatibilityStartupErrorsAndDirectories/directory\n","OutputType":"frame"}
{"Time":"2026-10-09T01:55:22.8110705Z","Action":"output","Package":"go.temporal.io/server/tools/gomad3/target/internal/gocommand","Test":"TestCompatibilityStartupErrorsAndDirectories/directory","Output":"--- PASS: TestCompatibilityStartupErrorsAndDirectories/directory (0.00s)\n","OutputType":"frame"}
{"Time":"2026-10-09T01:55:22.811212166Z","Action":"pass","Package":"go.temporal.io/server/tools/gomad3/target/internal/gocommand","Test":"TestCompatibilityStartupErrorsAndDirectories/directory","Elapsed":0}
{"Time":"2026-10-09T01:55:22.811261333Z","Action":"run","Package":"go.temporal.io/server/tools/gomad3/target/internal/gocommand","Test":"TestCompatibilityStartupErrorsAndDirectories/empty"}
{"Time":"2026-10-09T01:55:22.811315125Z","Action":"output","Package":"go.temporal.io/server/tools/gomad3/target/internal/gocommand","Test":"TestCompatibilityStartupErrorsAndDirectories/empty","Output":"=== RUN   TestCompatibilityStartupErrorsAndDirectories/empty\n","OutputType":"frame"}
{"Time":"2026-10-09T01:55:22.811358666Z","Action":"output","Package":"go.temporal.io/server/tools/gomad3/target/internal/gocommand","Test":"TestCompatibilityStartupErrorsAndDirectories/empty","Output":"--- PASS: TestCompatibilityStartupErrorsAndDirectories/empty (0.00s)\n","OutputType":"frame"}
{"Time":"2026-10-09T01:55:22.811108541Z","Action":"output","Package":"go.temporal.io/server/tools/gomad3/target","Test":"TestAdapterSourceSetExecutionPrecedesDecode/watchdog","Output":"--- PASS: TestAdapterSourceSetExecutionPrecedesDecode/watchdog (0.01s)\n","OutputType":"frame"}
{"Time":"2026-10-09T01:55:22.811628875Z","Action":"pass","Package":"go.temporal.io/server/tools/gomad3/target","Test":"TestAdapterSourceSetExecutionPrecedesDecode/watchdog","Elapsed":0.01}
{"Time":"2026-10-09T01:55:22.812300625Z","Action":"run","Package":"go.temporal.io/server/tools/gomad3/target","Test":"TestAdapterSourceSetExecutionPrecedesDecode/stdout_overflow_plus_raw"}
{"Time":"2026-10-09T01:55:22.812414166Z","Action":"output","Package":"go.temporal.io/server/tools/gomad3/target","Test":"TestAdapterSourceSetExecutionPrecedesDecode/stdout_overflow_plus_raw","Output":"=== RUN   TestAdapterSourceSetExecutionPrecedesDecode/stdout_overflow_plus_raw\n","OutputType":"frame"}
{"Time":"2026-10-09T01:55:22.811454291Z","Action":"pass","Package":"go.temporal.io/server/tools/gomad3/target/internal/gocommand","Test":"TestCompatibilityStartupErrorsAndDirectories/empty","Elapsed":0}
{"Time":"2026-10-09T01:55:22.813351416Z","Action":"output","Package":"go.temporal.io/server/tools/gomad3/target","Test":"TestAdapterSourceSetExecutionPrecedesDecode/stdout_overflow_plus_raw","Output":"--- PASS: TestAdapterSourceSetExecutionPrecedesDecode/stdout_overflow_plus_raw (0.00s)\n","OutputType":"frame"}
{"Time":"2026-10-09T01:55:22.813795583Z","Action":"pass","Package":"go.temporal.io/server/tools/gomad3/target","Test":"TestAdapterSourceSetExecutionPrecedesDecode/stdout_overflow_plus_raw","Elapsed":0}
{"Time":"2026-10-09T01:55:22.814880875Z","Action":"run","Package":"go.temporal.io/server/tools/gomad3/target","Test":"TestAdapterSourceSetExecutionPrecedesDecode/stdout_overflow_plus_nonzero"}
{"Time":"2026-10-09T01:55:22.814945708Z","Action":"output","Package":"go.temporal.io/server/tools/gomad3/target","Test":"TestAdapterSourceSetExecutionPrecedesDecode/stdout_overflow_plus_nonzero","Output":"=== RUN   TestAdapterSourceSetExecutionPrecedesDecode/stdout_overflow_plus_nonzero\n","OutputType":"frame"}
{"Time":"2026-10-09T01:55:22.823466166Z","Action":"output","Package":"go.temporal.io/server/tools/gomad3/target","Test":"TestAdapterSourceSetExecutionPrecedesDecode/stdout_overflow_plus_nonzero","Output":"--- PASS: TestAdapterSourceSetExecutionPrecedesDecode/stdout_overflow_plus_nonzero (0.01s)\n","OutputType":"frame"}
{"Time":"2026-10-09T01:55:22.82358775Z","Action":"pass","Package":"go.temporal.io/server/tools/gomad3/target","Test":"TestAdapterSourceSetExecutionPrecedesDecode/stdout_overflow_plus_nonzero","Elapsed":0.01}
{"Time":"2026-10-09T01:55:22.823661791Z","Action":"run","Package":"go.temporal.io/server/tools/gomad3/target","Test":"TestAdapterSourceSetExecutionPrecedesDecode/stderr_overflow_plus_raw"}
{"Time":"2026-10-09T01:55:22.823695291Z","Action":"output","Package":"go.temporal.io/server/tools/gomad3/target","Test":"TestAdapterSourceSetExecutionPrecedesDecode/stderr_overflow_plus_raw","Output":"=== RUN   TestAdapterSourceSetExecutionPrecedesDecode/stderr_overflow_plus_raw\n","OutputType":"frame"}
{"Time":"2026-10-09T01:55:22.83462175Z","Action":"output","Package":"go.temporal.io/server/tools/gomad3/target","Test":"TestAdapterSourceSetExecutionPrecedesDecode/stderr_overflow_plus_raw","Output":"--- PASS: TestAdapterSourceSetExecutionPrecedesDecode/stderr_overflow_plus_raw (0.01s)\n","OutputType":"frame"}
{"Time":"2026-10-09T01:55:22.834715958Z","Action":"pass","Package":"go.temporal.io/server/tools/gomad3/target","Test":"TestAdapterSourceSetExecutionPrecedesDecode/stderr_overflow_plus_raw","Elapsed":0.01}
{"Time":"2026-10-09T01:55:22.837009208Z","Action":"run","Package":"go.temporal.io/server/tools/gomad3/target","Test":"TestAdapterSourceSetExecutionPrecedesDecode/dual_overflow_plus_cancellation"}
{"Time":"2026-10-09T01:55:22.837059583Z","Action":"output","Package":"go.temporal.io/server/tools/gomad3/target","Test":"TestAdapterSourceSetExecutionPrecedesDecode/dual_overflow_plus_cancellation","Output":"=== RUN   TestAdapterSourceSetExecutionPrecedesDecode/dual_overflow_plus_cancellation\n","OutputType":"frame"}
{"Time":"2026-10-09T01:55:22.837083583Z","Action":"output","Package":"go.temporal.io/server/tools/gomad3/target","Test":"TestAdapterSourceSetExecutionPrecedesDecode/dual_overflow_plus_cancellation","Output":"--- PASS: TestAdapterSourceSetExecutionPrecedesDecode/dual_overflow_plus_cancellation (0.00s)\n","OutputType":"frame"}
{"Time":"2026-10-09T01:55:22.837098291Z","Action":"pass","Package":"go.temporal.io/server/tools/gomad3/target","Test":"TestAdapterSourceSetExecutionPrecedesDecode/dual_overflow_plus_cancellation","Elapsed":0}
{"Time":"2026-10-09T01:55:22.837121791Z","Action":"run","Package":"go.temporal.io/server/tools/gomad3/target","Test":"TestAdapterSourceSetExecutionPrecedesDecode/stdout_overflow_plus_cancellation"}
{"Time":"2026-10-09T01:55:22.837133541Z","Action":"output","Package":"go.temporal.io/server/tools/gomad3/target","Test":"TestAdapterSourceSetExecutionPrecedesDecode/stdout_overflow_plus_cancellation","Output":"=== RUN   TestAdapterSourceSetExecutionPrecedesDecode/stdout_overflow_plus_cancellation\n","OutputType":"frame"}
{"Time":"2026-10-09T01:55:22.84462275Z","Action":"output","Package":"go.temporal.io/server/tools/gomad3/target","Test":"TestAdapterSourceSetExecutionPrecedesDecode/stdout_overflow_plus_cancellation","Output":"--- PASS: TestAdapterSourceSetExecutionPrecedesDecode/stdout_overflow_plus_cancellation (0.01s)\n","OutputType":"frame"}
{"Time":"2026-10-09T01:55:22.84482575Z","Action":"pass","Package":"go.temporal.io/server/tools/gomad3/target","Test":"TestAdapterSourceSetExecutionPrecedesDecode/stdout_overflow_plus_cancellation","Elapsed":0.01}
{"Time":"2026-10-09T01:55:22.844882333Z","Action":"run","Package":"go.temporal.io/server/tools/gomad3/target","Test":"TestAdapterSourceSetExecutionPrecedesDecode/overflow_plus_watchdog"}
{"Time":"2026-10-09T01:55:22.844913791Z","Action":"output","Package":"go.temporal.io/server/tools/gomad3/target","Test":"TestAdapterSourceSetExecutionPrecedesDecode/overflow_plus_watchdog","Output":"=== RUN   TestAdapterSourceSetExecutionPrecedesDecode/overflow_plus_watchdog\n","OutputType":"frame"}
{"Time":"2026-10-09T01:55:22.860509917Z","Action":"output","Package":"go.temporal.io/server/tools/gomad3/target","Test":"TestAdapterSourceSetExecutionPrecedesDecode/overflow_plus_watchdog","Output":"--- PASS: TestAdapterSourceSetExecutionPrecedesDecode/overflow_plus_watchdog (0.02s)\n","OutputType":"frame"}
{"Time":"2026-10-09T01:55:22.860622208Z","Action":"pass","Package":"go.temporal.io/server/tools/gomad3/target","Test":"TestAdapterSourceSetExecutionPrecedesDecode/overflow_plus_watchdog","Elapsed":0.02}
{"Time":"2026-10-09T01:55:22.86066875Z","Action":"run","Package":"go.temporal.io/server/tools/gomad3/target","Test":"TestAdapterSourceSetExecutionPrecedesDecode/cleanup_plus_dual_overflow"}
{"Time":"2026-10-09T01:55:22.860712375Z","Action":"output","Package":"go.temporal.io/server/tools/gomad3/target","Test":"TestAdapterSourceSetExecutionPrecedesDecode/cleanup_plus_dual_overflow","Output":"=== RUN   TestAdapterSourceSetExecutionPrecedesDecode/cleanup_plus_dual_overflow\n","OutputType":"frame"}
{"Time":"2026-10-09T01:55:22.860820667Z","Action":"output","Package":"go.temporal.io/server/tools/gomad3/target","Test":"TestAdapterSourceSetExecutionPrecedesDecode/cleanup_plus_dual_overflow","Output":"--- PASS: TestAdapterSourceSetExecutionPrecedesDecode/cleanup_plus_dual_overflow (0.00s)\n","OutputType":"frame"}
{"Time":"2026-10-09T01:55:22.860919083Z","Action":"pass","Package":"go.temporal.io/server/tools/gomad3/target","Test":"TestAdapterSourceSetExecutionPrecedesDecode/cleanup_plus_dual_overflow","Elapsed":0}
{"Time":"2026-10-09T01:55:22.861036958Z","Action":"run","Package":"go.temporal.io/server/tools/gomad3/target","Test":"TestAdapterSourceSetExecutionPrecedesDecode/cleanup_plus_canceled"}
{"Time":"2026-10-09T01:55:22.861054833Z","Action":"output","Package":"go.temporal.io/server/tools/gomad3/target","Test":"TestAdapterSourceSetExecutionPrecedesDecode/cleanup_plus_canceled","Output":"=== RUN   TestAdapterSourceSetExecutionPrecedesDecode/cleanup_plus_canceled\n","OutputType":"frame"}
{"Time":"2026-10-09T01:55:22.871841292Z","Action":"output","Package":"go.temporal.io/server/tools/gomad3/target","Test":"TestAdapterSourceSetExecutionPrecedesDecode/cleanup_plus_canceled","Output":"--- PASS: TestAdapterSourceSetExecutionPrecedesDecode/cleanup_plus_canceled (0.01s)\n","OutputType":"frame"}
{"Time":"2026-10-09T01:55:22.871915083Z","Action":"pass","Package":"go.temporal.io/server/tools/gomad3/target","Test":"TestAdapterSourceSetExecutionPrecedesDecode/cleanup_plus_canceled","Elapsed":0.01}
{"Time":"2026-10-09T01:55:22.871954458Z","Action":"output","Package":"go.temporal.io/server/tools/gomad3/target","Test":"TestAdapterSourceSetExecutionPrecedesDecode","Output":"--- PASS: TestAdapterSourceSetExecutionPrecedesDecode (0.11s)\n","OutputType":"frame"}
{"Time":"2026-10-09T01:55:22.872250667Z","Action":"pass","Package":"go.temporal.io/server/tools/gomad3/target","Test":"TestAdapterSourceSetExecutionPrecedesDecode","Elapsed":0.11}
{"Time":"2026-10-09T01:55:22.8722765Z","Action":"run","Package":"go.temporal.io/server/tools/gomad3/target","Test":"TestCollectCapabilityListingPreservesBoundedOutputError"}
{"Time":"2026-10-09T01:55:22.872291875Z","Action":"output","Package":"go.temporal.io/server/tools/gomad3/target","Test":"TestCollectCapabilityListingPreservesBoundedOutputError","Output":"=== RUN   TestCollectCapabilityListingPreservesBoundedOutputError\n","OutputType":"frame"}
{"Time":"2026-10-09T01:55:22.872309583Z","Action":"run","Package":"go.temporal.io/server/tools/gomad3/target","Test":"TestCollectCapabilityListingPreservesBoundedOutputError/stdout_exact_capacity"}
{"Time":"2026-10-09T01:55:22.872324833Z","Action":"output","Package":"go.temporal.io/server/tools/gomad3/target","Test":"TestCollectCapabilityListingPreservesBoundedOutputError/stdout_exact_capacity","Output":"=== RUN   TestCollectCapabilityListingPreservesBoundedOutputError/stdout_exact_capacity\n","OutputType":"frame"}
{"Time":"2026-10-09T01:55:22.88828175Z","Action":"output","Package":"go.temporal.io/server/tools/gomad3/target/internal/gocommand","Test":"TestCompatibilityStartupErrorsAndDirectories","Output":"--- PASS: TestCompatibilityStartupErrorsAndDirectories (0.12s)\n","OutputType":"frame"}
{"Time":"2026-10-09T01:55:22.888338667Z","Action":"pass","Package":"go.temporal.io/server/tools/gomad3/target/internal/gocommand","Test":"TestCompatibilityStartupErrorsAndDirectories","Elapsed":0.12}
{"Time":"2026-10-09T01:55:22.88840725Z","Action":"run","Package":"go.temporal.io/server/tools/gomad3/target/internal/gocommand","Test":"TestCompatibilityBoundsRealStreamsBeforeRawOutcome"}
{"Time":"2026-10-09T01:55:22.888440042Z","Action":"output","Package":"go.temporal.io/server/tools/gomad3/target/internal/gocommand","Test":"TestCompatibilityBoundsRealStreamsBeforeRawOutcome","Output":"=== RUN   TestCompatibilityBoundsRealStreamsBeforeRawOutcome\n","OutputType":"frame"}
{"Time":"2026-10-09T01:55:22.888467Z","Action":"run","Package":"go.temporal.io/server/tools/gomad3/target/internal/gocommand","Test":"TestCompatibilityBoundsRealStreamsBeforeRawOutcome/stdout-exit"}
{"Time":"2026-10-09T01:55:22.888517042Z","Action":"output","Package":"go.temporal.io/server/tools/gomad3/target/internal/gocommand","Test":"TestCompatibilityBoundsRealStreamsBeforeRawOutcome/stdout-exit","Output":"=== RUN   TestCompatibilityBoundsRealStreamsBeforeRawOutcome/stdout-exit\n","OutputType":"frame"}
{"Time":"2026-10-09T01:55:22.894538125Z","Action":"output","Package":"go.temporal.io/server/tools/gomad3/target/internal/gocommand","Test":"TestCompatibilityBoundsRealStreamsBeforeRawOutcome/stdout-exit","Output":"--- PASS: TestCompatibilityBoundsRealStreamsBeforeRawOutcome/stdout-exit (0.01s)\n","OutputType":"frame"}
{"Time":"2026-10-09T01:55:22.894802083Z","Action":"pass","Package":"go.temporal.io/server/tools/gomad3/target/internal/gocommand","Test":"TestCompatibilityBoundsRealStreamsBeforeRawOutcome/stdout-exit","Elapsed":0.01}
{"Time":"2026-10-09T01:55:22.894855083Z","Action":"run","Package":"go.temporal.io/server/tools/gomad3/target/internal/gocommand","Test":"TestCompatibilityBoundsRealStreamsBeforeRawOutcome/stderr-exit"}
{"Time":"2026-10-09T01:55:22.895067833Z","Action":"output","Package":"go.temporal.io/server/tools/gomad3/target/internal/gocommand","Test":"TestCompatibilityBoundsRealStreamsBeforeRawOutcome/stderr-exit","Output":"=== RUN   TestCompatibilityBoundsRealStreamsBeforeRawOutcome/stderr-exit\n","OutputType":"frame"}
{"Time":"2026-10-09T01:55:22.899422042Z","Action":"output","Package":"go.temporal.io/server/tools/gomad3/target/internal/gocommand","Test":"TestCompatibilityBoundsRealStreamsBeforeRawOutcome/stderr-exit","Output":"--- PASS: TestCompatibilityBoundsRealStreamsBeforeRawOutcome/stderr-exit (0.00s)\n","OutputType":"frame"}
{"Time":"2026-10-09T01:55:22.899476208Z","Action":"pass","Package":"go.temporal.io/server/tools/gomad3/target/internal/gocommand","Test":"TestCompatibilityBoundsRealStreamsBeforeRawOutcome/stderr-exit","Elapsed":0}
{"Time":"2026-10-09T01:55:22.899507458Z","Action":"run","Package":"go.temporal.io/server/tools/gomad3/target/internal/gocommand","Test":"TestCompatibilityBoundsRealStreamsBeforeRawOutcome/both"}
{"Time":"2026-10-09T01:55:22.899566875Z","Action":"output","Package":"go.temporal.io/server/tools/gomad3/target/internal/gocommand","Test":"TestCompatibilityBoundsRealStreamsBeforeRawOutcome/both","Output":"=== RUN   TestCompatibilityBoundsRealStreamsBeforeRawOutcome/both\n","OutputType":"frame"}
{"Time":"2026-10-09T01:55:22.902829458Z","Action":"output","Package":"go.temporal.io/server/tools/gomad3/target/internal/gocommand","Test":"TestCompatibilityBoundsRealStreamsBeforeRawOutcome/both","Output":"--- PASS: TestCompatibilityBoundsRealStreamsBeforeRawOutcome/both (0.00s)\n","OutputType":"frame"}
{"Time":"2026-10-09T01:55:22.903236792Z","Action":"pass","Package":"go.temporal.io/server/tools/gomad3/target/internal/gocommand","Test":"TestCompatibilityBoundsRealStreamsBeforeRawOutcome/both","Elapsed":0}
{"Time":"2026-10-09T01:55:22.903282833Z","Action":"output","Package":"go.temporal.io/server/tools/gomad3/target/internal/gocommand","Test":"TestCompatibilityBoundsRealStreamsBeforeRawOutcome","Output":"--- PASS: TestCompatibilityBoundsRealStreamsBeforeRawOutcome (0.01s)\n","OutputType":"frame"}
{"Time":"2026-10-09T01:55:22.904073833Z","Action":"pass","Package":"go.temporal.io/server/tools/gomad3/target/internal/gocommand","Test":"TestCompatibilityBoundsRealStreamsBeforeRawOutcome","Elapsed":0.01}
{"Time":"2026-10-09T01:55:22.904133042Z","Action":"run","Package":"go.temporal.io/server/tools/gomad3/target/internal/gocommand","Test":"TestCompatibilityCallerLifetimeKillsLeaderBeforeDescendants"}
{"Time":"2026-10-09T01:55:22.904166292Z","Action":"output","Package":"go.temporal.io/server/tools/gomad3/target/internal/gocommand","Test":"TestCompatibilityCallerLifetimeKillsLeaderBeforeDescendants","Output":"=== RUN   TestCompatibilityCallerLifetimeKillsLeaderBeforeDescendants\n","OutputType":"frame"}
{"Time":"2026-10-09T01:55:22.904187625Z","Action":"run","Package":"go.temporal.io/server/tools/gomad3/target/internal/gocommand","Test":"TestCompatibilityCallerLifetimeKillsLeaderBeforeDescendants/cancel"}
{"Time":"2026-10-09T01:55:22.904207375Z","Action":"output","Package":"go.temporal.io/server/tools/gomad3/target/internal/gocommand","Test":"TestCompatibilityCallerLifetimeKillsLeaderBeforeDescendants/cancel","Output":"=== RUN   TestCompatibilityCallerLifetimeKillsLeaderBeforeDescendants/cancel\n","OutputType":"frame"}
{"Time":"2026-10-09T01:55:23.082714417Z","Action":"output","Package":"go.temporal.io/server/tools/gomad3/target/internal/gocommand","Test":"TestCompatibilityCallerLifetimeKillsLeaderBeforeDescendants/cancel","Output":"--- PASS: TestCompatibilityCallerLifetimeKillsLeaderBeforeDescendants/cancel (0.18s)\n","OutputType":"frame"}
{"Time":"2026-10-09T01:55:23.084953708Z","Action":"pass","Package":"go.temporal.io/server/tools/gomad3/target/internal/gocommand","Test":"TestCompatibilityCallerLifetimeKillsLeaderBeforeDescendants/cancel","Elapsed":0.18}
{"Time":"2026-10-09T01:55:23.087605Z","Action":"run","Package":"go.temporal.io/server/tools/gomad3/target/internal/gocommand","Test":"TestCompatibilityCallerLifetimeKillsLeaderBeforeDescendants/deadline"}
{"Time":"2026-10-09T01:55:23.091988625Z","Action":"output","Package":"go.temporal.io/server/tools/gomad3/target/internal/gocommand","Test":"TestCompatibilityCallerLifetimeKillsLeaderBeforeDescendants/deadline","Output":"=== RUN   TestCompatibilityCallerLifetimeKillsLeaderBeforeDescendants/deadline\n","OutputType":"frame"}
{"Time":"2026-10-09T01:55:23.203002875Z","Action":"output","Package":"go.temporal.io/server/tools/gomad3/target","Test":"TestCollectCapabilityListingPreservesBoundedOutputError/stdout_exact_capacity","Output":"--- PASS: TestCollectCapabilityListingPreservesBoundedOutputError/stdout_exact_capacity (0.33s)\n","OutputType":"frame"}
{"Time":"2026-10-09T01:55:23.203098542Z","Action":"pass","Package":"go.temporal.io/server/tools/gomad3/target","Test":"TestCollectCapabilityListingPreservesBoundedOutputError/stdout_exact_capacity","Elapsed":0.33}
{"Time":"2026-10-09T01:55:23.203183708Z","Action":"run","Package":"go.temporal.io/server/tools/gomad3/target","Test":"TestCollectCapabilityListingPreservesBoundedOutputError/stderr_exact_capacity"}
{"Time":"2026-10-09T01:55:23.203226875Z","Action":"output","Package":"go.temporal.io/server/tools/gomad3/target","Test":"TestCollectCapabilityListingPreservesBoundedOutputError/stderr_exact_capacity","Output":"=== RUN   TestCollectCapabilityListingPreservesBoundedOutputError/stderr_exact_capacity\n","OutputType":"frame"}
{"Time":"2026-10-09T01:55:23.329621792Z","Action":"output","Package":"go.temporal.io/server/tools/gomad3/target","Test":"TestCollectCapabilityListingPreservesBoundedOutputError/stderr_exact_capacity","Output":"--- PASS: TestCollectCapabilityListingPreservesBoundedOutputError/stderr_exact_capacity (0.13s)\n","OutputType":"frame"}
{"Time":"2026-10-09T01:55:23.329719792Z","Action":"pass","Package":"go.temporal.io/server/tools/gomad3/target","Test":"TestCollectCapabilityListingPreservesBoundedOutputError/stderr_exact_capacity","Elapsed":0.13}
{"Time":"2026-10-09T01:55:23.32982Z","Action":"run","Package":"go.temporal.io/server/tools/gomad3/target","Test":"TestCollectCapabilityListingPreservesBoundedOutputError/stdout_limit_plus_one"}
{"Time":"2026-10-09T01:55:23.330019458Z","Action":"output","Package":"go.temporal.io/server/tools/gomad3/target","Test":"TestCollectCapabilityListingPreservesBoundedOutputError/stdout_limit_plus_one","Output":"=== RUN   TestCollectCapabilityListingPreservesBoundedOutputError/stdout_limit_plus_one\n","OutputType":"frame"}
{"Time":"2026-10-09T01:55:23.430912917Z","Action":"output","Package":"go.temporal.io/server/tools/gomad3/target","Test":"TestCollectCapabilityListingPreservesBoundedOutputError/stdout_limit_plus_one","Output":"--- PASS: TestCollectCapabilityListingPreservesBoundedOutputError/stdout_limit_plus_one (0.10s)\n","OutputType":"frame"}
{"Time":"2026-10-09T01:55:23.430984792Z","Action":"pass","Package":"go.temporal.io/server/tools/gomad3/target","Test":"TestCollectCapabilityListingPreservesBoundedOutputError/stdout_limit_plus_one","Elapsed":0.1}
{"Time":"2026-10-09T01:55:23.431021833Z","Action":"run","Package":"go.temporal.io/server/tools/gomad3/target","Test":"TestCollectCapabilityListingPreservesBoundedOutputError/stderr_limit_plus_one"}
{"Time":"2026-10-09T01:55:23.431090417Z","Action":"output","Package":"go.temporal.io/server/tools/gomad3/target","Test":"TestCollectCapabilityListingPreservesBoundedOutputError/stderr_limit_plus_one","Output":"=== RUN   TestCollectCapabilityListingPreservesBoundedOutputError/stderr_limit_plus_one\n","OutputType":"frame"}
{"Time":"2026-10-09T01:55:23.539565958Z","Action":"output","Package":"go.temporal.io/server/tools/gomad3/target","Test":"TestCollectCapabilityListingPreservesBoundedOutputError/stderr_limit_plus_one","Output":"--- PASS: TestCollectCapabilityListingPreservesBoundedOutputError/stderr_limit_plus_one (0.11s)\n","OutputType":"frame"}
{"Time":"2026-10-09T01:55:23.539668417Z","Action":"pass","Package":"go.temporal.io/server/tools/gomad3/target","Test":"TestCollectCapabilityListingPreservesBoundedOutputError/stderr_limit_plus_one","Elapsed":0.11}
{"Time":"2026-10-09T01:55:23.540298583Z","Action":"run","Package":"go.temporal.io/server/tools/gomad3/target","Test":"TestCollectCapabilityListingPreservesBoundedOutputError/both_streams_overflow"}
{"Time":"2026-10-09T01:55:23.540333958Z","Action":"output","Package":"go.temporal.io/server/tools/gomad3/target","Test":"TestCollectCapabilityListingPreservesBoundedOutputError/both_streams_overflow","Output":"=== RUN   TestCollectCapabilityListingPreservesBoundedOutputError/both_streams_overflow\n","OutputType":"frame"}
{"Time":"2026-10-09T01:55:23.742253042Z","Action":"output","Package":"go.temporal.io/server/tools/gomad3/target","Test":"TestCollectCapabilityListingPreservesBoundedOutputError/both_streams_overflow","Output":"--- PASS: TestCollectCapabilityListingPreservesBoundedOutputError/both_streams_overflow (0.20s)\n","OutputType":"frame"}
{"Time":"2026-10-09T01:55:23.742781417Z","Action":"pass","Package":"go.temporal.io/server/tools/gomad3/target","Test":"TestCollectCapabilityListingPreservesBoundedOutputError/both_streams_overflow","Elapsed":0.2}
{"Time":"2026-10-09T01:55:23.743021Z","Action":"run","Package":"go.temporal.io/server/tools/gomad3/target","Test":"TestCollectCapabilityListingPreservesBoundedOutputError/stdout_overflow_before_failed_process"}
{"Time":"2026-10-09T01:55:23.743066917Z","Action":"output","Package":"go.temporal.io/server/tools/gomad3/target","Test":"TestCollectCapabilityListingPreservesBoundedOutputError/stdout_overflow_before_failed_process","Output":"=== RUN   TestCollectCapabilityListingPreservesBoundedOutputError/stdout_overflow_before_failed_process\n","OutputType":"frame"}
{"Time":"2026-10-09T01:55:23.9732895Z","Action":"output","Package":"go.temporal.io/server/tools/gomad3/target","Test":"TestCollectCapabilityListingPreservesBoundedOutputError/stdout_overflow_before_failed_process","Output":"--- PASS: TestCollectCapabilityListingPreservesBoundedOutputError/stdout_overflow_before_failed_process (0.23s)\n","OutputType":"frame"}
{"Time":"2026-10-09T01:55:23.973351959Z","Action":"pass","Package":"go.temporal.io/server/tools/gomad3/target","Test":"TestCollectCapabilityListingPreservesBoundedOutputError/stdout_overflow_before_failed_process","Elapsed":0.23}
{"Time":"2026-10-09T01:55:23.973382125Z","Action":"run","Package":"go.temporal.io/server/tools/gomad3/target","Test":"TestCollectCapabilityListingPreservesBoundedOutputError/stderr_overflow_before_failed_process"}
{"Time":"2026-10-09T01:55:23.973407417Z","Action":"output","Package":"go.temporal.io/server/tools/gomad3/target","Test":"TestCollectCapabilityListingPreservesBoundedOutputError/stderr_overflow_before_failed_process","Output":"=== RUN   TestCollectCapabilityListingPreservesBoundedOutputError/stderr_overflow_before_failed_process\n","OutputType":"frame"}
{"Time":"2026-10-09T01:55:24.057985Z","Action":"output","Package":"go.temporal.io/server/tools/gomad3/target","Test":"TestCollectCapabilityListingPreservesBoundedOutputError/stderr_overflow_before_failed_process","Output":"--- PASS: TestCollectCapabilityListingPreservesBoundedOutputError/stderr_overflow_before_failed_process (0.08s)\n","OutputType":"frame"}
{"Time":"2026-10-09T01:55:24.058088625Z","Action":"pass","Package":"go.temporal.io/server/tools/gomad3/target","Test":"TestCollectCapabilityListingPreservesBoundedOutputError/stderr_overflow_before_failed_process","Elapsed":0.08}
{"Time":"2026-10-09T01:55:24.05812675Z","Action":"output","Package":"go.temporal.io/server/tools/gomad3/target","Test":"TestCollectCapabilityListingPreservesBoundedOutputError","Output":"--- PASS: TestCollectCapabilityListingPreservesBoundedOutputError (1.19s)\n","OutputType":"frame"}
{"Time":"2026-10-09T01:55:24.0581605Z","Action":"pass","Package":"go.temporal.io/server/tools/gomad3/target","Test":"TestCollectCapabilityListingPreservesBoundedOutputError","Elapsed":1.19}
{"Time":"2026-10-09T01:55:24.058442834Z","Action":"run","Package":"go.temporal.io/server/tools/gomad3/target","Test":"TestCollectCapabilityListingPreservesInfrastructureContainingOverflow"}
{"Time":"2026-10-09T01:55:24.058542209Z","Action":"output","Package":"go.temporal.io/server/tools/gomad3/target","Test":"TestCollectCapabilityListingPreservesInfrastructureContainingOverflow","Output":"=== RUN   TestCollectCapabilityListingPreservesInfrastructureContainingOverflow\n","OutputType":"frame"}
{"Time":"2026-10-09T01:55:24.068398Z","Action":"output","Package":"go.temporal.io/server/tools/gomad3/target","Test":"TestCollectCapabilityListingPreservesInfrastructureContainingOverflow","Output":"--- PASS: TestCollectCapabilityListingPreservesInfrastructureContainingOverflow (0.01s)\n","OutputType":"frame"}
{"Time":"2026-10-09T01:55:24.068575Z","Action":"pass","Package":"go.temporal.io/server/tools/gomad3/target","Test":"TestCollectCapabilityListingPreservesInfrastructureContainingOverflow","Elapsed":0.01}
{"Time":"2026-10-09T01:55:24.068623125Z","Action":"run","Package":"go.temporal.io/server/tools/gomad3/target","Test":"TestCollectCapabilityListingPreservesActualCancellationBeforeOverflow"}
{"Time":"2026-10-09T01:55:24.068649084Z","Action":"output","Package":"go.temporal.io/server/tools/gomad3/target","Test":"TestCollectCapabilityListingPreservesActualCancellationBeforeOverflow","Output":"=== RUN   TestCollectCapabilityListingPreservesActualCancellationBeforeOverflow\n","OutputType":"frame"}
{"Time":"2026-10-09T01:55:24.173843417Z","Action":"output","Package":"go.temporal.io/server/tools/gomad3/target","Test":"TestCollectCapabilityListingPreservesActualCancellationBeforeOverflow","Output":"--- PASS: TestCollectCapabilityListingPreservesActualCancellationBeforeOverflow (0.11s)\n","OutputType":"frame"}
{"Time":"2026-10-09T01:55:24.173923625Z","Action":"pass","Package":"go.temporal.io/server/tools/gomad3/target","Test":"TestCollectCapabilityListingPreservesActualCancellationBeforeOverflow","Elapsed":0.11}
{"Time":"2026-10-09T01:55:24.17400625Z","Action":"run","Package":"go.temporal.io/server/tools/gomad3/target","Test":"TestCapabilityReviewGoldenCanonicalBytes"}
{"Time":"2026-10-09T01:55:24.174111917Z","Action":"output","Package":"go.temporal.io/server/tools/gomad3/target","Test":"TestCapabilityReviewGoldenCanonicalBytes","Output":"=== RUN   TestCapabilityReviewGoldenCanonicalBytes\n","OutputType":"frame"}
{"Time":"2026-10-09T01:55:24.228477542Z","Action":"run","Package":"go.temporal.io/server/tools/gomad3/target","Test":"TestCapabilityReviewGoldenCanonicalBytes/closure-findings"}
{"Time":"2026-10-09T01:55:24.228596709Z","Action":"output","Package":"go.temporal.io/server/tools/gomad3/target","Test":"TestCapabilityReviewGoldenCanonicalBytes/closure-findings","Output":"=== RUN   TestCapabilityReviewGoldenCanonicalBytes/closure-findings\n","OutputType":"frame"}
{"Time":"2026-10-09T01:55:24.228870167Z","Action":"output","Package":"go.temporal.io/server/tools/gomad3/target","Test":"TestCapabilityReviewGoldenCanonicalBytes/closure-findings","Output":"--- PASS: TestCapabilityReviewGoldenCanonicalBytes/closure-findings (0.00s)\n","OutputType":"frame"}
{"Time":"2026-10-09T01:55:24.228909375Z","Action":"pass","Package":"go.temporal.io/server/tools/gomad3/target","Test":"TestCapabilityReviewGoldenCanonicalBytes/closure-findings","Elapsed":0}
{"Time":"2026-10-09T01:55:24.228925375Z","Action":"run","Package":"go.temporal.io/server/tools/gomad3/target","Test":"TestCapabilityReviewGoldenCanonicalBytes/closure-sources"}
{"Time":"2026-10-09T01:55:24.2289385Z","Action":"output","Package":"go.temporal.io/server/tools/gomad3/target","Test":"TestCapabilityReviewGoldenCanonicalBytes/closure-sources","Output":"=== RUN   TestCapabilityReviewGoldenCanonicalBytes/closure-sources\n","OutputType":"frame"}
{"Time":"2026-10-09T01:55:24.229189459Z","Action":"output","Package":"go.temporal.io/server/tools/gomad3/target","Test":"TestCapabilityReviewGoldenCanonicalBytes/closure-sources","Output":"--- PASS: TestCapabilityReviewGoldenCanonicalBytes/closure-sources (0.00s)\n","OutputType":"frame"}
{"Time":"2026-10-09T01:55:24.229245584Z","Action":"pass","Package":"go.temporal.io/server/tools/gomad3/target","Test":"TestCapabilityReviewGoldenCanonicalBytes/closure-sources","Elapsed":0}
{"Time":"2026-10-09T01:55:24.229268834Z","Action":"run","Package":"go.temporal.io/server/tools/gomad3/target","Test":"TestCapabilityReviewGoldenCanonicalBytes/closure-adapter"}
{"Time":"2026-10-09T01:55:24.2292865Z","Action":"output","Package":"go.temporal.io/server/tools/gomad3/target","Test":"TestCapabilityReviewGoldenCanonicalBytes/closure-adapter","Output":"=== RUN   TestCapabilityReviewGoldenCanonicalBytes/closure-adapter\n","OutputType":"frame"}
{"Time":"2026-10-09T01:55:24.229401834Z","Action":"output","Package":"go.temporal.io/server/tools/gomad3/target","Test":"TestCapabilityReviewGoldenCanonicalBytes/closure-adapter","Output":"--- PASS: TestCapabilityReviewGoldenCanonicalBytes/closure-adapter (0.00s)\n","OutputType":"frame"}
{"Time":"2026-10-09T01:55:24.229472875Z","Action":"pass","Package":"go.temporal.io/server/tools/gomad3/target","Test":"TestCapabilityReviewGoldenCanonicalBytes/closure-adapter","Elapsed":0}
{"Time":"2026-10-09T01:55:24.229494Z","Action":"run","Package":"go.temporal.io/server/tools/gomad3/target","Test":"TestCapabilityReviewGoldenCanonicalBytes/linked"}
{"Time":"2026-10-09T01:55:24.229510042Z","Action":"output","Package":"go.temporal.io/server/tools/gomad3/target","Test":"TestCapabilityReviewGoldenCanonicalBytes/linked","Output":"=== RUN   TestCapabilityReviewGoldenCanonicalBytes/linked\n","OutputType":"frame"}
{"Time":"2026-10-09T01:55:24.229892834Z","Action":"output","Package":"go.temporal.io/server/tools/gomad3/target","Test":"TestCapabilityReviewGoldenCanonicalBytes/linked","Output":"--- PASS: TestCapabilityReviewGoldenCanonicalBytes/linked (0.00s)\n","OutputType":"frame"}
{"Time":"2026-10-09T01:55:24.229936875Z","Action":"pass","Package":"go.temporal.io/server/tools/gomad3/target","Test":"TestCapabilityReviewGoldenCanonicalBytes/linked","Elapsed":0}
{"Time":"2026-10-09T01:55:24.229960167Z","Action":"run","Package":"go.temporal.io/server/tools/gomad3/target","Test":"TestCapabilityReviewGoldenCanonicalBytes/guarded"}
{"Time":"2026-10-09T01:55:24.229982625Z","Action":"output","Package":"go.temporal.io/server/tools/gomad3/target","Test":"TestCapabilityReviewGoldenCanonicalBytes/guarded","Output":"=== RUN   TestCapabilityReviewGoldenCanonicalBytes/guarded\n","OutputType":"frame"}
{"Time":"2026-10-09T01:55:24.23024375Z","Action":"output","Package":"go.temporal.io/server/tools/gomad3/target","Test":"TestCapabilityReviewGoldenCanonicalBytes/guarded","Output":"--- PASS: TestCapabilityReviewGoldenCanonicalBytes/guarded (0.00s)\n","OutputType":"frame"}
{"Time":"2026-10-09T01:55:24.230261042Z","Action":"pass","Package":"go.temporal.io/server/tools/gomad3/target","Test":"TestCapabilityReviewGoldenCanonicalBytes/guarded","Elapsed":0}
{"Time":"2026-10-09T01:55:24.230273292Z","Action":"run","Package":"go.temporal.io/server/tools/gomad3/target","Test":"TestCapabilityReviewGoldenCanonicalBytes/recorded-closure"}
{"Time":"2026-10-09T01:55:24.230286167Z","Action":"output","Package":"go.temporal.io/server/tools/gomad3/target","Test":"TestCapabilityReviewGoldenCanonicalBytes/recorded-closure","Output":"=== RUN   TestCapabilityReviewGoldenCanonicalBytes/recorded-closure\n","OutputType":"frame"}
{"Time":"2026-10-09T01:55:24.230523375Z","Action":"output","Package":"go.temporal.io/server/tools/gomad3/target","Test":"TestCapabilityReviewGoldenCanonicalBytes/recorded-closure","Output":"--- PASS: TestCapabilityReviewGoldenCanonicalBytes/recorded-closure (0.00s)\n","OutputType":"frame"}
{"Time":"2026-10-09T01:55:24.230554084Z","Action":"pass","Package":"go.temporal.io/server/tools/gomad3/target","Test":"TestCapabilityReviewGoldenCanonicalBytes/recorded-closure","Elapsed":0}
{"Time":"2026-10-09T01:55:24.231605292Z","Action":"output","Package":"go.temporal.io/server/tools/gomad3/target","Test":"TestCapabilityReviewGoldenCanonicalBytes","Output":"--- PASS: TestCapabilityReviewGoldenCanonicalBytes (0.06s)\n","OutputType":"frame"}
{"Time":"2026-10-09T01:55:24.231637917Z","Action":"pass","Package":"go.temporal.io/server/tools/gomad3/target","Test":"TestCapabilityReviewGoldenCanonicalBytes","Elapsed":0.06}
{"Time":"2026-10-09T01:55:24.231651542Z","Action":"run","Package":"go.temporal.io/server/tools/gomad3/target","Test":"TestCompatibilityPackProjectionPreservesCompleteEvidence"}
{"Time":"2026-10-09T01:55:24.231663042Z","Action":"output","Package":"go.temporal.io/server/tools/gomad3/target","Test":"TestCompatibilityPackProjectionPreservesCompleteEvidence","Output":"=== RUN   TestCompatibilityPackProjectionPreservesCompleteEvidence\n","OutputType":"frame"}
{"Time":"2026-10-09T01:55:24.231872834Z","Action":"output","Package":"go.temporal.io/server/tools/gomad3/target","Test":"TestCompatibilityPackProjectionPreservesCompleteEvidence","Output":"--- PASS: TestCompatibilityPackProjectionPreservesCompleteEvidence (0.00s)\n","OutputType":"frame"}
{"Time":"2026-10-09T01:55:24.232633167Z","Action":"pass","Package":"go.temporal.io/server/tools/gomad3/target","Test":"TestCompatibilityPackProjectionPreservesCompleteEvidence","Elapsed":0}
{"Time":"2026-10-09T01:55:24.232662084Z","Action":"run","Package":"go.temporal.io/server/tools/gomad3/target","Test":"TestCompatibilityPackProjectionPreservesNilAndEmpty"}
{"Time":"2026-10-09T01:55:24.232740875Z","Action":"output","Package":"go.temporal.io/server/tools/gomad3/target","Test":"TestCompatibilityPackProjectionPreservesNilAndEmpty","Output":"=== RUN   TestCompatibilityPackProjectionPreservesNilAndEmpty\n","OutputType":"frame"}
{"Time":"2026-10-09T01:55:24.232766459Z","Action":"output","Package":"go.temporal.io/server/tools/gomad3/target","Test":"TestCompatibilityPackProjectionPreservesNilAndEmpty","Output":"--- PASS: TestCompatibilityPackProjectionPreservesNilAndEmpty (0.00s)\n","OutputType":"frame"}
{"Time":"2026-10-09T01:55:24.232782042Z","Action":"pass","Package":"go.temporal.io/server/tools/gomad3/target","Test":"TestCompatibilityPackProjectionPreservesNilAndEmpty","Elapsed":0}
{"Time":"2026-10-09T01:55:24.232798459Z","Action":"run","Package":"go.temporal.io/server/tools/gomad3/target","Test":"TestCompatibilityPackProjectionPreservesOrderAndDetachesNestedStorage"}
{"Time":"2026-10-09T01:55:24.232808959Z","Action":"output","Package":"go.temporal.io/server/tools/gomad3/target","Test":"TestCompatibilityPackProjectionPreservesOrderAndDetachesNestedStorage","Output":"=== RUN   TestCompatibilityPackProjectionPreservesOrderAndDetachesNestedStorage\n","OutputType":"frame"}
{"Time":"2026-10-09T01:55:24.232856709Z","Action":"output","Package":"go.temporal.io/server/tools/gomad3/target","Test":"TestCompatibilityPackProjectionPreservesOrderAndDetachesNestedStorage","Output":"--- PASS: TestCompatibilityPackProjectionPreservesOrderAndDetachesNestedStorage (0.00s)\n","OutputType":"frame"}
{"Time":"2026-10-09T01:55:24.232882042Z","Action":"pass","Package":"go.temporal.io/server/tools/gomad3/target","Test":"TestCompatibilityPackProjectionPreservesOrderAndDetachesNestedStorage","Elapsed":0}
{"Time":"2026-10-09T01:55:24.2329Z","Action":"run","Package":"go.temporal.io/server/tools/gomad3/target","Test":"TestProjectCapabilityReviewCollectsEveryDeniedFinding"}
{"Time":"2026-10-09T01:55:24.232915209Z","Action":"output","Package":"go.temporal.io/server/tools/gomad3/target","Test":"TestProjectCapabilityReviewCollectsEveryDeniedFinding","Output":"=== RUN   TestProjectCapabilityReviewCollectsEveryDeniedFinding\n","OutputType":"frame"}
{"Time":"2026-10-09T01:55:24.251615334Z","Action":"output","Package":"go.temporal.io/server/tools/gomad3/target","Test":"TestProjectCapabilityReviewCollectsEveryDeniedFinding","Output":"--- PASS: TestProjectCapabilityReviewCollectsEveryDeniedFinding (0.02s)\n","OutputType":"frame"}
{"Time":"2026-10-09T01:55:24.251669751Z","Action":"pass","Package":"go.temporal.io/server/tools/gomad3/target","Test":"TestProjectCapabilityReviewCollectsEveryDeniedFinding","Elapsed":0.02}
{"Time":"2026-10-09T01:55:24.251705376Z","Action":"run","Package":"go.temporal.io/server/tools/gomad3/target","Test":"TestProjectCapabilityReviewHashesForeignSources"}
{"Time":"2026-10-09T01:55:24.251767542Z","Action":"output","Package":"go.temporal.io/server/tools/gomad3/target","Test":"TestProjectCapabilityReviewHashesForeignSources","Output":"=== RUN   TestProjectCapabilityReviewHashesForeignSources\n","OutputType":"frame"}
{"Time":"2026-10-09T01:55:24.261573667Z","Action":"output","Package":"go.temporal.io/server/tools/gomad3/target","Test":"TestProjectCapabilityReviewHashesForeignSources","Output":"--- PASS: TestProjectCapabilityReviewHashesForeignSources (0.01s)\n","OutputType":"frame"}
{"Time":"2026-10-09T01:55:24.261668792Z","Action":"pass","Package":"go.temporal.io/server/tools/gomad3/target","Test":"TestProjectCapabilityReviewHashesForeignSources","Elapsed":0.01}
{"Time":"2026-10-09T01:55:24.261757501Z","Action":"run","Package":"go.temporal.io/server/tools/gomad3/target","Test":"TestProjectCapabilityReviewHashesHeaderWithoutExecutableFinding"}
{"Time":"2026-10-09T01:55:24.261785292Z","Action":"output","Package":"go.temporal.io/server/tools/gomad3/target","Test":"TestProjectCapabilityReviewHashesHeaderWithoutExecutableFinding","Output":"=== RUN   TestProjectCapabilityReviewHashesHeaderWithoutExecutableFinding\n","OutputType":"frame"}
{"Time":"2026-10-09T01:55:24.271748459Z","Action":"output","Package":"go.temporal.io/server/tools/gomad3/target","Test":"TestProjectCapabilityReviewHashesHeaderWithoutExecutableFinding","Output":"--- PASS: TestProjectCapabilityReviewHashesHeaderWithoutExecutableFinding (0.01s)\n","OutputType":"frame"}
{"Time":"2026-10-09T01:55:24.271829792Z","Action":"pass","Package":"go.temporal.io/server/tools/gomad3/target","Test":"TestProjectCapabilityReviewHashesHeaderWithoutExecutableFinding","Elapsed":0.01}
{"Time":"2026-10-09T01:55:24.271859959Z","Action":"run","Package":"go.temporal.io/server/tools/gomad3/target","Test":"TestProjectCapabilityReviewValidatesAdapterReplacementEvidence"}
{"Time":"2026-10-09T01:55:24.271879459Z","Action":"output","Package":"go.temporal.io/server/tools/gomad3/target","Test":"TestProjectCapabilityReviewValidatesAdapterReplacementEvidence","Output":"=== RUN   TestProjectCapabilityReviewValidatesAdapterReplacementEvidence\n","OutputType":"frame"}
{"Time":"2026-10-09T01:55:24.282015792Z","Action":"output","Package":"go.temporal.io/server/tools/gomad3/target","Test":"TestProjectCapabilityReviewValidatesAdapterReplacementEvidence","Output":"--- PASS: TestProjectCapabilityReviewValidatesAdapterReplacementEvidence (0.01s)\n","OutputType":"frame"}
{"Time":"2026-10-09T01:55:24.282117876Z","Action":"pass","Package":"go.temporal.io/server/tools/gomad3/target","Test":"TestProjectCapabilityReviewValidatesAdapterReplacementEvidence","Elapsed":0.01}
{"Time":"2026-10-09T01:55:24.282154876Z","Action":"run","Package":"go.temporal.io/server/tools/gomad3/target","Test":"TestProjectCapabilityReviewValidatesNestedAdapterPreparedPackage"}
{"Time":"2026-10-09T01:55:24.282175917Z","Action":"output","Package":"go.temporal.io/server/tools/gomad3/target","Test":"TestProjectCapabilityReviewValidatesNestedAdapterPreparedPackage","Output":"=== RUN   TestProjectCapabilityReviewValidatesNestedAdapterPreparedPackage\n","OutputType":"frame"}
{"Time":"2026-10-09T01:55:24.301481209Z","Action":"output","Package":"go.temporal.io/server/tools/gomad3/target","Test":"TestProjectCapabilityReviewValidatesNestedAdapterPreparedPackage","Output":"--- PASS: TestProjectCapabilityReviewValidatesNestedAdapterPreparedPackage (0.02s)\n","OutputType":"frame"}
{"Time":"2026-10-09T01:55:24.301926959Z","Action":"pass","Package":"go.temporal.io/server/tools/gomad3/target","Test":"TestProjectCapabilityReviewValidatesNestedAdapterPreparedPackage","Elapsed":0.02}
{"Time":"2026-10-09T01:55:24.301976792Z","Action":"run","Package":"go.temporal.io/server/tools/gomad3/target","Test":"TestProjectCapabilityReviewMapsAdapterInventoryCapacity"}
{"Time":"2026-10-09T01:55:24.302005167Z","Action":"output","Package":"go.temporal.io/server/tools/gomad3/target","Test":"TestProjectCapabilityReviewMapsAdapterInventoryCapacity","Output":"=== RUN   TestProjectCapabilityReviewMapsAdapterInventoryCapacity\n","OutputType":"frame"}
{"Time":"2026-10-09T01:55:25.211780126Z","Action":"output","Package":"go.temporal.io/server/tools/gomad3/target/internal/gocommand","Test":"TestCompatibilityCallerLifetimeKillsLeaderBeforeDescendants/deadline","Output":"--- PASS: TestCompatibilityCallerLifetimeKillsLeaderBeforeDescendants/deadline (2.13s)\n","OutputType":"frame"}
{"Time":"2026-10-09T01:55:25.211867668Z","Action":"pass","Package":"go.temporal.io/server/tools/gomad3/target/internal/gocommand","Test":"TestCompatibilityCallerLifetimeKillsLeaderBeforeDescendants/deadline","Elapsed":2.13}
{"Time":"2026-10-09T01:55:25.211901709Z","Action":"run","Package":"go.temporal.io/server/tools/gomad3/target/internal/gocommand","Test":"TestCompatibilityCallerLifetimeKillsLeaderBeforeDescendants/watchdog"}
{"Time":"2026-10-09T01:55:25.211921084Z","Action":"output","Package":"go.temporal.io/server/tools/gomad3/target/internal/gocommand","Test":"TestCompatibilityCallerLifetimeKillsLeaderBeforeDescendants/watchdog","Output":"=== RUN   TestCompatibilityCallerLifetimeKillsLeaderBeforeDescendants/watchdog\n","OutputType":"frame"}
{"Time":"2026-10-09T01:55:26.379615668Z","Action":"output","Package":"go.temporal.io/server/tools/gomad3/target/internal/gocommand","Test":"TestCompatibilityCallerLifetimeKillsLeaderBeforeDescendants/watchdog","Output":"--- PASS: TestCompatibilityCallerLifetimeKillsLeaderBeforeDescendants/watchdog (1.16s)\n","OutputType":"frame"}
{"Time":"2026-10-09T01:55:26.393387627Z","Action":"pass","Package":"go.temporal.io/server/tools/gomad3/target/internal/gocommand","Test":"TestCompatibilityCallerLifetimeKillsLeaderBeforeDescendants/watchdog","Elapsed":1.16}
{"Time":"2026-10-09T01:55:26.394806543Z","Action":"run","Package":"go.temporal.io/server/tools/gomad3/target/internal/gocommand","Test":"TestCompatibilityCallerLifetimeKillsLeaderBeforeDescendants/cancel-overflow"}
{"Time":"2026-10-09T01:55:26.395233377Z","Action":"output","Package":"go.temporal.io/server/tools/gomad3/target/internal/gocommand","Test":"TestCompatibilityCallerLifetimeKillsLeaderBeforeDescendants/cancel-overflow","Output":"=== RUN   TestCompatibilityCallerLifetimeKillsLeaderBeforeDescendants/cancel-overflow\n","OutputType":"frame"}
{"Time":"2026-10-09T01:55:26.704365585Z","Action":"output","Package":"go.temporal.io/server/tools/gomad3/target/internal/gocommand","Test":"TestCompatibilityCallerLifetimeKillsLeaderBeforeDescendants/cancel-overflow","Output":"--- PASS: TestCompatibilityCallerLifetimeKillsLeaderBeforeDescendants/cancel-overflow (0.33s)\n","OutputType":"frame"}
{"Time":"2026-10-09T01:55:26.715095918Z","Action":"pass","Package":"go.temporal.io/server/tools/gomad3/target/internal/gocommand","Test":"TestCompatibilityCallerLifetimeKillsLeaderBeforeDescendants/cancel-overflow","Elapsed":0.33}
{"Time":"2026-10-09T01:55:26.755849293Z","Action":"run","Package":"go.temporal.io/server/tools/gomad3/target/internal/gocommand","Test":"TestCompatibilityCallerLifetimeKillsLeaderBeforeDescendants/cancel-stderr-overflow"}
{"Time":"2026-10-09T01:55:26.756017835Z","Action":"output","Package":"go.temporal.io/server/tools/gomad3/target/internal/gocommand","Test":"TestCompatibilityCallerLifetimeKillsLeaderBeforeDescendants/cancel-stderr-overflow","Output":"=== RUN   TestCompatibilityCallerLifetimeKillsLeaderBeforeDescendants/cancel-stderr-overflow\n","OutputType":"frame"}
{"Time":"2026-10-09T01:55:26.915308918Z","Action":"output","Package":"go.temporal.io/server/tools/gomad3/target/internal/gocommand","Test":"TestCompatibilityCallerLifetimeKillsLeaderBeforeDescendants/cancel-stderr-overflow","Output":"--- PASS: TestCompatibilityCallerLifetimeKillsLeaderBeforeDescendants/cancel-stderr-overflow (0.21s)\n","OutputType":"frame"}
{"Time":"2026-10-09T01:55:26.926617668Z","Action":"pass","Package":"go.temporal.io/server/tools/gomad3/target/internal/gocommand","Test":"TestCompatibilityCallerLifetimeKillsLeaderBeforeDescendants/cancel-stderr-overflow","Elapsed":0.21}
{"Time":"2026-10-09T01:55:26.928323668Z","Action":"output","Package":"go.temporal.io/server/tools/gomad3/target/internal/gocommand","Test":"TestCompatibilityCallerLifetimeKillsLeaderBeforeDescendants","Output":"--- PASS: TestCompatibilityCallerLifetimeKillsLeaderBeforeDescendants (4.01s)\n","OutputType":"frame"}
{"Time":"2026-10-09T01:55:26.928443377Z","Action":"pass","Package":"go.temporal.io/server/tools/gomad3/target/internal/gocommand","Test":"TestCompatibilityCallerLifetimeKillsLeaderBeforeDescendants","Elapsed":4.01}
{"Time":"2026-10-09T01:55:26.928672752Z","Action":"run","Package":"go.temporal.io/server/tools/gomad3/target/internal/gocommand","Test":"TestCompatibilityKeepsCompletedOutcomeAndCleanupPrecedence"}
{"Time":"2026-10-09T01:55:26.928817627Z","Action":"output","Package":"go.temporal.io/server/tools/gomad3/target/internal/gocommand","Test":"TestCompatibilityKeepsCompletedOutcomeAndCleanupPrecedence","Output":"=== RUN   TestCompatibilityKeepsCompletedOutcomeAndCleanupPrecedence\n","OutputType":"frame"}
{"Time":"2026-10-09T01:55:26.977755793Z","Action":"output","Package":"go.temporal.io/server/tools/gomad3/target/internal/gocommand","Test":"TestCompatibilityKeepsCompletedOutcomeAndCleanupPrecedence","Output":"--- PASS: TestCompatibilityKeepsCompletedOutcomeAndCleanupPrecedence (0.06s)\n","OutputType":"frame"}
{"Time":"2026-10-09T01:55:26.978139752Z","Action":"pass","Package":"go.temporal.io/server/tools/gomad3/target/internal/gocommand","Test":"TestCompatibilityKeepsCompletedOutcomeAndCleanupPrecedence","Elapsed":0.06}
{"Time":"2026-10-09T01:55:26.97826421Z","Action":"run","Package":"go.temporal.io/server/tools/gomad3/target/internal/gocommand","Test":"TestCompatibilityUsesFiniteDefaultWatchdogAndPositiveCapacity"}
{"Time":"2026-10-09T01:55:26.978302543Z","Action":"output","Package":"go.temporal.io/server/tools/gomad3/target/internal/gocommand","Test":"TestCompatibilityUsesFiniteDefaultWatchdogAndPositiveCapacity","Output":"=== RUN   TestCompatibilityUsesFiniteDefaultWatchdogAndPositiveCapacity\n","OutputType":"frame"}
{"Time":"2026-10-09T01:55:26.97833046Z","Action":"output","Package":"go.temporal.io/server/tools/gomad3/target/internal/gocommand","Test":"TestCompatibilityUsesFiniteDefaultWatchdogAndPositiveCapacity","Output":"--- PASS: TestCompatibilityUsesFiniteDefaultWatchdogAndPositiveCapacity (0.00s)\n","OutputType":"frame"}
{"Time":"2026-10-09T01:55:26.97838121Z","Action":"pass","Package":"go.temporal.io/server/tools/gomad3/target/internal/gocommand","Test":"TestCompatibilityUsesFiniteDefaultWatchdogAndPositiveCapacity","Elapsed":0}
{"Time":"2026-10-09T01:55:26.978479127Z","Action":"run","Package":"go.temporal.io/server/tools/gomad3/target/internal/gocommand","Test":"TestStructuredRejectsOverflowBeforeReturningData"}
{"Time":"2026-10-09T01:55:26.978531918Z","Action":"output","Package":"go.temporal.io/server/tools/gomad3/target/internal/gocommand","Test":"TestStructuredRejectsOverflowBeforeReturningData","Output":"=== RUN   TestStructuredRejectsOverflowBeforeReturningData\n","OutputType":"frame"}
{"Time":"2026-10-09T01:55:27.11838446Z","Action":"output","Package":"go.temporal.io/server/tools/gomad3/target/internal/gocommand","Test":"TestStructuredRejectsOverflowBeforeReturningData","Output":"--- PASS: TestStructuredRejectsOverflowBeforeReturningData (0.14s)\n","OutputType":"frame"}
{"Time":"2026-10-09T01:55:27.11857221Z","Action":"pass","Package":"go.temporal.io/server/tools/gomad3/target/internal/gocommand","Test":"TestStructuredRejectsOverflowBeforeReturningData","Elapsed":0.14}
{"Time":"2026-10-09T01:55:27.118734377Z","Action":"run","Package":"go.temporal.io/server/tools/gomad3/target/internal/gocommand","Test":"TestDiagnosticBoundsLongOutputAndKeepsFullHashes"}
{"Time":"2026-10-09T01:55:27.118944294Z","Action":"output","Package":"go.temporal.io/server/tools/gomad3/target/internal/gocommand","Test":"TestDiagnosticBoundsLongOutputAndKeepsFullHashes","Output":"=== RUN   TestDiagnosticBoundsLongOutputAndKeepsFullHashes\n","OutputType":"frame"}
{"Time":"2026-10-09T01:55:27.154785877Z","Action":"output","Package":"go.temporal.io/server/tools/gomad3/target/internal/gocommand","Test":"TestDiagnosticBoundsLongOutputAndKeepsFullHashes","Output":"--- PASS: TestDiagnosticBoundsLongOutputAndKeepsFullHashes (0.04s)\n","OutputType":"frame"}
{"Time":"2026-10-09T01:55:27.154926419Z","Action":"pass","Package":"go.temporal.io/server/tools/gomad3/target/internal/gocommand","Test":"TestDiagnosticBoundsLongOutputAndKeepsFullHashes","Elapsed":0.04}
{"Time":"2026-10-09T01:55:27.155043294Z","Action":"run","Package":"go.temporal.io/server/tools/gomad3/target/internal/gocommand","Test":"TestStructuredCancellationRemovesDescendant"}
{"Time":"2026-10-09T01:55:27.15514146Z","Action":"output","Package":"go.temporal.io/server/tools/gomad3/target/internal/gocommand","Test":"TestStructuredCancellationRemovesDescendant","Output":"=== RUN   TestStructuredCancellationRemovesDescendant\n","OutputType":"frame"}
{"Time":"2026-10-09T01:55:27.369211544Z","Action":"output","Package":"go.temporal.io/server/tools/gomad3/target/internal/gocommand","Test":"TestStructuredCancellationRemovesDescendant","Output":"--- PASS: TestStructuredCancellationRemovesDescendant (0.21s)\n","OutputType":"frame"}
{"Time":"2026-10-09T01:55:27.369660294Z","Action":"pass","Package":"go.temporal.io/server/tools/gomad3/target/internal/gocommand","Test":"TestStructuredCancellationRemovesDescendant","Elapsed":0.21}
{"Time":"2026-10-09T01:55:27.370671627Z","Action":"run","Package":"go.temporal.io/server/tools/gomad3/target/internal/gocommand","Test":"TestDiagnosticRetainsOutputOnWatchdogAndPropagatesCleanupFailure"}
{"Time":"2026-10-09T01:55:27.372506627Z","Action":"output","Package":"go.temporal.io/server/tools/gomad3/target/internal/gocommand","Test":"TestDiagnosticRetainsOutputOnWatchdogAndPropagatesCleanupFailure","Output":"=== RUN   TestDiagnosticRetainsOutputOnWatchdogAndPropagatesCleanupFailure\n","OutputType":"frame"}
{"Time":"2026-10-09T01:55:27.377705335Z","Action":"output","Package":"go.temporal.io/server/tools/gomad3/target/internal/gocommand","Test":"TestDiagnosticRetainsOutputOnWatchdogAndPropagatesCleanupFailure","Output":"--- PASS: TestDiagnosticRetainsOutputOnWatchdogAndPropagatesCleanupFailure (0.01s)\n","OutputType":"frame"}
{"Time":"2026-10-09T01:55:27.37813821Z","Action":"pass","Package":"go.temporal.io/server/tools/gomad3/target/internal/gocommand","Test":"TestDiagnosticRetainsOutputOnWatchdogAndPropagatesCleanupFailure","Elapsed":0.01}
{"Time":"2026-10-09T01:55:27.379092002Z","Action":"run","Package":"go.temporal.io/server/tools/gomad3/target/internal/gocommand","Test":"TestDiagnosticCommandCapturesOneOrderedBoundedStream"}
{"Time":"2026-10-09T01:55:27.379390585Z","Action":"output","Package":"go.temporal.io/server/tools/gomad3/target/internal/gocommand","Test":"TestDiagnosticCommandCapturesOneOrderedBoundedStream","Output":"=== RUN   TestDiagnosticCommandCapturesOneOrderedBoundedStream\n","OutputType":"frame"}
{"Time":"2026-10-09T01:55:27.379444544Z","Action":"run","Package":"go.temporal.io/server/tools/gomad3/target/internal/gocommand","Test":"TestDiagnosticCommandCapturesOneOrderedBoundedStream/ordered_success"}
{"Time":"2026-10-09T01:55:27.380131002Z","Action":"output","Package":"go.temporal.io/server/tools/gomad3/target/internal/gocommand","Test":"TestDiagnosticCommandCapturesOneOrderedBoundedStream/ordered_success","Output":"=== RUN   TestDiagnosticCommandCapturesOneOrderedBoundedStream/ordered_success\n","OutputType":"frame"}
{"Time":"2026-10-09T01:55:27.431540002Z","Action":"output","Package":"go.temporal.io/server/tools/gomad3/target/internal/gocommand","Test":"TestDiagnosticCommandCapturesOneOrderedBoundedStream/ordered_success","Output":"--- PASS: TestDiagnosticCommandCapturesOneOrderedBoundedStream/ordered_success (0.05s)\n","OutputType":"frame"}
{"Time":"2026-10-09T01:55:27.431713419Z","Action":"pass","Package":"go.temporal.io/server/tools/gomad3/target/internal/gocommand","Test":"TestDiagnosticCommandCapturesOneOrderedBoundedStream/ordered_success","Elapsed":0.05}
{"Time":"2026-10-09T01:55:27.431823585Z","Action":"run","Package":"go.temporal.io/server/tools/gomad3/target/internal/gocommand","Test":"TestDiagnosticCommandCapturesOneOrderedBoundedStream/ordered_nonzero"}
{"Time":"2026-10-09T01:55:27.43231471Z","Action":"output","Package":"go.temporal.io/server/tools/gomad3/target/internal/gocommand","Test":"TestDiagnosticCommandCapturesOneOrderedBoundedStream/ordered_nonzero","Output":"=== RUN   TestDiagnosticCommandCapturesOneOrderedBoundedStream/ordered_nonzero\n","OutputType":"frame"}
{"Time":"2026-10-09T01:55:27.44309546Z","Action":"output","Package":"go.temporal.io/server/tools/gomad3/target/internal/gocommand","Test":"TestDiagnosticCommandCapturesOneOrderedBoundedStream/ordered_nonzero","Output":"--- PASS: TestDiagnosticCommandCapturesOneOrderedBoundedStream/ordered_nonzero (0.01s)\n","OutputType":"frame"}
{"Time":"2026-10-09T01:55:27.44331746Z","Action":"pass","Package":"go.temporal.io/server/tools/gomad3/target/internal/gocommand","Test":"TestDiagnosticCommandCapturesOneOrderedBoundedStream/ordered_nonzero","Elapsed":0.01}
{"Time":"2026-10-09T01:55:27.443405502Z","Action":"run","Package":"go.temporal.io/server/tools/gomad3/target/internal/gocommand","Test":"TestDiagnosticCommandCapturesOneOrderedBoundedStream/ordered_signal"}
{"Time":"2026-10-09T01:55:27.44393846Z","Action":"output","Package":"go.temporal.io/server/tools/gomad3/target/internal/gocommand","Test":"TestDiagnosticCommandCapturesOneOrderedBoundedStream/ordered_signal","Output":"=== RUN   TestDiagnosticCommandCapturesOneOrderedBoundedStream/ordered_signal\n","OutputType":"frame"}
{"Time":"2026-10-09T01:55:27.483906752Z","Action":"output","Package":"go.temporal.io/server/tools/gomad3/target/internal/gocommand","Test":"TestDiagnosticCommandCapturesOneOrderedBoundedStream/ordered_signal","Output":"--- PASS: TestDiagnosticCommandCapturesOneOrderedBoundedStream/ordered_signal (0.04s)\n","OutputType":"frame"}
{"Time":"2026-10-09T01:55:27.485256627Z","Action":"pass","Package":"go.temporal.io/server/tools/gomad3/target/internal/gocommand","Test":"TestDiagnosticCommandCapturesOneOrderedBoundedStream/ordered_signal","Elapsed":0.04}
{"Time":"2026-10-09T01:55:27.485319627Z","Action":"run","Package":"go.temporal.io/server/tools/gomad3/target/internal/gocommand","Test":"TestDiagnosticCommandCapturesOneOrderedBoundedStream/long_diagnostic"}
{"Time":"2026-10-09T01:55:27.485350627Z","Action":"output","Package":"go.temporal.io/server/tools/gomad3/target/internal/gocommand","Test":"TestDiagnosticCommandCapturesOneOrderedBoundedStream/long_diagnostic","Output":"=== RUN   TestDiagnosticCommandCapturesOneOrderedBoundedStream/long_diagnostic\n","OutputType":"frame"}
{"Time":"2026-10-09T01:55:27.505003919Z","Action":"output","Package":"go.temporal.io/server/tools/gomad3/target/internal/gocommand","Test":"TestDiagnosticCommandCapturesOneOrderedBoundedStream/long_diagnostic","Output":"--- PASS: TestDiagnosticCommandCapturesOneOrderedBoundedStream/long_diagnostic (0.02s)\n","OutputType":"frame"}
{"Time":"2026-10-09T01:55:27.505849794Z","Action":"pass","Package":"go.temporal.io/server/tools/gomad3/target/internal/gocommand","Test":"TestDiagnosticCommandCapturesOneOrderedBoundedStream/long_diagnostic","Elapsed":0.02}
{"Time":"2026-10-09T01:55:27.506870585Z","Action":"run","Package":"go.temporal.io/server/tools/gomad3/target/internal/gocommand","Test":"TestDiagnosticCommandCapturesOneOrderedBoundedStream/combined_exact_capacity"}
{"Time":"2026-10-09T01:55:27.507036627Z","Action":"output","Package":"go.temporal.io/server/tools/gomad3/target/internal/gocommand","Test":"TestDiagnosticCommandCapturesOneOrderedBoundedStream/combined_exact_capacity","Output":"=== RUN   TestDiagnosticCommandCapturesOneOrderedBoundedStream/combined_exact_capacity\n","OutputType":"frame"}
{"Time":"2026-10-09T01:55:27.516719335Z","Action":"output","Package":"go.temporal.io/server/tools/gomad3/target/internal/gocommand","Test":"TestDiagnosticCommandCapturesOneOrderedBoundedStream/combined_exact_capacity","Output":"--- PASS: TestDiagnosticCommandCapturesOneOrderedBoundedStream/combined_exact_capacity (0.01s)\n","OutputType":"frame"}
{"Time":"2026-10-09T01:55:27.516796835Z","Action":"pass","Package":"go.temporal.io/server/tools/gomad3/target/internal/gocommand","Test":"TestDiagnosticCommandCapturesOneOrderedBoundedStream/combined_exact_capacity","Elapsed":0.01}
{"Time":"2026-10-09T01:55:27.516971835Z","Action":"run","Package":"go.temporal.io/server/tools/gomad3/target/internal/gocommand","Test":"TestDiagnosticCommandCapturesOneOrderedBoundedStream/combined_limit_plus_one"}
{"Time":"2026-10-09T01:55:27.517268377Z","Action":"output","Package":"go.temporal.io/server/tools/gomad3/target/internal/gocommand","Test":"TestDiagnosticCommandCapturesOneOrderedBoundedStream/combined_limit_plus_one","Output":"=== RUN   TestDiagnosticCommandCapturesOneOrderedBoundedStream/combined_limit_plus_one\n","OutputType":"frame"}
{"Time":"2026-10-09T01:55:27.52759671Z","Action":"output","Package":"go.temporal.io/server/tools/gomad3/target/internal/gocommand","Test":"TestDiagnosticCommandCapturesOneOrderedBoundedStream/combined_limit_plus_one","Output":"--- PASS: TestDiagnosticCommandCapturesOneOrderedBoundedStream/combined_limit_plus_one (0.01s)\n","OutputType":"frame"}
{"Time":"2026-10-09T01:55:27.52769771Z","Action":"pass","Package":"go.temporal.io/server/tools/gomad3/target/internal/gocommand","Test":"TestDiagnosticCommandCapturesOneOrderedBoundedStream/combined_limit_plus_one","Elapsed":0.01}
{"Time":"2026-10-09T01:55:27.527755377Z","Action":"output","Package":"go.temporal.io/server/tools/gomad3/target/internal/gocommand","Test":"TestDiagnosticCommandCapturesOneOrderedBoundedStream","Output":"--- PASS: TestDiagnosticCommandCapturesOneOrderedBoundedStream (0.15s)\n","OutputType":"frame"}
{"Time":"2026-10-09T01:55:27.528186127Z","Action":"pass","Package":"go.temporal.io/server/tools/gomad3/target/internal/gocommand","Test":"TestDiagnosticCommandCapturesOneOrderedBoundedStream","Elapsed":0.15}
{"Time":"2026-10-09T01:55:27.528292335Z","Action":"run","Package":"go.temporal.io/server/tools/gomad3/target/internal/gocommand","Test":"TestDiagnosticCommandLegacyInjectionAndOperationPrecedence"}
{"Time":"2026-10-09T01:55:27.52897921Z","Action":"output","Package":"go.temporal.io/server/tools/gomad3/target/internal/gocommand","Test":"TestDiagnosticCommandLegacyInjectionAndOperationPrecedence","Output":"=== RUN   TestDiagnosticCommandLegacyInjectionAndOperationPrecedence\n","OutputType":"frame"}
{"Time":"2026-10-09T01:55:27.529108294Z","Action":"run","Package":"go.temporal.io/server/tools/gomad3/target/internal/gocommand","Test":"TestDiagnosticCommandLegacyInjectionAndOperationPrecedence/legacy_compiler"}
{"Time":"2026-10-09T01:55:27.529174669Z","Action":"output","Package":"go.temporal.io/server/tools/gomad3/target/internal/gocommand","Test":"TestDiagnosticCommandLegacyInjectionAndOperationPrecedence/legacy_compiler","Output":"=== RUN   TestDiagnosticCommandLegacyInjectionAndOperationPrecedence/legacy_compiler\n","OutputType":"frame"}
{"Time":"2026-10-09T01:55:27.529214085Z","Action":"output","Package":"go.temporal.io/server/tools/gomad3/target/internal/gocommand","Test":"TestDiagnosticCommandLegacyInjectionAndOperationPrecedence/legacy_compiler","Output":"--- PASS: TestDiagnosticCommandLegacyInjectionAndOperationPrecedence/legacy_compiler (0.00s)\n","OutputType":"frame"}
{"Time":"2026-10-09T01:55:27.529241877Z","Action":"pass","Package":"go.temporal.io/server/tools/gomad3/target/internal/gocommand","Test":"TestDiagnosticCommandLegacyInjectionAndOperationPrecedence/legacy_compiler","Elapsed":0}
{"Time":"2026-10-09T01:55:27.529336127Z","Action":"run","Package":"go.temporal.io/server/tools/gomad3/target/internal/gocommand","Test":"TestDiagnosticCommandLegacyInjectionAndOperationPrecedence/legacy_cancellation"}
{"Time":"2026-10-09T01:55:27.529366544Z","Action":"output","Package":"go.temporal.io/server/tools/gomad3/target/internal/gocommand","Test":"TestDiagnosticCommandLegacyInjectionAndOperationPrecedence/legacy_cancellation","Output":"=== RUN   TestDiagnosticCommandLegacyInjectionAndOperationPrecedence/legacy_cancellation\n","OutputType":"frame"}
{"Time":"2026-10-09T01:55:27.529805335Z","Action":"output","Package":"go.temporal.io/server/tools/gomad3/target/internal/gocommand","Test":"TestDiagnosticCommandLegacyInjectionAndOperationPrecedence/legacy_cancellation","Output":"--- PASS: TestDiagnosticCommandLegacyInjectionAndOperationPrecedence/legacy_cancellation (0.00s)\n","OutputType":"frame"}
{"Time":"2026-10-09T01:55:27.529885335Z","Action":"pass","Package":"go.temporal.io/server/tools/gomad3/target/internal/gocommand","Test":"TestDiagnosticCommandLegacyInjectionAndOperationPrecedence/legacy_cancellation","Elapsed":0}
{"Time":"2026-10-09T01:55:27.533990919Z","Action":"run","Package":"go.temporal.io/server/tools/gomad3/target/internal/gocommand","Test":"TestDiagnosticCommandLegacyInjectionAndOperationPrecedence/legacy_watchdog"}
{"Time":"2026-10-09T01:55:27.535515502Z","Action":"output","Package":"go.temporal.io/server/tools/gomad3/target/internal/gocommand","Test":"TestDiagnosticCommandLegacyInjectionAndOperationPrecedence/legacy_watchdog","Output":"=== RUN   TestDiagnosticCommandLegacyInjectionAndOperationPrecedence/legacy_watchdog\n","OutputType":"frame"}
{"Time":"2026-10-09T01:55:27.535756419Z","Action":"output","Package":"go.temporal.io/server/tools/gomad3/target/internal/gocommand","Test":"TestDiagnosticCommandLegacyInjectionAndOperationPrecedence/legacy_watchdog","Output":"--- PASS: TestDiagnosticCommandLegacyInjectionAndOperationPrecedence/legacy_watchdog (0.00s)\n","OutputType":"frame"}
{"Time":"2026-10-09T01:55:27.535944669Z","Action":"pass","Package":"go.temporal.io/server/tools/gomad3/target/internal/gocommand","Test":"TestDiagnosticCommandLegacyInjectionAndOperationPrecedence/legacy_watchdog","Elapsed":0}
{"Time":"2026-10-09T01:55:27.535998752Z","Action":"run","Package":"go.temporal.io/server/tools/gomad3/target/internal/gocommand","Test":"TestDiagnosticCommandLegacyInjectionAndOperationPrecedence/raw_outcome_before_synthetic_flags"}
{"Time":"2026-10-09T01:55:27.536029335Z","Action":"output","Package":"go.temporal.io/server/tools/gomad3/target/internal/gocommand","Test":"TestDiagnosticCommandLegacyInjectionAndOperationPrecedence/raw_outcome_before_synthetic_flags","Output":"=== RUN   TestDiagnosticCommandLegacyInjectionAndOperationPrecedence/raw_outcome_before_synthetic_flags\n","OutputType":"frame"}
{"Time":"2026-10-09T01:55:27.536053419Z","Action":"output","Package":"go.temporal.io/server/tools/gomad3/target/internal/gocommand","Test":"TestDiagnosticCommandLegacyInjectionAndOperationPrecedence/raw_outcome_before_synthetic_flags","Output":"--- PASS: TestDiagnosticCommandLegacyInjectionAndOperationPrecedence/raw_outcome_before_synthetic_flags (0.00s)\n","OutputType":"frame"}
{"Time":"2026-10-09T01:55:27.536079502Z","Action":"pass","Package":"go.temporal.io/server/tools/gomad3/target/internal/gocommand","Test":"TestDiagnosticCommandLegacyInjectionAndOperationPrecedence/raw_outcome_before_synthetic_flags","Elapsed":0}
{"Time":"2026-10-09T01:55:27.53616321Z","Action":"run","Package":"go.temporal.io/server/tools/gomad3/target/internal/gocommand","Test":"TestDiagnosticCommandLegacyInjectionAndOperationPrecedence/completed_late_cancellation"}
{"Time":"2026-10-09T01:55:27.536190294Z","Action":"output","Package":"go.temporal.io/server/tools/gomad3/target/internal/gocommand","Test":"TestDiagnosticCommandLegacyInjectionAndOperationPrecedence/completed_late_cancellation","Output":"=== RUN   TestDiagnosticCommandLegacyInjectionAndOperationPrecedence/completed_late_cancellation\n","OutputType":"frame"}
{"Time":"2026-10-09T01:55:27.536206294Z","Action":"output","Package":"go.temporal.io/server/tools/gomad3/target/internal/gocommand","Test":"TestDiagnosticCommandLegacyInjectionAndOperationPrecedence/completed_late_cancellation","Output":"--- PASS: TestDiagnosticCommandLegacyInjectionAndOperationPrecedence/completed_late_cancellation (0.00s)\n","OutputType":"frame"}
{"Time":"2026-10-09T01:55:27.536233585Z","Action":"pass","Package":"go.temporal.io/server/tools/gomad3/target/internal/gocommand","Test":"TestDiagnosticCommandLegacyInjectionAndOperationPrecedence/completed_late_cancellation","Elapsed":0}
{"Time":"2026-10-09T01:55:27.536251585Z","Action":"run","Package":"go.temporal.io/server/tools/gomad3/target/internal/gocommand","Test":"TestDiagnosticCommandLegacyInjectionAndOperationPrecedence/infrastructure_before_watchdog"}
{"Time":"2026-10-09T01:55:27.536333044Z","Action":"output","Package":"go.temporal.io/server/tools/gomad3/target/internal/gocommand","Test":"TestDiagnosticCommandLegacyInjectionAndOperationPrecedence/infrastructure_before_watchdog","Output":"=== RUN   TestDiagnosticCommandLegacyInjectionAndOperationPrecedence/infrastructure_before_watchdog\n","OutputType":"frame"}
{"Time":"2026-10-09T01:55:27.536703544Z","Action":"output","Package":"go.temporal.io/server/tools/gomad3/target/internal/gocommand","Test":"TestDiagnosticCommandLegacyInjectionAndOperationPrecedence/infrastructure_before_watchdog","Output":"--- PASS: TestDiagnosticCommandLegacyInjectionAndOperationPrecedence/infrastructure_before_watchdog (0.00s)\n","OutputType":"frame"}
{"Time":"2026-10-09T01:55:27.536808377Z","Action":"pass","Package":"go.temporal.io/server/tools/gomad3/target/internal/gocommand","Test":"TestDiagnosticCommandLegacyInjectionAndOperationPrecedence/infrastructure_before_watchdog","Elapsed":0}
{"Time":"2026-10-09T01:55:27.536912335Z","Action":"output","Package":"go.temporal.io/server/tools/gomad3/target/internal/gocommand","Test":"TestDiagnosticCommandLegacyInjectionAndOperationPrecedence","Output":"--- PASS: TestDiagnosticCommandLegacyInjectionAndOperationPrecedence (0.00s)\n","OutputType":"frame"}
{"Time":"2026-10-09T01:55:27.53695446Z","Action":"pass","Package":"go.temporal.io/server/tools/gomad3/target/internal/gocommand","Test":"TestDiagnosticCommandLegacyInjectionAndOperationPrecedence","Elapsed":0}
{"Time":"2026-10-09T01:55:27.537007502Z","Action":"run","Package":"go.temporal.io/server/tools/gomad3/target/internal/gocommand","Test":"TestDiagnosticCommandWatchdogKeepsRealRawOutcomeAndCapture"}
{"Time":"2026-10-09T01:55:27.537035835Z","Action":"output","Package":"go.temporal.io/server/tools/gomad3/target/internal/gocommand","Test":"TestDiagnosticCommandWatchdogKeepsRealRawOutcomeAndCapture","Output":"=== RUN   TestDiagnosticCommandWatchdogKeepsRealRawOutcomeAndCapture\n","OutputType":"frame"}
{"Time":"2026-10-09T01:55:27.633116585Z","Action":"output","Package":"go.temporal.io/server/tools/gomad3/target/internal/gocommand","Test":"TestDiagnosticCommandWatchdogKeepsRealRawOutcomeAndCapture","Output":"--- PASS: TestDiagnosticCommandWatchdogKeepsRealRawOutcomeAndCapture (0.11s)\n","OutputType":"frame"}
{"Time":"2026-10-09T01:55:27.633229002Z","Action":"pass","Package":"go.temporal.io/server/tools/gomad3/target/internal/gocommand","Test":"TestDiagnosticCommandWatchdogKeepsRealRawOutcomeAndCapture","Elapsed":0.11}
{"Time":"2026-10-09T01:55:27.63328921Z","Action":"run","Package":"go.temporal.io/server/tools/gomad3/target/internal/gocommand","Test":"TestStructuredCommandSeparatesOperationAndCommandOutcomes"}
{"Time":"2026-10-09T01:55:27.633348085Z","Action":"output","Package":"go.temporal.io/server/tools/gomad3/target/internal/gocommand","Test":"TestStructuredCommandSeparatesOperationAndCommandOutcomes","Output":"=== RUN   TestStructuredCommandSeparatesOperationAndCommandOutcomes\n","OutputType":"frame"}
{"Time":"2026-10-09T01:55:27.635014377Z","Action":"run","Package":"go.temporal.io/server/tools/gomad3/target/internal/gocommand","Test":"TestStructuredCommandSeparatesOperationAndCommandOutcomes/success"}
{"Time":"2026-10-09T01:55:27.635316169Z","Action":"output","Package":"go.temporal.io/server/tools/gomad3/target/internal/gocommand","Test":"TestStructuredCommandSeparatesOperationAndCommandOutcomes/success","Output":"=== RUN   TestStructuredCommandSeparatesOperationAndCommandOutcomes/success\n","OutputType":"frame"}
{"Time":"2026-10-09T01:55:27.63560046Z","Action":"output","Package":"go.temporal.io/server/tools/gomad3/target/internal/gocommand","Test":"TestStructuredCommandSeparatesOperationAndCommandOutcomes/success","Output":"--- PASS: TestStructuredCommandSeparatesOperationAndCommandOutcomes/success (0.00s)\n","OutputType":"frame"}
{"Time":"2026-10-09T01:55:27.635641544Z","Action":"pass","Package":"go.temporal.io/server/tools/gomad3/target/internal/gocommand","Test":"TestStructuredCommandSeparatesOperationAndCommandOutcomes/success","Elapsed":0}
{"Time":"2026-10-09T01:55:27.635681377Z","Action":"run","Package":"go.temporal.io/server/tools/gomad3/target/internal/gocommand","Test":"TestStructuredCommandSeparatesOperationAndCommandOutcomes/command"}
{"Time":"2026-10-09T01:55:27.635755127Z","Action":"output","Package":"go.temporal.io/server/tools/gomad3/target/internal/gocommand","Test":"TestStructuredCommandSeparatesOperationAndCommandOutcomes/command","Output":"=== RUN   TestStructuredCommandSeparatesOperationAndCommandOutcomes/command\n","OutputType":"frame"}
{"Time":"2026-10-09T01:55:27.636214502Z","Action":"output","Package":"go.temporal.io/server/tools/gomad3/target/internal/gocommand","Test":"TestStructuredCommandSeparatesOperationAndCommandOutcomes/command","Output":"--- PASS: TestStructuredCommandSeparatesOperationAndCommandOutcomes/command (0.00s)\n","OutputType":"frame"}
{"Time":"2026-10-09T01:55:27.636258877Z","Action":"pass","Package":"go.temporal.io/server/tools/gomad3/target/internal/gocommand","Test":"TestStructuredCommandSeparatesOperationAndCommandOutcomes/command","Elapsed":0}
{"Time":"2026-10-09T01:55:27.636316002Z","Action":"run","Package":"go.temporal.io/server/tools/gomad3/target/internal/gocommand","Test":"TestStructuredCommandSeparatesOperationAndCommandOutcomes/caller_cancellation"}
{"Time":"2026-10-09T01:55:27.636663794Z","Action":"output","Package":"go.temporal.io/server/tools/gomad3/target/internal/gocommand","Test":"TestStructuredCommandSeparatesOperationAndCommandOutcomes/caller_cancellation","Output":"=== RUN   TestStructuredCommandSeparatesOperationAndCommandOutcomes/caller_cancellation\n","OutputType":"frame"}
{"Time":"2026-10-09T01:55:27.636715335Z","Action":"output","Package":"go.temporal.io/server/tools/gomad3/target/internal/gocommand","Test":"TestStructuredCommandSeparatesOperationAndCommandOutcomes/caller_cancellation","Output":"--- PASS: TestStructuredCommandSeparatesOperationAndCommandOutcomes/caller_cancellation (0.00s)\n","OutputType":"frame"}
{"Time":"2026-10-09T01:55:27.636765127Z","Action":"pass","Package":"go.temporal.io/server/tools/gomad3/target/internal/gocommand","Test":"TestStructuredCommandSeparatesOperationAndCommandOutcomes/caller_cancellation","Elapsed":0}
{"Time":"2026-10-09T01:55:27.637075127Z","Action":"run","Package":"go.temporal.io/server/tools/gomad3/target/internal/gocommand","Test":"TestStructuredCommandSeparatesOperationAndCommandOutcomes/stdout_overflow"}
{"Time":"2026-10-09T01:55:27.637165752Z","Action":"output","Package":"go.temporal.io/server/tools/gomad3/target/internal/gocommand","Test":"TestStructuredCommandSeparatesOperationAndCommandOutcomes/stdout_overflow","Output":"=== RUN   TestStructuredCommandSeparatesOperationAndCommandOutcomes/stdout_overflow\n","OutputType":"frame"}
{"Time":"2026-10-09T01:55:27.637441169Z","Action":"output","Package":"go.temporal.io/server/tools/gomad3/target/internal/gocommand","Test":"TestStructuredCommandSeparatesOperationAndCommandOutcomes/stdout_overflow","Output":"--- PASS: TestStructuredCommandSeparatesOperationAndCommandOutcomes/stdout_overflow (0.00s)\n","OutputType":"frame"}
{"Time":"2026-10-09T01:55:27.637537877Z","Action":"pass","Package":"go.temporal.io/server/tools/gomad3/target/internal/gocommand","Test":"TestStructuredCommandSeparatesOperationAndCommandOutcomes/stdout_overflow","Elapsed":0}
{"Time":"2026-10-09T01:55:27.637906835Z","Action":"run","Package":"go.temporal.io/server/tools/gomad3/target/internal/gocommand","Test":"TestStructuredCommandSeparatesOperationAndCommandOutcomes/stderr_overflow"}
{"Time":"2026-10-09T01:55:27.638020544Z","Action":"output","Package":"go.temporal.io/server/tools/gomad3/target/internal/gocommand","Test":"TestStructuredCommandSeparatesOperationAndCommandOutcomes/stderr_overflow","Output":"=== RUN   TestStructuredCommandSeparatesOperationAndCommandOutcomes/stderr_overflow\n","OutputType":"frame"}
{"Time":"2026-10-09T01:55:27.638119419Z","Action":"output","Package":"go.temporal.io/server/tools/gomad3/target/internal/gocommand","Test":"TestStructuredCommandSeparatesOperationAndCommandOutcomes/stderr_overflow","Output":"--- PASS: TestStructuredCommandSeparatesOperationAndCommandOutcomes/stderr_overflow (0.00s)\n","OutputType":"frame"}
{"Time":"2026-10-09T01:55:27.63815596Z","Action":"pass","Package":"go.temporal.io/server/tools/gomad3/target/internal/gocommand","Test":"TestStructuredCommandSeparatesOperationAndCommandOutcomes/stderr_overflow","Elapsed":0}
{"Time":"2026-10-09T01:55:27.638224294Z","Action":"run","Package":"go.temporal.io/server/tools/gomad3/target/internal/gocommand","Test":"TestStructuredCommandSeparatesOperationAndCommandOutcomes/dual_overflow"}
{"Time":"2026-10-09T01:55:27.638587919Z","Action":"output","Package":"go.temporal.io/server/tools/gomad3/target/internal/gocommand","Test":"TestStructuredCommandSeparatesOperationAndCommandOutcomes/dual_overflow","Output":"=== RUN   TestStructuredCommandSeparatesOperationAndCommandOutcomes/dual_overflow\n","OutputType":"frame"}
{"Time":"2026-10-09T01:55:27.638680294Z","Action":"output","Package":"go.temporal.io/server/tools/gomad3/target/internal/gocommand","Test":"TestStructuredCommandSeparatesOperationAndCommandOutcomes/dual_overflow","Output":"--- PASS: TestStructuredCommandSeparatesOperationAndCommandOutcomes/dual_overflow (0.00s)\n","OutputType":"frame"}
{"Time":"2026-10-09T01:55:27.638806877Z","Action":"pass","Package":"go.temporal.io/server/tools/gomad3/target/internal/gocommand","Test":"TestStructuredCommandSeparatesOperationAndCommandOutcomes/dual_overflow","Elapsed":0}
{"Time":"2026-10-09T01:55:27.653296919Z","Action":"run","Package":"go.temporal.io/server/tools/gomad3/target/internal/gocommand","Test":"TestStructuredCommandSeparatesOperationAndCommandOutcomes/infrastructure_before_overflow"}
{"Time":"2026-10-09T01:55:27.659223335Z","Action":"output","Package":"go.temporal.io/server/tools/gomad3/target/internal/gocommand","Test":"TestStructuredCommandSeparatesOperationAndCommandOutcomes/infrastructure_before_overflow","Output":"=== RUN   TestStructuredCommandSeparatesOperationAndCommandOutcomes/infrastructure_before_overflow\n","OutputType":"frame"}
{"Time":"2026-10-09T01:55:27.66093921Z","Action":"output","Package":"go.temporal.io/server/tools/gomad3/target/internal/gocommand","Test":"TestStructuredCommandSeparatesOperationAndCommandOutcomes/infrastructure_before_overflow","Output":"--- PASS: TestStructuredCommandSeparatesOperationAndCommandOutcomes/infrastructure_before_overflow (0.00s)\n","OutputType":"frame"}
{"Time":"2026-10-09T01:55:27.661158877Z","Action":"pass","Package":"go.temporal.io/server/tools/gomad3/target/internal/gocommand","Test":"TestStructuredCommandSeparatesOperationAndCommandOutcomes/infrastructure_before_overflow","Elapsed":0}
{"Time":"2026-10-09T01:55:27.662821085Z","Action":"run","Package":"go.temporal.io/server/tools/gomad3/target/internal/gocommand","Test":"TestStructuredCommandSeparatesOperationAndCommandOutcomes/watchdog"}
{"Time":"2026-10-09T01:55:27.663608377Z","Action":"output","Package":"go.temporal.io/server/tools/gomad3/target/internal/gocommand","Test":"TestStructuredCommandSeparatesOperationAndCommandOutcomes/watchdog","Output":"=== RUN   TestStructuredCommandSeparatesOperationAndCommandOutcomes/watchdog\n","OutputType":"frame"}
{"Time":"2026-10-09T01:55:27.66459921Z","Action":"output","Package":"go.temporal.io/server/tools/gomad3/target/internal/gocommand","Test":"TestStructuredCommandSeparatesOperationAndCommandOutcomes/watchdog","Output":"--- PASS: TestStructuredCommandSeparatesOperationAndCommandOutcomes/watchdog (0.00s)\n","OutputType":"frame"}
{"Time":"2026-10-09T01:55:27.665219669Z","Action":"pass","Package":"go.temporal.io/server/tools/gomad3/target/internal/gocommand","Test":"TestStructuredCommandSeparatesOperationAndCommandOutcomes/watchdog","Elapsed":0}
{"Time":"2026-10-09T01:55:27.665462627Z","Action":"run","Package":"go.temporal.io/server/tools/gomad3/target/internal/gocommand","Test":"TestStructuredCommandSeparatesOperationAndCommandOutcomes/overflow_before_watchdog"}
{"Time":"2026-10-09T01:55:27.66564796Z","Action":"output","Package":"go.temporal.io/server/tools/gomad3/target/internal/gocommand","Test":"TestStructuredCommandSeparatesOperationAndCommandOutcomes/overflow_before_watchdog","Output":"=== RUN   TestStructuredCommandSeparatesOperationAndCommandOutcomes/overflow_before_watchdog\n","OutputType":"frame"}
{"Time":"2026-10-09T01:55:27.665684085Z","Action":"output","Package":"go.temporal.io/server/tools/gomad3/target/internal/gocommand","Test":"TestStructuredCommandSeparatesOperationAndCommandOutcomes/overflow_before_watchdog","Output":"--- PASS: TestStructuredCommandSeparatesOperationAndCommandOutcomes/overflow_before_watchdog (0.00s)\n","OutputType":"frame"}
{"Time":"2026-10-09T01:55:27.66576071Z","Action":"pass","Package":"go.temporal.io/server/tools/gomad3/target/internal/gocommand","Test":"TestStructuredCommandSeparatesOperationAndCommandOutcomes/overflow_before_watchdog","Elapsed":0}
{"Time":"2026-10-09T01:55:27.666115335Z","Action":"output","Package":"go.temporal.io/server/tools/gomad3/target/internal/gocommand","Test":"TestStructuredCommandSeparatesOperationAndCommandOutcomes","Output":"--- PASS: TestStructuredCommandSeparatesOperationAndCommandOutcomes (0.00s)\n","OutputType":"frame"}
{"Time":"2026-10-09T01:55:27.666161835Z","Action":"pass","Package":"go.temporal.io/server/tools/gomad3/target/internal/gocommand","Test":"TestStructuredCommandSeparatesOperationAndCommandOutcomes","Elapsed":0}
{"Time":"2026-10-09T01:55:27.666211002Z","Action":"run","Package":"go.temporal.io/server/tools/gomad3/target/internal/gocommand","Test":"TestStructuredCommandKeepsActualExitAndRejectsPartialStreams"}
{"Time":"2026-10-09T01:55:27.66625371Z","Action":"output","Package":"go.temporal.io/server/tools/gomad3/target/internal/gocommand","Test":"TestStructuredCommandKeepsActualExitAndRejectsPartialStreams","Output":"=== RUN   TestStructuredCommandKeepsActualExitAndRejectsPartialStreams\n","OutputType":"frame"}
{"Time":"2026-10-09T01:55:27.666289627Z","Action":"run","Package":"go.temporal.io/server/tools/gomad3/target/internal/gocommand","Test":"TestStructuredCommandKeepsActualExitAndRejectsPartialStreams/complete_nonzero"}
{"Time":"2026-10-09T01:55:27.666402044Z","Action":"output","Package":"go.temporal.io/server/tools/gomad3/target/internal/gocommand","Test":"TestStructuredCommandKeepsActualExitAndRejectsPartialStreams/complete_nonzero","Output":"=== RUN   TestStructuredCommandKeepsActualExitAndRejectsPartialStreams/complete_nonzero\n","OutputType":"frame"}
{"Time":"2026-10-09T01:55:27.666749752Z","Action":"output","Package":"go.temporal.io/server/tools/gomad3/target/internal/gocommand","Test":"TestStructuredCommandKeepsActualExitAndRejectsPartialStreams/complete_nonzero","Output":"--- PASS: TestStructuredCommandKeepsActualExitAndRejectsPartialStreams/complete_nonzero (0.03s)\n","OutputType":"frame"}
{"Time":"2026-10-09T01:55:27.667425419Z","Action":"pass","Package":"go.temporal.io/server/tools/gomad3/target/internal/gocommand","Test":"TestStructuredCommandKeepsActualExitAndRejectsPartialStreams/complete_nonzero","Elapsed":0.03}
{"Time":"2026-10-09T01:55:27.667478794Z","Action":"run","Package":"go.temporal.io/server/tools/gomad3/target/internal/gocommand","Test":"TestStructuredCommandKeepsActualExitAndRejectsPartialStreams/stdout_exact_capacity"}
{"Time":"2026-10-09T01:55:27.66752121Z","Action":"output","Package":"go.temporal.io/server/tools/gomad3/target/internal/gocommand","Test":"TestStructuredCommandKeepsActualExitAndRejectsPartialStreams/stdout_exact_capacity","Output":"=== RUN   TestStructuredCommandKeepsActualExitAndRejectsPartialStreams/stdout_exact_capacity\n","OutputType":"frame"}
{"Time":"2026-10-09T01:55:27.676152002Z","Action":"output","Package":"go.temporal.io/server/tools/gomad3/target/internal/gocommand","Test":"TestStructuredCommandKeepsActualExitAndRejectsPartialStreams/stdout_exact_capacity","Output":"--- PASS: TestStructuredCommandKeepsActualExitAndRejectsPartialStreams/stdout_exact_capacity (0.01s)\n","OutputType":"frame"}
{"Time":"2026-10-09T01:55:27.676360127Z","Action":"pass","Package":"go.temporal.io/server/tools/gomad3/target/internal/gocommand","Test":"TestStructuredCommandKeepsActualExitAndRejectsPartialStreams/stdout_exact_capacity","Elapsed":0.01}
{"Time":"2026-10-09T01:55:27.676484252Z","Action":"run","Package":"go.temporal.io/server/tools/gomad3/target/internal/gocommand","Test":"TestStructuredCommandKeepsActualExitAndRejectsPartialStreams/stderr_exact_capacity"}
{"Time":"2026-10-09T01:55:27.676558252Z","Action":"output","Package":"go.temporal.io/server/tools/gomad3/target/internal/gocommand","Test":"TestStructuredCommandKeepsActualExitAndRejectsPartialStreams/stderr_exact_capacity","Output":"=== RUN   TestStructuredCommandKeepsActualExitAndRejectsPartialStreams/stderr_exact_capacity\n","OutputType":"frame"}
{"Time":"2026-10-09T01:55:27.69567871Z","Action":"output","Package":"go.temporal.io/server/tools/gomad3/target/internal/gocommand","Test":"TestStructuredCommandKeepsActualExitAndRejectsPartialStreams/stderr_exact_capacity","Output":"--- PASS: TestStructuredCommandKeepsActualExitAndRejectsPartialStreams/stderr_exact_capacity (0.02s)\n","OutputType":"frame"}
{"Time":"2026-10-09T01:55:27.696281085Z","Action":"pass","Package":"go.temporal.io/server/tools/gomad3/target/internal/gocommand","Test":"TestStructuredCommandKeepsActualExitAndRejectsPartialStreams/stderr_exact_capacity","Elapsed":0.02}
{"Time":"2026-10-09T01:55:27.696790669Z","Action":"run","Package":"go.temporal.io/server/tools/gomad3/target/internal/gocommand","Test":"TestStructuredCommandKeepsActualExitAndRejectsPartialStreams/stdout_limit_plus_one"}
{"Time":"2026-10-09T01:55:27.696835919Z","Action":"output","Package":"go.temporal.io/server/tools/gomad3/target/internal/gocommand","Test":"TestStructuredCommandKeepsActualExitAndRejectsPartialStreams/stdout_limit_plus_one","Output":"=== RUN   TestStructuredCommandKeepsActualExitAndRejectsPartialStreams/stdout_limit_plus_one\n","OutputType":"frame"}
{"Time":"2026-10-09T01:55:27.714215169Z","Action":"output","Package":"go.temporal.io/server/tools/gomad3/target/internal/gocommand","Test":"TestStructuredCommandKeepsActualExitAndRejectsPartialStreams/stdout_limit_plus_one","Output":"--- PASS: TestStructuredCommandKeepsActualExitAndRejectsPartialStreams/stdout_limit_plus_one (0.02s)\n","OutputType":"frame"}
{"Time":"2026-10-09T01:55:27.714957169Z","Action":"pass","Package":"go.temporal.io/server/tools/gomad3/target/internal/gocommand","Test":"TestStructuredCommandKeepsActualExitAndRejectsPartialStreams/stdout_limit_plus_one","Elapsed":0.02}
{"Time":"2026-10-09T01:55:27.715065669Z","Action":"run","Package":"go.temporal.io/server/tools/gomad3/target/internal/gocommand","Test":"TestStructuredCommandKeepsActualExitAndRejectsPartialStreams/stderr_limit_plus_one"}
{"Time":"2026-10-09T01:55:27.715098085Z","Action":"output","Package":"go.temporal.io/server/tools/gomad3/target/internal/gocommand","Test":"TestStructuredCommandKeepsActualExitAndRejectsPartialStreams/stderr_limit_plus_one","Output":"=== RUN   TestStructuredCommandKeepsActualExitAndRejectsPartialStreams/stderr_limit_plus_one\n","OutputType":"frame"}
{"Time":"2026-10-09T01:55:27.725714252Z","Action":"output","Package":"go.temporal.io/server/tools/gomad3/target/internal/gocommand","Test":"TestStructuredCommandKeepsActualExitAndRejectsPartialStreams/stderr_limit_plus_one","Output":"--- PASS: TestStructuredCommandKeepsActualExitAndRejectsPartialStreams/stderr_limit_plus_one (0.01s)\n","OutputType":"frame"}
{"Time":"2026-10-09T01:55:27.725930294Z","Action":"pass","Package":"go.temporal.io/server/tools/gomad3/target/internal/gocommand","Test":"TestStructuredCommandKeepsActualExitAndRejectsPartialStreams/stderr_limit_plus_one","Elapsed":0.01}
{"Time":"2026-10-09T01:55:27.727058169Z","Action":"output","Package":"go.temporal.io/server/tools/gomad3/target/internal/gocommand","Test":"TestStructuredCommandKeepsActualExitAndRejectsPartialStreams","Output":"--- PASS: TestStructuredCommandKeepsActualExitAndRejectsPartialStreams (0.09s)\n","OutputType":"frame"}
{"Time":"2026-10-09T01:55:27.72755071Z","Action":"pass","Package":"go.temporal.io/server/tools/gomad3/target/internal/gocommand","Test":"TestStructuredCommandKeepsActualExitAndRejectsPartialStreams","Elapsed":0.09}
{"Time":"2026-10-09T01:55:27.72769921Z","Action":"run","Package":"go.temporal.io/server/tools/gomad3/target/internal/gocommand","Test":"TestStructuredCommandOutputErrorKeepsIdentityAndDetachesStderr"}
{"Time":"2026-10-09T01:55:27.728135627Z","Action":"output","Package":"go.temporal.io/server/tools/gomad3/target/internal/gocommand","Test":"TestStructuredCommandOutputErrorKeepsIdentityAndDetachesStderr","Output":"=== RUN   TestStructuredCommandOutputErrorKeepsIdentityAndDetachesStderr\n","OutputType":"frame"}
{"Time":"2026-10-09T01:55:27.744252211Z","Action":"output","Package":"go.temporal.io/server/tools/gomad3/target/internal/gocommand","Test":"TestStructuredCommandOutputErrorKeepsIdentityAndDetachesStderr","Output":"--- PASS: TestStructuredCommandOutputErrorKeepsIdentityAndDetachesStderr (0.02s)\n","OutputType":"frame"}
{"Time":"2026-10-09T01:55:27.744372461Z","Action":"pass","Package":"go.temporal.io/server/tools/gomad3/target/internal/gocommand","Test":"TestStructuredCommandOutputErrorKeepsIdentityAndDetachesStderr","Elapsed":0.02}
{"Time":"2026-10-09T01:55:27.744435669Z","Action":"run","Package":"go.temporal.io/server/tools/gomad3/target/internal/gocommand","Test":"TestStructuredCommandWatchdogRefusesCompleteCapturedStdout"}
{"Time":"2026-10-09T01:55:27.744470502Z","Action":"output","Package":"go.temporal.io/server/tools/gomad3/target/internal/gocommand","Test":"TestStructuredCommandWatchdogRefusesCompleteCapturedStdout","Output":"=== RUN   TestStructuredCommandWatchdogRefusesCompleteCapturedStdout\n","OutputType":"frame"}
{"Time":"2026-10-09T01:55:27.863268294Z","Action":"output","Package":"go.temporal.io/server/tools/gomad3/target/internal/gocommand","Test":"TestStructuredCommandWatchdogRefusesCompleteCapturedStdout","Output":"--- PASS: TestStructuredCommandWatchdogRefusesCompleteCapturedStdout (0.12s)\n","OutputType":"frame"}
{"Time":"2026-10-09T01:55:27.863360044Z","Action":"pass","Package":"go.temporal.io/server/tools/gomad3/target/internal/gocommand","Test":"TestStructuredCommandWatchdogRefusesCompleteCapturedStdout","Elapsed":0.12}
{"Time":"2026-10-09T01:55:27.863399877Z","Action":"run","Package":"go.temporal.io/server/tools/gomad3/target/internal/gocommand","Test":"TestStructuredCommandOutputErrorMatchesActualOutputStderr"}
{"Time":"2026-10-09T01:55:27.863429794Z","Action":"output","Package":"go.temporal.io/server/tools/gomad3/target/internal/gocommand","Test":"TestStructuredCommandOutputErrorMatchesActualOutputStderr","Output":"=== RUN   TestStructuredCommandOutputErrorMatchesActualOutputStderr\n","OutputType":"frame"}
{"Time":"2026-10-09T01:55:27.863461211Z","Action":"run","Package":"go.temporal.io/server/tools/gomad3/target/internal/gocommand","Test":"TestStructuredCommandOutputErrorMatchesActualOutputStderr/65535"}
{"Time":"2026-10-09T01:55:27.863499711Z","Action":"output","Package":"go.temporal.io/server/tools/gomad3/target/internal/gocommand","Test":"TestStructuredCommandOutputErrorMatchesActualOutputStderr/65535","Output":"=== RUN   TestStructuredCommandOutputErrorMatchesActualOutputStderr/65535\n","OutputType":"frame"}
{"Time":"2026-10-09T01:55:27.896093294Z","Action":"output","Package":"go.temporal.io/server/tools/gomad3/target","Test":"TestProjectCapabilityReviewMapsAdapterInventoryCapacity","Output":"--- PASS: TestProjectCapabilityReviewMapsAdapterInventoryCapacity (3.59s)\n","OutputType":"frame"}
{"Time":"2026-10-09T01:55:27.896257002Z","Action":"pass","Package":"go.temporal.io/server/tools/gomad3/target","Test":"TestProjectCapabilityReviewMapsAdapterInventoryCapacity","Elapsed":3.59}
{"Time":"2026-10-09T01:55:27.896411836Z","Action":"run","Package":"go.temporal.io/server/tools/gomad3/target","Test":"TestProjectCapabilityReviewTreatsUnreadableSourceAsInfrastructureFailure"}
{"Time":"2026-10-09T01:55:27.896443252Z","Action":"output","Package":"go.temporal.io/server/tools/gomad3/target","Test":"TestProjectCapabilityReviewTreatsUnreadableSourceAsInfrastructureFailure","Output":"=== RUN   TestProjectCapabilityReviewTreatsUnreadableSourceAsInfrastructureFailure\n","OutputType":"frame"}
{"Time":"2026-10-09T01:55:27.897264544Z","Action":"output","Package":"go.temporal.io/server/tools/gomad3/target","Test":"TestProjectCapabilityReviewTreatsUnreadableSourceAsInfrastructureFailure","Output":"--- PASS: TestProjectCapabilityReviewTreatsUnreadableSourceAsInfrastructureFailure (0.00s)\n","OutputType":"frame"}
{"Time":"2026-10-09T01:55:27.897405044Z","Action":"pass","Package":"go.temporal.io/server/tools/gomad3/target","Test":"TestProjectCapabilityReviewTreatsUnreadableSourceAsInfrastructureFailure","Elapsed":0}
{"Time":"2026-10-09T01:55:27.897466586Z","Action":"run","Package":"go.temporal.io/server/tools/gomad3/target","Test":"TestProjectCapabilityReviewRejectsUnsafeSourceFiles"}
{"Time":"2026-10-09T01:55:27.897896711Z","Action":"output","Package":"go.temporal.io/server/tools/gomad3/target","Test":"TestProjectCapabilityReviewRejectsUnsafeSourceFiles","Output":"=== RUN   TestProjectCapabilityReviewRejectsUnsafeSourceFiles\n","OutputType":"frame"}
{"Time":"2026-10-09T01:55:27.898018169Z","Action":"run","Package":"go.temporal.io/server/tools/gomad3/target","Test":"TestProjectCapabilityReviewRejectsUnsafeSourceFiles/symbolic_link"}
{"Time":"2026-10-09T01:55:27.898053377Z","Action":"output","Package":"go.temporal.io/server/tools/gomad3/target","Test":"TestProjectCapabilityReviewRejectsUnsafeSourceFiles/symbolic_link","Output":"=== RUN   TestProjectCapabilityReviewRejectsUnsafeSourceFiles/symbolic_link\n","OutputType":"frame"}
{"Time":"2026-10-09T01:55:27.900545544Z","Action":"output","Package":"go.temporal.io/server/tools/gomad3/target","Test":"TestProjectCapabilityReviewRejectsUnsafeSourceFiles/symbolic_link","Output":"--- PASS: TestProjectCapabilityReviewRejectsUnsafeSourceFiles/symbolic_link (0.00s)\n","OutputType":"frame"}
{"Time":"2026-10-09T01:55:27.900823086Z","Action":"pass","Package":"go.temporal.io/server/tools/gomad3/target","Test":"TestProjectCapabilityReviewRejectsUnsafeSourceFiles/symbolic_link","Elapsed":0}
{"Time":"2026-10-09T01:55:27.900901711Z","Action":"run","Package":"go.temporal.io/server/tools/gomad3/target","Test":"TestProjectCapabilityReviewRejectsUnsafeSourceFiles/oversized"}
{"Time":"2026-10-09T01:55:27.900965294Z","Action":"output","Package":"go.temporal.io/server/tools/gomad3/target","Test":"TestProjectCapabilityReviewRejectsUnsafeSourceFiles/oversized","Output":"=== RUN   TestProjectCapabilityReviewRejectsUnsafeSourceFiles/oversized\n","OutputType":"frame"}
{"Time":"2026-10-09T01:55:27.980274544Z","Action":"output","Package":"go.temporal.io/server/tools/gomad3/target/internal/gocommand","Test":"TestStructuredCommandOutputErrorMatchesActualOutputStderr/65535","Output":"--- PASS: TestStructuredCommandOutputErrorMatchesActualOutputStderr/65535 (0.12s)\n","OutputType":"frame"}
{"Time":"2026-10-09T01:55:27.980448502Z","Action":"pass","Package":"go.temporal.io/server/tools/gomad3/target/internal/gocommand","Test":"TestStructuredCommandOutputErrorMatchesActualOutputStderr/65535","Elapsed":0.12}
{"Time":"2026-10-09T01:55:27.980536669Z","Action":"run","Package":"go.temporal.io/server/tools/gomad3/target/internal/gocommand","Test":"TestStructuredCommandOutputErrorMatchesActualOutputStderr/65536"}
{"Time":"2026-10-09T01:55:27.980572044Z","Action":"output","Package":"go.temporal.io/server/tools/gomad3/target/internal/gocommand","Test":"TestStructuredCommandOutputErrorMatchesActualOutputStderr/65536","Output":"=== RUN   TestStructuredCommandOutputErrorMatchesActualOutputStderr/65536\n","OutputType":"frame"}
{"Time":"2026-10-09T01:55:28.246895669Z","Action":"output","Package":"go.temporal.io/server/tools/gomad3/target/internal/gocommand","Test":"TestStructuredCommandOutputErrorMatchesActualOutputStderr/65536","Output":"--- PASS: TestStructuredCommandOutputErrorMatchesActualOutputStderr/65536 (0.27s)\n","OutputType":"frame"}
{"Time":"2026-10-09T01:55:28.247050044Z","Action":"pass","Package":"go.temporal.io/server/tools/gomad3/target/internal/gocommand","Test":"TestStructuredCommandOutputErrorMatchesActualOutputStderr/65536","Elapsed":0.27}
{"Time":"2026-10-09T01:55:28.247130294Z","Action":"run","Package":"go.temporal.io/server/tools/gomad3/target/internal/gocommand","Test":"TestStructuredCommandOutputErrorMatchesActualOutputStderr/65537"}
{"Time":"2026-10-09T01:55:28.247170877Z","Action":"output","Package":"go.temporal.io/server/tools/gomad3/target/internal/gocommand","Test":"TestStructuredCommandOutputErrorMatchesActualOutputStderr/65537","Output":"=== RUN   TestStructuredCommandOutputErrorMatchesActualOutputStderr/65537\n","OutputType":"frame"}
{"Time":"2026-10-09T01:55:28.252176919Z","Action":"output","Package":"go.temporal.io/server/tools/gomad3/target/internal/gocommand","Test":"TestStructuredCommandOutputErrorMatchesActualOutputStderr/65537","Output":"--- PASS: TestStructuredCommandOutputErrorMatchesActualOutputStderr/65537 (0.01s)\n","OutputType":"frame"}
{"Time":"2026-10-09T01:55:28.252294669Z","Action":"pass","Package":"go.temporal.io/server/tools/gomad3/target/internal/gocommand","Test":"TestStructuredCommandOutputErrorMatchesActualOutputStderr/65537","Elapsed":0.01}
{"Time":"2026-10-09T01:55:28.252343627Z","Action":"run","Package":"go.temporal.io/server/tools/gomad3/target/internal/gocommand","Test":"TestStructuredCommandOutputErrorMatchesActualOutputStderr/4194304"}
{"Time":"2026-10-09T01:55:28.252385502Z","Action":"output","Package":"go.temporal.io/server/tools/gomad3/target/internal/gocommand","Test":"TestStructuredCommandOutputErrorMatchesActualOutputStderr/4194304","Output":"=== RUN   TestStructuredCommandOutputErrorMatchesActualOutputStderr/4194304\n","OutputType":"frame"}
{"Time":"2026-10-09T01:55:28.272590002Z","Action":"output","Package":"go.temporal.io/server/tools/gomad3/target/internal/gocommand","Test":"TestStructuredCommandOutputErrorMatchesActualOutputStderr/4194304","Output":"--- PASS: TestStructuredCommandOutputErrorMatchesActualOutputStderr/4194304 (0.02s)\n","OutputType":"frame"}
{"Time":"2026-10-09T01:55:28.272675544Z","Action":"pass","Package":"go.temporal.io/server/tools/gomad3/target/internal/gocommand","Test":"TestStructuredCommandOutputErrorMatchesActualOutputStderr/4194304","Elapsed":0.02}
{"Time":"2026-10-09T01:55:28.272706377Z","Action":"output","Package":"go.temporal.io/server/tools/gomad3/target/internal/gocommand","Test":"TestStructuredCommandOutputErrorMatchesActualOutputStderr","Output":"--- PASS: TestStructuredCommandOutputErrorMatchesActualOutputStderr (0.41s)\n","OutputType":"frame"}
{"Time":"2026-10-09T01:55:28.272735711Z","Action":"pass","Package":"go.temporal.io/server/tools/gomad3/target/internal/gocommand","Test":"TestStructuredCommandOutputErrorMatchesActualOutputStderr","Elapsed":0.41}
{"Time":"2026-10-09T01:55:28.272764877Z","Action":"output","Package":"go.temporal.io/server/tools/gomad3/target/internal/gocommand","Output":"PASS\n","OutputType":"frame"}
{"Time":"2026-10-09T01:55:28.273485419Z","Action":"output","Package":"go.temporal.io/server/tools/gomad3/target/internal/gocommand","Output":"ok  \tgo.temporal.io/server/tools/gomad3/target/internal/gocommand\t5.954s\n"}
{"Time":"2026-10-09T01:55:28.273548877Z","Action":"pass","Package":"go.temporal.io/server/tools/gomad3/target/internal/gocommand","Elapsed":5.954}
{"Time":"2026-10-09T01:55:28.296230294Z","Action":"output","Package":"go.temporal.io/server/tools/gomad3/target","Test":"TestProjectCapabilityReviewRejectsUnsafeSourceFiles/oversized","Output":"--- PASS: TestProjectCapabilityReviewRejectsUnsafeSourceFiles/oversized (0.40s)\n","OutputType":"frame"}
{"Time":"2026-10-09T01:55:28.296279127Z","Action":"pass","Package":"go.temporal.io/server/tools/gomad3/target","Test":"TestProjectCapabilityReviewRejectsUnsafeSourceFiles/oversized","Elapsed":0.4}
{"Time":"2026-10-09T01:55:28.296306502Z","Action":"output","Package":"go.temporal.io/server/tools/gomad3/target","Test":"TestProjectCapabilityReviewRejectsUnsafeSourceFiles","Output":"--- PASS: TestProjectCapabilityReviewRejectsUnsafeSourceFiles (0.40s)\n","OutputType":"frame"}
{"Time":"2026-10-09T01:55:28.296356794Z","Action":"pass","Package":"go.temporal.io/server/tools/gomad3/target","Test":"TestProjectCapabilityReviewRejectsUnsafeSourceFiles","Elapsed":0.4}
{"Time":"2026-10-09T01:55:28.296507711Z","Action":"run","Package":"go.temporal.io/server/tools/gomad3/target","Test":"TestValidateCapabilityClosureRejectsEscapeCapabilities"}
{"Time":"2026-10-09T01:55:28.296630961Z","Action":"output","Package":"go.temporal.io/server/tools/gomad3/target","Test":"TestValidateCapabilityClosureRejectsEscapeCapabilities","Output":"=== RUN   TestValidateCapabilityClosureRejectsEscapeCapabilities\n","OutputType":"frame"}
{"Time":"2026-10-09T01:55:28.296678794Z","Action":"run","Package":"go.temporal.io/server/tools/gomad3/target","Test":"TestValidateCapabilityClosureRejectsEscapeCapabilities/syscall_import"}
{"Time":"2026-10-09T01:55:28.296708502Z","Action":"output","Package":"go.temporal.io/server/tools/gomad3/target","Test":"TestValidateCapabilityClosureRejectsEscapeCapabilities/syscall_import","Output":"=== RUN   TestValidateCapabilityClosureRejectsEscapeCapabilities/syscall_import\n","OutputType":"frame"}
{"Time":"2026-10-09T01:55:28.316640544Z","Action":"output","Package":"go.temporal.io/server/tools/gomad3/target","Test":"TestValidateCapabilityClosureRejectsEscapeCapabilities/syscall_import","Output":"--- PASS: TestValidateCapabilityClosureRejectsEscapeCapabilities/syscall_import (0.02s)\n","OutputType":"frame"}
{"Time":"2026-10-09T01:55:28.316697752Z","Action":"pass","Package":"go.temporal.io/server/tools/gomad3/target","Test":"TestValidateCapabilityClosureRejectsEscapeCapabilities/syscall_import","Elapsed":0.02}
{"Time":"2026-10-09T01:55:28.316725877Z","Action":"run","Package":"go.temporal.io/server/tools/gomad3/target","Test":"TestValidateCapabilityClosureRejectsEscapeCapabilities/x/sys_import"}
{"Time":"2026-10-09T01:55:28.316757169Z","Action":"output","Package":"go.temporal.io/server/tools/gomad3/target","Test":"TestValidateCapabilityClosureRejectsEscapeCapabilities/x/sys_import","Output":"=== RUN   TestValidateCapabilityClosureRejectsEscapeCapabilities/x/sys_import\n","OutputType":"frame"}
{"Time":"2026-10-09T01:55:28.338880794Z","Action":"output","Package":"go.temporal.io/server/tools/gomad3/target","Test":"TestValidateCapabilityClosureRejectsEscapeCapabilities/x/sys_import","Output":"--- PASS: TestValidateCapabilityClosureRejectsEscapeCapabilities/x/sys_import (0.02s)\n","OutputType":"frame"}
{"Time":"2026-10-09T01:55:28.339030086Z","Action":"pass","Package":"go.temporal.io/server/tools/gomad3/target","Test":"TestValidateCapabilityClosureRejectsEscapeCapabilities/x/sys_import","Elapsed":0.02}
{"Time":"2026-10-09T01:55:28.339090336Z","Action":"run","Package":"go.temporal.io/server/tools/gomad3/target","Test":"TestValidateCapabilityClosureRejectsEscapeCapabilities/process_import"}
{"Time":"2026-10-09T01:55:28.339160002Z","Action":"output","Package":"go.temporal.io/server/tools/gomad3/target","Test":"TestValidateCapabilityClosureRejectsEscapeCapabilities/process_import","Output":"=== RUN   TestValidateCapabilityClosureRejectsEscapeCapabilities/process_import\n","OutputType":"frame"}
{"Time":"2026-10-09T01:55:28.361748086Z","Action":"output","Package":"go.temporal.io/server/tools/gomad3/target","Test":"TestValidateCapabilityClosureRejectsEscapeCapabilities/process_import","Output":"--- PASS: TestValidateCapabilityClosureRejectsEscapeCapabilities/process_import (0.02s)\n","OutputType":"frame"}
{"Time":"2026-10-09T01:55:28.361802377Z","Action":"pass","Package":"go.temporal.io/server/tools/gomad3/target","Test":"TestValidateCapabilityClosureRejectsEscapeCapabilities/process_import","Elapsed":0.02}
{"Time":"2026-10-09T01:55:28.361831211Z","Action":"run","Package":"go.temporal.io/server/tools/gomad3/target","Test":"TestValidateCapabilityClosureRejectsEscapeCapabilities/signal_import"}
{"Time":"2026-10-09T01:55:28.361868419Z","Action":"output","Package":"go.temporal.io/server/tools/gomad3/target","Test":"TestValidateCapabilityClosureRejectsEscapeCapabilities/signal_import","Output":"=== RUN   TestValidateCapabilityClosureRejectsEscapeCapabilities/signal_import\n","OutputType":"frame"}
{"Time":"2026-10-09T01:55:28.382371086Z","Action":"output","Package":"go.temporal.io/server/tools/gomad3/target","Test":"TestValidateCapabilityClosureRejectsEscapeCapabilities/signal_import","Output":"--- PASS: TestValidateCapabilityClosureRejectsEscapeCapabilities/signal_import (0.02s)\n","OutputType":"frame"}
{"Time":"2026-10-09T01:55:28.382469752Z","Action":"pass","Package":"go.temporal.io/server/tools/gomad3/target","Test":"TestValidateCapabilityClosureRejectsEscapeCapabilities/signal_import","Elapsed":0.02}
{"Time":"2026-10-09T01:55:28.382500169Z","Action":"run","Package":"go.temporal.io/server/tools/gomad3/target","Test":"TestValidateCapabilityClosureRejectsEscapeCapabilities/cgo_source"}
{"Time":"2026-10-09T01:55:28.382547336Z","Action":"output","Package":"go.temporal.io/server/tools/gomad3/target","Test":"TestValidateCapabilityClosureRejectsEscapeCapabilities/cgo_source","Output":"=== RUN   TestValidateCapabilityClosureRejectsEscapeCapabilities/cgo_source\n","OutputType":"frame"}
{"Time":"2026-10-09T01:55:28.407068502Z","Action":"output","Package":"go.temporal.io/server/tools/gomad3/target","Test":"TestValidateCapabilityClosureRejectsEscapeCapabilities/cgo_source","Output":"--- PASS: TestValidateCapabilityClosureRejectsEscapeCapabilities/cgo_source (0.02s)\n","OutputType":"frame"}
{"Time":"2026-10-09T01:55:28.407303336Z","Action":"pass","Package":"go.temporal.io/server/tools/gomad3/target","Test":"TestValidateCapabilityClosureRejectsEscapeCapabilities/cgo_source","Elapsed":0.02}
{"Time":"2026-10-09T01:55:28.407402752Z","Action":"run","Package":"go.temporal.io/server/tools/gomad3/target","Test":"TestValidateCapabilityClosureRejectsEscapeCapabilities/host_user_import"}
{"Time":"2026-10-09T01:55:28.407448252Z","Action":"output","Package":"go.temporal.io/server/tools/gomad3/target","Test":"TestValidateCapabilityClosureRejectsEscapeCapabilities/host_user_import","Output":"=== RUN   TestValidateCapabilityClosureRejectsEscapeCapabilities/host_user_import\n","OutputType":"frame"}
{"Time":"2026-10-09T01:55:28.428445461Z","Action":"output","Package":"go.temporal.io/server/tools/gomad3/target","Test":"TestValidateCapabilityClosureRejectsEscapeCapabilities/host_user_import","Output":"--- PASS: TestValidateCapabilityClosureRejectsEscapeCapabilities/host_user_import (0.02s)\n","OutputType":"frame"}
{"Time":"2026-10-09T01:55:28.428525919Z","Action":"pass","Package":"go.temporal.io/server/tools/gomad3/target","Test":"TestValidateCapabilityClosureRejectsEscapeCapabilities/host_user_import","Elapsed":0.02}
{"Time":"2026-10-09T01:55:28.428833377Z","Action":"run","Package":"go.temporal.io/server/tools/gomad3/target","Test":"TestValidateCapabilityClosureRejectsEscapeCapabilities/plugin_import"}
{"Time":"2026-10-09T01:55:28.428876711Z","Action":"output","Package":"go.temporal.io/server/tools/gomad3/target","Test":"TestValidateCapabilityClosureRejectsEscapeCapabilities/plugin_import","Output":"=== RUN   TestValidateCapabilityClosureRejectsEscapeCapabilities/plugin_import\n","OutputType":"frame"}
{"Time":"2026-10-09T01:55:28.450799211Z","Action":"output","Package":"go.temporal.io/server/tools/gomad3/target","Test":"TestValidateCapabilityClosureRejectsEscapeCapabilities/plugin_import","Output":"--- PASS: TestValidateCapabilityClosureRejectsEscapeCapabilities/plugin_import (0.02s)\n","OutputType":"frame"}
{"Time":"2026-10-09T01:55:28.450902628Z","Action":"pass","Package":"go.temporal.io/server/tools/gomad3/target","Test":"TestValidateCapabilityClosureRejectsEscapeCapabilities/plugin_import","Elapsed":0.02}
{"Time":"2026-10-09T01:55:28.450983669Z","Action":"run","Package":"go.temporal.io/server/tools/gomad3/target","Test":"TestValidateCapabilityClosureRejectsEscapeCapabilities/assembly_source"}
{"Time":"2026-10-09T01:55:28.451037503Z","Action":"output","Package":"go.temporal.io/server/tools/gomad3/target","Test":"TestValidateCapabilityClosureRejectsEscapeCapabilities/assembly_source","Output":"=== RUN   TestValidateCapabilityClosureRejectsEscapeCapabilities/assembly_source\n","OutputType":"frame"}
{"Time":"2026-10-09T01:55:28.472239128Z","Action":"output","Package":"go.temporal.io/server/tools/gomad3/target","Test":"TestValidateCapabilityClosureRejectsEscapeCapabilities/assembly_source","Output":"--- PASS: TestValidateCapabilityClosureRejectsEscapeCapabilities/assembly_source (0.02s)\n","OutputType":"frame"}
{"Time":"2026-10-09T01:55:28.472305461Z","Action":"pass","Package":"go.temporal.io/server/tools/gomad3/target","Test":"TestValidateCapabilityClosureRejectsEscapeCapabilities/assembly_source","Elapsed":0.02}
{"Time":"2026-10-09T01:55:28.472333753Z","Action":"run","Package":"go.temporal.io/server/tools/gomad3/target","Test":"TestValidateCapabilityClosureRejectsEscapeCapabilities/external_object"}
{"Time":"2026-10-09T01:55:28.472370794Z","Action":"output","Package":"go.temporal.io/server/tools/gomad3/target","Test":"TestValidateCapabilityClosureRejectsEscapeCapabilities/external_object","Output":"=== RUN   TestValidateCapabilityClosureRejectsEscapeCapabilities/external_object\n","OutputType":"frame"}
{"Time":"2026-10-09T01:55:28.493657044Z","Action":"output","Package":"go.temporal.io/server/tools/gomad3/target","Test":"TestValidateCapabilityClosureRejectsEscapeCapabilities/external_object","Output":"--- PASS: TestValidateCapabilityClosureRejectsEscapeCapabilities/external_object (0.02s)\n","OutputType":"frame"}
{"Time":"2026-10-09T01:55:28.493718503Z","Action":"pass","Package":"go.temporal.io/server/tools/gomad3/target","Test":"TestValidateCapabilityClosureRejectsEscapeCapabilities/external_object","Elapsed":0.02}
{"Time":"2026-10-09T01:55:28.493747169Z","Action":"output","Package":"go.temporal.io/server/tools/gomad3/target","Test":"TestValidateCapabilityClosureRejectsEscapeCapabilities","Output":"--- PASS: TestValidateCapabilityClosureRejectsEscapeCapabilities (0.20s)\n","OutputType":"frame"}
{"Time":"2026-10-09T01:55:28.493787419Z","Action":"pass","Package":"go.temporal.io/server/tools/gomad3/target","Test":"TestValidateCapabilityClosureRejectsEscapeCapabilities","Elapsed":0.2}
{"Time":"2026-10-09T01:55:28.493835294Z","Action":"run","Package":"go.temporal.io/server/tools/gomad3/target","Test":"TestValidateCapabilityClosureRejectsLinkname"}
{"Time":"2026-10-09T01:55:28.493863253Z","Action":"output","Package":"go.temporal.io/server/tools/gomad3/target","Test":"TestValidateCapabilityClosureRejectsLinkname","Output":"=== RUN   TestValidateCapabilityClosureRejectsLinkname\n","OutputType":"frame"}
{"Time":"2026-10-09T01:55:28.519199586Z","Action":"output","Package":"go.temporal.io/server/tools/gomad3/target","Test":"TestValidateCapabilityClosureRejectsLinkname","Output":"--- PASS: TestValidateCapabilityClosureRejectsLinkname (0.03s)\n","OutputType":"frame"}
{"Time":"2026-10-09T01:55:28.519247294Z","Action":"pass","Package":"go.temporal.io/server/tools/gomad3/target","Test":"TestValidateCapabilityClosureRejectsLinkname","Elapsed":0.03}
{"Time":"2026-10-09T01:55:28.519285211Z","Action":"run","Package":"go.temporal.io/server/tools/gomad3/target","Test":"TestValidateCapabilityClosureRejectsUnapprovedReflect2ForeignSources"}
{"Time":"2026-10-09T01:55:28.519321461Z","Action":"output","Package":"go.temporal.io/server/tools/gomad3/target","Test":"TestValidateCapabilityClosureRejectsUnapprovedReflect2ForeignSources","Output":"=== RUN   TestValidateCapabilityClosureRejectsUnapprovedReflect2ForeignSources\n","OutputType":"frame"}
{"Time":"2026-10-09T01:55:28.519343836Z","Action":"output","Package":"go.temporal.io/server/tools/gomad3/target","Test":"TestValidateCapabilityClosureRejectsUnapprovedReflect2ForeignSources","Output":"    capability_test.go:104: reflect2 assembly inventory is not pinned for linux/arm64\n"}
{"Time":"2026-10-09T01:55:28.519369211Z","Action":"output","Package":"go.temporal.io/server/tools/gomad3/target","Test":"TestValidateCapabilityClosureRejectsUnapprovedReflect2ForeignSources","Output":"--- SKIP: TestValidateCapabilityClosureRejectsUnapprovedReflect2ForeignSources (0.00s)\n","OutputType":"frame"}
{"Time":"2026-10-09T01:55:28.519395628Z","Action":"skip","Package":"go.temporal.io/server/tools/gomad3/target","Test":"TestValidateCapabilityClosureRejectsUnapprovedReflect2ForeignSources","Elapsed":0}
{"Time":"2026-10-09T01:55:28.519420169Z","Action":"run","Package":"go.temporal.io/server/tools/gomad3/target","Test":"TestValidateCapabilityClosureRejectsModifiedReflect2Linkname"}
{"Time":"2026-10-09T01:55:28.519449253Z","Action":"output","Package":"go.temporal.io/server/tools/gomad3/target","Test":"TestValidateCapabilityClosureRejectsModifiedReflect2Linkname","Output":"=== RUN   TestValidateCapabilityClosureRejectsModifiedReflect2Linkname\n","OutputType":"frame"}
{"Time":"2026-10-09T01:55:28.547920461Z","Action":"output","Package":"go.temporal.io/server/tools/gomad3/target","Test":"TestValidateCapabilityClosureRejectsModifiedReflect2Linkname","Output":"--- PASS: TestValidateCapabilityClosureRejectsModifiedReflect2Linkname (0.03s)\n","OutputType":"frame"}
{"Time":"2026-10-09T01:55:28.548009753Z","Action":"pass","Package":"go.temporal.io/server/tools/gomad3/target","Test":"TestValidateCapabilityClosureRejectsModifiedReflect2Linkname","Elapsed":0.03}
{"Time":"2026-10-09T01:55:28.548044586Z","Action":"run","Package":"go.temporal.io/server/tools/gomad3/target","Test":"TestValidateCapabilityClosureRejectsLocallyReplacedReflect2Linkname"}
{"Time":"2026-10-09T01:55:28.548130544Z","Action":"output","Package":"go.temporal.io/server/tools/gomad3/target","Test":"TestValidateCapabilityClosureRejectsLocallyReplacedReflect2Linkname","Output":"=== RUN   TestValidateCapabilityClosureRejectsLocallyReplacedReflect2Linkname\n","OutputType":"frame"}
{"Time":"2026-10-09T01:55:28.573762753Z","Action":"output","Package":"go.temporal.io/server/tools/gomad3/target","Test":"TestValidateCapabilityClosureRejectsLocallyReplacedReflect2Linkname","Output":"--- PASS: TestValidateCapabilityClosureRejectsLocallyReplacedReflect2Linkname (0.03s)\n","OutputType":"frame"}
{"Time":"2026-10-09T01:55:28.573878503Z","Action":"pass","Package":"go.temporal.io/server/tools/gomad3/target","Test":"TestValidateCapabilityClosureRejectsLocallyReplacedReflect2Linkname","Elapsed":0.03}
{"Time":"2026-10-09T01:55:28.573967294Z","Action":"run","Package":"go.temporal.io/server/tools/gomad3/target","Test":"TestValidateCapabilityClosureIgnoresUnlinkedDependencyTests"}
{"Time":"2026-10-09T01:55:28.574024586Z","Action":"output","Package":"go.temporal.io/server/tools/gomad3/target","Test":"TestValidateCapabilityClosureIgnoresUnlinkedDependencyTests","Output":"=== RUN   TestValidateCapabilityClosureIgnoresUnlinkedDependencyTests\n","OutputType":"frame"}
{"Time":"2026-10-09T01:55:28.650435378Z","Action":"output","Package":"go.temporal.io/server/tools/gomad3/target","Test":"TestValidateCapabilityClosureIgnoresUnlinkedDependencyTests","Output":"--- PASS: TestValidateCapabilityClosureIgnoresUnlinkedDependencyTests (0.08s)\n","OutputType":"frame"}
{"Time":"2026-10-09T01:55:28.651555628Z","Action":"pass","Package":"go.temporal.io/server/tools/gomad3/target","Test":"TestValidateCapabilityClosureIgnoresUnlinkedDependencyTests","Elapsed":0.08}
{"Time":"2026-10-09T01:55:28.654697294Z","Action":"run","Package":"go.temporal.io/server/tools/gomad3/target","Test":"TestValidateCapabilityClosureRejectsIncompletePinnedAdapterEvidence"}
{"Time":"2026-10-09T01:55:28.654913711Z","Action":"output","Package":"go.temporal.io/server/tools/gomad3/target","Test":"TestValidateCapabilityClosureRejectsIncompletePinnedAdapterEvidence","Output":"=== RUN   TestValidateCapabilityClosureRejectsIncompletePinnedAdapterEvidence\n","OutputType":"frame"}
{"Time":"2026-10-09T01:55:28.712783544Z","Action":"output","Package":"go.temporal.io/server/tools/gomad3/target","Test":"TestValidateCapabilityClosureRejectsIncompletePinnedAdapterEvidence","Output":"--- PASS: TestValidateCapabilityClosureRejectsIncompletePinnedAdapterEvidence (0.06s)\n","OutputType":"frame"}
{"Time":"2026-10-09T01:55:28.712860878Z","Action":"pass","Package":"go.temporal.io/server/tools/gomad3/target","Test":"TestValidateCapabilityClosureRejectsIncompletePinnedAdapterEvidence","Elapsed":0.06}
{"Time":"2026-10-09T01:55:28.712908919Z","Action":"run","Package":"go.temporal.io/server/tools/gomad3/target","Test":"TestProjectCapabilityClosureRecordsSelectedCompatibilityPack"}
{"Time":"2026-10-09T01:55:28.713032669Z","Action":"output","Package":"go.temporal.io/server/tools/gomad3/target","Test":"TestProjectCapabilityClosureRecordsSelectedCompatibilityPack","Output":"=== RUN   TestProjectCapabilityClosureRecordsSelectedCompatibilityPack\n","OutputType":"frame"}
{"Time":"2026-10-09T01:55:28.713074711Z","Action":"output","Package":"go.temporal.io/server/tools/gomad3/target","Test":"TestProjectCapabilityClosureRecordsSelectedCompatibilityPack","Output":"    capability_test.go:202: reflect2 assembly inventory is not pinned for linux/arm64\n"}
{"Time":"2026-10-09T01:55:28.713097128Z","Action":"output","Package":"go.temporal.io/server/tools/gomad3/target","Test":"TestProjectCapabilityClosureRecordsSelectedCompatibilityPack","Output":"--- SKIP: TestProjectCapabilityClosureRecordsSelectedCompatibilityPack (0.00s)\n","OutputType":"frame"}
{"Time":"2026-10-09T01:55:28.713142461Z","Action":"skip","Package":"go.temporal.io/server/tools/gomad3/target","Test":"TestProjectCapabilityClosureRecordsSelectedCompatibilityPack","Elapsed":0}
{"Time":"2026-10-09T01:55:28.713182711Z","Action":"run","Package":"go.temporal.io/server/tools/gomad3/target","Test":"TestValidateCapabilityClosureDoesNotExtendAdapterAllowlist"}
{"Time":"2026-10-09T01:55:28.713199169Z","Action":"output","Package":"go.temporal.io/server/tools/gomad3/target","Test":"TestValidateCapabilityClosureDoesNotExtendAdapterAllowlist","Output":"=== RUN   TestValidateCapabilityClosureDoesNotExtendAdapterAllowlist\n","OutputType":"frame"}
{"Time":"2026-10-09T01:55:28.722967461Z","Action":"output","Package":"go.temporal.io/server/tools/gomad3/target","Test":"TestValidateCapabilityClosureDoesNotExtendAdapterAllowlist","Output":"--- PASS: TestValidateCapabilityClosureDoesNotExtendAdapterAllowlist (0.01s)\n","OutputType":"frame"}
{"Time":"2026-10-09T01:55:28.723025044Z","Action":"pass","Package":"go.temporal.io/server/tools/gomad3/target","Test":"TestValidateCapabilityClosureDoesNotExtendAdapterAllowlist","Elapsed":0.01}
{"Time":"2026-10-09T01:55:28.723052169Z","Action":"run","Package":"go.temporal.io/server/tools/gomad3/target","Test":"TestValidateCapabilityClosureDoesNotAuthorizeAnotherPackageInPinnedModule"}
{"Time":"2026-10-09T01:55:28.723071628Z","Action":"output","Package":"go.temporal.io/server/tools/gomad3/target","Test":"TestValidateCapabilityClosureDoesNotAuthorizeAnotherPackageInPinnedModule","Output":"=== RUN   TestValidateCapabilityClosureDoesNotAuthorizeAnotherPackageInPinnedModule\n","OutputType":"frame"}
{"Time":"2026-10-09T01:55:28.745734086Z","Action":"output","Package":"go.temporal.io/server/tools/gomad3/target","Test":"TestValidateCapabilityClosureDoesNotAuthorizeAnotherPackageInPinnedModule","Output":"--- PASS: TestValidateCapabilityClosureDoesNotAuthorizeAnotherPackageInPinnedModule (0.02s)\n","OutputType":"frame"}
{"Time":"2026-10-09T01:55:28.745783586Z","Action":"pass","Package":"go.temporal.io/server/tools/gomad3/target","Test":"TestValidateCapabilityClosureDoesNotAuthorizeAnotherPackageInPinnedModule","Elapsed":0.02}
{"Time":"2026-10-09T01:55:28.745805628Z","Action":"run","Package":"go.temporal.io/server/tools/gomad3/target","Test":"TestValidateCapabilityReviewRejectsForgedCompatibilityIdentity"}
{"Time":"2026-10-09T01:55:28.745824003Z","Action":"output","Package":"go.temporal.io/server/tools/gomad3/target","Test":"TestValidateCapabilityReviewRejectsForgedCompatibilityIdentity","Output":"=== RUN   TestValidateCapabilityReviewRejectsForgedCompatibilityIdentity\n","OutputType":"frame"}
{"Time":"2026-10-09T01:55:28.755509211Z","Action":"output","Package":"go.temporal.io/server/tools/gomad3/target","Test":"TestValidateCapabilityReviewRejectsForgedCompatibilityIdentity","Output":"--- PASS: TestValidateCapabilityReviewRejectsForgedCompatibilityIdentity (0.01s)\n","OutputType":"frame"}
{"Time":"2026-10-09T01:55:28.755564544Z","Action":"pass","Package":"go.temporal.io/server/tools/gomad3/target","Test":"TestValidateCapabilityReviewRejectsForgedCompatibilityIdentity","Elapsed":0.01}
{"Time":"2026-10-09T01:55:28.755598128Z","Action":"run","Package":"go.temporal.io/server/tools/gomad3/target","Test":"TestValidateCapabilityReviewRejectsForgedGeneratedMain"}
{"Time":"2026-10-09T01:55:28.755612086Z","Action":"output","Package":"go.temporal.io/server/tools/gomad3/target","Test":"TestValidateCapabilityReviewRejectsForgedGeneratedMain","Output":"=== RUN   TestValidateCapabilityReviewRejectsForgedGeneratedMain\n","OutputType":"frame"}
{"Time":"2026-10-09T01:55:28.765579419Z","Action":"output","Package":"go.temporal.io/server/tools/gomad3/target","Test":"TestValidateCapabilityReviewRejectsForgedGeneratedMain","Output":"--- PASS: TestValidateCapabilityReviewRejectsForgedGeneratedMain (0.01s)\n","OutputType":"frame"}
{"Time":"2026-10-09T01:55:28.765654044Z","Action":"pass","Package":"go.temporal.io/server/tools/gomad3/target","Test":"TestValidateCapabilityReviewRejectsForgedGeneratedMain","Elapsed":0.01}
{"Time":"2026-10-09T01:55:28.765729336Z","Action":"run","Package":"go.temporal.io/server/tools/gomad3/target","Test":"TestTargetFileCleanupExecutable"}
{"Time":"2026-10-09T01:55:28.765808794Z","Action":"output","Package":"go.temporal.io/server/tools/gomad3/target","Test":"TestTargetFileCleanupExecutable","Output":"=== RUN   TestTargetFileCleanupExecutable\n","OutputType":"frame"}
{"Time":"2026-10-09T01:55:28.767839753Z","Action":"output","Package":"go.temporal.io/server/tools/gomad3/target","Test":"TestTargetFileCleanupExecutable","Output":"--- PASS: TestTargetFileCleanupExecutable (0.00s)\n","OutputType":"frame"}
{"Time":"2026-10-09T01:55:28.767910961Z","Action":"pass","Package":"go.temporal.io/server/tools/gomad3/target","Test":"TestTargetFileCleanupExecutable","Elapsed":0}
{"Time":"2026-10-09T01:55:28.767943128Z","Action":"run","Package":"go.temporal.io/server/tools/gomad3/target","Test":"TestTargetFileCleanupSourceRejection"}
{"Time":"2026-10-09T01:55:28.768014794Z","Action":"output","Package":"go.temporal.io/server/tools/gomad3/target","Test":"TestTargetFileCleanupSourceRejection","Output":"=== RUN   TestTargetFileCleanupSourceRejection\n","OutputType":"frame"}
{"Time":"2026-10-09T01:55:28.768086836Z","Action":"run","Package":"go.temporal.io/server/tools/gomad3/target","Test":"TestTargetFileCleanupSourceRejection/missing"}
{"Time":"2026-10-09T01:55:28.768135961Z","Action":"output","Package":"go.temporal.io/server/tools/gomad3/target","Test":"TestTargetFileCleanupSourceRejection/missing","Output":"=== RUN   TestTargetFileCleanupSourceRejection/missing\n","OutputType":"frame"}
{"Time":"2026-10-09T01:55:28.769486461Z","Action":"output","Package":"go.temporal.io/server/tools/gomad3/target","Test":"TestTargetFileCleanupSourceRejection/missing","Output":"--- PASS: TestTargetFileCleanupSourceRejection/missing (0.00s)\n","OutputType":"frame"}
{"Time":"2026-10-09T01:55:28.769516294Z","Action":"pass","Package":"go.temporal.io/server/tools/gomad3/target","Test":"TestTargetFileCleanupSourceRejection/missing","Elapsed":0}
{"Time":"2026-10-09T01:55:28.769554419Z","Action":"run","Package":"go.temporal.io/server/tools/gomad3/target","Test":"TestTargetFileCleanupSourceRejection/symlink"}
{"Time":"2026-10-09T01:55:28.769637586Z","Action":"output","Package":"go.temporal.io/server/tools/gomad3/target","Test":"TestTargetFileCleanupSourceRejection/symlink","Output":"=== RUN   TestTargetFileCleanupSourceRejection/symlink\n","OutputType":"frame"}
{"Time":"2026-10-09T01:55:28.771529544Z","Action":"output","Package":"go.temporal.io/server/tools/gomad3/target","Test":"TestTargetFileCleanupSourceRejection/symlink","Output":"--- PASS: TestTargetFileCleanupSourceRejection/symlink (0.00s)\n","OutputType":"frame"}
{"Time":"2026-10-09T01:55:28.771634544Z","Action":"pass","Package":"go.temporal.io/server/tools/gomad3/target","Test":"TestTargetFileCleanupSourceRejection/symlink","Elapsed":0}
{"Time":"2026-10-09T01:55:28.771765836Z","Action":"run","Package":"go.temporal.io/server/tools/gomad3/target","Test":"TestTargetFileCleanupSourceRejection/nonexecutable"}
{"Time":"2026-10-09T01:55:28.771795753Z","Action":"output","Package":"go.temporal.io/server/tools/gomad3/target","Test":"TestTargetFileCleanupSourceRejection/nonexecutable","Output":"=== RUN   TestTargetFileCleanupSourceRejection/nonexecutable\n","OutputType":"frame"}
{"Time":"2026-10-09T01:55:28.773394128Z","Action":"output","Package":"go.temporal.io/server/tools/gomad3/target","Test":"TestTargetFileCleanupSourceRejection/nonexecutable","Output":"--- PASS: TestTargetFileCleanupSourceRejection/nonexecutable (0.00s)\n","OutputType":"frame"}
{"Time":"2026-10-09T01:55:28.773428544Z","Action":"pass","Package":"go.temporal.io/server/tools/gomad3/target","Test":"TestTargetFileCleanupSourceRejection/nonexecutable","Elapsed":0}
{"Time":"2026-10-09T01:55:28.773489003Z","Action":"run","Package":"go.temporal.io/server/tools/gomad3/target","Test":"TestTargetFileCleanupSourceRejection/directory"}
{"Time":"2026-10-09T01:55:28.773685961Z","Action":"output","Package":"go.temporal.io/server/tools/gomad3/target","Test":"TestTargetFileCleanupSourceRejection/directory","Output":"=== RUN   TestTargetFileCleanupSourceRejection/directory\n","OutputType":"frame"}
{"Time":"2026-10-09T01:55:28.775000211Z","Action":"output","Package":"go.temporal.io/server/tools/gomad3/target","Test":"TestTargetFileCleanupSourceRejection/directory","Output":"--- PASS: TestTargetFileCleanupSourceRejection/directory (0.00s)\n","OutputType":"frame"}
{"Time":"2026-10-09T01:55:28.775046128Z","Action":"pass","Package":"go.temporal.io/server/tools/gomad3/target","Test":"TestTargetFileCleanupSourceRejection/directory","Elapsed":0}
{"Time":"2026-10-09T01:55:28.775072503Z","Action":"output","Package":"go.temporal.io/server/tools/gomad3/target","Test":"TestTargetFileCleanupSourceRejection","Output":"--- PASS: TestTargetFileCleanupSourceRejection (0.01s)\n","OutputType":"frame"}
{"Time":"2026-10-09T01:55:28.775135586Z","Action":"pass","Package":"go.temporal.io/server/tools/gomad3/target","Test":"TestTargetFileCleanupSourceRejection","Elapsed":0.01}
{"Time":"2026-10-09T01:55:28.775197669Z","Action":"run","Package":"go.temporal.io/server/tools/gomad3/target","Test":"TestTargetFileCleanupDestinationRejection"}
{"Time":"2026-10-09T01:55:28.775301086Z","Action":"output","Package":"go.temporal.io/server/tools/gomad3/target","Test":"TestTargetFileCleanupDestinationRejection","Output":"=== RUN   TestTargetFileCleanupDestinationRejection\n","OutputType":"frame"}
{"Time":"2026-10-09T01:55:28.775432711Z","Action":"run","Package":"go.temporal.io/server/tools/gomad3/target","Test":"TestTargetFileCleanupDestinationRejection/copy/collision"}
{"Time":"2026-10-09T01:55:28.775491919Z","Action":"output","Package":"go.temporal.io/server/tools/gomad3/target","Test":"TestTargetFileCleanupDestinationRejection/copy/collision","Output":"=== RUN   TestTargetFileCleanupDestinationRejection/copy/collision\n","OutputType":"frame"}
{"Time":"2026-10-09T01:55:28.777884628Z","Action":"output","Package":"go.temporal.io/server/tools/gomad3/target","Test":"TestTargetFileCleanupDestinationRejection/copy/collision","Output":"--- PASS: TestTargetFileCleanupDestinationRejection/copy/collision (0.00s)\n","OutputType":"frame"}
{"Time":"2026-10-09T01:55:28.777995253Z","Action":"pass","Package":"go.temporal.io/server/tools/gomad3/target","Test":"TestTargetFileCleanupDestinationRejection/copy/collision","Elapsed":0}
{"Time":"2026-10-09T01:55:28.778053336Z","Action":"run","Package":"go.temporal.io/server/tools/gomad3/target","Test":"TestTargetFileCleanupDestinationRejection/copy/missing-parent"}
{"Time":"2026-10-09T01:55:28.778068503Z","Action":"output","Package":"go.temporal.io/server/tools/gomad3/target","Test":"TestTargetFileCleanupDestinationRejection/copy/missing-parent","Output":"=== RUN   TestTargetFileCleanupDestinationRejection/copy/missing-parent\n","OutputType":"frame"}
{"Time":"2026-10-09T01:55:28.780826836Z","Action":"output","Package":"go.temporal.io/server/tools/gomad3/target","Test":"TestTargetFileCleanupDestinationRejection/copy/missing-parent","Output":"--- PASS: TestTargetFileCleanupDestinationRejection/copy/missing-parent (0.00s)\n","OutputType":"frame"}
{"Time":"2026-10-09T01:55:28.780948544Z","Action":"pass","Package":"go.temporal.io/server/tools/gomad3/target","Test":"TestTargetFileCleanupDestinationRejection/copy/missing-parent","Elapsed":0}
{"Time":"2026-10-09T01:55:28.781019586Z","Action":"run","Package":"go.temporal.io/server/tools/gomad3/target","Test":"TestTargetFileCleanupDestinationRejection/write/collision"}
{"Time":"2026-10-09T01:55:28.781037711Z","Action":"output","Package":"go.temporal.io/server/tools/gomad3/target","Test":"TestTargetFileCleanupDestinationRejection/write/collision","Output":"=== RUN   TestTargetFileCleanupDestinationRejection/write/collision\n","OutputType":"frame"}
{"Time":"2026-10-09T01:55:28.782967669Z","Action":"output","Package":"go.temporal.io/server/tools/gomad3/target","Test":"TestTargetFileCleanupDestinationRejection/write/collision","Output":"--- PASS: TestTargetFileCleanupDestinationRejection/write/collision (0.00s)\n","OutputType":"frame"}
{"Time":"2026-10-09T01:55:28.783154169Z","Action":"pass","Package":"go.temporal.io/server/tools/gomad3/target","Test":"TestTargetFileCleanupDestinationRejection/write/collision","Elapsed":0}
{"Time":"2026-10-09T01:55:28.783354753Z","Action":"run","Package":"go.temporal.io/server/tools/gomad3/target","Test":"TestTargetFileCleanupDestinationRejection/write/missing-parent"}
{"Time":"2026-10-09T01:55:28.783463794Z","Action":"output","Package":"go.temporal.io/server/tools/gomad3/target","Test":"TestTargetFileCleanupDestinationRejection/write/missing-parent","Output":"=== RUN   TestTargetFileCleanupDestinationRejection/write/missing-parent\n","OutputType":"frame"}
{"Time":"2026-10-09T01:55:28.786808461Z","Action":"output","Package":"go.temporal.io/server/tools/gomad3/target","Test":"TestTargetFileCleanupDestinationRejection/write/missing-parent","Output":"--- PASS: TestTargetFileCleanupDestinationRejection/write/missing-parent (0.00s)\n","OutputType":"frame"}
{"Time":"2026-10-09T01:55:28.786950253Z","Action":"pass","Package":"go.temporal.io/server/tools/gomad3/target","Test":"TestTargetFileCleanupDestinationRejection/write/missing-parent","Elapsed":0}
{"Time":"2026-10-09T01:55:28.787019003Z","Action":"output","Package":"go.temporal.io/server/tools/gomad3/target","Test":"TestTargetFileCleanupDestinationRejection","Output":"--- PASS: TestTargetFileCleanupDestinationRejection (0.01s)\n","OutputType":"frame"}
{"Time":"2026-10-09T01:55:28.787101003Z","Action":"pass","Package":"go.temporal.io/server/tools/gomad3/target","Test":"TestTargetFileCleanupDestinationRejection","Elapsed":0.01}
{"Time":"2026-10-09T01:55:28.787136961Z","Action":"run","Package":"go.temporal.io/server/tools/gomad3/target","Test":"TestTargetFileCleanupPrivateWrite"}
{"Time":"2026-10-09T01:55:28.787226044Z","Action":"output","Package":"go.temporal.io/server/tools/gomad3/target","Test":"TestTargetFileCleanupPrivateWrite","Output":"=== RUN   TestTargetFileCleanupPrivateWrite\n","OutputType":"frame"}
{"Time":"2026-10-09T01:55:28.787266294Z","Action":"run","Package":"go.temporal.io/server/tools/gomad3/target","Test":"TestTargetFileCleanupPrivateWrite/0400/0-bytes"}
{"Time":"2026-10-09T01:55:28.787316003Z","Action":"output","Package":"go.temporal.io/server/tools/gomad3/target","Test":"TestTargetFileCleanupPrivateWrite/0400/0-bytes","Output":"=== RUN   TestTargetFileCleanupPrivateWrite/0400/0-bytes\n","OutputType":"frame"}
{"Time":"2026-10-09T01:55:28.799531544Z","Action":"output","Package":"go.temporal.io/server/tools/gomad3/target","Test":"TestTargetFileCleanupPrivateWrite/0400/0-bytes","Output":"--- PASS: TestTargetFileCleanupPrivateWrite/0400/0-bytes (0.01s)\n","OutputType":"frame"}
{"Time":"2026-10-09T01:55:28.799588294Z","Action":"pass","Package":"go.temporal.io/server/tools/gomad3/target","Test":"TestTargetFileCleanupPrivateWrite/0400/0-bytes","Elapsed":0.01}
{"Time":"2026-10-09T01:55:28.799607628Z","Action":"run","Package":"go.temporal.io/server/tools/gomad3/target","Test":"TestTargetFileCleanupPrivateWrite/0400/18-bytes"}
{"Time":"2026-10-09T01:55:28.799645336Z","Action":"output","Package":"go.temporal.io/server/tools/gomad3/target","Test":"TestTargetFileCleanupPrivateWrite/0400/18-bytes","Output":"=== RUN   TestTargetFileCleanupPrivateWrite/0400/18-bytes\n","OutputType":"frame"}
{"Time":"2026-10-09T01:55:28.804534419Z","Action":"output","Package":"go.temporal.io/server/tools/gomad3/target","Test":"TestTargetFileCleanupPrivateWrite/0400/18-bytes","Output":"--- PASS: TestTargetFileCleanupPrivateWrite/0400/18-bytes (0.00s)\n","OutputType":"frame"}
{"Time":"2026-10-09T01:55:28.804768211Z","Action":"pass","Package":"go.temporal.io/server/tools/gomad3/target","Test":"TestTargetFileCleanupPrivateWrite/0400/18-bytes","Elapsed":0}
{"Time":"2026-10-09T01:55:28.804885003Z","Action":"run","Package":"go.temporal.io/server/tools/gomad3/target","Test":"TestTargetFileCleanupPrivateWrite/0700/0-bytes"}
{"Time":"2026-10-09T01:55:28.804932753Z","Action":"output","Package":"go.temporal.io/server/tools/gomad3/target","Test":"TestTargetFileCleanupPrivateWrite/0700/0-bytes","Output":"=== RUN   TestTargetFileCleanupPrivateWrite/0700/0-bytes\n","OutputType":"frame"}
{"Time":"2026-10-09T01:55:28.807593586Z","Action":"output","Package":"go.temporal.io/server/tools/gomad3/target","Test":"TestTargetFileCleanupPrivateWrite/0700/0-bytes","Output":"--- PASS: TestTargetFileCleanupPrivateWrite/0700/0-bytes (0.00s)\n","OutputType":"frame"}
{"Time":"2026-10-09T01:55:28.807684169Z","Action":"pass","Package":"go.temporal.io/server/tools/gomad3/target","Test":"TestTargetFileCleanupPrivateWrite/0700/0-bytes","Elapsed":0}
{"Time":"2026-10-09T01:55:28.807758503Z","Action":"run","Package":"go.temporal.io/server/tools/gomad3/target","Test":"TestTargetFileCleanupPrivateWrite/0700/18-bytes"}
{"Time":"2026-10-09T01:55:28.807877919Z","Action":"output","Package":"go.temporal.io/server/tools/gomad3/target","Test":"TestTargetFileCleanupPrivateWrite/0700/18-bytes","Output":"=== RUN   TestTargetFileCleanupPrivateWrite/0700/18-bytes\n","OutputType":"frame"}
{"Time":"2026-10-09T01:55:28.812880586Z","Action":"output","Package":"go.temporal.io/server/tools/gomad3/target","Test":"TestTargetFileCleanupPrivateWrite/0700/18-bytes","Output":"--- PASS: TestTargetFileCleanupPrivateWrite/0700/18-bytes (0.01s)\n","OutputType":"frame"}
{"Time":"2026-10-09T01:55:28.813028794Z","Action":"pass","Package":"go.temporal.io/server/tools/gomad3/target","Test":"TestTargetFileCleanupPrivateWrite/0700/18-bytes","Elapsed":0.01}
{"Time":"2026-10-09T01:55:28.813083003Z","Action":"output","Package":"go.temporal.io/server/tools/gomad3/target","Test":"TestTargetFileCleanupPrivateWrite","Output":"--- PASS: TestTargetFileCleanupPrivateWrite (0.03s)\n","OutputType":"frame"}
{"Time":"2026-10-09T01:55:28.813131878Z","Action":"pass","Package":"go.temporal.io/server/tools/gomad3/target","Test":"TestTargetFileCleanupPrivateWrite","Elapsed":0.03}
{"Time":"2026-10-09T01:55:28.813157211Z","Action":"run","Package":"go.temporal.io/server/tools/gomad3/target","Test":"TestGoCommandSourcePreparationRestoresWholeIdentity"}
{"Time":"2026-10-09T01:55:28.813171169Z","Action":"output","Package":"go.temporal.io/server/tools/gomad3/target","Test":"TestGoCommandSourcePreparationRestoresWholeIdentity","Output":"=== RUN   TestGoCommandSourcePreparationRestoresWholeIdentity\n","OutputType":"frame"}
{"Time":"2026-10-09T01:55:28.820430086Z","Action":"run","Package":"go.temporal.io/server/tools/gomad3/target","Test":"TestGoCommandSourcePreparationRestoresWholeIdentity/fresh"}
{"Time":"2026-10-09T01:55:28.820511586Z","Action":"output","Package":"go.temporal.io/server/tools/gomad3/target","Test":"TestGoCommandSourcePreparationRestoresWholeIdentity/fresh","Output":"=== RUN   TestGoCommandSourcePreparationRestoresWholeIdentity/fresh\n","OutputType":"frame"}
{"Time":"2026-10-09T01:55:29.813778753Z","Action":"output","Package":"go.temporal.io/server/tools/gomad3/target","Test":"TestGoCommandSourcePreparationRestoresWholeIdentity/fresh","Output":"--- PASS: TestGoCommandSourcePreparationRestoresWholeIdentity/fresh (0.99s)\n","OutputType":"frame"}
{"Time":"2026-10-09T01:55:29.813858586Z","Action":"pass","Package":"go.temporal.io/server/tools/gomad3/target","Test":"TestGoCommandSourcePreparationRestoresWholeIdentity/fresh","Elapsed":0.99}
{"Time":"2026-10-09T01:55:29.813881128Z","Action":"run","Package":"go.temporal.io/server/tools/gomad3/target","Test":"TestGoCommandSourcePreparationRestoresWholeIdentity/restored"}
{"Time":"2026-10-09T01:55:29.813904545Z","Action":"output","Package":"go.temporal.io/server/tools/gomad3/target","Test":"TestGoCommandSourcePreparationRestoresWholeIdentity/restored","Output":"=== RUN   TestGoCommandSourcePreparationRestoresWholeIdentity/restored\n","OutputType":"frame"}
{"Time":"2026-10-09T01:55:29.845005795Z","Action":"output","Package":"go.temporal.io/server/tools/gomad3/target","Test":"TestGoCommandSourcePreparationRestoresWholeIdentity/restored","Output":"--- PASS: TestGoCommandSourcePreparationRestoresWholeIdentity/restored (0.03s)\n","OutputType":"frame"}
{"Time":"2026-10-09T01:55:29.845067878Z","Action":"pass","Package":"go.temporal.io/server/tools/gomad3/target","Test":"TestGoCommandSourcePreparationRestoresWholeIdentity/restored","Elapsed":0.03}
{"Time":"2026-10-09T01:55:29.84509817Z","Action":"run","Package":"go.temporal.io/server/tools/gomad3/target","Test":"TestGoCommandSourcePreparationRestoresWholeIdentity/changed_source"}
{"Time":"2026-10-09T01:55:29.845146337Z","Action":"output","Package":"go.temporal.io/server/tools/gomad3/target","Test":"TestGoCommandSourcePreparationRestoresWholeIdentity/changed_source","Output":"=== RUN   TestGoCommandSourcePreparationRestoresWholeIdentity/changed_source\n","OutputType":"frame"}
{"Time":"2026-10-09T01:55:30.09108392Z","Action":"output","Package":"go.temporal.io/server/tools/gomad3/target","Test":"TestGoCommandSourcePreparationRestoresWholeIdentity/changed_source","Output":"--- PASS: TestGoCommandSourcePreparationRestoresWholeIdentity/changed_source (0.25s)\n","OutputType":"frame"}
{"Time":"2026-10-09T01:55:30.091191587Z","Action":"pass","Package":"go.temporal.io/server/tools/gomad3/target","Test":"TestGoCommandSourcePreparationRestoresWholeIdentity/changed_source","Elapsed":0.25}
{"Time":"2026-10-09T01:55:30.09359967Z","Action":"output","Package":"go.temporal.io/server/tools/gomad3/target","Test":"TestGoCommandSourcePreparationRestoresWholeIdentity","Output":"--- PASS: TestGoCommandSourcePreparationRestoresWholeIdentity (1.28s)\n","OutputType":"frame"}
{"Time":"2026-10-09T01:55:30.093659003Z","Action":"pass","Package":"go.temporal.io/server/tools/gomad3/target","Test":"TestGoCommandSourcePreparationRestoresWholeIdentity","Elapsed":1.28}
{"Time":"2026-10-09T01:55:30.09370692Z","Action":"run","Package":"go.temporal.io/server/tools/gomad3/target","Test":"TestGoCommandSourceBuildReleasesCacheForEveryOutcome"}
{"Time":"2026-10-09T01:55:30.093761212Z","Action":"output","Package":"go.temporal.io/server/tools/gomad3/target","Test":"TestGoCommandSourceBuildReleasesCacheForEveryOutcome","Output":"=== RUN   TestGoCommandSourceBuildReleasesCacheForEveryOutcome\n","OutputType":"frame"}
{"Time":"2026-10-09T01:55:30.09383492Z","Action":"run","Package":"go.temporal.io/server/tools/gomad3/target","Test":"TestGoCommandSourceBuildReleasesCacheForEveryOutcome/success"}
{"Time":"2026-10-09T01:55:30.09385692Z","Action":"output","Package":"go.temporal.io/server/tools/gomad3/target","Test":"TestGoCommandSourceBuildReleasesCacheForEveryOutcome/success","Output":"=== RUN   TestGoCommandSourceBuildReleasesCacheForEveryOutcome/success\n","OutputType":"frame"}
{"Time":"2026-10-09T01:55:30.097255628Z","Action":"output","Package":"go.temporal.io/server/tools/gomad3/target","Test":"TestGoCommandSourceBuildReleasesCacheForEveryOutcome/success","Output":"--- PASS: TestGoCommandSourceBuildReleasesCacheForEveryOutcome/success (0.00s)\n","OutputType":"frame"}
{"Time":"2026-10-09T01:55:30.097290837Z","Action":"pass","Package":"go.temporal.io/server/tools/gomad3/target","Test":"TestGoCommandSourceBuildReleasesCacheForEveryOutcome/success","Elapsed":0}
{"Time":"2026-10-09T01:55:30.097312503Z","Action":"run","Package":"go.temporal.io/server/tools/gomad3/target","Test":"TestGoCommandSourceBuildReleasesCacheForEveryOutcome/compiler"}
{"Time":"2026-10-09T01:55:30.097344962Z","Action":"output","Package":"go.temporal.io/server/tools/gomad3/target","Test":"TestGoCommandSourceBuildReleasesCacheForEveryOutcome/compiler","Output":"=== RUN   TestGoCommandSourceBuildReleasesCacheForEveryOutcome/compiler\n","OutputType":"frame"}
{"Time":"2026-10-09T01:55:30.100341378Z","Action":"output","Package":"go.temporal.io/server/tools/gomad3/target","Test":"TestGoCommandSourceBuildReleasesCacheForEveryOutcome/compiler","Output":"--- PASS: TestGoCommandSourceBuildReleasesCacheForEveryOutcome/compiler (0.00s)\n","OutputType":"frame"}
{"Time":"2026-10-09T01:55:30.100369003Z","Action":"pass","Package":"go.temporal.io/server/tools/gomad3/target","Test":"TestGoCommandSourceBuildReleasesCacheForEveryOutcome/compiler","Elapsed":0}
{"Time":"2026-10-09T01:55:30.100395503Z","Action":"run","Package":"go.temporal.io/server/tools/gomad3/target","Test":"TestGoCommandSourceBuildReleasesCacheForEveryOutcome/cancel"}
{"Time":"2026-10-09T01:55:30.100425003Z","Action":"output","Package":"go.temporal.io/server/tools/gomad3/target","Test":"TestGoCommandSourceBuildReleasesCacheForEveryOutcome/cancel","Output":"=== RUN   TestGoCommandSourceBuildReleasesCacheForEveryOutcome/cancel\n","OutputType":"frame"}
{"Time":"2026-10-09T01:55:30.10391517Z","Action":"output","Package":"go.temporal.io/server/tools/gomad3/target","Test":"TestGoCommandSourceBuildReleasesCacheForEveryOutcome/cancel","Output":"--- PASS: TestGoCommandSourceBuildReleasesCacheForEveryOutcome/cancel (0.00s)\n","OutputType":"frame"}
{"Time":"2026-10-09T01:55:30.103951503Z","Action":"pass","Package":"go.temporal.io/server/tools/gomad3/target","Test":"TestGoCommandSourceBuildReleasesCacheForEveryOutcome/cancel","Elapsed":0}
{"Time":"2026-10-09T01:55:30.10397967Z","Action":"run","Package":"go.temporal.io/server/tools/gomad3/target","Test":"TestGoCommandSourceBuildReleasesCacheForEveryOutcome/timeout"}
{"Time":"2026-10-09T01:55:30.104010503Z","Action":"output","Package":"go.temporal.io/server/tools/gomad3/target","Test":"TestGoCommandSourceBuildReleasesCacheForEveryOutcome/timeout","Output":"=== RUN   TestGoCommandSourceBuildReleasesCacheForEveryOutcome/timeout\n","OutputType":"frame"}
{"Time":"2026-10-09T01:55:30.10664642Z","Action":"output","Package":"go.temporal.io/server/tools/gomad3/target","Test":"TestGoCommandSourceBuildReleasesCacheForEveryOutcome/timeout","Output":"--- PASS: TestGoCommandSourceBuildReleasesCacheForEveryOutcome/timeout (0.00s)\n","OutputType":"frame"}
{"Time":"2026-10-09T01:55:30.106676628Z","Action":"pass","Package":"go.temporal.io/server/tools/gomad3/target","Test":"TestGoCommandSourceBuildReleasesCacheForEveryOutcome/timeout","Elapsed":0}
{"Time":"2026-10-09T01:55:30.10670092Z","Action":"run","Package":"go.temporal.io/server/tools/gomad3/target","Test":"TestGoCommandSourceBuildReleasesCacheForEveryOutcome/infrastructure"}
{"Time":"2026-10-09T01:55:30.106736628Z","Action":"output","Package":"go.temporal.io/server/tools/gomad3/target","Test":"TestGoCommandSourceBuildReleasesCacheForEveryOutcome/infrastructure","Output":"=== RUN   TestGoCommandSourceBuildReleasesCacheForEveryOutcome/infrastructure\n","OutputType":"frame"}
{"Time":"2026-10-09T01:55:30.109589253Z","Action":"output","Package":"go.temporal.io/server/tools/gomad3/target","Test":"TestGoCommandSourceBuildReleasesCacheForEveryOutcome/infrastructure","Output":"--- PASS: TestGoCommandSourceBuildReleasesCacheForEveryOutcome/infrastructure (0.00s)\n","OutputType":"frame"}
{"Time":"2026-10-09T01:55:30.109619712Z","Action":"pass","Package":"go.temporal.io/server/tools/gomad3/target","Test":"TestGoCommandSourceBuildReleasesCacheForEveryOutcome/infrastructure","Elapsed":0}
{"Time":"2026-10-09T01:55:30.109640962Z","Action":"output","Package":"go.temporal.io/server/tools/gomad3/target","Test":"TestGoCommandSourceBuildReleasesCacheForEveryOutcome","Output":"--- PASS: TestGoCommandSourceBuildReleasesCacheForEveryOutcome (0.02s)\n","OutputType":"frame"}
{"Time":"2026-10-09T01:55:30.109665087Z","Action":"pass","Package":"go.temporal.io/server/tools/gomad3/target","Test":"TestGoCommandSourceBuildReleasesCacheForEveryOutcome","Elapsed":0.02}
{"Time":"2026-10-09T01:55:30.109693962Z","Action":"run","Package":"go.temporal.io/server/tools/gomad3/target","Test":"TestGoCommandSourcePublicQueries"}
{"Time":"2026-10-09T01:55:30.109723462Z","Action":"output","Package":"go.temporal.io/server/tools/gomad3/target","Test":"TestGoCommandSourcePublicQueries","Output":"=== RUN   TestGoCommandSourcePublicQueries\n","OutputType":"frame"}
{"Time":"2026-10-09T01:55:30.111326128Z","Action":"run","Package":"go.temporal.io/server/tools/gomad3/target","Test":"TestGoCommandSourcePublicQueries/cache"}
{"Time":"2026-10-09T01:55:30.111408753Z","Action":"output","Package":"go.temporal.io/server/tools/gomad3/target","Test":"TestGoCommandSourcePublicQueries/cache","Output":"=== RUN   TestGoCommandSourcePublicQueries/cache\n","OutputType":"frame"}
{"Time":"2026-10-09T01:55:30.112910462Z","Action":"output","Package":"go.temporal.io/server/tools/gomad3/target","Test":"TestGoCommandSourcePublicQueries/cache","Output":"--- PASS: TestGoCommandSourcePublicQueries/cache (0.00s)\n","OutputType":"frame"}
{"Time":"2026-10-09T01:55:30.112981503Z","Action":"pass","Package":"go.temporal.io/server/tools/gomad3/target","Test":"TestGoCommandSourcePublicQueries/cache","Elapsed":0}
{"Time":"2026-10-09T01:55:30.113028045Z","Action":"run","Package":"go.temporal.io/server/tools/gomad3/target","Test":"TestGoCommandSourcePublicQueries/relative_cache"}
{"Time":"2026-10-09T01:55:30.113065837Z","Action":"output","Package":"go.temporal.io/server/tools/gomad3/target","Test":"TestGoCommandSourcePublicQueries/relative_cache","Output":"=== RUN   TestGoCommandSourcePublicQueries/relative_cache\n","OutputType":"frame"}
{"Time":"2026-10-09T01:55:30.114211712Z","Action":"output","Package":"go.temporal.io/server/tools/gomad3/target","Test":"TestGoCommandSourcePublicQueries/relative_cache","Output":"--- PASS: TestGoCommandSourcePublicQueries/relative_cache (0.00s)\n","OutputType":"frame"}
{"Time":"2026-10-09T01:55:30.114236003Z","Action":"pass","Package":"go.temporal.io/server/tools/gomad3/target","Test":"TestGoCommandSourcePublicQueries/relative_cache","Elapsed":0}
{"Time":"2026-10-09T01:55:30.114264795Z","Action":"run","Package":"go.temporal.io/server/tools/gomad3/target","Test":"TestGoCommandSourcePublicQueries/multiple_cache_lines"}
{"Time":"2026-10-09T01:55:30.114295045Z","Action":"output","Package":"go.temporal.io/server/tools/gomad3/target","Test":"TestGoCommandSourcePublicQueries/multiple_cache_lines","Output":"=== RUN   TestGoCommandSourcePublicQueries/multiple_cache_lines\n","OutputType":"frame"}
{"Time":"2026-10-09T01:55:30.115323337Z","Action":"output","Package":"go.temporal.io/server/tools/gomad3/target","Test":"TestGoCommandSourcePublicQueries/multiple_cache_lines","Output":"--- PASS: TestGoCommandSourcePublicQueries/multiple_cache_lines (0.00s)\n","OutputType":"frame"}
{"Time":"2026-10-09T01:55:30.115366295Z","Action":"pass","Package":"go.temporal.io/server/tools/gomad3/target","Test":"TestGoCommandSourcePublicQueries/multiple_cache_lines","Elapsed":0}
{"Time":"2026-10-09T01:55:30.115445837Z","Action":"run","Package":"go.temporal.io/server/tools/gomad3/target","Test":"TestGoCommandSourcePublicQueries/missing_cache"}
{"Time":"2026-10-09T01:55:30.115578295Z","Action":"output","Package":"go.temporal.io/server/tools/gomad3/target","Test":"TestGoCommandSourcePublicQueries/missing_cache","Output":"=== RUN   TestGoCommandSourcePublicQueries/missing_cache\n","OutputType":"frame"}
{"Time":"2026-10-09T01:55:30.116725795Z","Action":"output","Package":"go.temporal.io/server/tools/gomad3/target","Test":"TestGoCommandSourcePublicQueries/missing_cache","Output":"--- PASS: TestGoCommandSourcePublicQueries/missing_cache (0.00s)\n","OutputType":"frame"}
{"Time":"2026-10-09T01:55:30.116757003Z","Action":"pass","Package":"go.temporal.io/server/tools/gomad3/target","Test":"TestGoCommandSourcePublicQueries/missing_cache","Elapsed":0}
{"Time":"2026-10-09T01:55:30.116781045Z","Action":"run","Package":"go.temporal.io/server/tools/gomad3/target","Test":"TestGoCommandSourcePublicQueries/download"}
{"Time":"2026-10-09T01:55:30.116824753Z","Action":"output","Package":"go.temporal.io/server/tools/gomad3/target","Test":"TestGoCommandSourcePublicQueries/download","Output":"=== RUN   TestGoCommandSourcePublicQueries/download\n","OutputType":"frame"}
{"Time":"2026-10-09T01:55:30.118434337Z","Action":"output","Package":"go.temporal.io/server/tools/gomad3/target","Test":"TestGoCommandSourcePublicQueries/download","Output":"--- PASS: TestGoCommandSourcePublicQueries/download (0.00s)\n","OutputType":"frame"}
{"Time":"2026-10-09T01:55:30.118465753Z","Action":"pass","Package":"go.temporal.io/server/tools/gomad3/target","Test":"TestGoCommandSourcePublicQueries/download","Elapsed":0}
{"Time":"2026-10-09T01:55:30.118485045Z","Action":"run","Package":"go.temporal.io/server/tools/gomad3/target","Test":"TestGoCommandSourcePublicQueries/checksum"}
{"Time":"2026-10-09T01:55:30.118509545Z","Action":"output","Package":"go.temporal.io/server/tools/gomad3/target","Test":"TestGoCommandSourcePublicQueries/checksum","Output":"=== RUN   TestGoCommandSourcePublicQueries/checksum\n","OutputType":"frame"}
{"Time":"2026-10-09T01:55:30.120228503Z","Action":"output","Package":"go.temporal.io/server/tools/gomad3/target","Test":"TestGoCommandSourcePublicQueries/checksum","Output":"--- PASS: TestGoCommandSourcePublicQueries/checksum (0.00s)\n","OutputType":"frame"}
{"Time":"2026-10-09T01:55:30.120265837Z","Action":"pass","Package":"go.temporal.io/server/tools/gomad3/target","Test":"TestGoCommandSourcePublicQueries/checksum","Elapsed":0}
{"Time":"2026-10-09T01:55:30.12029567Z","Action":"run","Package":"go.temporal.io/server/tools/gomad3/target","Test":"TestGoCommandSourcePublicQueries/reported_download_error"}
{"Time":"2026-10-09T01:55:30.120313462Z","Action":"output","Package":"go.temporal.io/server/tools/gomad3/target","Test":"TestGoCommandSourcePublicQueries/reported_download_error","Output":"=== RUN   TestGoCommandSourcePublicQueries/reported_download_error\n","OutputType":"frame"}
{"Time":"2026-10-09T01:55:30.122667337Z","Action":"output","Package":"go.temporal.io/server/tools/gomad3/target","Test":"TestGoCommandSourcePublicQueries/reported_download_error","Output":"--- PASS: TestGoCommandSourcePublicQueries/reported_download_error (0.00s)\n","OutputType":"frame"}
{"Time":"2026-10-09T01:55:30.122703962Z","Action":"pass","Package":"go.temporal.io/server/tools/gomad3/target","Test":"TestGoCommandSourcePublicQueries/reported_download_error","Elapsed":0}
{"Time":"2026-10-09T01:55:30.122728878Z","Action":"run","Package":"go.temporal.io/server/tools/gomad3/target","Test":"TestGoCommandSourcePublicQueries/command_error"}
{"Time":"2026-10-09T01:55:30.122752462Z","Action":"output","Package":"go.temporal.io/server/tools/gomad3/target","Test":"TestGoCommandSourcePublicQueries/command_error","Output":"=== RUN   TestGoCommandSourcePublicQueries/command_error\n","OutputType":"frame"}
{"Time":"2026-10-09T01:55:30.125186087Z","Action":"output","Package":"go.temporal.io/server/tools/gomad3/target","Test":"TestGoCommandSourcePublicQueries/command_error","Output":"--- PASS: TestGoCommandSourcePublicQueries/command_error (0.00s)\n","OutputType":"frame"}
{"Time":"2026-10-09T01:55:30.12522967Z","Action":"pass","Package":"go.temporal.io/server/tools/gomad3/target","Test":"TestGoCommandSourcePublicQueries/command_error","Elapsed":0}
{"Time":"2026-10-09T01:55:30.125267337Z","Action":"run","Package":"go.temporal.io/server/tools/gomad3/target","Test":"TestGoCommandSourcePublicQueries/malformed_and_command_error"}
{"Time":"2026-10-09T01:55:30.125294753Z","Action":"output","Package":"go.temporal.io/server/tools/gomad3/target","Test":"TestGoCommandSourcePublicQueries/malformed_and_command_error","Output":"=== RUN   TestGoCommandSourcePublicQueries/malformed_and_command_error\n","OutputType":"frame"}
{"Time":"2026-10-09T01:55:30.126928878Z","Action":"output","Package":"go.temporal.io/server/tools/gomad3/target","Test":"TestGoCommandSourcePublicQueries/malformed_and_command_error","Output":"--- PASS: TestGoCommandSourcePublicQueries/malformed_and_command_error (0.00s)\n","OutputType":"frame"}
{"Time":"2026-10-09T01:55:30.12695042Z","Action":"pass","Package":"go.temporal.io/server/tools/gomad3/target","Test":"TestGoCommandSourcePublicQueries/malformed_and_command_error","Elapsed":0}
{"Time":"2026-10-09T01:55:30.130089795Z","Action":"output","Package":"go.temporal.io/server/tools/gomad3/target","Test":"TestGoCommandSourcePublicQueries","Output":"--- PASS: TestGoCommandSourcePublicQueries (0.02s)\n","OutputType":"frame"}
{"Time":"2026-10-09T01:55:30.130114087Z","Action":"pass","Package":"go.temporal.io/server/tools/gomad3/target","Test":"TestGoCommandSourcePublicQueries","Elapsed":0.02}
{"Time":"2026-10-09T01:55:30.13014567Z","Action":"run","Package":"go.temporal.io/server/tools/gomad3/target","Test":"TestGoCommandSourceDownloadCancellationPreservesDecoderPrecedence"}
{"Time":"2026-10-09T01:55:30.13017192Z","Action":"output","Package":"go.temporal.io/server/tools/gomad3/target","Test":"TestGoCommandSourceDownloadCancellationPreservesDecoderPrecedence","Output":"=== RUN   TestGoCommandSourceDownloadCancellationPreservesDecoderPrecedence\n","OutputType":"frame"}
{"Time":"2026-10-09T01:55:30.130191003Z","Action":"run","Package":"go.temporal.io/server/tools/gomad3/target","Test":"TestGoCommandSourceDownloadCancellationPreservesDecoderPrecedence/before_cancellation"}
{"Time":"2026-10-09T01:55:30.130215462Z","Action":"output","Package":"go.temporal.io/server/tools/gomad3/target","Test":"TestGoCommandSourceDownloadCancellationPreservesDecoderPrecedence/before_cancellation","Output":"=== RUN   TestGoCommandSourceDownloadCancellationPreservesDecoderPrecedence/before_cancellation\n","OutputType":"frame"}
{"Time":"2026-10-09T01:55:30.13116442Z","Action":"output","Package":"go.temporal.io/server/tools/gomad3/target","Test":"TestGoCommandSourceDownloadCancellationPreservesDecoderPrecedence/before_cancellation","Output":"--- PASS: TestGoCommandSourceDownloadCancellationPreservesDecoderPrecedence/before_cancellation (0.00s)\n","OutputType":"frame"}
{"Time":"2026-10-09T01:55:30.131193003Z","Action":"pass","Package":"go.temporal.io/server/tools/gomad3/target","Test":"TestGoCommandSourceDownloadCancellationPreservesDecoderPrecedence/before_cancellation","Elapsed":0}
{"Time":"2026-10-09T01:55:30.131215128Z","Action":"run","Package":"go.temporal.io/server/tools/gomad3/target","Test":"TestGoCommandSourceDownloadCancellationPreservesDecoderPrecedence/acknowledged_cancellation"}
{"Time":"2026-10-09T01:55:30.131236087Z","Action":"output","Package":"go.temporal.io/server/tools/gomad3/target","Test":"TestGoCommandSourceDownloadCancellationPreservesDecoderPrecedence/acknowledged_cancellation","Output":"=== RUN   TestGoCommandSourceDownloadCancellationPreservesDecoderPrecedence/acknowledged_cancellation\n","OutputType":"frame"}
{"Time":"2026-10-09T01:55:30.134631253Z","Action":"output","Package":"go.temporal.io/server/tools/gomad3/target","Test":"TestGoCommandSourceDownloadCancellationPreservesDecoderPrecedence/acknowledged_cancellation","Output":"--- PASS: TestGoCommandSourceDownloadCancellationPreservesDecoderPrecedence/acknowledged_cancellation (0.00s)\n","OutputType":"frame"}
{"Time":"2026-10-09T01:55:30.134697462Z","Action":"pass","Package":"go.temporal.io/server/tools/gomad3/target","Test":"TestGoCommandSourceDownloadCancellationPreservesDecoderPrecedence/acknowledged_cancellation","Elapsed":0}
{"Time":"2026-10-09T01:55:30.134775795Z","Action":"run","Package":"go.temporal.io/server/tools/gomad3/target","Test":"TestGoCommandSourceDownloadCancellationPreservesDecoderPrecedence/acknowledged_deadline"}
{"Time":"2026-10-09T01:55:30.134798587Z","Action":"output","Package":"go.temporal.io/server/tools/gomad3/target","Test":"TestGoCommandSourceDownloadCancellationPreservesDecoderPrecedence/acknowledged_deadline","Output":"=== RUN   TestGoCommandSourceDownloadCancellationPreservesDecoderPrecedence/acknowledged_deadline\n","OutputType":"frame"}
{"Time":"2026-10-09T01:55:31.13821967Z","Action":"output","Package":"go.temporal.io/server/tools/gomad3/target","Test":"TestGoCommandSourceDownloadCancellationPreservesDecoderPrecedence/acknowledged_deadline","Output":"--- PASS: TestGoCommandSourceDownloadCancellationPreservesDecoderPrecedence/acknowledged_deadline (1.00s)\n","OutputType":"frame"}
{"Time":"2026-10-09T01:55:31.138829795Z","Action":"pass","Package":"go.temporal.io/server/tools/gomad3/target","Test":"TestGoCommandSourceDownloadCancellationPreservesDecoderPrecedence/acknowledged_deadline","Elapsed":1}
{"Time":"2026-10-09T01:55:31.138971087Z","Action":"output","Package":"go.temporal.io/server/tools/gomad3/target","Test":"TestGoCommandSourceDownloadCancellationPreservesDecoderPrecedence","Output":"--- PASS: TestGoCommandSourceDownloadCancellationPreservesDecoderPrecedence (1.01s)\n","OutputType":"frame"}
{"Time":"2026-10-09T01:55:31.139361212Z","Action":"pass","Package":"go.temporal.io/server/tools/gomad3/target","Test":"TestGoCommandSourceDownloadCancellationPreservesDecoderPrecedence","Elapsed":1.01}
{"Time":"2026-10-09T01:55:31.139529295Z","Action":"run","Package":"go.temporal.io/server/tools/gomad3/target","Test":"TestGoCommandSourceQueryOutputPreservesRawExit"}
{"Time":"2026-10-09T01:55:31.139966712Z","Action":"output","Package":"go.temporal.io/server/tools/gomad3/target","Test":"TestGoCommandSourceQueryOutputPreservesRawExit","Output":"=== RUN   TestGoCommandSourceQueryOutputPreservesRawExit\n","OutputType":"frame"}
{"Time":"2026-10-09T01:55:31.140097254Z","Action":"run","Package":"go.temporal.io/server/tools/gomad3/target","Test":"TestGoCommandSourceQueryOutputPreservesRawExit/identity_capacity=false"}
{"Time":"2026-10-09T01:55:31.140162087Z","Action":"output","Package":"go.temporal.io/server/tools/gomad3/target","Test":"TestGoCommandSourceQueryOutputPreservesRawExit/identity_capacity=false","Output":"=== RUN   TestGoCommandSourceQueryOutputPreservesRawExit/identity_capacity=false\n","OutputType":"frame"}
{"Time":"2026-10-09T01:55:31.151932837Z","Action":"output","Package":"go.temporal.io/server/tools/gomad3/target","Test":"TestGoCommandSourceQueryOutputPreservesRawExit/identity_capacity=false","Output":"--- PASS: TestGoCommandSourceQueryOutputPreservesRawExit/identity_capacity=false (0.01s)\n","OutputType":"frame"}
{"Time":"2026-10-09T01:55:31.15254442Z","Action":"pass","Package":"go.temporal.io/server/tools/gomad3/target","Test":"TestGoCommandSourceQueryOutputPreservesRawExit/identity_capacity=false","Elapsed":0.01}
{"Time":"2026-10-09T01:55:31.15302817Z","Action":"run","Package":"go.temporal.io/server/tools/gomad3/target","Test":"TestGoCommandSourceQueryOutputPreservesRawExit/identity_capacity=true"}
{"Time":"2026-10-09T01:55:31.15314767Z","Action":"output","Package":"go.temporal.io/server/tools/gomad3/target","Test":"TestGoCommandSourceQueryOutputPreservesRawExit/identity_capacity=true","Output":"=== RUN   TestGoCommandSourceQueryOutputPreservesRawExit/identity_capacity=true\n","OutputType":"frame"}
{"Time":"2026-10-09T01:55:31.159098754Z","Action":"output","Package":"go.temporal.io/server/tools/gomad3/target","Test":"TestGoCommandSourceQueryOutputPreservesRawExit/identity_capacity=true","Output":"--- PASS: TestGoCommandSourceQueryOutputPreservesRawExit/identity_capacity=true (0.01s)\n","OutputType":"frame"}
{"Time":"2026-10-09T01:55:31.159202254Z","Action":"pass","Package":"go.temporal.io/server/tools/gomad3/target","Test":"TestGoCommandSourceQueryOutputPreservesRawExit/identity_capacity=true","Elapsed":0.01}
{"Time":"2026-10-09T01:55:31.159265087Z","Action":"run","Package":"go.temporal.io/server/tools/gomad3/target","Test":"TestGoCommandSourceQueryOutputPreservesRawExit/cache_capacity=false"}
{"Time":"2026-10-09T01:55:31.15930517Z","Action":"output","Package":"go.temporal.io/server/tools/gomad3/target","Test":"TestGoCommandSourceQueryOutputPreservesRawExit/cache_capacity=false","Output":"=== RUN   TestGoCommandSourceQueryOutputPreservesRawExit/cache_capacity=false\n","OutputType":"frame"}
{"Time":"2026-10-09T01:55:31.162453295Z","Action":"output","Package":"go.temporal.io/server/tools/gomad3/target","Test":"TestGoCommandSourceQueryOutputPreservesRawExit/cache_capacity=false","Output":"--- PASS: TestGoCommandSourceQueryOutputPreservesRawExit/cache_capacity=false (0.00s)\n","OutputType":"frame"}
{"Time":"2026-10-09T01:55:31.162489545Z","Action":"pass","Package":"go.temporal.io/server/tools/gomad3/target","Test":"TestGoCommandSourceQueryOutputPreservesRawExit/cache_capacity=false","Elapsed":0}
{"Time":"2026-10-09T01:55:31.162511629Z","Action":"run","Package":"go.temporal.io/server/tools/gomad3/target","Test":"TestGoCommandSourceQueryOutputPreservesRawExit/cache_capacity=true"}
{"Time":"2026-10-09T01:55:31.162529045Z","Action":"output","Package":"go.temporal.io/server/tools/gomad3/target","Test":"TestGoCommandSourceQueryOutputPreservesRawExit/cache_capacity=true","Output":"=== RUN   TestGoCommandSourceQueryOutputPreservesRawExit/cache_capacity=true\n","OutputType":"frame"}
{"Time":"2026-10-09T01:55:31.16561767Z","Action":"output","Package":"go.temporal.io/server/tools/gomad3/target","Test":"TestGoCommandSourceQueryOutputPreservesRawExit/cache_capacity=true","Output":"--- PASS: TestGoCommandSourceQueryOutputPreservesRawExit/cache_capacity=true (0.00s)\n","OutputType":"frame"}
{"Time":"2026-10-09T01:55:31.165647504Z","Action":"pass","Package":"go.temporal.io/server/tools/gomad3/target","Test":"TestGoCommandSourceQueryOutputPreservesRawExit/cache_capacity=true","Elapsed":0}
{"Time":"2026-10-09T01:55:31.165681337Z","Action":"output","Package":"go.temporal.io/server/tools/gomad3/target","Test":"TestGoCommandSourceQueryOutputPreservesRawExit","Output":"--- PASS: TestGoCommandSourceQueryOutputPreservesRawExit (0.03s)\n","OutputType":"frame"}
{"Time":"2026-10-09T01:55:31.165713462Z","Action":"pass","Package":"go.temporal.io/server/tools/gomad3/target","Test":"TestGoCommandSourceQueryOutputPreservesRawExit","Elapsed":0.03}
{"Time":"2026-10-09T01:55:31.165751754Z","Action":"run","Package":"go.temporal.io/server/tools/gomad3/target","Test":"TestGoCommandSourceBuildPreservesRawOrderedDiagnostics"}
{"Time":"2026-10-09T01:55:31.165791087Z","Action":"output","Package":"go.temporal.io/server/tools/gomad3/target","Test":"TestGoCommandSourceBuildPreservesRawOrderedDiagnostics","Output":"=== RUN   TestGoCommandSourceBuildPreservesRawOrderedDiagnostics\n","OutputType":"frame"}
{"Time":"2026-10-09T01:55:31.17045217Z","Action":"output","Package":"go.temporal.io/server/tools/gomad3/target","Test":"TestGoCommandSourceBuildPreservesRawOrderedDiagnostics","Output":"--- PASS: TestGoCommandSourceBuildPreservesRawOrderedDiagnostics (0.00s)\n","OutputType":"frame"}
{"Time":"2026-10-09T01:55:31.17053617Z","Action":"pass","Package":"go.temporal.io/server/tools/gomad3/target","Test":"TestGoCommandSourceBuildPreservesRawOrderedDiagnostics","Elapsed":0}
{"Time":"2026-10-09T01:55:31.170600587Z","Action":"run","Package":"go.temporal.io/server/tools/gomad3/target","Test":"TestGoCommandSourcePreparationIdentityKeepsBackgroundTiming"}
{"Time":"2026-10-09T01:55:31.170631129Z","Action":"output","Package":"go.temporal.io/server/tools/gomad3/target","Test":"TestGoCommandSourcePreparationIdentityKeepsBackgroundTiming","Output":"=== RUN   TestGoCommandSourcePreparationIdentityKeepsBackgroundTiming\n","OutputType":"frame"}
{"Time":"2026-10-09T01:55:31.173419379Z","Action":"output","Package":"go.temporal.io/server/tools/gomad3/target","Test":"TestGoCommandSourcePreparationIdentityKeepsBackgroundTiming","Output":"--- PASS: TestGoCommandSourcePreparationIdentityKeepsBackgroundTiming (0.00s)\n","OutputType":"frame"}
{"Time":"2026-10-09T01:55:31.173460712Z","Action":"pass","Package":"go.temporal.io/server/tools/gomad3/target","Test":"TestGoCommandSourcePreparationIdentityKeepsBackgroundTiming","Elapsed":0}
{"Time":"2026-10-09T01:55:31.173499087Z","Action":"run","Package":"go.temporal.io/server/tools/gomad3/target","Test":"TestGoCommandSourceStandardInventoryPreservesInheritedDirectoryAndRawError"}
{"Time":"2026-10-09T01:55:31.173552504Z","Action":"output","Package":"go.temporal.io/server/tools/gomad3/target","Test":"TestGoCommandSourceStandardInventoryPreservesInheritedDirectoryAndRawError","Output":"=== RUN   TestGoCommandSourceStandardInventoryPreservesInheritedDirectoryAndRawError\n","OutputType":"frame"}
{"Time":"2026-10-09T01:55:31.175120629Z","Action":"output","Package":"go.temporal.io/server/tools/gomad3/target","Test":"TestGoCommandSourceStandardInventoryPreservesInheritedDirectoryAndRawError","Output":"--- PASS: TestGoCommandSourceStandardInventoryPreservesInheritedDirectoryAndRawError (0.00s)\n","OutputType":"frame"}
{"Time":"2026-10-09T01:55:31.17525542Z","Action":"pass","Package":"go.temporal.io/server/tools/gomad3/target","Test":"TestGoCommandSourceStandardInventoryPreservesInheritedDirectoryAndRawError","Elapsed":0}
{"Time":"2026-10-09T01:55:31.175324129Z","Action":"run","Package":"go.temporal.io/server/tools/gomad3/target","Test":"TestReadToolchainIdentityRejectsMalformedAndOverflowedEnvironment"}
{"Time":"2026-10-09T01:55:31.175423879Z","Action":"output","Package":"go.temporal.io/server/tools/gomad3/target","Test":"TestReadToolchainIdentityRejectsMalformedAndOverflowedEnvironment","Output":"=== RUN   TestReadToolchainIdentityRejectsMalformedAndOverflowedEnvironment\n","OutputType":"frame"}
{"Time":"2026-10-09T01:55:31.176148337Z","Action":"run","Package":"go.temporal.io/server/tools/gomad3/target","Test":"TestReadToolchainIdentityRejectsMalformedAndOverflowedEnvironment/malformed"}
{"Time":"2026-10-09T01:55:31.176179629Z","Action":"output","Package":"go.temporal.io/server/tools/gomad3/target","Test":"TestReadToolchainIdentityRejectsMalformedAndOverflowedEnvironment/malformed","Output":"=== RUN   TestReadToolchainIdentityRejectsMalformedAndOverflowedEnvironment/malformed\n","OutputType":"frame"}
{"Time":"2026-10-09T01:55:31.176735754Z","Action":"output","Package":"go.temporal.io/server/tools/gomad3/target","Test":"TestReadToolchainIdentityRejectsMalformedAndOverflowedEnvironment/malformed","Output":"--- PASS: TestReadToolchainIdentityRejectsMalformedAndOverflowedEnvironment/malformed (0.00s)\n","OutputType":"frame"}
{"Time":"2026-10-09T01:55:31.17676542Z","Action":"pass","Package":"go.temporal.io/server/tools/gomad3/target","Test":"TestReadToolchainIdentityRejectsMalformedAndOverflowedEnvironment/malformed","Elapsed":0}
{"Time":"2026-10-09T01:55:31.176810379Z","Action":"run","Package":"go.temporal.io/server/tools/gomad3/target","Test":"TestReadToolchainIdentityRejectsMalformedAndOverflowedEnvironment/overflow"}
{"Time":"2026-10-09T01:55:31.176840795Z","Action":"output","Package":"go.temporal.io/server/tools/gomad3/target","Test":"TestReadToolchainIdentityRejectsMalformedAndOverflowedEnvironment/overflow","Output":"=== RUN   TestReadToolchainIdentityRejectsMalformedAndOverflowedEnvironment/overflow\n","OutputType":"frame"}
{"Time":"2026-10-09T01:55:31.176909379Z","Action":"output","Package":"go.temporal.io/server/tools/gomad3/target","Test":"TestReadToolchainIdentityRejectsMalformedAndOverflowedEnvironment/overflow","Output":"--- PASS: TestReadToolchainIdentityRejectsMalformedAndOverflowedEnvironment/overflow (0.00s)\n","OutputType":"frame"}
{"Time":"2026-10-09T01:55:31.17694117Z","Action":"pass","Package":"go.temporal.io/server/tools/gomad3/target","Test":"TestReadToolchainIdentityRejectsMalformedAndOverflowedEnvironment/overflow","Elapsed":0}
{"Time":"2026-10-09T01:55:31.177357295Z","Action":"output","Package":"go.temporal.io/server/tools/gomad3/target","Test":"TestReadToolchainIdentityRejectsMalformedAndOverflowedEnvironment","Output":"--- PASS: TestReadToolchainIdentityRejectsMalformedAndOverflowedEnvironment (0.00s)\n","OutputType":"frame"}
{"Time":"2026-10-09T01:55:31.177395712Z","Action":"pass","Package":"go.temporal.io/server/tools/gomad3/target","Test":"TestReadToolchainIdentityRejectsMalformedAndOverflowedEnvironment","Elapsed":0}
{"Time":"2026-10-09T01:55:31.177420087Z","Action":"run","Package":"go.temporal.io/server/tools/gomad3/target","Test":"TestGoCommandQueriesRejectMalformedData"}
{"Time":"2026-10-09T01:55:31.177452879Z","Action":"output","Package":"go.temporal.io/server/tools/gomad3/target","Test":"TestGoCommandQueriesRejectMalformedData","Output":"=== RUN   TestGoCommandQueriesRejectMalformedData\n","OutputType":"frame"}
{"Time":"2026-10-09T01:55:31.180502504Z","Action":"output","Package":"go.temporal.io/server/tools/gomad3/target","Test":"TestGoCommandQueriesRejectMalformedData","Output":"--- PASS: TestGoCommandQueriesRejectMalformedData (0.00s)\n","OutputType":"frame"}
{"Time":"2026-10-09T01:55:31.180532212Z","Action":"pass","Package":"go.temporal.io/server/tools/gomad3/target","Test":"TestGoCommandQueriesRejectMalformedData","Elapsed":0}
{"Time":"2026-10-09T01:55:31.180549712Z","Action":"run","Package":"go.temporal.io/server/tools/gomad3/target","Test":"TestReadToolchainIdentityQueriesTheValidatedInstallation"}
{"Time":"2026-10-09T01:55:31.180579212Z","Action":"output","Package":"go.temporal.io/server/tools/gomad3/target","Test":"TestReadToolchainIdentityQueriesTheValidatedInstallation","Output":"=== RUN   TestReadToolchainIdentityQueriesTheValidatedInstallation\n","OutputType":"frame"}
{"Time":"2026-10-09T01:55:31.182463379Z","Action":"output","Package":"go.temporal.io/server/tools/gomad3/target","Test":"TestReadToolchainIdentityQueriesTheValidatedInstallation","Output":"--- PASS: TestReadToolchainIdentityQueriesTheValidatedInstallation (0.00s)\n","OutputType":"frame"}
{"Time":"2026-10-09T01:55:31.182490337Z","Action":"pass","Package":"go.temporal.io/server/tools/gomad3/target","Test":"TestReadToolchainIdentityQueriesTheValidatedInstallation","Elapsed":0}
{"Time":"2026-10-09T01:55:31.182518254Z","Action":"run","Package":"go.temporal.io/server/tools/gomad3/target","Test":"TestReadToolchainIdentityFailsClosedWithRepairGuidance"}
{"Time":"2026-10-09T01:55:31.182548212Z","Action":"output","Package":"go.temporal.io/server/tools/gomad3/target","Test":"TestReadToolchainIdentityFailsClosedWithRepairGuidance","Output":"=== RUN   TestReadToolchainIdentityFailsClosedWithRepairGuidance\n","OutputType":"frame"}
{"Time":"2026-10-09T01:55:31.182574337Z","Action":"run","Package":"go.temporal.io/server/tools/gomad3/target","Test":"TestReadToolchainIdentityFailsClosedWithRepairGuidance/missing_pinned_command"}
{"Time":"2026-10-09T01:55:31.18260167Z","Action":"output","Package":"go.temporal.io/server/tools/gomad3/target","Test":"TestReadToolchainIdentityFailsClosedWithRepairGuidance/missing_pinned_command","Output":"=== RUN   TestReadToolchainIdentityFailsClosedWithRepairGuidance/missing_pinned_command\n","OutputType":"frame"}
{"Time":"2026-10-09T01:55:31.200567837Z","Action":"output","Package":"go.temporal.io/server/tools/gomad3/target","Test":"TestReadToolchainIdentityFailsClosedWithRepairGuidance/missing_pinned_command","Output":"--- PASS: TestReadToolchainIdentityFailsClosedWithRepairGuidance/missing_pinned_command (0.02s)\n","OutputType":"frame"}
{"Time":"2026-10-09T01:55:31.200692004Z","Action":"pass","Package":"go.temporal.io/server/tools/gomad3/target","Test":"TestReadToolchainIdentityFailsClosedWithRepairGuidance/missing_pinned_command","Elapsed":0.02}
{"Time":"2026-10-09T01:55:31.200809962Z","Action":"run","Package":"go.temporal.io/server/tools/gomad3/target","Test":"TestReadToolchainIdentityFailsClosedWithRepairGuidance/non-executable_pinned_command"}
{"Time":"2026-10-09T01:55:31.200911045Z","Action":"output","Package":"go.temporal.io/server/tools/gomad3/target","Test":"TestReadToolchainIdentityFailsClosedWithRepairGuidance/non-executable_pinned_command","Output":"=== RUN   TestReadToolchainIdentityFailsClosedWithRepairGuidance/non-executable_pinned_command\n","OutputType":"frame"}
{"Time":"2026-10-09T01:55:31.21797967Z","Action":"output","Package":"go.temporal.io/server/tools/gomad3/target","Test":"TestReadToolchainIdentityFailsClosedWithRepairGuidance/non-executable_pinned_command","Output":"--- PASS: TestReadToolchainIdentityFailsClosedWithRepairGuidance/non-executable_pinned_command (0.02s)\n","OutputType":"frame"}
{"Time":"2026-10-09T01:55:31.218031212Z","Action":"pass","Package":"go.temporal.io/server/tools/gomad3/target","Test":"TestReadToolchainIdentityFailsClosedWithRepairGuidance/non-executable_pinned_command","Elapsed":0.02}
{"Time":"2026-10-09T01:55:31.218074629Z","Action":"run","Package":"go.temporal.io/server/tools/gomad3/target","Test":"TestReadToolchainIdentityFailsClosedWithRepairGuidance/directory_pinned_command"}
{"Time":"2026-10-09T01:55:31.218102629Z","Action":"output","Package":"go.temporal.io/server/tools/gomad3/target","Test":"TestReadToolchainIdentityFailsClosedWithRepairGuidance/directory_pinned_command","Output":"=== RUN   TestReadToolchainIdentityFailsClosedWithRepairGuidance/directory_pinned_command\n","OutputType":"frame"}
{"Time":"2026-10-09T01:55:31.23336442Z","Action":"output","Package":"go.temporal.io/server/tools/gomad3/target","Test":"TestReadToolchainIdentityFailsClosedWithRepairGuidance/directory_pinned_command","Output":"--- PASS: TestReadToolchainIdentityFailsClosedWithRepairGuidance/directory_pinned_command (0.02s)\n","OutputType":"frame"}
{"Time":"2026-10-09T01:55:31.233450129Z","Action":"pass","Package":"go.temporal.io/server/tools/gomad3/target","Test":"TestReadToolchainIdentityFailsClosedWithRepairGuidance/directory_pinned_command","Elapsed":0.02}
{"Time":"2026-10-09T01:55:31.233501337Z","Action":"run","Package":"go.temporal.io/server/tools/gomad3/target","Test":"TestReadToolchainIdentityFailsClosedWithRepairGuidance/missing_build_key"}
{"Time":"2026-10-09T01:55:31.23352192Z","Action":"output","Package":"go.temporal.io/server/tools/gomad3/target","Test":"TestReadToolchainIdentityFailsClosedWithRepairGuidance/missing_build_key","Output":"=== RUN   TestReadToolchainIdentityFailsClosedWithRepairGuidance/missing_build_key\n","OutputType":"frame"}
{"Time":"2026-10-09T01:55:31.270210754Z","Action":"output","Package":"go.temporal.io/server/tools/gomad3/target","Test":"TestReadToolchainIdentityFailsClosedWithRepairGuidance/missing_build_key","Output":"--- PASS: TestReadToolchainIdentityFailsClosedWithRepairGuidance/missing_build_key (0.04s)\n","OutputType":"frame"}
{"Time":"2026-10-09T01:55:31.270281546Z","Action":"pass","Package":"go.temporal.io/server/tools/gomad3/target","Test":"TestReadToolchainIdentityFailsClosedWithRepairGuidance/missing_build_key","Elapsed":0.04}
{"Time":"2026-10-09T01:55:31.270332171Z","Action":"run","Package":"go.temporal.io/server/tools/gomad3/target","Test":"TestReadToolchainIdentityFailsClosedWithRepairGuidance/build_key_without_newline"}
{"Time":"2026-10-09T01:55:31.270406046Z","Action":"output","Package":"go.temporal.io/server/tools/gomad3/target","Test":"TestReadToolchainIdentityFailsClosedWithRepairGuidance/build_key_without_newline","Output":"=== RUN   TestReadToolchainIdentityFailsClosedWithRepairGuidance/build_key_without_newline\n","OutputType":"frame"}
{"Time":"2026-10-09T01:55:31.330607671Z","Action":"output","Package":"go.temporal.io/server/tools/gomad3/target","Test":"TestReadToolchainIdentityFailsClosedWithRepairGuidance/build_key_without_newline","Output":"--- PASS: TestReadToolchainIdentityFailsClosedWithRepairGuidance/build_key_without_newline (0.06s)\n","OutputType":"frame"}
{"Time":"2026-10-09T01:55:31.330668546Z","Action":"pass","Package":"go.temporal.io/server/tools/gomad3/target","Test":"TestReadToolchainIdentityFailsClosedWithRepairGuidance/build_key_without_newline","Elapsed":0.06}
{"Time":"2026-10-09T01:55:31.330702421Z","Action":"run","Package":"go.temporal.io/server/tools/gomad3/target","Test":"TestReadToolchainIdentityFailsClosedWithRepairGuidance/uppercase_build_key"}
{"Time":"2026-10-09T01:55:31.330732171Z","Action":"output","Package":"go.temporal.io/server/tools/gomad3/target","Test":"TestReadToolchainIdentityFailsClosedWithRepairGuidance/uppercase_build_key","Output":"=== RUN   TestReadToolchainIdentityFailsClosedWithRepairGuidance/uppercase_build_key\n","OutputType":"frame"}
{"Time":"2026-10-09T01:55:31.333140087Z","Action":"output","Package":"go.temporal.io/server/tools/gomad3/target","Test":"TestReadToolchainIdentityFailsClosedWithRepairGuidance/uppercase_build_key","Output":"--- PASS: TestReadToolchainIdentityFailsClosedWithRepairGuidance/uppercase_build_key (0.00s)\n","OutputType":"frame"}
{"Time":"2026-10-09T01:55:31.333173879Z","Action":"pass","Package":"go.temporal.io/server/tools/gomad3/target","Test":"TestReadToolchainIdentityFailsClosedWithRepairGuidance/uppercase_build_key","Elapsed":0}
{"Time":"2026-10-09T01:55:31.333210712Z","Action":"run","Package":"go.temporal.io/server/tools/gomad3/target","Test":"TestReadToolchainIdentityFailsClosedWithRepairGuidance/short_build_key"}
{"Time":"2026-10-09T01:55:31.333237421Z","Action":"output","Package":"go.temporal.io/server/tools/gomad3/target","Test":"TestReadToolchainIdentityFailsClosedWithRepairGuidance/short_build_key","Output":"=== RUN   TestReadToolchainIdentityFailsClosedWithRepairGuidance/short_build_key\n","OutputType":"frame"}
{"Time":"2026-10-09T01:55:31.335458296Z","Action":"output","Package":"go.temporal.io/server/tools/gomad3/target","Test":"TestReadToolchainIdentityFailsClosedWithRepairGuidance/short_build_key","Output":"--- PASS: TestReadToolchainIdentityFailsClosedWithRepairGuidance/short_build_key (0.00s)\n","OutputType":"frame"}
{"Time":"2026-10-09T01:55:31.335497254Z","Action":"pass","Package":"go.temporal.io/server/tools/gomad3/target","Test":"TestReadToolchainIdentityFailsClosedWithRepairGuidance/short_build_key","Elapsed":0}
{"Time":"2026-10-09T01:55:31.335518712Z","Action":"run","Package":"go.temporal.io/server/tools/gomad3/target","Test":"TestReadToolchainIdentityFailsClosedWithRepairGuidance/trailing_build_key_data"}
{"Time":"2026-10-09T01:55:31.335544671Z","Action":"output","Package":"go.temporal.io/server/tools/gomad3/target","Test":"TestReadToolchainIdentityFailsClosedWithRepairGuidance/trailing_build_key_data","Output":"=== RUN   TestReadToolchainIdentityFailsClosedWithRepairGuidance/trailing_build_key_data\n","OutputType":"frame"}
{"Time":"2026-10-09T01:55:31.337698962Z","Action":"output","Package":"go.temporal.io/server/tools/gomad3/target","Test":"TestReadToolchainIdentityFailsClosedWithRepairGuidance/trailing_build_key_data","Output":"--- PASS: TestReadToolchainIdentityFailsClosedWithRepairGuidance/trailing_build_key_data (0.00s)\n","OutputType":"frame"}
{"Time":"2026-10-09T01:55:31.337737212Z","Action":"pass","Package":"go.temporal.io/server/tools/gomad3/target","Test":"TestReadToolchainIdentityFailsClosedWithRepairGuidance/trailing_build_key_data","Elapsed":0}
{"Time":"2026-10-09T01:55:31.337775504Z","Action":"run","Package":"go.temporal.io/server/tools/gomad3/target","Test":"TestReadToolchainIdentityFailsClosedWithRepairGuidance/missing_build"}
{"Time":"2026-10-09T01:55:31.337804546Z","Action":"output","Package":"go.temporal.io/server/tools/gomad3/target","Test":"TestReadToolchainIdentityFailsClosedWithRepairGuidance/missing_build","Output":"=== RUN   TestReadToolchainIdentityFailsClosedWithRepairGuidance/missing_build\n","OutputType":"frame"}
{"Time":"2026-10-09T01:55:31.362287921Z","Action":"output","Package":"go.temporal.io/server/tools/gomad3/target","Test":"TestReadToolchainIdentityFailsClosedWithRepairGuidance/missing_build","Output":"--- PASS: TestReadToolchainIdentityFailsClosedWithRepairGuidance/missing_build (0.02s)\n","OutputType":"frame"}
{"Time":"2026-10-09T01:55:31.362335629Z","Action":"pass","Package":"go.temporal.io/server/tools/gomad3/target","Test":"TestReadToolchainIdentityFailsClosedWithRepairGuidance/missing_build","Elapsed":0.02}
{"Time":"2026-10-09T01:55:31.362357921Z","Action":"run","Package":"go.temporal.io/server/tools/gomad3/target","Test":"TestReadToolchainIdentityFailsClosedWithRepairGuidance/stale_build_key"}
{"Time":"2026-10-09T01:55:31.362383337Z","Action":"output","Package":"go.temporal.io/server/tools/gomad3/target","Test":"TestReadToolchainIdentityFailsClosedWithRepairGuidance/stale_build_key","Output":"=== RUN   TestReadToolchainIdentityFailsClosedWithRepairGuidance/stale_build_key\n","OutputType":"frame"}
{"Time":"2026-10-09T01:55:31.364588754Z","Action":"output","Package":"go.temporal.io/server/tools/gomad3/target","Test":"TestReadToolchainIdentityFailsClosedWithRepairGuidance/stale_build_key","Output":"--- PASS: TestReadToolchainIdentityFailsClosedWithRepairGuidance/stale_build_key (0.00s)\n","OutputType":"frame"}
{"Time":"2026-10-09T01:55:31.364636421Z","Action":"pass","Package":"go.temporal.io/server/tools/gomad3/target","Test":"TestReadToolchainIdentityFailsClosedWithRepairGuidance/stale_build_key","Elapsed":0}
{"Time":"2026-10-09T01:55:31.364678296Z","Action":"run","Package":"go.temporal.io/server/tools/gomad3/target","Test":"TestReadToolchainIdentityFailsClosedWithRepairGuidance/non-executable_build_command"}
{"Time":"2026-10-09T01:55:31.364703504Z","Action":"output","Package":"go.temporal.io/server/tools/gomad3/target","Test":"TestReadToolchainIdentityFailsClosedWithRepairGuidance/non-executable_build_command","Output":"=== RUN   TestReadToolchainIdentityFailsClosedWithRepairGuidance/non-executable_build_command\n","OutputType":"frame"}
{"Time":"2026-10-09T01:55:31.366625587Z","Action":"output","Package":"go.temporal.io/server/tools/gomad3/target","Test":"TestReadToolchainIdentityFailsClosedWithRepairGuidance/non-executable_build_command","Output":"--- PASS: TestReadToolchainIdentityFailsClosedWithRepairGuidance/non-executable_build_command (0.00s)\n","OutputType":"frame"}
{"Time":"2026-10-09T01:55:31.366656796Z","Action":"pass","Package":"go.temporal.io/server/tools/gomad3/target","Test":"TestReadToolchainIdentityFailsClosedWithRepairGuidance/non-executable_build_command","Elapsed":0}
{"Time":"2026-10-09T01:55:31.366675087Z","Action":"run","Package":"go.temporal.io/server/tools/gomad3/target","Test":"TestReadToolchainIdentityFailsClosedWithRepairGuidance/platform_mismatch"}
{"Time":"2026-10-09T01:55:31.366693379Z","Action":"output","Package":"go.temporal.io/server/tools/gomad3/target","Test":"TestReadToolchainIdentityFailsClosedWithRepairGuidance/platform_mismatch","Output":"=== RUN   TestReadToolchainIdentityFailsClosedWithRepairGuidance/platform_mismatch\n","OutputType":"frame"}
{"Time":"2026-10-09T01:55:31.368877212Z","Action":"output","Package":"go.temporal.io/server/tools/gomad3/target","Test":"TestReadToolchainIdentityFailsClosedWithRepairGuidance/platform_mismatch","Output":"--- PASS: TestReadToolchainIdentityFailsClosedWithRepairGuidance/platform_mismatch (0.00s)\n","OutputType":"frame"}
{"Time":"2026-10-09T01:55:31.368904837Z","Action":"pass","Package":"go.temporal.io/server/tools/gomad3/target","Test":"TestReadToolchainIdentityFailsClosedWithRepairGuidance/platform_mismatch","Elapsed":0}
{"Time":"2026-10-09T01:55:31.368925754Z","Action":"run","Package":"go.temporal.io/server/tools/gomad3/target","Test":"TestReadToolchainIdentityFailsClosedWithRepairGuidance/cgo_identity"}
{"Time":"2026-10-09T01:55:31.368949296Z","Action":"output","Package":"go.temporal.io/server/tools/gomad3/target","Test":"TestReadToolchainIdentityFailsClosedWithRepairGuidance/cgo_identity","Output":"=== RUN   TestReadToolchainIdentityFailsClosedWithRepairGuidance/cgo_identity\n","OutputType":"frame"}
{"Time":"2026-10-09T01:55:31.371161087Z","Action":"output","Package":"go.temporal.io/server/tools/gomad3/target","Test":"TestReadToolchainIdentityFailsClosedWithRepairGuidance/cgo_identity","Output":"--- PASS: TestReadToolchainIdentityFailsClosedWithRepairGuidance/cgo_identity (0.00s)\n","OutputType":"frame"}
{"Time":"2026-10-09T01:55:31.371194462Z","Action":"pass","Package":"go.temporal.io/server/tools/gomad3/target","Test":"TestReadToolchainIdentityFailsClosedWithRepairGuidance/cgo_identity","Elapsed":0}
{"Time":"2026-10-09T01:55:31.371225171Z","Action":"output","Package":"go.temporal.io/server/tools/gomad3/target","Test":"TestReadToolchainIdentityFailsClosedWithRepairGuidance","Output":"--- PASS: TestReadToolchainIdentityFailsClosedWithRepairGuidance (0.19s)\n","OutputType":"frame"}
{"Time":"2026-10-09T01:55:31.371250004Z","Action":"pass","Package":"go.temporal.io/server/tools/gomad3/target","Test":"TestReadToolchainIdentityFailsClosedWithRepairGuidance","Elapsed":0.19}
{"Time":"2026-10-09T01:55:31.371285837Z","Action":"run","Package":"go.temporal.io/server/tools/gomad3/target","Test":"TestPinnedToolchainSuppliesBuildCacheLocations"}
{"Time":"2026-10-09T01:55:31.371318837Z","Action":"output","Package":"go.temporal.io/server/tools/gomad3/target","Test":"TestPinnedToolchainSuppliesBuildCacheLocations","Output":"=== RUN   TestPinnedToolchainSuppliesBuildCacheLocations\n","OutputType":"frame"}
{"Time":"2026-10-09T01:55:31.373943546Z","Action":"output","Package":"go.temporal.io/server/tools/gomad3/target","Test":"TestPinnedToolchainSuppliesBuildCacheLocations","Output":"--- PASS: TestPinnedToolchainSuppliesBuildCacheLocations (0.00s)\n","OutputType":"frame"}
{"Time":"2026-10-09T01:55:31.374004879Z","Action":"pass","Package":"go.temporal.io/server/tools/gomad3/target","Test":"TestPinnedToolchainSuppliesBuildCacheLocations","Elapsed":0}
{"Time":"2026-10-09T01:55:31.374033462Z","Action":"run","Package":"go.temporal.io/server/tools/gomad3/target","Test":"TestModuleDirectoryResolvesTheOwningModule"}
{"Time":"2026-10-09T01:55:31.374045546Z","Action":"output","Package":"go.temporal.io/server/tools/gomad3/target","Test":"TestModuleDirectoryResolvesTheOwningModule","Output":"=== RUN   TestModuleDirectoryResolvesTheOwningModule\n","OutputType":"frame"}
{"Time":"2026-10-09T01:55:31.374401671Z","Action":"run","Package":"go.temporal.io/server/tools/gomad3/target","Test":"TestModuleDirectoryResolvesTheOwningModule/relative_from_root"}
{"Time":"2026-10-09T01:55:31.374427712Z","Action":"output","Package":"go.temporal.io/server/tools/gomad3/target","Test":"TestModuleDirectoryResolvesTheOwningModule/relative_from_root","Output":"=== RUN   TestModuleDirectoryResolvesTheOwningModule/relative_from_root\n","OutputType":"frame"}
{"Time":"2026-10-09T01:55:31.374445462Z","Action":"output","Package":"go.temporal.io/server/tools/gomad3/target","Test":"TestModuleDirectoryResolvesTheOwningModule/relative_from_root","Output":"--- PASS: TestModuleDirectoryResolvesTheOwningModule/relative_from_root (0.00s)\n","OutputType":"frame"}
{"Time":"2026-10-09T01:55:31.374465629Z","Action":"pass","Package":"go.temporal.io/server/tools/gomad3/target","Test":"TestModuleDirectoryResolvesTheOwningModule/relative_from_root","Elapsed":0}
{"Time":"2026-10-09T01:55:31.374487462Z","Action":"run","Package":"go.temporal.io/server/tools/gomad3/target","Test":"TestModuleDirectoryResolvesTheOwningModule/relative_from_nested"}
{"Time":"2026-10-09T01:55:31.374498962Z","Action":"output","Package":"go.temporal.io/server/tools/gomad3/target","Test":"TestModuleDirectoryResolvesTheOwningModule/relative_from_nested","Output":"=== RUN   TestModuleDirectoryResolvesTheOwningModule/relative_from_nested\n","OutputType":"frame"}
{"Time":"2026-10-09T01:55:31.374515587Z","Action":"output","Package":"go.temporal.io/server/tools/gomad3/target","Test":"TestModuleDirectoryResolvesTheOwningModule/relative_from_nested","Output":"--- PASS: TestModuleDirectoryResolvesTheOwningModule/relative_from_nested (0.00s)\n","OutputType":"frame"}
{"Time":"2026-10-09T01:55:31.374528921Z","Action":"pass","Package":"go.temporal.io/server/tools/gomad3/target","Test":"TestModuleDirectoryResolvesTheOwningModule/relative_from_nested","Elapsed":0}
{"Time":"2026-10-09T01:55:31.374540129Z","Action":"run","Package":"go.temporal.io/server/tools/gomad3/target","Test":"TestModuleDirectoryResolvesTheOwningModule/absolute"}
{"Time":"2026-10-09T01:55:31.374562254Z","Action":"output","Package":"go.temporal.io/server/tools/gomad3/target","Test":"TestModuleDirectoryResolvesTheOwningModule/absolute","Output":"=== RUN   TestModuleDirectoryResolvesTheOwningModule/absolute\n","OutputType":"frame"}
{"Time":"2026-10-09T01:55:31.374589712Z","Action":"output","Package":"go.temporal.io/server/tools/gomad3/target","Test":"TestModuleDirectoryResolvesTheOwningModule/absolute","Output":"--- PASS: TestModuleDirectoryResolvesTheOwningModule/absolute (0.00s)\n","OutputType":"frame"}
{"Time":"2026-10-09T01:55:31.374607754Z","Action":"pass","Package":"go.temporal.io/server/tools/gomad3/target","Test":"TestModuleDirectoryResolvesTheOwningModule/absolute","Elapsed":0}
{"Time":"2026-10-09T01:55:31.374628171Z","Action":"run","Package":"go.temporal.io/server/tools/gomad3/target","Test":"TestModuleDirectoryResolvesTheOwningModule/import_path_uses_cwd"}
{"Time":"2026-10-09T01:55:31.374649796Z","Action":"output","Package":"go.temporal.io/server/tools/gomad3/target","Test":"TestModuleDirectoryResolvesTheOwningModule/import_path_uses_cwd","Output":"=== RUN   TestModuleDirectoryResolvesTheOwningModule/import_path_uses_cwd\n","OutputType":"frame"}
{"Time":"2026-10-09T01:55:31.374677296Z","Action":"output","Package":"go.temporal.io/server/tools/gomad3/target","Test":"TestModuleDirectoryResolvesTheOwningModule/import_path_uses_cwd","Output":"--- PASS: TestModuleDirectoryResolvesTheOwningModule/import_path_uses_cwd (0.00s)\n","OutputType":"frame"}
{"Time":"2026-10-09T01:55:31.374697921Z","Action":"pass","Package":"go.temporal.io/server/tools/gomad3/target","Test":"TestModuleDirectoryResolvesTheOwningModule/import_path_uses_cwd","Elapsed":0}
{"Time":"2026-10-09T01:55:31.374722754Z","Action":"run","Package":"go.temporal.io/server/tools/gomad3/target","Test":"TestModuleDirectoryResolvesTheOwningModule/exec_uses_working_dir"}
{"Time":"2026-10-09T01:55:31.374742046Z","Action":"output","Package":"go.temporal.io/server/tools/gomad3/target","Test":"TestModuleDirectoryResolvesTheOwningModule/exec_uses_working_dir","Output":"=== RUN   TestModuleDirectoryResolvesTheOwningModule/exec_uses_working_dir\n","OutputType":"frame"}
{"Time":"2026-10-09T01:55:31.374765296Z","Action":"output","Package":"go.temporal.io/server/tools/gomad3/target","Test":"TestModuleDirectoryResolvesTheOwningModule/exec_uses_working_dir","Output":"--- PASS: TestModuleDirectoryResolvesTheOwningModule/exec_uses_working_dir (0.00s)\n","OutputType":"frame"}
{"Time":"2026-10-09T01:55:31.374780046Z","Action":"pass","Package":"go.temporal.io/server/tools/gomad3/target","Test":"TestModuleDirectoryResolvesTheOwningModule/exec_uses_working_dir","Elapsed":0}
{"Time":"2026-10-09T01:55:31.382859171Z","Action":"output","Package":"go.temporal.io/server/tools/gomad3/target","Test":"TestModuleDirectoryResolvesTheOwningModule","Output":"--- PASS: TestModuleDirectoryResolvesTheOwningModule (0.01s)\n","OutputType":"frame"}
{"Time":"2026-10-09T01:55:31.382900296Z","Action":"pass","Package":"go.temporal.io/server/tools/gomad3/target","Test":"TestModuleDirectoryResolvesTheOwningModule","Elapsed":0.01}
{"Time":"2026-10-09T01:55:31.382919671Z","Action":"run","Package":"go.temporal.io/server/tools/gomad3/target","Test":"TestPreparedCacheDigestOverlayEmpty"}
{"Time":"2026-10-09T01:55:31.382936254Z","Action":"output","Package":"go.temporal.io/server/tools/gomad3/target","Test":"TestPreparedCacheDigestOverlayEmpty","Output":"=== RUN   TestPreparedCacheDigestOverlayEmpty\n","OutputType":"frame"}
{"Time":"2026-10-09T01:55:31.413438837Z","Action":"output","Package":"go.temporal.io/server/tools/gomad3/target","Test":"TestPreparedCacheDigestOverlayEmpty","Output":"--- PASS: TestPreparedCacheDigestOverlayEmpty (0.03s)\n","OutputType":"frame"}
{"Time":"2026-10-09T01:55:31.413488004Z","Action":"pass","Package":"go.temporal.io/server/tools/gomad3/target","Test":"TestPreparedCacheDigestOverlayEmpty","Elapsed":0.03}
{"Time":"2026-10-09T01:55:31.413511712Z","Action":"run","Package":"go.temporal.io/server/tools/gomad3/target","Test":"TestPreparedCacheDigestOverlayCanonicalInputs"}
{"Time":"2026-10-09T01:55:31.413535462Z","Action":"output","Package":"go.temporal.io/server/tools/gomad3/target","Test":"TestPreparedCacheDigestOverlayCanonicalInputs","Output":"=== RUN   TestPreparedCacheDigestOverlayCanonicalInputs\n","OutputType":"frame"}
{"Time":"2026-10-09T01:55:31.413586004Z","Action":"run","Package":"go.temporal.io/server/tools/gomad3/target","Test":"TestPreparedCacheDigestOverlayCanonicalInputs/reverse_map_order_and_unclean_original"}
{"Time":"2026-10-09T01:55:31.413607837Z","Action":"output","Package":"go.temporal.io/server/tools/gomad3/target","Test":"TestPreparedCacheDigestOverlayCanonicalInputs/reverse_map_order_and_unclean_original","Output":"=== RUN   TestPreparedCacheDigestOverlayCanonicalInputs/reverse_map_order_and_unclean_original\n","OutputType":"frame"}
{"Time":"2026-10-09T01:55:31.415729921Z","Action":"output","Package":"go.temporal.io/server/tools/gomad3/target","Test":"TestPreparedCacheDigestOverlayCanonicalInputs/reverse_map_order_and_unclean_original","Output":"--- PASS: TestPreparedCacheDigestOverlayCanonicalInputs/reverse_map_order_and_unclean_original (0.00s)\n","OutputType":"frame"}
{"Time":"2026-10-09T01:55:31.415764462Z","Action":"pass","Package":"go.temporal.io/server/tools/gomad3/target","Test":"TestPreparedCacheDigestOverlayCanonicalInputs/reverse_map_order_and_unclean_original","Elapsed":0}
{"Time":"2026-10-09T01:55:31.415794796Z","Action":"run","Package":"go.temporal.io/server/tools/gomad3/target","Test":"TestPreparedCacheDigestOverlayCanonicalInputs/sorted_map_order_and_clean_original"}
{"Time":"2026-10-09T01:55:31.415808504Z","Action":"output","Package":"go.temporal.io/server/tools/gomad3/target","Test":"TestPreparedCacheDigestOverlayCanonicalInputs/sorted_map_order_and_clean_original","Output":"=== RUN   TestPreparedCacheDigestOverlayCanonicalInputs/sorted_map_order_and_clean_original\n","OutputType":"frame"}
{"Time":"2026-10-09T01:55:31.417756337Z","Action":"output","Package":"go.temporal.io/server/tools/gomad3/target","Test":"TestPreparedCacheDigestOverlayCanonicalInputs/sorted_map_order_and_clean_original","Output":"--- PASS: TestPreparedCacheDigestOverlayCanonicalInputs/sorted_map_order_and_clean_original (0.00s)\n","OutputType":"frame"}
{"Time":"2026-10-09T01:55:31.417787462Z","Action":"pass","Package":"go.temporal.io/server/tools/gomad3/target","Test":"TestPreparedCacheDigestOverlayCanonicalInputs/sorted_map_order_and_clean_original","Elapsed":0}
{"Time":"2026-10-09T01:55:31.417816046Z","Action":"output","Package":"go.temporal.io/server/tools/gomad3/target","Test":"TestPreparedCacheDigestOverlayCanonicalInputs","Output":"--- PASS: TestPreparedCacheDigestOverlayCanonicalInputs (0.00s)\n","OutputType":"frame"}
{"Time":"2026-10-09T01:55:31.417833004Z","Action":"pass","Package":"go.temporal.io/server/tools/gomad3/target","Test":"TestPreparedCacheDigestOverlayCanonicalInputs","Elapsed":0}
{"Time":"2026-10-09T01:55:31.417856296Z","Action":"run","Package":"go.temporal.io/server/tools/gomad3/target","Test":"TestPreparedCacheDigestOverlayReadFailure"}
{"Time":"2026-10-09T01:55:31.417875087Z","Action":"output","Package":"go.temporal.io/server/tools/gomad3/target","Test":"TestPreparedCacheDigestOverlayReadFailure","Output":"=== RUN   TestPreparedCacheDigestOverlayReadFailure\n","OutputType":"frame"}
{"Time":"2026-10-09T01:55:31.418888337Z","Action":"output","Package":"go.temporal.io/server/tools/gomad3/target","Test":"TestPreparedCacheDigestOverlayReadFailure","Output":"--- PASS: TestPreparedCacheDigestOverlayReadFailure (0.00s)\n","OutputType":"frame"}
{"Time":"2026-10-09T01:55:31.418932004Z","Action":"pass","Package":"go.temporal.io/server/tools/gomad3/target","Test":"TestPreparedCacheDigestOverlayReadFailure","Elapsed":0}
{"Time":"2026-10-09T01:55:31.418982254Z","Action":"run","Package":"go.temporal.io/server/tools/gomad3/target","Test":"TestPreparedCacheDigestModuleInputs"}
{"Time":"2026-10-09T01:55:31.419026379Z","Action":"output","Package":"go.temporal.io/server/tools/gomad3/target","Test":"TestPreparedCacheDigestModuleInputs","Output":"=== RUN   TestPreparedCacheDigestModuleInputs\n","OutputType":"frame"}
{"Time":"2026-10-09T01:55:31.419069462Z","Action":"run","Package":"go.temporal.io/server/tools/gomad3/target","Test":"TestPreparedCacheDigestModuleInputs/present"}
{"Time":"2026-10-09T01:55:31.419146921Z","Action":"output","Package":"go.temporal.io/server/tools/gomad3/target","Test":"TestPreparedCacheDigestModuleInputs/present","Output":"=== RUN   TestPreparedCacheDigestModuleInputs/present\n","OutputType":"frame"}
{"Time":"2026-10-09T01:55:31.420361337Z","Action":"output","Package":"go.temporal.io/server/tools/gomad3/target","Test":"TestPreparedCacheDigestModuleInputs/present","Output":"--- PASS: TestPreparedCacheDigestModuleInputs/present (0.00s)\n","OutputType":"frame"}
{"Time":"2026-10-09T01:55:31.420387587Z","Action":"pass","Package":"go.temporal.io/server/tools/gomad3/target","Test":"TestPreparedCacheDigestModuleInputs/present","Elapsed":0}
{"Time":"2026-10-09T01:55:31.420408629Z","Action":"run","Package":"go.temporal.io/server/tools/gomad3/target","Test":"TestPreparedCacheDigestModuleInputs/absent_go.sum"}
{"Time":"2026-10-09T01:55:31.420433212Z","Action":"output","Package":"go.temporal.io/server/tools/gomad3/target","Test":"TestPreparedCacheDigestModuleInputs/absent_go.sum","Output":"=== RUN   TestPreparedCacheDigestModuleInputs/absent_go.sum\n","OutputType":"frame"}
{"Time":"2026-10-09T01:55:31.421514421Z","Action":"output","Package":"go.temporal.io/server/tools/gomad3/target","Test":"TestPreparedCacheDigestModuleInputs/absent_go.sum","Output":"--- PASS: TestPreparedCacheDigestModuleInputs/absent_go.sum (0.00s)\n","OutputType":"frame"}
{"Time":"2026-10-09T01:55:31.421534796Z","Action":"pass","Package":"go.temporal.io/server/tools/gomad3/target","Test":"TestPreparedCacheDigestModuleInputs/absent_go.sum","Elapsed":0}
{"Time":"2026-10-09T01:55:31.421547212Z","Action":"run","Package":"go.temporal.io/server/tools/gomad3/target","Test":"TestPreparedCacheDigestModuleInputs/empty_go.sum"}
{"Time":"2026-10-09T01:55:31.421570504Z","Action":"output","Package":"go.temporal.io/server/tools/gomad3/target","Test":"TestPreparedCacheDigestModuleInputs/empty_go.sum","Output":"=== RUN   TestPreparedCacheDigestModuleInputs/empty_go.sum\n","OutputType":"frame"}
{"Time":"2026-10-09T01:55:31.422751754Z","Action":"output","Package":"go.temporal.io/server/tools/gomad3/target","Test":"TestPreparedCacheDigestModuleInputs/empty_go.sum","Output":"--- PASS: TestPreparedCacheDigestModuleInputs/empty_go.sum (0.00s)\n","OutputType":"frame"}
{"Time":"2026-10-09T01:55:31.422786379Z","Action":"pass","Package":"go.temporal.io/server/tools/gomad3/target","Test":"TestPreparedCacheDigestModuleInputs/empty_go.sum","Elapsed":0}
{"Time":"2026-10-09T01:55:31.422803046Z","Action":"run","Package":"go.temporal.io/server/tools/gomad3/target","Test":"TestPreparedCacheDigestModuleInputs/argument_order"}
{"Time":"2026-10-09T01:55:31.422828337Z","Action":"output","Package":"go.temporal.io/server/tools/gomad3/target","Test":"TestPreparedCacheDigestModuleInputs/argument_order","Output":"=== RUN   TestPreparedCacheDigestModuleInputs/argument_order\n","OutputType":"frame"}
{"Time":"2026-10-09T01:55:31.424138337Z","Action":"output","Package":"go.temporal.io/server/tools/gomad3/target","Test":"TestPreparedCacheDigestModuleInputs/argument_order","Output":"--- PASS: TestPreparedCacheDigestModuleInputs/argument_order (0.00s)\n","OutputType":"frame"}
{"Time":"2026-10-09T01:55:31.424170712Z","Action":"pass","Package":"go.temporal.io/server/tools/gomad3/target","Test":"TestPreparedCacheDigestModuleInputs/argument_order","Elapsed":0}
{"Time":"2026-10-09T01:55:31.424189254Z","Action":"run","Package":"go.temporal.io/server/tools/gomad3/target","Test":"TestPreparedCacheDigestModuleInputs/basename_framing"}
{"Time":"2026-10-09T01:55:31.424208421Z","Action":"output","Package":"go.temporal.io/server/tools/gomad3/target","Test":"TestPreparedCacheDigestModuleInputs/basename_framing","Output":"=== RUN   TestPreparedCacheDigestModuleInputs/basename_framing\n","OutputType":"frame"}
{"Time":"2026-10-09T01:55:31.426001421Z","Action":"output","Package":"go.temporal.io/server/tools/gomad3/target","Test":"TestPreparedCacheDigestModuleInputs/basename_framing","Output":"--- PASS: TestPreparedCacheDigestModuleInputs/basename_framing (0.00s)\n","OutputType":"frame"}
{"Time":"2026-10-09T01:55:31.426025629Z","Action":"pass","Package":"go.temporal.io/server/tools/gomad3/target","Test":"TestPreparedCacheDigestModuleInputs/basename_framing","Elapsed":0}
{"Time":"2026-10-09T01:55:31.426060171Z","Action":"output","Package":"go.temporal.io/server/tools/gomad3/target","Test":"TestPreparedCacheDigestModuleInputs","Output":"--- PASS: TestPreparedCacheDigestModuleInputs (0.01s)\n","OutputType":"frame"}
{"Time":"2026-10-09T01:55:31.426086296Z","Action":"pass","Package":"go.temporal.io/server/tools/gomad3/target","Test":"TestPreparedCacheDigestModuleInputs","Elapsed":0.01}
{"Time":"2026-10-09T01:55:31.426104587Z","Action":"run","Package":"go.temporal.io/server/tools/gomad3/target","Test":"TestPreparedCacheDigestModuleEmptyInputs"}
{"Time":"2026-10-09T01:55:31.426132379Z","Action":"output","Package":"go.temporal.io/server/tools/gomad3/target","Test":"TestPreparedCacheDigestModuleEmptyInputs","Output":"=== RUN   TestPreparedCacheDigestModuleEmptyInputs\n","OutputType":"frame"}
{"Time":"2026-10-09T01:55:31.426167546Z","Action":"output","Package":"go.temporal.io/server/tools/gomad3/target","Test":"TestPreparedCacheDigestModuleEmptyInputs","Output":"--- PASS: TestPreparedCacheDigestModuleEmptyInputs (0.00s)\n","OutputType":"frame"}
{"Time":"2026-10-09T01:55:31.426181254Z","Action":"pass","Package":"go.temporal.io/server/tools/gomad3/target","Test":"TestPreparedCacheDigestModuleEmptyInputs","Elapsed":0}
{"Time":"2026-10-09T01:55:31.426207337Z","Action":"run","Package":"go.temporal.io/server/tools/gomad3/target","Test":"TestPreparedCacheDigestModuleReadFailure"}
{"Time":"2026-10-09T01:55:31.426283504Z","Action":"output","Package":"go.temporal.io/server/tools/gomad3/target","Test":"TestPreparedCacheDigestModuleReadFailure","Output":"=== RUN   TestPreparedCacheDigestModuleReadFailure\n","OutputType":"frame"}
{"Time":"2026-10-09T01:55:31.426590087Z","Action":"output","Package":"go.temporal.io/server/tools/gomad3/target","Test":"TestPreparedCacheDigestModuleReadFailure","Output":"--- PASS: TestPreparedCacheDigestModuleReadFailure (0.00s)\n","OutputType":"frame"}
{"Time":"2026-10-09T01:55:31.426704879Z","Action":"pass","Package":"go.temporal.io/server/tools/gomad3/target","Test":"TestPreparedCacheDigestModuleReadFailure","Elapsed":0}
{"Time":"2026-10-09T01:55:31.426763962Z","Action":"run","Package":"go.temporal.io/server/tools/gomad3/target","Test":"TestProjectBuildInfoCanonicalizesModuleAndSettings"}
{"Time":"2026-10-09T01:55:31.426809129Z","Action":"output","Package":"go.temporal.io/server/tools/gomad3/target","Test":"TestProjectBuildInfoCanonicalizesModuleAndSettings","Output":"=== RUN   TestProjectBuildInfoCanonicalizesModuleAndSettings\n","OutputType":"frame"}
{"Time":"2026-10-09T01:55:31.426886254Z","Action":"output","Package":"go.temporal.io/server/tools/gomad3/target","Test":"TestProjectBuildInfoCanonicalizesModuleAndSettings","Output":"--- PASS: TestProjectBuildInfoCanonicalizesModuleAndSettings (0.00s)\n","OutputType":"frame"}
{"Time":"2026-10-09T01:55:31.426941921Z","Action":"pass","Package":"go.temporal.io/server/tools/gomad3/target","Test":"TestProjectBuildInfoCanonicalizesModuleAndSettings","Elapsed":0}
{"Time":"2026-10-09T01:55:31.427018212Z","Action":"run","Package":"go.temporal.io/server/tools/gomad3/target","Test":"TestNormalizeCapabilityModeUsesClosedVocabulary"}
{"Time":"2026-10-09T01:55:31.427055171Z","Action":"output","Package":"go.temporal.io/server/tools/gomad3/target","Test":"TestNormalizeCapabilityModeUsesClosedVocabulary","Output":"=== RUN   TestNormalizeCapabilityModeUsesClosedVocabulary\n","OutputType":"frame"}
{"Time":"2026-10-09T01:55:31.427074087Z","Action":"output","Package":"go.temporal.io/server/tools/gomad3/target","Test":"TestNormalizeCapabilityModeUsesClosedVocabulary","Output":"--- PASS: TestNormalizeCapabilityModeUsesClosedVocabulary (0.00s)\n","OutputType":"frame"}
{"Time":"2026-10-09T01:55:31.427091296Z","Action":"pass","Package":"go.temporal.io/server/tools/gomad3/target","Test":"TestNormalizeCapabilityModeUsesClosedVocabulary","Elapsed":0}
{"Time":"2026-10-09T01:55:31.427116337Z","Action":"run","Package":"go.temporal.io/server/tools/gomad3/target","Test":"TestPreparationBuildEnvironmentIsolatesAmbientGoCache"}
{"Time":"2026-10-09T01:55:31.427139837Z","Action":"output","Package":"go.temporal.io/server/tools/gomad3/target","Test":"TestPreparationBuildEnvironmentIsolatesAmbientGoCache","Output":"=== RUN   TestPreparationBuildEnvironmentIsolatesAmbientGoCache\n","OutputType":"frame"}
{"Time":"2026-10-09T01:55:31.427162046Z","Action":"output","Package":"go.temporal.io/server/tools/gomad3/target","Test":"TestPreparationBuildEnvironmentIsolatesAmbientGoCache","Output":"--- PASS: TestPreparationBuildEnvironmentIsolatesAmbientGoCache (0.00s)\n","OutputType":"frame"}
{"Time":"2026-10-09T01:55:31.427177754Z","Action":"pass","Package":"go.temporal.io/server/tools/gomad3/target","Test":"TestPreparationBuildEnvironmentIsolatesAmbientGoCache","Elapsed":0}
{"Time":"2026-10-09T01:55:31.427193796Z","Action":"run","Package":"go.temporal.io/server/tools/gomad3/target","Test":"TestPreparedRecordProjectionDefensivelyCopiesIdentity"}
{"Time":"2026-10-09T01:55:31.427209921Z","Action":"output","Package":"go.temporal.io/server/tools/gomad3/target","Test":"TestPreparedRecordProjectionDefensivelyCopiesIdentity","Output":"=== RUN   TestPreparedRecordProjectionDefensivelyCopiesIdentity\n","OutputType":"frame"}
{"Time":"2026-10-09T01:55:31.427234587Z","Action":"output","Package":"go.temporal.io/server/tools/gomad3/target","Test":"TestPreparedRecordProjectionDefensivelyCopiesIdentity","Output":"--- PASS: TestPreparedRecordProjectionDefensivelyCopiesIdentity (0.00s)\n","OutputType":"frame"}
{"Time":"2026-10-09T01:55:31.427255379Z","Action":"pass","Package":"go.temporal.io/server/tools/gomad3/target","Test":"TestPreparedRecordProjectionDefensivelyCopiesIdentity","Elapsed":0}
{"Time":"2026-10-09T01:55:31.427274796Z","Action":"run","Package":"go.temporal.io/server/tools/gomad3/target","Test":"TestReadProvenanceRoundTripsValidatedDocument"}
{"Time":"2026-10-09T01:55:31.427285504Z","Action":"output","Package":"go.temporal.io/server/tools/gomad3/target","Test":"TestReadProvenanceRoundTripsValidatedDocument","Output":"=== RUN   TestReadProvenanceRoundTripsValidatedDocument\n","OutputType":"frame"}
{"Time":"2026-10-09T01:55:31.457403171Z","Action":"output","Package":"go.temporal.io/server/tools/gomad3/target","Test":"TestReadProvenanceRoundTripsValidatedDocument","Output":"--- PASS: TestReadProvenanceRoundTripsValidatedDocument (0.03s)\n","OutputType":"frame"}
{"Time":"2026-10-09T01:55:31.457475004Z","Action":"pass","Package":"go.temporal.io/server/tools/gomad3/target","Test":"TestReadProvenanceRoundTripsValidatedDocument","Elapsed":0.03}
{"Time":"2026-10-09T01:55:31.457495087Z","Action":"run","Package":"go.temporal.io/server/tools/gomad3/target","Test":"TestValidateProvenanceRejectsUnsupportedBuildModes"}
{"Time":"2026-10-09T01:55:31.457520754Z","Action":"output","Package":"go.temporal.io/server/tools/gomad3/target","Test":"TestValidateProvenanceRejectsUnsupportedBuildModes","Output":"=== RUN   TestValidateProvenanceRejectsUnsupportedBuildModes\n","OutputType":"frame"}
{"Time":"2026-10-09T01:55:31.457562796Z","Action":"run","Package":"go.temporal.io/server/tools/gomad3/target","Test":"TestValidateProvenanceRejectsUnsupportedBuildModes/race"}
{"Time":"2026-10-09T01:55:31.457582462Z","Action":"output","Package":"go.temporal.io/server/tools/gomad3/target","Test":"TestValidateProvenanceRejectsUnsupportedBuildModes/race","Output":"=== RUN   TestValidateProvenanceRejectsUnsupportedBuildModes/race\n","OutputType":"frame"}
{"Time":"2026-10-09T01:55:31.457595879Z","Action":"output","Package":"go.temporal.io/server/tools/gomad3/target","Test":"TestValidateProvenanceRejectsUnsupportedBuildModes/race","Output":"--- PASS: TestValidateProvenanceRejectsUnsupportedBuildModes/race (0.00s)\n","OutputType":"frame"}
{"Time":"2026-10-09T01:55:31.457748671Z","Action":"pass","Package":"go.temporal.io/server/tools/gomad3/target","Test":"TestValidateProvenanceRejectsUnsupportedBuildModes/race","Elapsed":0}
{"Time":"2026-10-09T01:55:31.457787671Z","Action":"run","Package":"go.temporal.io/server/tools/gomad3/target","Test":"TestValidateProvenanceRejectsUnsupportedBuildModes/coverage"}
{"Time":"2026-10-09T01:55:31.457815296Z","Action":"output","Package":"go.temporal.io/server/tools/gomad3/target","Test":"TestValidateProvenanceRejectsUnsupportedBuildModes/coverage","Output":"=== RUN   TestValidateProvenanceRejectsUnsupportedBuildModes/coverage\n","OutputType":"frame"}
{"Time":"2026-10-09T01:55:31.457832046Z","Action":"output","Package":"go.temporal.io/server/tools/gomad3/target","Test":"TestValidateProvenanceRejectsUnsupportedBuildModes/coverage","Output":"--- PASS: TestValidateProvenanceRejectsUnsupportedBuildModes/coverage (0.00s)\n","OutputType":"frame"}
{"Time":"2026-10-09T01:55:31.457844421Z","Action":"pass","Package":"go.temporal.io/server/tools/gomad3/target","Test":"TestValidateProvenanceRejectsUnsupportedBuildModes/coverage","Elapsed":0}
{"Time":"2026-10-09T01:55:31.457860212Z","Action":"run","Package":"go.temporal.io/server/tools/gomad3/target","Test":"TestValidateProvenanceRejectsUnsupportedBuildModes/plugin"}
{"Time":"2026-10-09T01:55:31.457875171Z","Action":"output","Package":"go.temporal.io/server/tools/gomad3/target","Test":"TestValidateProvenanceRejectsUnsupportedBuildModes/plugin","Output":"=== RUN   TestValidateProvenanceRejectsUnsupportedBuildModes/plugin\n","OutputType":"frame"}
{"Time":"2026-10-09T01:55:31.457886796Z","Action":"output","Package":"go.temporal.io/server/tools/gomad3/target","Test":"TestValidateProvenanceRejectsUnsupportedBuildModes/plugin","Output":"--- PASS: TestValidateProvenanceRejectsUnsupportedBuildModes/plugin (0.00s)\n","OutputType":"frame"}
{"Time":"2026-10-09T01:55:31.457909837Z","Action":"pass","Package":"go.temporal.io/server/tools/gomad3/target","Test":"TestValidateProvenanceRejectsUnsupportedBuildModes/plugin","Elapsed":0}
{"Time":"2026-10-09T01:55:31.457936962Z","Action":"run","Package":"go.temporal.io/server/tools/gomad3/target","Test":"TestValidateProvenanceRejectsUnsupportedBuildModes/linkshared"}
{"Time":"2026-10-09T01:55:31.457950254Z","Action":"output","Package":"go.temporal.io/server/tools/gomad3/target","Test":"TestValidateProvenanceRejectsUnsupportedBuildModes/linkshared","Output":"=== RUN   TestValidateProvenanceRejectsUnsupportedBuildModes/linkshared\n","OutputType":"frame"}
{"Time":"2026-10-09T01:55:31.457968712Z","Action":"output","Package":"go.temporal.io/server/tools/gomad3/target","Test":"TestValidateProvenanceRejectsUnsupportedBuildModes/linkshared","Output":"--- PASS: TestValidateProvenanceRejectsUnsupportedBuildModes/linkshared (0.00s)\n","OutputType":"frame"}
{"Time":"2026-10-09T01:55:31.457978421Z","Action":"pass","Package":"go.temporal.io/server/tools/gomad3/target","Test":"TestValidateProvenanceRejectsUnsupportedBuildModes/linkshared","Elapsed":0}
{"Time":"2026-10-09T01:55:31.457990129Z","Action":"run","Package":"go.temporal.io/server/tools/gomad3/target","Test":"TestValidateProvenanceRejectsUnsupportedBuildModes/external"}
{"Time":"2026-10-09T01:55:31.458000796Z","Action":"output","Package":"go.temporal.io/server/tools/gomad3/target","Test":"TestValidateProvenanceRejectsUnsupportedBuildModes/external","Output":"=== RUN   TestValidateProvenanceRejectsUnsupportedBuildModes/external\n","OutputType":"frame"}
{"Time":"2026-10-09T01:55:31.458015504Z","Action":"output","Package":"go.temporal.io/server/tools/gomad3/target","Test":"TestValidateProvenanceRejectsUnsupportedBuildModes/external","Output":"--- PASS: TestValidateProvenanceRejectsUnsupportedBuildModes/external (0.00s)\n","OutputType":"frame"}
{"Time":"2026-10-09T01:55:31.458026087Z","Action":"pass","Package":"go.temporal.io/server/tools/gomad3/target","Test":"TestValidateProvenanceRejectsUnsupportedBuildModes/external","Elapsed":0}
{"Time":"2026-10-09T01:55:31.458035837Z","Action":"run","Package":"go.temporal.io/server/tools/gomad3/target","Test":"TestValidateProvenanceRejectsUnsupportedBuildModes/cgo"}
{"Time":"2026-10-09T01:55:31.458046837Z","Action":"output","Package":"go.temporal.io/server/tools/gomad3/target","Test":"TestValidateProvenanceRejectsUnsupportedBuildModes/cgo","Output":"=== RUN   TestValidateProvenanceRejectsUnsupportedBuildModes/cgo\n","OutputType":"frame"}
{"Time":"2026-10-09T01:55:31.458055629Z","Action":"output","Package":"go.temporal.io/server/tools/gomad3/target","Test":"TestValidateProvenanceRejectsUnsupportedBuildModes/cgo","Output":"--- PASS: TestValidateProvenanceRejectsUnsupportedBuildModes/cgo (0.00s)\n","OutputType":"frame"}
{"Time":"2026-10-09T01:55:31.458065212Z","Action":"pass","Package":"go.temporal.io/server/tools/gomad3/target","Test":"TestValidateProvenanceRejectsUnsupportedBuildModes/cgo","Elapsed":0}
{"Time":"2026-10-09T01:55:31.458076504Z","Action":"output","Package":"go.temporal.io/server/tools/gomad3/target","Test":"TestValidateProvenanceRejectsUnsupportedBuildModes","Output":"--- PASS: TestValidateProvenanceRejectsUnsupportedBuildModes (0.00s)\n","OutputType":"frame"}
{"Time":"2026-10-09T01:55:31.458112379Z","Action":"pass","Package":"go.temporal.io/server/tools/gomad3/target","Test":"TestValidateProvenanceRejectsUnsupportedBuildModes","Elapsed":0}
{"Time":"2026-10-09T01:55:31.458123004Z","Action":"run","Package":"go.temporal.io/server/tools/gomad3/target","Test":"TestValidateProvenanceRejectsClosurelessAttestation"}
{"Time":"2026-10-09T01:55:31.458132379Z","Action":"output","Package":"go.temporal.io/server/tools/gomad3/target","Test":"TestValidateProvenanceRejectsClosurelessAttestation","Output":"=== RUN   TestValidateProvenanceRejectsClosurelessAttestation\n","OutputType":"frame"}
{"Time":"2026-10-09T01:55:31.458144337Z","Action":"output","Package":"go.temporal.io/server/tools/gomad3/target","Test":"TestValidateProvenanceRejectsClosurelessAttestation","Output":"--- PASS: TestValidateProvenanceRejectsClosurelessAttestation (0.00s)\n","OutputType":"frame"}
{"Time":"2026-10-09T01:55:31.458155254Z","Action":"pass","Package":"go.temporal.io/server/tools/gomad3/target","Test":"TestValidateProvenanceRejectsClosurelessAttestation","Elapsed":0}
{"Time":"2026-10-09T01:55:31.458165921Z","Action":"run","Package":"go.temporal.io/server/tools/gomad3/target","Test":"TestValidateExecCapabilityModulesMatchesBuildInfo"}
{"Time":"2026-10-09T01:55:31.458212962Z","Action":"output","Package":"go.temporal.io/server/tools/gomad3/target","Test":"TestValidateExecCapabilityModulesMatchesBuildInfo","Output":"=== RUN   TestValidateExecCapabilityModulesMatchesBuildInfo\n","OutputType":"frame"}
{"Time":"2026-10-09T01:55:31.458246962Z","Action":"output","Package":"go.temporal.io/server/tools/gomad3/target","Test":"TestValidateExecCapabilityModulesMatchesBuildInfo","Output":"--- PASS: TestValidateExecCapabilityModulesMatchesBuildInfo (0.00s)\n","OutputType":"frame"}
{"Time":"2026-10-09T01:55:31.458274879Z","Action":"pass","Package":"go.temporal.io/server/tools/gomad3/target","Test":"TestValidateExecCapabilityModulesMatchesBuildInfo","Elapsed":0}
{"Time":"2026-10-09T01:55:31.458300879Z","Action":"output","Package":"go.temporal.io/server/tools/gomad3/target","Output":"PASS\n","OutputType":"frame"}
{"Time":"2026-10-09T01:55:31.458450254Z","Action":"output","Package":"go.temporal.io/server/tools/gomad3/target","Output":"ok  \tgo.temporal.io/server/tools/gomad3/target\t9.140s\n"}
{"Time":"2026-10-09T01:55:31.458478421Z","Action":"pass","Package":"go.temporal.io/server/tools/gomad3/target","Elapsed":9.14}
