{"Time":"2026-10-08T18:10:44.39278467Z","Action":"start","Package":"go.temporal.io/server/tools/gomad3/deterministicio"}
{"Time":"2026-10-08T18:10:44.398553128Z","Action":"run","Package":"go.temporal.io/server/tools/gomad3/deterministicio","Test":"TestAdapterCacheCleanupOwnerErrors"}
{"Time":"2026-10-08T18:10:44.398620212Z","Action":"output","Package":"go.temporal.io/server/tools/gomad3/deterministicio","Test":"TestAdapterCacheCleanupOwnerErrors","Output":"=== RUN   TestAdapterCacheCleanupOwnerErrors\n","OutputType":"frame"}
{"Time":"2026-10-08T18:10:44.398648837Z","Action":"run","Package":"go.temporal.io/server/tools/gomad3/deterministicio","Test":"TestAdapterCacheCleanupOwnerErrors/healthy"}
{"Time":"2026-10-08T18:10:44.398661253Z","Action":"output","Package":"go.temporal.io/server/tools/gomad3/deterministicio","Test":"TestAdapterCacheCleanupOwnerErrors/healthy","Output":"=== RUN   TestAdapterCacheCleanupOwnerErrors/healthy\n","OutputType":"frame"}
{"Time":"2026-10-08T18:10:44.950331962Z","Action":"output","Package":"go.temporal.io/server/tools/gomad3/deterministicio","Test":"TestAdapterCacheCleanupOwnerErrors/healthy","Output":"--- PASS: TestAdapterCacheCleanupOwnerErrors/healthy (0.55s)\n","OutputType":"frame"}
{"Time":"2026-10-08T18:10:44.950435337Z","Action":"pass","Package":"go.temporal.io/server/tools/gomad3/deterministicio","Test":"TestAdapterCacheCleanupOwnerErrors/healthy","Elapsed":0.55}
{"Time":"2026-10-08T18:10:44.950492504Z","Action":"run","Package":"go.temporal.io/server/tools/gomad3/deterministicio","Test":"TestAdapterCacheCleanupOwnerErrors/exact-primary"}
{"Time":"2026-10-08T18:10:44.950514879Z","Action":"output","Package":"go.temporal.io/server/tools/gomad3/deterministicio","Test":"TestAdapterCacheCleanupOwnerErrors/exact-primary","Output":"=== RUN   TestAdapterCacheCleanupOwnerErrors/exact-primary\n","OutputType":"frame"}
{"Time":"2026-10-08T18:10:45.290224879Z","Action":"output","Package":"go.temporal.io/server/tools/gomad3/deterministicio","Test":"TestAdapterCacheCleanupOwnerErrors/exact-primary","Output":"--- PASS: TestAdapterCacheCleanupOwnerErrors/exact-primary (0.34s)\n","OutputType":"frame"}
{"Time":"2026-10-08T18:10:45.290318004Z","Action":"pass","Package":"go.temporal.io/server/tools/gomad3/deterministicio","Test":"TestAdapterCacheCleanupOwnerErrors/exact-primary","Elapsed":0.34}
{"Time":"2026-10-08T18:10:45.290363379Z","Action":"run","Package":"go.temporal.io/server/tools/gomad3/deterministicio","Test":"TestAdapterCacheCleanupOwnerErrors/sole-cleanup"}
{"Time":"2026-10-08T18:10:45.29038942Z","Action":"output","Package":"go.temporal.io/server/tools/gomad3/deterministicio","Test":"TestAdapterCacheCleanupOwnerErrors/sole-cleanup","Output":"=== RUN   TestAdapterCacheCleanupOwnerErrors/sole-cleanup\n","OutputType":"frame"}
{"Time":"2026-10-08T18:10:45.290960795Z","Action":"output","Package":"go.temporal.io/server/tools/gomad3/deterministicio","Test":"TestAdapterCacheCleanupOwnerErrors/sole-cleanup","Output":"    adapter_cache_cleanup_test.go:113: UID 1000 actual scratch denial: open /Users/stephan/Workspace/skunkworks/.gomad-source-gates-UsyTMX/TestAdapterCacheCleanupOwnerErrorssole-cleanup1826411318/001/.prepare-1601625930/denied: permission denied\n"}
{"Time":"2026-10-08T18:10:45.501693004Z","Action":"output","Package":"go.temporal.io/server/tools/gomad3/deterministicio","Test":"TestAdapterCacheCleanupOwnerErrors/sole-cleanup","Output":"    adapter_cache_cleanup_test.go:138: error = \u003cnil\u003e, want direct sole OS cleanup error\n","OutputType":"error"}
{"Time":"2026-10-08T18:10:45.502245962Z","Action":"output","Package":"go.temporal.io/server/tools/gomad3/deterministicio","Test":"TestAdapterCacheCleanupOwnerErrors/sole-cleanup","Output":"--- FAIL: TestAdapterCacheCleanupOwnerErrors/sole-cleanup (0.21s)\n","OutputType":"frame"}
{"Time":"2026-10-08T18:10:45.502314462Z","Action":"fail","Package":"go.temporal.io/server/tools/gomad3/deterministicio","Test":"TestAdapterCacheCleanupOwnerErrors/sole-cleanup","Elapsed":0.21}
{"Time":"2026-10-08T18:10:45.502363629Z","Action":"run","Package":"go.temporal.io/server/tools/gomad3/deterministicio","Test":"TestAdapterCacheCleanupOwnerErrors/primary-and-cleanup"}
{"Time":"2026-10-08T18:10:45.502409129Z","Action":"output","Package":"go.temporal.io/server/tools/gomad3/deterministicio","Test":"TestAdapterCacheCleanupOwnerErrors/primary-and-cleanup","Output":"=== RUN   TestAdapterCacheCleanupOwnerErrors/primary-and-cleanup\n","OutputType":"frame"}
{"Time":"2026-10-08T18:10:45.503413212Z","Action":"output","Package":"go.temporal.io/server/tools/gomad3/deterministicio","Test":"TestAdapterCacheCleanupOwnerErrors/primary-and-cleanup","Output":"    adapter_cache_cleanup_test.go:113: UID 1000 actual scratch denial: open /Users/stephan/Workspace/skunkworks/.gomad-source-gates-UsyTMX/TestAdapterCacheCleanupOwnerErrorsprimary-and-cleanup2152479291/001/.prepare-3767293319/denied: permission denied\n"}
{"Time":"2026-10-08T18:10:45.503604129Z","Action":"output","Package":"go.temporal.io/server/tools/gomad3/deterministicio","Test":"TestAdapterCacheCleanupOwnerErrors/primary-and-cleanup","Output":"    adapter_cache_cleanup_test.go:144: actual RemoveAll failure: openfdat /Users/stephan/Workspace/skunkworks/.gomad-source-gates-UsyTMX/TestAdapterCacheCleanupOwnerErrorsprimary-and-cleanup2152479291/001/.prepare-3767293319/denied: permission denied\n"}
{"Time":"2026-10-08T18:10:45.504094546Z","Action":"output","Package":"go.temporal.io/server/tools/gomad3/deterministicio","Test":"TestAdapterCacheCleanupOwnerErrors/primary-and-cleanup","Output":"--- PASS: TestAdapterCacheCleanupOwnerErrors/primary-and-cleanup (0.00s)\n","OutputType":"frame"}
{"Time":"2026-10-08T18:10:45.504126046Z","Action":"pass","Package":"go.temporal.io/server/tools/gomad3/deterministicio","Test":"TestAdapterCacheCleanupOwnerErrors/primary-and-cleanup","Elapsed":0}
{"Time":"2026-10-08T18:10:45.504150712Z","Action":"output","Package":"go.temporal.io/server/tools/gomad3/deterministicio","Test":"TestAdapterCacheCleanupOwnerErrors","Output":"--- FAIL: TestAdapterCacheCleanupOwnerErrors (1.11s)\n","OutputType":"frame"}
{"Time":"2026-10-08T18:10:45.504169962Z","Action":"fail","Package":"go.temporal.io/server/tools/gomad3/deterministicio","Test":"TestAdapterCacheCleanupOwnerErrors","Elapsed":1.11}
{"Time":"2026-10-08T18:10:45.504186379Z","Action":"run","Package":"go.temporal.io/server/tools/gomad3/deterministicio","Test":"TestAdapterCacheCleanupRegistryPublicationReuseRetry"}
{"Time":"2026-10-08T18:10:45.504211337Z","Action":"output","Package":"go.temporal.io/server/tools/gomad3/deterministicio","Test":"TestAdapterCacheCleanupRegistryPublicationReuseRetry","Output":"=== RUN   TestAdapterCacheCleanupRegistryPublicationReuseRetry\n","OutputType":"frame"}
{"Time":"2026-10-08T18:10:45.504228462Z","Action":"run","Package":"go.temporal.io/server/tools/gomad3/deterministicio","Test":"TestAdapterCacheCleanupRegistryPublicationReuseRetry/healthy"}
{"Time":"2026-10-08T18:10:45.504249796Z","Action":"output","Package":"go.temporal.io/server/tools/gomad3/deterministicio","Test":"TestAdapterCacheCleanupRegistryPublicationReuseRetry/healthy","Output":"=== RUN   TestAdapterCacheCleanupRegistryPublicationReuseRetry/healthy\n","OutputType":"frame"}
{"Time":"2026-10-08T18:10:45.714367587Z","Action":"output","Package":"go.temporal.io/server/tools/gomad3/deterministicio","Test":"TestAdapterCacheCleanupRegistryPublicationReuseRetry/healthy","Output":"--- PASS: TestAdapterCacheCleanupRegistryPublicationReuseRetry/healthy (0.21s)\n","OutputType":"frame"}
{"Time":"2026-10-08T18:10:45.714441254Z","Action":"pass","Package":"go.temporal.io/server/tools/gomad3/deterministicio","Test":"TestAdapterCacheCleanupRegistryPublicationReuseRetry/healthy","Elapsed":0.21}
{"Time":"2026-10-08T18:10:45.714465087Z","Action":"run","Package":"go.temporal.io/server/tools/gomad3/deterministicio","Test":"TestAdapterCacheCleanupRegistryPublicationReuseRetry/publication-retry"}
{"Time":"2026-10-08T18:10:45.714484671Z","Action":"output","Package":"go.temporal.io/server/tools/gomad3/deterministicio","Test":"TestAdapterCacheCleanupRegistryPublicationReuseRetry/publication-retry","Output":"=== RUN   TestAdapterCacheCleanupRegistryPublicationReuseRetry/publication-retry\n","OutputType":"frame"}
{"Time":"2026-10-08T18:10:45.716270462Z","Action":"output","Package":"go.temporal.io/server/tools/gomad3/deterministicio","Test":"TestAdapterCacheCleanupRegistryPublicationReuseRetry/publication-retry","Output":"    adapter_cache_cleanup_test.go:188: UID 1000 actual scratch denial: open /Users/stephan/Workspace/skunkworks/.gomad-source-gates-UsyTMX/TestAdapterCacheCleanupRegistryPublicationReuseRetrypublication1911765290/002/adapters/.prepare-4096751580/denied: permission denied\n"}
{"Time":"2026-10-08T18:10:45.920954629Z","Action":"output","Package":"go.temporal.io/server/tools/gomad3/deterministicio","Test":"TestAdapterCacheCleanupRegistryPublicationReuseRetry/publication-retry","Output":"--- PASS: TestAdapterCacheCleanupRegistryPublicationReuseRetry/publication-retry (0.21s)\n","OutputType":"frame"}
{"Time":"2026-10-08T18:10:45.921013462Z","Action":"pass","Package":"go.temporal.io/server/tools/gomad3/deterministicio","Test":"TestAdapterCacheCleanupRegistryPublicationReuseRetry/publication-retry","Elapsed":0.21}
{"Time":"2026-10-08T18:10:45.921048504Z","Action":"run","Package":"go.temporal.io/server/tools/gomad3/deterministicio","Test":"TestAdapterCacheCleanupRegistryPublicationReuseRetry/reuse-retry"}
{"Time":"2026-10-08T18:10:45.921081212Z","Action":"output","Package":"go.temporal.io/server/tools/gomad3/deterministicio","Test":"TestAdapterCacheCleanupRegistryPublicationReuseRetry/reuse-retry","Output":"=== RUN   TestAdapterCacheCleanupRegistryPublicationReuseRetry/reuse-retry\n","OutputType":"frame"}
{"Time":"2026-10-08T18:10:46.123955838Z","Action":"output","Package":"go.temporal.io/server/tools/gomad3/deterministicio","Test":"TestAdapterCacheCleanupRegistryPublicationReuseRetry/reuse-retry","Output":"    adapter_cache_cleanup_test.go:188: UID 1000 actual scratch denial: open /Users/stephan/Workspace/skunkworks/.gomad-source-gates-UsyTMX/TestAdapterCacheCleanupRegistryPublicationReuseRetryreuse-retry480330433/002/adapters/.prepare-3946626314/denied: permission denied\n"}
{"Time":"2026-10-08T18:10:46.127467046Z","Action":"output","Package":"go.temporal.io/server/tools/gomad3/deterministicio","Test":"TestAdapterCacheCleanupRegistryPublicationReuseRetry/reuse-retry","Output":"--- PASS: TestAdapterCacheCleanupRegistryPublicationReuseRetry/reuse-retry (0.21s)\n","OutputType":"frame"}
{"Time":"2026-10-08T18:10:46.127503921Z","Action":"pass","Package":"go.temporal.io/server/tools/gomad3/deterministicio","Test":"TestAdapterCacheCleanupRegistryPublicationReuseRetry/reuse-retry","Elapsed":0.21}
{"Time":"2026-10-08T18:10:46.127525671Z","Action":"output","Package":"go.temporal.io/server/tools/gomad3/deterministicio","Test":"TestAdapterCacheCleanupRegistryPublicationReuseRetry","Output":"--- PASS: TestAdapterCacheCleanupRegistryPublicationReuseRetry (0.62s)\n","OutputType":"frame"}
{"Time":"2026-10-08T18:10:46.127552379Z","Action":"pass","Package":"go.temporal.io/server/tools/gomad3/deterministicio","Test":"TestAdapterCacheCleanupRegistryPublicationReuseRetry","Elapsed":0.62}
{"Time":"2026-10-08T18:10:46.127594796Z","Action":"run","Package":"go.temporal.io/server/tools/gomad3/deterministicio","Test":"TestAdapterCacheCleanupValidationControls"}
{"Time":"2026-10-08T18:10:46.127617171Z","Action":"output","Package":"go.temporal.io/server/tools/gomad3/deterministicio","Test":"TestAdapterCacheCleanupValidationControls","Output":"=== RUN   TestAdapterCacheCleanupValidationControls\n","OutputType":"frame"}
{"Time":"2026-10-08T18:10:46.127637129Z","Action":"run","Package":"go.temporal.io/server/tools/gomad3/deterministicio","Test":"TestAdapterCacheCleanupValidationControls/root"}
{"Time":"2026-10-08T18:10:46.127657921Z","Action":"output","Package":"go.temporal.io/server/tools/gomad3/deterministicio","Test":"TestAdapterCacheCleanupValidationControls/root","Output":"=== RUN   TestAdapterCacheCleanupValidationControls/root\n","OutputType":"frame"}
{"Time":"2026-10-08T18:10:46.128964296Z","Action":"output","Package":"go.temporal.io/server/tools/gomad3/deterministicio","Test":"TestAdapterCacheCleanupValidationControls/root","Output":"--- PASS: TestAdapterCacheCleanupValidationControls/root (0.00s)\n","OutputType":"frame"}
{"Time":"2026-10-08T18:10:46.129006421Z","Action":"pass","Package":"go.temporal.io/server/tools/gomad3/deterministicio","Test":"TestAdapterCacheCleanupValidationControls/root","Elapsed":0}
{"Time":"2026-10-08T18:10:46.129033129Z","Action":"run","Package":"go.temporal.io/server/tools/gomad3/deterministicio","Test":"TestAdapterCacheCleanupValidationControls/inventory"}
{"Time":"2026-10-08T18:10:46.129066671Z","Action":"output","Package":"go.temporal.io/server/tools/gomad3/deterministicio","Test":"TestAdapterCacheCleanupValidationControls/inventory","Output":"=== RUN   TestAdapterCacheCleanupValidationControls/inventory\n","OutputType":"frame"}
{"Time":"2026-10-08T18:10:46.129993379Z","Action":"output","Package":"go.temporal.io/server/tools/gomad3/deterministicio","Test":"TestAdapterCacheCleanupValidationControls/inventory","Output":"--- PASS: TestAdapterCacheCleanupValidationControls/inventory (0.00s)\n","OutputType":"frame"}
{"Time":"2026-10-08T18:10:46.130015463Z","Action":"pass","Package":"go.temporal.io/server/tools/gomad3/deterministicio","Test":"TestAdapterCacheCleanupValidationControls/inventory","Elapsed":0}
{"Time":"2026-10-08T18:10:46.130030546Z","Action":"run","Package":"go.temporal.io/server/tools/gomad3/deterministicio","Test":"TestAdapterCacheCleanupValidationControls/corrupt-cache"}
{"Time":"2026-10-08T18:10:46.130043463Z","Action":"output","Package":"go.temporal.io/server/tools/gomad3/deterministicio","Test":"TestAdapterCacheCleanupValidationControls/corrupt-cache","Output":"=== RUN   TestAdapterCacheCleanupValidationControls/corrupt-cache\n","OutputType":"frame"}
{"Time":"2026-10-08T18:10:46.333501879Z","Action":"output","Package":"go.temporal.io/server/tools/gomad3/deterministicio","Test":"TestAdapterCacheCleanupValidationControls/corrupt-cache","Output":"--- PASS: TestAdapterCacheCleanupValidationControls/corrupt-cache (0.20s)\n","OutputType":"frame"}
{"Time":"2026-10-08T18:10:46.333602254Z","Action":"pass","Package":"go.temporal.io/server/tools/gomad3/deterministicio","Test":"TestAdapterCacheCleanupValidationControls/corrupt-cache","Elapsed":0.2}
{"Time":"2026-10-08T18:10:46.333632963Z","Action":"run","Package":"go.temporal.io/server/tools/gomad3/deterministicio","Test":"TestAdapterCacheCleanupValidationControls/non-directory"}
{"Time":"2026-10-08T18:10:46.333648463Z","Action":"output","Package":"go.temporal.io/server/tools/gomad3/deterministicio","Test":"TestAdapterCacheCleanupValidationControls/non-directory","Output":"=== RUN   TestAdapterCacheCleanupValidationControls/non-directory\n","OutputType":"frame"}
{"Time":"2026-10-08T18:10:46.531149338Z","Action":"output","Package":"go.temporal.io/server/tools/gomad3/deterministicio","Test":"TestAdapterCacheCleanupValidationControls/non-directory","Output":"--- PASS: TestAdapterCacheCleanupValidationControls/non-directory (0.20s)\n","OutputType":"frame"}
{"Time":"2026-10-08T18:10:46.531205754Z","Action":"pass","Package":"go.temporal.io/server/tools/gomad3/deterministicio","Test":"TestAdapterCacheCleanupValidationControls/non-directory","Elapsed":0.2}
{"Time":"2026-10-08T18:10:46.531226671Z","Action":"output","Package":"go.temporal.io/server/tools/gomad3/deterministicio","Test":"TestAdapterCacheCleanupValidationControls","Output":"--- PASS: TestAdapterCacheCleanupValidationControls (0.40s)\n","OutputType":"frame"}
{"Time":"2026-10-08T18:10:46.531280546Z","Action":"pass","Package":"go.temporal.io/server/tools/gomad3/deterministicio","Test":"TestAdapterCacheCleanupValidationControls","Elapsed":0.4}
{"Time":"2026-10-08T18:10:46.531301754Z","Action":"run","Package":"go.temporal.io/server/tools/gomad3/deterministicio","Test":"TestAdapterCacheCleanupRegistryPrimary"}
{"Time":"2026-10-08T18:10:46.531317629Z","Action":"output","Package":"go.temporal.io/server/tools/gomad3/deterministicio","Test":"TestAdapterCacheCleanupRegistryPrimary","Output":"=== RUN   TestAdapterCacheCleanupRegistryPrimary\n","OutputType":"frame"}
{"Time":"2026-10-08T18:10:46.531377004Z","Action":"run","Package":"go.temporal.io/server/tools/gomad3/deterministicio","Test":"TestAdapterCacheCleanupRegistryPrimary/exact-primary"}
{"Time":"2026-10-08T18:10:46.531396254Z","Action":"output","Package":"go.temporal.io/server/tools/gomad3/deterministicio","Test":"TestAdapterCacheCleanupRegistryPrimary/exact-primary","Output":"=== RUN   TestAdapterCacheCleanupRegistryPrimary/exact-primary\n","OutputType":"frame"}
{"Time":"2026-10-08T18:10:46.607083588Z","Action":"output","Package":"go.temporal.io/server/tools/gomad3/deterministicio","Test":"TestAdapterCacheCleanupRegistryPrimary/exact-primary","Output":"--- PASS: TestAdapterCacheCleanupRegistryPrimary/exact-primary (0.08s)\n","OutputType":"frame"}
{"Time":"2026-10-08T18:10:46.607152879Z","Action":"pass","Package":"go.temporal.io/server/tools/gomad3/deterministicio","Test":"TestAdapterCacheCleanupRegistryPrimary/exact-primary","Elapsed":0.08}
{"Time":"2026-10-08T18:10:46.607194004Z","Action":"run","Package":"go.temporal.io/server/tools/gomad3/deterministicio","Test":"TestAdapterCacheCleanupRegistryPrimary/primary-and-cleanup"}
{"Time":"2026-10-08T18:10:46.607218463Z","Action":"output","Package":"go.temporal.io/server/tools/gomad3/deterministicio","Test":"TestAdapterCacheCleanupRegistryPrimary/primary-and-cleanup","Output":"=== RUN   TestAdapterCacheCleanupRegistryPrimary/primary-and-cleanup\n","OutputType":"frame"}
{"Time":"2026-10-08T18:10:46.609199921Z","Action":"output","Package":"go.temporal.io/server/tools/gomad3/deterministicio","Test":"TestAdapterCacheCleanupRegistryPrimary/primary-and-cleanup","Output":"    adapter_cache_cleanup_test.go:305: UID 1000 actual scratch denial: open /Users/stephan/Workspace/skunkworks/.gomad-source-gates-UsyTMX/TestAdapterCacheCleanupRegistryPrimaryprimary-and-cleanup3667636652/003/adapters/.prepare-1720150483/denied: permission denied\n"}
{"Time":"2026-10-08T18:10:46.610211713Z","Action":"output","Package":"go.temporal.io/server/tools/gomad3/deterministicio","Test":"TestAdapterCacheCleanupRegistryPrimary/primary-and-cleanup","Output":"--- PASS: TestAdapterCacheCleanupRegistryPrimary/primary-and-cleanup (0.00s)\n","OutputType":"frame"}
{"Time":"2026-10-08T18:10:46.610240963Z","Action":"pass","Package":"go.temporal.io/server/tools/gomad3/deterministicio","Test":"TestAdapterCacheCleanupRegistryPrimary/primary-and-cleanup","Elapsed":0}
{"Time":"2026-10-08T18:10:46.610273004Z","Action":"output","Package":"go.temporal.io/server/tools/gomad3/deterministicio","Test":"TestAdapterCacheCleanupRegistryPrimary","Output":"--- PASS: TestAdapterCacheCleanupRegistryPrimary (0.08s)\n","OutputType":"frame"}
{"Time":"2026-10-08T18:10:46.610289879Z","Action":"pass","Package":"go.temporal.io/server/tools/gomad3/deterministicio","Test":"TestAdapterCacheCleanupRegistryPrimary","Elapsed":0.08}
{"Time":"2026-10-08T18:10:46.610304713Z","Action":"run","Package":"go.temporal.io/server/tools/gomad3/deterministicio","Test":"TestPortableAdapterConfigurationRefusals"}
{"Time":"2026-10-08T18:10:46.610324879Z","Action":"output","Package":"go.temporal.io/server/tools/gomad3/deterministicio","Test":"TestPortableAdapterConfigurationRefusals","Output":"=== RUN   TestPortableAdapterConfigurationRefusals\n","OutputType":"frame"}
{"Time":"2026-10-08T18:10:46.610353171Z","Action":"run","Package":"go.temporal.io/server/tools/gomad3/deterministicio","Test":"TestPortableAdapterConfigurationRefusals/sentry/version"}
{"Time":"2026-10-08T18:10:46.610377296Z","Action":"output","Package":"go.temporal.io/server/tools/gomad3/deterministicio","Test":"TestPortableAdapterConfigurationRefusals/sentry/version","Output":"=== RUN   TestPortableAdapterConfigurationRefusals/sentry/version\n","OutputType":"frame"}
{"Time":"2026-10-08T18:10:46.611306713Z","Action":"output","Package":"go.temporal.io/server/tools/gomad3/deterministicio","Test":"TestPortableAdapterConfigurationRefusals/sentry/version","Output":"--- PASS: TestPortableAdapterConfigurationRefusals/sentry/version (0.00s)\n","OutputType":"frame"}
{"Time":"2026-10-08T18:10:46.611344671Z","Action":"pass","Package":"go.temporal.io/server/tools/gomad3/deterministicio","Test":"TestPortableAdapterConfigurationRefusals/sentry/version","Elapsed":0}
{"Time":"2026-10-08T18:10:46.611412921Z","Action":"run","Package":"go.temporal.io/server/tools/gomad3/deterministicio","Test":"TestPortableAdapterConfigurationRefusals/sentry/replacement"}
{"Time":"2026-10-08T18:10:46.611452629Z","Action":"output","Package":"go.temporal.io/server/tools/gomad3/deterministicio","Test":"TestPortableAdapterConfigurationRefusals/sentry/replacement","Output":"=== RUN   TestPortableAdapterConfigurationRefusals/sentry/replacement\n","OutputType":"frame"}
{"Time":"2026-10-08T18:10:46.612278504Z","Action":"output","Package":"go.temporal.io/server/tools/gomad3/deterministicio","Test":"TestPortableAdapterConfigurationRefusals/sentry/replacement","Output":"--- PASS: TestPortableAdapterConfigurationRefusals/sentry/replacement (0.00s)\n","OutputType":"frame"}
{"Time":"2026-10-08T18:10:46.612302254Z","Action":"pass","Package":"go.temporal.io/server/tools/gomad3/deterministicio","Test":"TestPortableAdapterConfigurationRefusals/sentry/replacement","Elapsed":0}
{"Time":"2026-10-08T18:10:46.612318546Z","Action":"run","Package":"go.temporal.io/server/tools/gomad3/deterministicio","Test":"TestPortableAdapterConfigurationRefusals/sentry/version-replacement"}
{"Time":"2026-10-08T18:10:46.612331296Z","Action":"output","Package":"go.temporal.io/server/tools/gomad3/deterministicio","Test":"TestPortableAdapterConfigurationRefusals/sentry/version-replacement","Output":"=== RUN   TestPortableAdapterConfigurationRefusals/sentry/version-replacement\n","OutputType":"frame"}
{"Time":"2026-10-08T18:10:46.613650879Z","Action":"output","Package":"go.temporal.io/server/tools/gomad3/deterministicio","Test":"TestPortableAdapterConfigurationRefusals/sentry/version-replacement","Output":"--- PASS: TestPortableAdapterConfigurationRefusals/sentry/version-replacement (0.00s)\n","OutputType":"frame"}
{"Time":"2026-10-08T18:10:46.613670129Z","Action":"pass","Package":"go.temporal.io/server/tools/gomad3/deterministicio","Test":"TestPortableAdapterConfigurationRefusals/sentry/version-replacement","Elapsed":0}
{"Time":"2026-10-08T18:10:46.613684171Z","Action":"run","Package":"go.temporal.io/server/tools/gomad3/deterministicio","Test":"TestPortableAdapterConfigurationRefusals/sentry/replacement-block"}
{"Time":"2026-10-08T18:10:46.613722504Z","Action":"output","Package":"go.temporal.io/server/tools/gomad3/deterministicio","Test":"TestPortableAdapterConfigurationRefusals/sentry/replacement-block","Output":"=== RUN   TestPortableAdapterConfigurationRefusals/sentry/replacement-block\n","OutputType":"frame"}
{"Time":"2026-10-08T18:10:46.614660338Z","Action":"output","Package":"go.temporal.io/server/tools/gomad3/deterministicio","Test":"TestPortableAdapterConfigurationRefusals/sentry/replacement-block","Output":"--- PASS: TestPortableAdapterConfigurationRefusals/sentry/replacement-block (0.00s)\n","OutputType":"frame"}
{"Time":"2026-10-08T18:10:46.614684546Z","Action":"pass","Package":"go.temporal.io/server/tools/gomad3/deterministicio","Test":"TestPortableAdapterConfigurationRefusals/sentry/replacement-block","Elapsed":0}
{"Time":"2026-10-08T18:10:46.614707004Z","Action":"run","Package":"go.temporal.io/server/tools/gomad3/deterministicio","Test":"TestPortableAdapterConfigurationRefusals/sentry/sum"}
{"Time":"2026-10-08T18:10:46.614719463Z","Action":"output","Package":"go.temporal.io/server/tools/gomad3/deterministicio","Test":"TestPortableAdapterConfigurationRefusals/sentry/sum","Output":"=== RUN   TestPortableAdapterConfigurationRefusals/sentry/sum\n","OutputType":"frame"}
{"Time":"2026-10-08T18:10:46.615798421Z","Action":"output","Package":"go.temporal.io/server/tools/gomad3/deterministicio","Test":"TestPortableAdapterConfigurationRefusals/sentry/sum","Output":"--- PASS: TestPortableAdapterConfigurationRefusals/sentry/sum (0.00s)\n","OutputType":"frame"}
{"Time":"2026-10-08T18:10:46.615815796Z","Action":"pass","Package":"go.temporal.io/server/tools/gomad3/deterministicio","Test":"TestPortableAdapterConfigurationRefusals/sentry/sum","Elapsed":0}
{"Time":"2026-10-08T18:10:46.615839088Z","Action":"run","Package":"go.temporal.io/server/tools/gomad3/deterministicio","Test":"TestPortableAdapterConfigurationRefusals/sentry/missing-sum"}
{"Time":"2026-10-08T18:10:46.615851838Z","Action":"output","Package":"go.temporal.io/server/tools/gomad3/deterministicio","Test":"TestPortableAdapterConfigurationRefusals/sentry/missing-sum","Output":"=== RUN   TestPortableAdapterConfigurationRefusals/sentry/missing-sum\n","OutputType":"frame"}
{"Time":"2026-10-08T18:10:46.616880754Z","Action":"output","Package":"go.temporal.io/server/tools/gomad3/deterministicio","Test":"TestPortableAdapterConfigurationRefusals/sentry/missing-sum","Output":"--- PASS: TestPortableAdapterConfigurationRefusals/sentry/missing-sum (0.00s)\n","OutputType":"frame"}
{"Time":"2026-10-08T18:10:46.616897213Z","Action":"pass","Package":"go.temporal.io/server/tools/gomad3/deterministicio","Test":"TestPortableAdapterConfigurationRefusals/sentry/missing-sum","Elapsed":0}
{"Time":"2026-10-08T18:10:46.616913254Z","Action":"run","Package":"go.temporal.io/server/tools/gomad3/deterministicio","Test":"TestPortableAdapterConfigurationRefusals/sentry/build-modfile"}
{"Time":"2026-10-08T18:10:46.616927088Z","Action":"output","Package":"go.temporal.io/server/tools/gomad3/deterministicio","Test":"TestPortableAdapterConfigurationRefusals/sentry/build-modfile","Output":"=== RUN   TestPortableAdapterConfigurationRefusals/sentry/build-modfile\n","OutputType":"frame"}
{"Time":"2026-10-08T18:10:46.617806213Z","Action":"output","Package":"go.temporal.io/server/tools/gomad3/deterministicio","Test":"TestPortableAdapterConfigurationRefusals/sentry/build-modfile","Output":"--- PASS: TestPortableAdapterConfigurationRefusals/sentry/build-modfile (0.00s)\n","OutputType":"frame"}
{"Time":"2026-10-08T18:10:46.617839713Z","Action":"pass","Package":"go.temporal.io/server/tools/gomad3/deterministicio","Test":"TestPortableAdapterConfigurationRefusals/sentry/build-modfile","Elapsed":0}
{"Time":"2026-10-08T18:10:46.617858879Z","Action":"run","Package":"go.temporal.io/server/tools/gomad3/deterministicio","Test":"TestPortableAdapterConfigurationRefusals/hashicorp-metrics/version"}
{"Time":"2026-10-08T18:10:46.617885879Z","Action":"output","Package":"go.temporal.io/server/tools/gomad3/deterministicio","Test":"TestPortableAdapterConfigurationRefusals/hashicorp-metrics/version","Output":"=== RUN   TestPortableAdapterConfigurationRefusals/hashicorp-metrics/version\n","OutputType":"frame"}
{"Time":"2026-10-08T18:10:46.618680338Z","Action":"output","Package":"go.temporal.io/server/tools/gomad3/deterministicio","Test":"TestPortableAdapterConfigurationRefusals/hashicorp-metrics/version","Output":"--- PASS: TestPortableAdapterConfigurationRefusals/hashicorp-metrics/version (0.00s)\n","OutputType":"frame"}
{"Time":"2026-10-08T18:10:46.618707338Z","Action":"pass","Package":"go.temporal.io/server/tools/gomad3/deterministicio","Test":"TestPortableAdapterConfigurationRefusals/hashicorp-metrics/version","Elapsed":0}
{"Time":"2026-10-08T18:10:46.618749171Z","Action":"run","Package":"go.temporal.io/server/tools/gomad3/deterministicio","Test":"TestPortableAdapterConfigurationRefusals/hashicorp-metrics/replacement"}
{"Time":"2026-10-08T18:10:46.618769338Z","Action":"output","Package":"go.temporal.io/server/tools/gomad3/deterministicio","Test":"TestPortableAdapterConfigurationRefusals/hashicorp-metrics/replacement","Output":"=== RUN   TestPortableAdapterConfigurationRefusals/hashicorp-metrics/replacement\n","OutputType":"frame"}
{"Time":"2026-10-08T18:10:46.619604796Z","Action":"output","Package":"go.temporal.io/server/tools/gomad3/deterministicio","Test":"TestPortableAdapterConfigurationRefusals/hashicorp-metrics/replacement","Output":"--- PASS: TestPortableAdapterConfigurationRefusals/hashicorp-metrics/replacement (0.00s)\n","OutputType":"frame"}
{"Time":"2026-10-08T18:10:46.619621921Z","Action":"pass","Package":"go.temporal.io/server/tools/gomad3/deterministicio","Test":"TestPortableAdapterConfigurationRefusals/hashicorp-metrics/replacement","Elapsed":0}
{"Time":"2026-10-08T18:10:46.619651379Z","Action":"run","Package":"go.temporal.io/server/tools/gomad3/deterministicio","Test":"TestPortableAdapterConfigurationRefusals/hashicorp-metrics/version-replacement"}
{"Time":"2026-10-08T18:10:46.619668588Z","Action":"output","Package":"go.temporal.io/server/tools/gomad3/deterministicio","Test":"TestPortableAdapterConfigurationRefusals/hashicorp-metrics/version-replacement","Output":"=== RUN   TestPortableAdapterConfigurationRefusals/hashicorp-metrics/version-replacement\n","OutputType":"frame"}
{"Time":"2026-10-08T18:10:46.620262796Z","Action":"output","Package":"go.temporal.io/server/tools/gomad3/deterministicio","Test":"TestPortableAdapterConfigurationRefusals/hashicorp-metrics/version-replacement","Output":"--- PASS: TestPortableAdapterConfigurationRefusals/hashicorp-metrics/version-replacement (0.00s)\n","OutputType":"frame"}
{"Time":"2026-10-08T18:10:46.620280629Z","Action":"pass","Package":"go.temporal.io/server/tools/gomad3/deterministicio","Test":"TestPortableAdapterConfigurationRefusals/hashicorp-metrics/version-replacement","Elapsed":0}
{"Time":"2026-10-08T18:10:46.620294588Z","Action":"run","Package":"go.temporal.io/server/tools/gomad3/deterministicio","Test":"TestPortableAdapterConfigurationRefusals/hashicorp-metrics/replacement-block"}
{"Time":"2026-10-08T18:10:46.620305713Z","Action":"output","Package":"go.temporal.io/server/tools/gomad3/deterministicio","Test":"TestPortableAdapterConfigurationRefusals/hashicorp-metrics/replacement-block","Output":"=== RUN   TestPortableAdapterConfigurationRefusals/hashicorp-metrics/replacement-block\n","OutputType":"frame"}
{"Time":"2026-10-08T18:10:46.620980671Z","Action":"output","Package":"go.temporal.io/server/tools/gomad3/deterministicio","Test":"TestPortableAdapterConfigurationRefusals/hashicorp-metrics/replacement-block","Output":"--- PASS: TestPortableAdapterConfigurationRefusals/hashicorp-metrics/replacement-block (0.00s)\n","OutputType":"frame"}
{"Time":"2026-10-08T18:10:46.621013504Z","Action":"pass","Package":"go.temporal.io/server/tools/gomad3/deterministicio","Test":"TestPortableAdapterConfigurationRefusals/hashicorp-metrics/replacement-block","Elapsed":0}
{"Time":"2026-10-08T18:10:46.621046754Z","Action":"run","Package":"go.temporal.io/server/tools/gomad3/deterministicio","Test":"TestPortableAdapterConfigurationRefusals/hashicorp-metrics/sum"}
{"Time":"2026-10-08T18:10:46.621060504Z","Action":"output","Package":"go.temporal.io/server/tools/gomad3/deterministicio","Test":"TestPortableAdapterConfigurationRefusals/hashicorp-metrics/sum","Output":"=== RUN   TestPortableAdapterConfigurationRefusals/hashicorp-metrics/sum\n","OutputType":"frame"}
{"Time":"2026-10-08T18:10:46.621945338Z","Action":"output","Package":"go.temporal.io/server/tools/gomad3/deterministicio","Test":"TestPortableAdapterConfigurationRefusals/hashicorp-metrics/sum","Output":"--- PASS: TestPortableAdapterConfigurationRefusals/hashicorp-metrics/sum (0.00s)\n","OutputType":"frame"}
{"Time":"2026-10-08T18:10:46.621965879Z","Action":"pass","Package":"go.temporal.io/server/tools/gomad3/deterministicio","Test":"TestPortableAdapterConfigurationRefusals/hashicorp-metrics/sum","Elapsed":0}
{"Time":"2026-10-08T18:10:46.621981129Z","Action":"run","Package":"go.temporal.io/server/tools/gomad3/deterministicio","Test":"TestPortableAdapterConfigurationRefusals/hashicorp-metrics/missing-sum"}
{"Time":"2026-10-08T18:10:46.621994796Z","Action":"output","Package":"go.temporal.io/server/tools/gomad3/deterministicio","Test":"TestPortableAdapterConfigurationRefusals/hashicorp-metrics/missing-sum","Output":"=== RUN   TestPortableAdapterConfigurationRefusals/hashicorp-metrics/missing-sum\n","OutputType":"frame"}
{"Time":"2026-10-08T18:10:46.622635088Z","Action":"output","Package":"go.temporal.io/server/tools/gomad3/deterministicio","Test":"TestPortableAdapterConfigurationRefusals/hashicorp-metrics/missing-sum","Output":"--- PASS: TestPortableAdapterConfigurationRefusals/hashicorp-metrics/missing-sum (0.00s)\n","OutputType":"frame"}
{"Time":"2026-10-08T18:10:46.622669338Z","Action":"pass","Package":"go.temporal.io/server/tools/gomad3/deterministicio","Test":"TestPortableAdapterConfigurationRefusals/hashicorp-metrics/missing-sum","Elapsed":0}
{"Time":"2026-10-08T18:10:46.622692421Z","Action":"run","Package":"go.temporal.io/server/tools/gomad3/deterministicio","Test":"TestPortableAdapterConfigurationRefusals/hashicorp-metrics/build-modfile"}
{"Time":"2026-10-08T18:10:46.622711088Z","Action":"output","Package":"go.temporal.io/server/tools/gomad3/deterministicio","Test":"TestPortableAdapterConfigurationRefusals/hashicorp-metrics/build-modfile","Output":"=== RUN   TestPortableAdapterConfigurationRefusals/hashicorp-metrics/build-modfile\n","OutputType":"frame"}
{"Time":"2026-10-08T18:10:46.623336963Z","Action":"output","Package":"go.temporal.io/server/tools/gomad3/deterministicio","Test":"TestPortableAdapterConfigurationRefusals/hashicorp-metrics/build-modfile","Output":"--- PASS: TestPortableAdapterConfigurationRefusals/hashicorp-metrics/build-modfile (0.00s)\n","OutputType":"frame"}
{"Time":"2026-10-08T18:10:46.623354129Z","Action":"pass","Package":"go.temporal.io/server/tools/gomad3/deterministicio","Test":"TestPortableAdapterConfigurationRefusals/hashicorp-metrics/build-modfile","Elapsed":0}
{"Time":"2026-10-08T18:10:46.623364713Z","Action":"run","Package":"go.temporal.io/server/tools/gomad3/deterministicio","Test":"TestPortableAdapterConfigurationRefusals/grpc/version"}
{"Time":"2026-10-08T18:10:46.623374254Z","Action":"output","Package":"go.temporal.io/server/tools/gomad3/deterministicio","Test":"TestPortableAdapterConfigurationRefusals/grpc/version","Output":"=== RUN   TestPortableAdapterConfigurationRefusals/grpc/version\n","OutputType":"frame"}
{"Time":"2026-10-08T18:10:46.624144254Z","Action":"output","Package":"go.temporal.io/server/tools/gomad3/deterministicio","Test":"TestPortableAdapterConfigurationRefusals/grpc/version","Output":"--- PASS: TestPortableAdapterConfigurationRefusals/grpc/version (0.00s)\n","OutputType":"frame"}
{"Time":"2026-10-08T18:10:46.624165629Z","Action":"pass","Package":"go.temporal.io/server/tools/gomad3/deterministicio","Test":"TestPortableAdapterConfigurationRefusals/grpc/version","Elapsed":0}
{"Time":"2026-10-08T18:10:46.624182629Z","Action":"run","Package":"go.temporal.io/server/tools/gomad3/deterministicio","Test":"TestPortableAdapterConfigurationRefusals/grpc/replacement"}
{"Time":"2026-10-08T18:10:46.624199421Z","Action":"output","Package":"go.temporal.io/server/tools/gomad3/deterministicio","Test":"TestPortableAdapterConfigurationRefusals/grpc/replacement","Output":"=== RUN   TestPortableAdapterConfigurationRefusals/grpc/replacement\n","OutputType":"frame"}
{"Time":"2026-10-08T18:10:46.625023463Z","Action":"output","Package":"go.temporal.io/server/tools/gomad3/deterministicio","Test":"TestPortableAdapterConfigurationRefusals/grpc/replacement","Output":"--- PASS: TestPortableAdapterConfigurationRefusals/grpc/replacement (0.00s)\n","OutputType":"frame"}
{"Time":"2026-10-08T18:10:46.625046546Z","Action":"pass","Package":"go.temporal.io/server/tools/gomad3/deterministicio","Test":"TestPortableAdapterConfigurationRefusals/grpc/replacement","Elapsed":0}
{"Time":"2026-10-08T18:10:46.625066046Z","Action":"run","Package":"go.temporal.io/server/tools/gomad3/deterministicio","Test":"TestPortableAdapterConfigurationRefusals/grpc/version-replacement"}
{"Time":"2026-10-08T18:10:46.625077796Z","Action":"output","Package":"go.temporal.io/server/tools/gomad3/deterministicio","Test":"TestPortableAdapterConfigurationRefusals/grpc/version-replacement","Output":"=== RUN   TestPortableAdapterConfigurationRefusals/grpc/version-replacement\n","OutputType":"frame"}
{"Time":"2026-10-08T18:10:46.625881546Z","Action":"output","Package":"go.temporal.io/server/tools/gomad3/deterministicio","Test":"TestPortableAdapterConfigurationRefusals/grpc/version-replacement","Output":"--- PASS: TestPortableAdapterConfigurationRefusals/grpc/version-replacement (0.00s)\n","OutputType":"frame"}
{"Time":"2026-10-08T18:10:46.625908838Z","Action":"pass","Package":"go.temporal.io/server/tools/gomad3/deterministicio","Test":"TestPortableAdapterConfigurationRefusals/grpc/version-replacement","Elapsed":0}
{"Time":"2026-10-08T18:10:46.625936796Z","Action":"run","Package":"go.temporal.io/server/tools/gomad3/deterministicio","Test":"TestPortableAdapterConfigurationRefusals/grpc/replacement-block"}
{"Time":"2026-10-08T18:10:46.625950213Z","Action":"output","Package":"go.temporal.io/server/tools/gomad3/deterministicio","Test":"TestPortableAdapterConfigurationRefusals/grpc/replacement-block","Output":"=== RUN   TestPortableAdapterConfigurationRefusals/grpc/replacement-block\n","OutputType":"frame"}
{"Time":"2026-10-08T18:10:46.626653629Z","Action":"output","Package":"go.temporal.io/server/tools/gomad3/deterministicio","Test":"TestPortableAdapterConfigurationRefusals/grpc/replacement-block","Output":"--- PASS: TestPortableAdapterConfigurationRefusals/grpc/replacement-block (0.00s)\n","OutputType":"frame"}
{"Time":"2026-10-08T18:10:46.626679338Z","Action":"pass","Package":"go.temporal.io/server/tools/gomad3/deterministicio","Test":"TestPortableAdapterConfigurationRefusals/grpc/replacement-block","Elapsed":0}
{"Time":"2026-10-08T18:10:46.626697088Z","Action":"run","Package":"go.temporal.io/server/tools/gomad3/deterministicio","Test":"TestPortableAdapterConfigurationRefusals/grpc/sum"}
{"Time":"2026-10-08T18:10:46.626710963Z","Action":"output","Package":"go.temporal.io/server/tools/gomad3/deterministicio","Test":"TestPortableAdapterConfigurationRefusals/grpc/sum","Output":"=== RUN   TestPortableAdapterConfigurationRefusals/grpc/sum\n","OutputType":"frame"}
{"Time":"2026-10-08T18:10:46.627388421Z","Action":"output","Package":"go.temporal.io/server/tools/gomad3/deterministicio","Test":"TestPortableAdapterConfigurationRefusals/grpc/sum","Output":"--- PASS: TestPortableAdapterConfigurationRefusals/grpc/sum (0.00s)\n","OutputType":"frame"}
{"Time":"2026-10-08T18:10:46.627415463Z","Action":"pass","Package":"go.temporal.io/server/tools/gomad3/deterministicio","Test":"TestPortableAdapterConfigurationRefusals/grpc/sum","Elapsed":0}
{"Time":"2026-10-08T18:10:46.627436546Z","Action":"run","Package":"go.temporal.io/server/tools/gomad3/deterministicio","Test":"TestPortableAdapterConfigurationRefusals/grpc/missing-sum"}
{"Time":"2026-10-08T18:10:46.627460463Z","Action":"output","Package":"go.temporal.io/server/tools/gomad3/deterministicio","Test":"TestPortableAdapterConfigurationRefusals/grpc/missing-sum","Output":"=== RUN   TestPortableAdapterConfigurationRefusals/grpc/missing-sum\n","OutputType":"frame"}
{"Time":"2026-10-08T18:10:46.628502629Z","Action":"output","Package":"go.temporal.io/server/tools/gomad3/deterministicio","Test":"TestPortableAdapterConfigurationRefusals/grpc/missing-sum","Output":"--- PASS: TestPortableAdapterConfigurationRefusals/grpc/missing-sum (0.00s)\n","OutputType":"frame"}
{"Time":"2026-10-08T18:10:46.628671629Z","Action":"pass","Package":"go.temporal.io/server/tools/gomad3/deterministicio","Test":"TestPortableAdapterConfigurationRefusals/grpc/missing-sum","Elapsed":0}
{"Time":"2026-10-08T18:10:46.628703879Z","Action":"run","Package":"go.temporal.io/server/tools/gomad3/deterministicio","Test":"TestPortableAdapterConfigurationRefusals/grpc/build-modfile"}
{"Time":"2026-10-08T18:10:46.628806838Z","Action":"output","Package":"go.temporal.io/server/tools/gomad3/deterministicio","Test":"TestPortableAdapterConfigurationRefusals/grpc/build-modfile","Output":"=== RUN   TestPortableAdapterConfigurationRefusals/grpc/build-modfile\n","OutputType":"frame"}
{"Time":"2026-10-08T18:10:46.630786421Z","Action":"output","Package":"go.temporal.io/server/tools/gomad3/deterministicio","Test":"TestPortableAdapterConfigurationRefusals/grpc/build-modfile","Output":"--- PASS: TestPortableAdapterConfigurationRefusals/grpc/build-modfile (0.00s)\n","OutputType":"frame"}
{"Time":"2026-10-08T18:10:46.631066046Z","Action":"pass","Package":"go.temporal.io/server/tools/gomad3/deterministicio","Test":"TestPortableAdapterConfigurationRefusals/grpc/build-modfile","Elapsed":0}
{"Time":"2026-10-08T18:10:46.631108213Z","Action":"output","Package":"go.temporal.io/server/tools/gomad3/deterministicio","Test":"TestPortableAdapterConfigurationRefusals","Output":"--- PASS: TestPortableAdapterConfigurationRefusals (0.02s)\n","OutputType":"frame"}
{"Time":"2026-10-08T18:10:46.631131754Z","Action":"pass","Package":"go.temporal.io/server/tools/gomad3/deterministicio","Test":"TestPortableAdapterConfigurationRefusals","Elapsed":0.02}
{"Time":"2026-10-08T18:10:46.631159588Z","Action":"run","Package":"go.temporal.io/server/tools/gomad3/deterministicio","Test":"TestPortableLibcSelectionConfiguration"}
{"Time":"2026-10-08T18:10:46.631187629Z","Action":"output","Package":"go.temporal.io/server/tools/gomad3/deterministicio","Test":"TestPortableLibcSelectionConfiguration","Output":"=== RUN   TestPortableLibcSelectionConfiguration\n","OutputType":"frame"}
{"Time":"2026-10-08T18:10:46.631206379Z","Action":"run","Package":"go.temporal.io/server/tools/gomad3/deterministicio","Test":"TestPortableLibcSelectionConfiguration/unsupported"}
{"Time":"2026-10-08T18:10:46.631233463Z","Action":"output","Package":"go.temporal.io/server/tools/gomad3/deterministicio","Test":"TestPortableLibcSelectionConfiguration/unsupported","Output":"=== RUN   TestPortableLibcSelectionConfiguration/unsupported\n","OutputType":"frame"}
{"Time":"2026-10-08T18:10:46.631986588Z","Action":"output","Package":"go.temporal.io/server/tools/gomad3/deterministicio","Test":"TestPortableLibcSelectionConfiguration/unsupported","Output":"--- PASS: TestPortableLibcSelectionConfiguration/unsupported (0.00s)\n","OutputType":"frame"}
{"Time":"2026-10-08T18:10:46.632070296Z","Action":"pass","Package":"go.temporal.io/server/tools/gomad3/deterministicio","Test":"TestPortableLibcSelectionConfiguration/unsupported","Elapsed":0}
{"Time":"2026-10-08T18:10:46.632129879Z","Action":"run","Package":"go.temporal.io/server/tools/gomad3/deterministicio","Test":"TestPortableLibcSelectionConfiguration/absent"}
{"Time":"2026-10-08T18:10:46.632153963Z","Action":"output","Package":"go.temporal.io/server/tools/gomad3/deterministicio","Test":"TestPortableLibcSelectionConfiguration/absent","Output":"=== RUN   TestPortableLibcSelectionConfiguration/absent\n","OutputType":"frame"}
{"Time":"2026-10-08T18:10:46.632797796Z","Action":"output","Package":"go.temporal.io/server/tools/gomad3/deterministicio","Test":"TestPortableLibcSelectionConfiguration/absent","Output":"--- PASS: TestPortableLibcSelectionConfiguration/absent (0.00s)\n","OutputType":"frame"}
{"Time":"2026-10-08T18:10:46.632825754Z","Action":"pass","Package":"go.temporal.io/server/tools/gomad3/deterministicio","Test":"TestPortableLibcSelectionConfiguration/absent","Elapsed":0}
{"Time":"2026-10-08T18:10:46.632850629Z","Action":"output","Package":"go.temporal.io/server/tools/gomad3/deterministicio","Test":"TestPortableLibcSelectionConfiguration","Output":"--- PASS: TestPortableLibcSelectionConfiguration (0.00s)\n","OutputType":"frame"}
{"Time":"2026-10-08T18:10:46.632862879Z","Action":"pass","Package":"go.temporal.io/server/tools/gomad3/deterministicio","Test":"TestPortableLibcSelectionConfiguration","Elapsed":0}
{"Time":"2026-10-08T18:10:46.632873379Z","Action":"run","Package":"go.temporal.io/server/tools/gomad3/deterministicio","Test":"TestPortableRewrittenModuleConsumers"}
{"Time":"2026-10-08T18:10:46.632885088Z","Action":"output","Package":"go.temporal.io/server/tools/gomad3/deterministicio","Test":"TestPortableRewrittenModuleConsumers","Output":"=== RUN   TestPortableRewrittenModuleConsumers\n","OutputType":"frame"}
{"Time":"2026-10-08T18:10:46.635932671Z","Action":"run","Package":"go.temporal.io/server/tools/gomad3/deterministicio","Test":"TestPortableRewrittenModuleConsumers/sprig"}
{"Time":"2026-10-08T18:10:46.635956838Z","Action":"output","Package":"go.temporal.io/server/tools/gomad3/deterministicio","Test":"TestPortableRewrittenModuleConsumers/sprig","Output":"=== RUN   TestPortableRewrittenModuleConsumers/sprig\n","OutputType":"frame"}
{"Time":"2026-10-08T18:10:47.097942255Z","Action":"output","Package":"go.temporal.io/server/tools/gomad3/deterministicio","Test":"TestPortableRewrittenModuleConsumers/sprig","Output":"    adapter_consumers_portable_test.go:67: prepared stock sprig consumer:\n"}
{"Time":"2026-10-08T18:10:47.098011088Z","Action":"output","Package":"go.temporal.io/server/tools/gomad3/deterministicio","Test":"TestPortableRewrittenModuleConsumers/sprig","Output":"        === RUN   TestHostLookupRefusesService\n"}
{"Time":"2026-10-08T18:10:47.098033171Z","Action":"output","Package":"go.temporal.io/server/tools/gomad3/deterministicio","Test":"TestPortableRewrittenModuleConsumers/sprig","Output":"        --- PASS: TestHostLookupRefusesService (0.00s)\n"}
{"Time":"2026-10-08T18:10:47.098050255Z","Action":"output","Package":"go.temporal.io/server/tools/gomad3/deterministicio","Test":"TestPortableRewrittenModuleConsumers/sprig","Output":"        === RUN   TestTemplateLookupReportsRefusal\n"}
{"Time":"2026-10-08T18:10:47.098066505Z","Action":"output","Package":"go.temporal.io/server/tools/gomad3/deterministicio","Test":"TestPortableRewrittenModuleConsumers/sprig","Output":"        --- PASS: TestTemplateLookupReportsRefusal (0.00s)\n"}
{"Time":"2026-10-08T18:10:47.098084213Z","Action":"output","Package":"go.temporal.io/server/tools/gomad3/deterministicio","Test":"TestPortableRewrittenModuleConsumers/sprig","Output":"        === RUN   TestOrdinaryTemplateFunctions\n"}
{"Time":"2026-10-08T18:10:47.098101921Z","Action":"output","Package":"go.temporal.io/server/tools/gomad3/deterministicio","Test":"TestPortableRewrittenModuleConsumers/sprig","Output":"        --- PASS: TestOrdinaryTemplateFunctions (0.00s)\n"}
{"Time":"2026-10-08T18:10:47.098116505Z","Action":"output","Package":"go.temporal.io/server/tools/gomad3/deterministicio","Test":"TestPortableRewrittenModuleConsumers/sprig","Output":"        PASS\n"}
{"Time":"2026-10-08T18:10:47.09814688Z","Action":"output","Package":"go.temporal.io/server/tools/gomad3/deterministicio","Test":"TestPortableRewrittenModuleConsumers/sprig","Output":"        ok  \tgomad3.adapter.sprig\t0.009s\n"}
{"Time":"2026-10-08T18:10:47.169907005Z","Action":"output","Package":"go.temporal.io/server/tools/gomad3/deterministicio","Test":"TestPortableRewrittenModuleConsumers/sprig","Output":"    adapter_consumers_portable_test.go:96: prepared darwin/arm64 source set sha256:8f08780f8a874f591ad9c945e49cc1662008b33114fb0e80f3167dd9283165fd\n"}
{"Time":"2026-10-08T18:10:47.242547713Z","Action":"output","Package":"go.temporal.io/server/tools/gomad3/deterministicio","Test":"TestPortableRewrittenModuleConsumers/sprig","Output":"    adapter_consumers_portable_test.go:96: prepared linux/amd64 source set sha256:8f08780f8a874f591ad9c945e49cc1662008b33114fb0e80f3167dd9283165fd\n"}
{"Time":"2026-10-08T18:10:47.244343213Z","Action":"output","Package":"go.temporal.io/server/tools/gomad3/deterministicio","Test":"TestPortableRewrittenModuleConsumers/sprig","Output":"--- PASS: TestPortableRewrittenModuleConsumers/sprig (0.61s)\n","OutputType":"frame"}
{"Time":"2026-10-08T18:10:47.244378088Z","Action":"pass","Package":"go.temporal.io/server/tools/gomad3/deterministicio","Test":"TestPortableRewrittenModuleConsumers/sprig","Elapsed":0.61}
{"Time":"2026-10-08T18:10:47.24440338Z","Action":"run","Package":"go.temporal.io/server/tools/gomad3/deterministicio","Test":"TestPortableRewrittenModuleConsumers/validator"}
{"Time":"2026-10-08T18:10:47.244425921Z","Action":"output","Package":"go.temporal.io/server/tools/gomad3/deterministicio","Test":"TestPortableRewrittenModuleConsumers/validator","Output":"=== RUN   TestPortableRewrittenModuleConsumers/validator\n","OutputType":"frame"}
{"Time":"2026-10-08T18:10:47.813796463Z","Action":"output","Package":"go.temporal.io/server/tools/gomad3/deterministicio","Test":"TestPortableRewrittenModuleConsumers/validator","Output":"    adapter_consumers_portable_test.go:67: prepared stock validator consumer:\n"}
{"Time":"2026-10-08T18:10:47.813858963Z","Action":"output","Package":"go.temporal.io/server/tools/gomad3/deterministicio","Test":"TestPortableRewrittenModuleConsumers/validator","Output":"        === RUN   TestResolverValidationRefusesService\n"}
{"Time":"2026-10-08T18:10:47.813918922Z","Action":"output","Package":"go.temporal.io/server/tools/gomad3/deterministicio","Test":"TestPortableRewrittenModuleConsumers/validator","Output":"        === RUN   TestResolverValidationRefusesService/tcp4_addr\n"}
{"Time":"2026-10-08T18:10:47.813942838Z","Action":"output","Package":"go.temporal.io/server/tools/gomad3/deterministicio","Test":"TestPortableRewrittenModuleConsumers/validator","Output":"        === RUN   TestResolverValidationRefusesService/tcp6_addr\n"}
{"Time":"2026-10-08T18:10:47.813973755Z","Action":"output","Package":"go.temporal.io/server/tools/gomad3/deterministicio","Test":"TestPortableRewrittenModuleConsumers/validator","Output":"        === RUN   TestResolverValidationRefusesService/tcp_addr\n"}
{"Time":"2026-10-08T18:10:47.814015922Z","Action":"output","Package":"go.temporal.io/server/tools/gomad3/deterministicio","Test":"TestPortableRewrittenModuleConsumers/validator","Output":"        === RUN   TestResolverValidationRefusesService/udp4_addr\n"}
{"Time":"2026-10-08T18:10:47.814049505Z","Action":"output","Package":"go.temporal.io/server/tools/gomad3/deterministicio","Test":"TestPortableRewrittenModuleConsumers/validator","Output":"        === RUN   TestResolverValidationRefusesService/udp6_addr\n"}
{"Time":"2026-10-08T18:10:47.81406913Z","Action":"output","Package":"go.temporal.io/server/tools/gomad3/deterministicio","Test":"TestPortableRewrittenModuleConsumers/validator","Output":"        === RUN   TestResolverValidationRefusesService/udp_addr\n"}
{"Time":"2026-10-08T18:10:47.814089463Z","Action":"output","Package":"go.temporal.io/server/tools/gomad3/deterministicio","Test":"TestPortableRewrittenModuleConsumers/validator","Output":"        === RUN   TestResolverValidationRefusesService/ip4_addr\n"}
{"Time":"2026-10-08T18:10:47.814103255Z","Action":"output","Package":"go.temporal.io/server/tools/gomad3/deterministicio","Test":"TestPortableRewrittenModuleConsumers/validator","Output":"        === RUN   TestResolverValidationRefusesService/ip6_addr\n"}
{"Time":"2026-10-08T18:10:47.81411663Z","Action":"output","Package":"go.temporal.io/server/tools/gomad3/deterministicio","Test":"TestPortableRewrittenModuleConsumers/validator","Output":"        === RUN   TestResolverValidationRefusesService/ip_addr\n"}
{"Time":"2026-10-08T18:10:47.814130088Z","Action":"output","Package":"go.temporal.io/server/tools/gomad3/deterministicio","Test":"TestPortableRewrittenModuleConsumers/validator","Output":"        === RUN   TestResolverValidationRefusesService/unix_addr\n"}
{"Time":"2026-10-08T18:10:47.814149088Z","Action":"output","Package":"go.temporal.io/server/tools/gomad3/deterministicio","Test":"TestPortableRewrittenModuleConsumers/validator","Output":"        --- PASS: TestResolverValidationRefusesService (0.00s)\n"}
{"Time":"2026-10-08T18:10:47.814168838Z","Action":"output","Package":"go.temporal.io/server/tools/gomad3/deterministicio","Test":"TestPortableRewrittenModuleConsumers/validator","Output":"            --- PASS: TestResolverValidationRefusesService/tcp4_addr (0.00s)\n"}
{"Time":"2026-10-08T18:10:47.814185463Z","Action":"output","Package":"go.temporal.io/server/tools/gomad3/deterministicio","Test":"TestPortableRewrittenModuleConsumers/validator","Output":"            --- PASS: TestResolverValidationRefusesService/tcp6_addr (0.00s)\n"}
{"Time":"2026-10-08T18:10:47.814205172Z","Action":"output","Package":"go.temporal.io/server/tools/gomad3/deterministicio","Test":"TestPortableRewrittenModuleConsumers/validator","Output":"            --- PASS: TestResolverValidationRefusesService/tcp_addr (0.00s)\n"}
{"Time":"2026-10-08T18:10:47.814227422Z","Action":"output","Package":"go.temporal.io/server/tools/gomad3/deterministicio","Test":"TestPortableRewrittenModuleConsumers/validator","Output":"            --- PASS: TestResolverValidationRefusesService/udp4_addr (0.00s)\n"}
{"Time":"2026-10-08T18:10:47.814242338Z","Action":"output","Package":"go.temporal.io/server/tools/gomad3/deterministicio","Test":"TestPortableRewrittenModuleConsumers/validator","Output":"            --- PASS: TestResolverValidationRefusesService/udp6_addr (0.00s)\n"}
{"Time":"2026-10-08T18:10:47.814264713Z","Action":"output","Package":"go.temporal.io/server/tools/gomad3/deterministicio","Test":"TestPortableRewrittenModuleConsumers/validator","Output":"            --- PASS: TestResolverValidationRefusesService/udp_addr (0.00s)\n"}
{"Time":"2026-10-08T18:10:47.814281005Z","Action":"output","Package":"go.temporal.io/server/tools/gomad3/deterministicio","Test":"TestPortableRewrittenModuleConsumers/validator","Output":"            --- PASS: TestResolverValidationRefusesService/ip4_addr (0.00s)\n"}
{"Time":"2026-10-08T18:10:47.814294422Z","Action":"output","Package":"go.temporal.io/server/tools/gomad3/deterministicio","Test":"TestPortableRewrittenModuleConsumers/validator","Output":"            --- PASS: TestResolverValidationRefusesService/ip6_addr (0.00s)\n"}
{"Time":"2026-10-08T18:10:47.814307255Z","Action":"output","Package":"go.temporal.io/server/tools/gomad3/deterministicio","Test":"TestPortableRewrittenModuleConsumers/validator","Output":"            --- PASS: TestResolverValidationRefusesService/ip_addr (0.00s)\n"}
{"Time":"2026-10-08T18:10:47.814321713Z","Action":"output","Package":"go.temporal.io/server/tools/gomad3/deterministicio","Test":"TestPortableRewrittenModuleConsumers/validator","Output":"            --- PASS: TestResolverValidationRefusesService/unix_addr (0.00s)\n"}
{"Time":"2026-10-08T18:10:47.81433738Z","Action":"output","Package":"go.temporal.io/server/tools/gomad3/deterministicio","Test":"TestPortableRewrittenModuleConsumers/validator","Output":"        === RUN   TestOrdinaryValidation\n"}
{"Time":"2026-10-08T18:10:47.814353505Z","Action":"output","Package":"go.temporal.io/server/tools/gomad3/deterministicio","Test":"TestPortableRewrittenModuleConsumers/validator","Output":"        --- PASS: TestOrdinaryValidation (0.00s)\n"}
{"Time":"2026-10-08T18:10:47.81436838Z","Action":"output","Package":"go.temporal.io/server/tools/gomad3/deterministicio","Test":"TestPortableRewrittenModuleConsumers/validator","Output":"        PASS\n"}
{"Time":"2026-10-08T18:10:47.814390338Z","Action":"output","Package":"go.temporal.io/server/tools/gomad3/deterministicio","Test":"TestPortableRewrittenModuleConsumers/validator","Output":"        ok  \tgomad3.adapter.validator\t0.005s\n"}
{"Time":"2026-10-08T18:10:47.882049338Z","Action":"output","Package":"go.temporal.io/server/tools/gomad3/deterministicio","Test":"TestPortableRewrittenModuleConsumers/validator","Output":"    adapter_consumers_portable_test.go:96: prepared darwin/arm64 source set sha256:c0ed49ccbbb194fc15427fea32759d496ba7112aba9dd8d9936883bba6fe6943\n"}
{"Time":"2026-10-08T18:10:47.942013422Z","Action":"output","Package":"go.temporal.io/server/tools/gomad3/deterministicio","Test":"TestPortableRewrittenModuleConsumers/validator","Output":"    adapter_consumers_portable_test.go:96: prepared linux/amd64 source set sha256:c0ed49ccbbb194fc15427fea32759d496ba7112aba9dd8d9936883bba6fe6943\n"}
{"Time":"2026-10-08T18:10:47.945314672Z","Action":"output","Package":"go.temporal.io/server/tools/gomad3/deterministicio","Test":"TestPortableRewrittenModuleConsumers/validator","Output":"--- PASS: TestPortableRewrittenModuleConsumers/validator (0.70s)\n","OutputType":"frame"}
{"Time":"2026-10-08T18:10:47.945345297Z","Action":"pass","Package":"go.temporal.io/server/tools/gomad3/deterministicio","Test":"TestPortableRewrittenModuleConsumers/validator","Elapsed":0.7}
{"Time":"2026-10-08T18:10:47.945382338Z","Action":"run","Package":"go.temporal.io/server/tools/gomad3/deterministicio","Test":"TestPortableRewrittenModuleConsumers/pebble"}
{"Time":"2026-10-08T18:10:47.945406922Z","Action":"output","Package":"go.temporal.io/server/tools/gomad3/deterministicio","Test":"TestPortableRewrittenModuleConsumers/pebble","Output":"=== RUN   TestPortableRewrittenModuleConsumers/pebble\n","OutputType":"frame"}
{"Time":"2026-10-08T18:10:49.350214256Z","Action":"output","Package":"go.temporal.io/server/tools/gomad3/deterministicio","Test":"TestPortableRewrittenModuleConsumers/pebble","Output":"    adapter_consumers_portable_test.go:67: prepared stock pebble consumer:\n"}
{"Time":"2026-10-08T18:10:49.350327839Z","Action":"output","Package":"go.temporal.io/server/tools/gomad3/deterministicio","Test":"TestPortableRewrittenModuleConsumers/pebble","Output":"        === RUN   TestMemFS\n"}
{"Time":"2026-10-08T18:10:49.350377006Z","Action":"output","Package":"go.temporal.io/server/tools/gomad3/deterministicio","Test":"TestPortableRewrittenModuleConsumers/pebble","Output":"        --- PASS: TestMemFS (0.00s)\n"}
{"Time":"2026-10-08T18:10:49.350404047Z","Action":"output","Package":"go.temporal.io/server/tools/gomad3/deterministicio","Test":"TestPortableRewrittenModuleConsumers/pebble","Output":"        === RUN   TestOSFileConstructionRefused\n"}
{"Time":"2026-10-08T18:10:49.350423964Z","Action":"output","Package":"go.temporal.io/server/tools/gomad3/deterministicio","Test":"TestPortableRewrittenModuleConsumers/pebble","Output":"        === RUN   TestOSFileConstructionRefused/create\n"}
{"Time":"2026-10-08T18:10:49.350440214Z","Action":"output","Package":"go.temporal.io/server/tools/gomad3/deterministicio","Test":"TestPortableRewrittenModuleConsumers/pebble","Output":"        === RUN   TestOSFileConstructionRefused/open\n"}
{"Time":"2026-10-08T18:10:49.350457839Z","Action":"output","Package":"go.temporal.io/server/tools/gomad3/deterministicio","Test":"TestPortableRewrittenModuleConsumers/pebble","Output":"        === RUN   TestOSFileConstructionRefused/open-read-write\n"}
{"Time":"2026-10-08T18:10:49.350482756Z","Action":"output","Package":"go.temporal.io/server/tools/gomad3/deterministicio","Test":"TestPortableRewrittenModuleConsumers/pebble","Output":"        === RUN   TestOSFileConstructionRefused/open-directory\n"}
{"Time":"2026-10-08T18:10:49.350507881Z","Action":"output","Package":"go.temporal.io/server/tools/gomad3/deterministicio","Test":"TestPortableRewrittenModuleConsumers/pebble","Output":"        === RUN   TestOSFileConstructionRefused/reuse\n"}
{"Time":"2026-10-08T18:10:49.350528881Z","Action":"output","Package":"go.temporal.io/server/tools/gomad3/deterministicio","Test":"TestPortableRewrittenModuleConsumers/pebble","Output":"        --- PASS: TestOSFileConstructionRefused (0.00s)\n"}
{"Time":"2026-10-08T18:10:49.350549006Z","Action":"output","Package":"go.temporal.io/server/tools/gomad3/deterministicio","Test":"TestPortableRewrittenModuleConsumers/pebble","Output":"            --- PASS: TestOSFileConstructionRefused/create (0.00s)\n"}
{"Time":"2026-10-08T18:10:49.350568006Z","Action":"output","Package":"go.temporal.io/server/tools/gomad3/deterministicio","Test":"TestPortableRewrittenModuleConsumers/pebble","Output":"            --- PASS: TestOSFileConstructionRefused/open (0.00s)\n"}
{"Time":"2026-10-08T18:10:49.350586672Z","Action":"output","Package":"go.temporal.io/server/tools/gomad3/deterministicio","Test":"TestPortableRewrittenModuleConsumers/pebble","Output":"            --- PASS: TestOSFileConstructionRefused/open-read-write (0.00s)\n"}
{"Time":"2026-10-08T18:10:49.350608797Z","Action":"output","Package":"go.temporal.io/server/tools/gomad3/deterministicio","Test":"TestPortableRewrittenModuleConsumers/pebble","Output":"            --- PASS: TestOSFileConstructionRefused/open-directory (0.00s)\n"}
{"Time":"2026-10-08T18:10:49.350629339Z","Action":"output","Package":"go.temporal.io/server/tools/gomad3/deterministicio","Test":"TestPortableRewrittenModuleConsumers/pebble","Output":"            --- PASS: TestOSFileConstructionRefused/reuse (0.00s)\n"}
{"Time":"2026-10-08T18:10:49.350650672Z","Action":"output","Package":"go.temporal.io/server/tools/gomad3/deterministicio","Test":"TestPortableRewrittenModuleConsumers/pebble","Output":"        === RUN   TestOSHardLinkRefused\n"}
{"Time":"2026-10-08T18:10:49.350669756Z","Action":"output","Package":"go.temporal.io/server/tools/gomad3/deterministicio","Test":"TestPortableRewrittenModuleConsumers/pebble","Output":"        --- PASS: TestOSHardLinkRefused (0.08s)\n"}
{"Time":"2026-10-08T18:10:49.350688131Z","Action":"output","Package":"go.temporal.io/server/tools/gomad3/deterministicio","Test":"TestPortableRewrittenModuleConsumers/pebble","Output":"        PASS\n"}
{"Time":"2026-10-08T18:10:49.350716922Z","Action":"output","Package":"go.temporal.io/server/tools/gomad3/deterministicio","Test":"TestPortableRewrittenModuleConsumers/pebble","Output":"        ok  \tgomad3.adapter.pebble\t0.083s\n"}
{"Time":"2026-10-08T18:10:50.200333089Z","Action":"output","Package":"go.temporal.io/server/tools/gomad3/deterministicio","Test":"TestPortableRewrittenModuleConsumers/pebble","Output":"    adapter_consumers_portable_test.go:96: prepared darwin/arm64 source set sha256:dc14e106cfe39a04f990140a53e6768ed57956894f7ca01602b7036d06e10807\n"}
{"Time":"2026-10-08T18:10:51.053388007Z","Action":"output","Package":"go.temporal.io/server/tools/gomad3/deterministicio","Test":"TestPortableRewrittenModuleConsumers/pebble","Output":"    adapter_consumers_portable_test.go:96: prepared linux/amd64 source set sha256:0418ad6cf4a755d075fda10de95dd9f0b5a62c789f3ec1c76d230b8e12fcdb91\n"}
{"Time":"2026-10-08T18:10:51.093027465Z","Action":"output","Package":"go.temporal.io/server/tools/gomad3/deterministicio","Test":"TestPortableRewrittenModuleConsumers/pebble","Output":"--- PASS: TestPortableRewrittenModuleConsumers/pebble (3.15s)\n","OutputType":"frame"}
{"Time":"2026-10-08T18:10:51.093099923Z","Action":"pass","Package":"go.temporal.io/server/tools/gomad3/deterministicio","Test":"TestPortableRewrittenModuleConsumers/pebble","Elapsed":3.15}
{"Time":"2026-10-08T18:10:51.09327184Z","Action":"run","Package":"go.temporal.io/server/tools/gomad3/deterministicio","Test":"TestPortableRewrittenModuleConsumers/cactusstatsd"}
{"Time":"2026-10-08T18:10:51.093319673Z","Action":"output","Package":"go.temporal.io/server/tools/gomad3/deterministicio","Test":"TestPortableRewrittenModuleConsumers/cactusstatsd","Output":"=== RUN   TestPortableRewrittenModuleConsumers/cactusstatsd\n","OutputType":"frame"}
{"Time":"2026-10-08T18:10:51.420387507Z","Action":"output","Package":"go.temporal.io/server/tools/gomad3/deterministicio","Test":"TestPortableRewrittenModuleConsumers/cactusstatsd","Output":"    adapter_consumers_portable_test.go:67: prepared stock cactusstatsd consumer:\n"}
{"Time":"2026-10-08T18:10:51.420458965Z","Action":"output","Package":"go.temporal.io/server/tools/gomad3/deterministicio","Test":"TestPortableRewrittenModuleConsumers/cactusstatsd","Output":"        === RUN   TestDefaultSenderRefusesUDP\n"}
{"Time":"2026-10-08T18:10:51.420497257Z","Action":"output","Package":"go.temporal.io/server/tools/gomad3/deterministicio","Test":"TestPortableRewrittenModuleConsumers/cactusstatsd","Output":"        --- PASS: TestDefaultSenderRefusesUDP (0.00s)\n"}
{"Time":"2026-10-08T18:10:51.420520382Z","Action":"output","Package":"go.temporal.io/server/tools/gomad3/deterministicio","Test":"TestPortableRewrittenModuleConsumers/cactusstatsd","Output":"        === RUN   TestResolvingSenderRefusesUDP\n"}
{"Time":"2026-10-08T18:10:51.42053884Z","Action":"output","Package":"go.temporal.io/server/tools/gomad3/deterministicio","Test":"TestPortableRewrittenModuleConsumers/cactusstatsd","Output":"        --- PASS: TestResolvingSenderRefusesUDP (0.00s)\n"}
{"Time":"2026-10-08T18:10:51.420554423Z","Action":"output","Package":"go.temporal.io/server/tools/gomad3/deterministicio","Test":"TestPortableRewrittenModuleConsumers/cactusstatsd","Output":"        === RUN   TestReconnectRefusesUDP\n"}
{"Time":"2026-10-08T18:10:51.420565548Z","Action":"output","Package":"go.temporal.io/server/tools/gomad3/deterministicio","Test":"TestPortableRewrittenModuleConsumers/cactusstatsd","Output":"        --- PASS: TestReconnectRefusesUDP (0.00s)\n"}
{"Time":"2026-10-08T18:10:51.420583507Z","Action":"output","Package":"go.temporal.io/server/tools/gomad3/deterministicio","Test":"TestPortableRewrittenModuleConsumers/cactusstatsd","Output":"        === RUN   TestSuppliedSenderEmitsMetrics\n"}
{"Time":"2026-10-08T18:10:51.420610757Z","Action":"output","Package":"go.temporal.io/server/tools/gomad3/deterministicio","Test":"TestPortableRewrittenModuleConsumers/cactusstatsd","Output":"        --- PASS: TestSuppliedSenderEmitsMetrics (0.00s)\n"}
{"Time":"2026-10-08T18:10:51.42065084Z","Action":"output","Package":"go.temporal.io/server/tools/gomad3/deterministicio","Test":"TestPortableRewrittenModuleConsumers/cactusstatsd","Output":"        PASS\n"}
{"Time":"2026-10-08T18:10:51.420666465Z","Action":"output","Package":"go.temporal.io/server/tools/gomad3/deterministicio","Test":"TestPortableRewrittenModuleConsumers/cactusstatsd","Output":"        ok  \tgomad3.adapter.cactusstatsd\t0.003s\n"}
{"Time":"2026-10-08T18:10:51.455204007Z","Action":"output","Package":"go.temporal.io/server/tools/gomad3/deterministicio","Test":"TestPortableRewrittenModuleConsumers/cactusstatsd","Output":"    adapter_consumers_portable_test.go:96: prepared darwin/arm64 source set sha256:efcbc2fafa3680f9d3d6d245aaad39956446159c25d97e28eee9f1a2b1e376d0\n"}
{"Time":"2026-10-08T18:10:51.489523923Z","Action":"output","Package":"go.temporal.io/server/tools/gomad3/deterministicio","Test":"TestPortableRewrittenModuleConsumers/cactusstatsd","Output":"    adapter_consumers_portable_test.go:96: prepared linux/amd64 source set sha256:efcbc2fafa3680f9d3d6d245aaad39956446159c25d97e28eee9f1a2b1e376d0\n"}
{"Time":"2026-10-08T18:10:51.491017798Z","Action":"output","Package":"go.temporal.io/server/tools/gomad3/deterministicio","Test":"TestPortableRewrittenModuleConsumers/cactusstatsd","Output":"--- PASS: TestPortableRewrittenModuleConsumers/cactusstatsd (0.40s)\n","OutputType":"frame"}
{"Time":"2026-10-08T18:10:51.491047715Z","Action":"pass","Package":"go.temporal.io/server/tools/gomad3/deterministicio","Test":"TestPortableRewrittenModuleConsumers/cactusstatsd","Elapsed":0.4}
{"Time":"2026-10-08T18:10:51.491086673Z","Action":"run","Package":"go.temporal.io/server/tools/gomad3/deterministicio","Test":"TestPortableRewrittenModuleConsumers/memberlist"}
{"Time":"2026-10-08T18:10:51.491106965Z","Action":"output","Package":"go.temporal.io/server/tools/gomad3/deterministicio","Test":"TestPortableRewrittenModuleConsumers/memberlist","Output":"=== RUN   TestPortableRewrittenModuleConsumers/memberlist\n","OutputType":"frame"}
{"Time":"2026-10-08T18:10:52.061534424Z","Action":"output","Package":"go.temporal.io/server/tools/gomad3/deterministicio","Test":"TestPortableRewrittenModuleConsumers/memberlist","Output":"    adapter_consumers_portable_test.go:67: prepared stock memberlist consumer:\n"}
{"Time":"2026-10-08T18:10:52.061619299Z","Action":"output","Package":"go.temporal.io/server/tools/gomad3/deterministicio","Test":"TestPortableRewrittenModuleConsumers/memberlist","Output":"        === RUN   TestDefaultTransportRefusesUDP\n"}
{"Time":"2026-10-08T18:10:52.061642632Z","Action":"output","Package":"go.temporal.io/server/tools/gomad3/deterministicio","Test":"TestPortableRewrittenModuleConsumers/memberlist","Output":"        --- PASS: TestDefaultTransportRefusesUDP (0.00s)\n"}
{"Time":"2026-10-08T18:10:52.061660632Z","Action":"output","Package":"go.temporal.io/server/tools/gomad3/deterministicio","Test":"TestPortableRewrittenModuleConsumers/memberlist","Output":"        === RUN   TestDefaultMemberlistRefusesUDP\n"}
{"Time":"2026-10-08T18:10:52.061677382Z","Action":"output","Package":"go.temporal.io/server/tools/gomad3/deterministicio","Test":"TestPortableRewrittenModuleConsumers/memberlist","Output":"        --- PASS: TestDefaultMemberlistRefusesUDP (0.00s)\n"}
{"Time":"2026-10-08T18:10:52.06169459Z","Action":"output","Package":"go.temporal.io/server/tools/gomad3/deterministicio","Test":"TestPortableRewrittenModuleConsumers/memberlist","Output":"        === RUN   TestNativeTransportPacketWritesRefuseUDP\n"}
{"Time":"2026-10-08T18:10:52.061712757Z","Action":"output","Package":"go.temporal.io/server/tools/gomad3/deterministicio","Test":"TestPortableRewrittenModuleConsumers/memberlist","Output":"        --- PASS: TestNativeTransportPacketWritesRefuseUDP (0.00s)\n"}
{"Time":"2026-10-08T18:10:52.061734382Z","Action":"output","Package":"go.temporal.io/server/tools/gomad3/deterministicio","Test":"TestPortableRewrittenModuleConsumers/memberlist","Output":"        PASS\n"}
{"Time":"2026-10-08T18:10:52.061764257Z","Action":"output","Package":"go.temporal.io/server/tools/gomad3/deterministicio","Test":"TestPortableRewrittenModuleConsumers/memberlist","Output":"        ok  \tgomad3.adapter.memberlist\t0.004s\n"}
{"Time":"2026-10-08T18:10:52.156483299Z","Action":"output","Package":"go.temporal.io/server/tools/gomad3/deterministicio","Test":"TestPortableRewrittenModuleConsumers/memberlist","Output":"    adapter_consumers_portable_test.go:96: prepared darwin/arm64 source set sha256:d1b8958261401506ac8134d4ceec0d937d19d971046c5184d33493f4743ed7aa\n"}
{"Time":"2026-10-08T18:10:52.262386757Z","Action":"output","Package":"go.temporal.io/server/tools/gomad3/deterministicio","Test":"TestPortableRewrittenModuleConsumers/memberlist","Output":"    adapter_consumers_portable_test.go:96: prepared linux/amd64 source set sha256:d1b8958261401506ac8134d4ceec0d937d19d971046c5184d33493f4743ed7aa\n"}
{"Time":"2026-10-08T18:10:52.26440584Z","Action":"output","Package":"go.temporal.io/server/tools/gomad3/deterministicio","Test":"TestPortableRewrittenModuleConsumers/memberlist","Output":"--- PASS: TestPortableRewrittenModuleConsumers/memberlist (0.77s)\n","OutputType":"frame"}
{"Time":"2026-10-08T18:10:52.264439715Z","Action":"pass","Package":"go.temporal.io/server/tools/gomad3/deterministicio","Test":"TestPortableRewrittenModuleConsumers/memberlist","Elapsed":0.77}
{"Time":"2026-10-08T18:10:52.264477507Z","Action":"run","Package":"go.temporal.io/server/tools/gomad3/deterministicio","Test":"TestPortableRewrittenModuleConsumers/sentry"}
{"Time":"2026-10-08T18:10:52.264502632Z","Action":"output","Package":"go.temporal.io/server/tools/gomad3/deterministicio","Test":"TestPortableRewrittenModuleConsumers/sentry","Output":"=== RUN   TestPortableRewrittenModuleConsumers/sentry\n","OutputType":"frame"}
{"Time":"2026-10-08T18:10:53.166788883Z","Action":"output","Package":"go.temporal.io/server/tools/gomad3/deterministicio","Test":"TestPortableRewrittenModuleConsumers/sentry","Output":"    adapter_consumers_portable_test.go:67: prepared stock sentry consumer:\n"}
{"Time":"2026-10-08T18:10:53.166889258Z","Action":"output","Package":"go.temporal.io/server/tools/gomad3/deterministicio","Test":"TestPortableRewrittenModuleConsumers/sentry","Output":"        === RUN   TestReleaseWithoutGit\n"}
{"Time":"2026-10-08T18:10:53.166922133Z","Action":"output","Package":"go.temporal.io/server/tools/gomad3/deterministicio","Test":"TestPortableRewrittenModuleConsumers/sentry","Output":"        --- PASS: TestReleaseWithoutGit (0.00s)\n"}
{"Time":"2026-10-08T18:10:53.166940049Z","Action":"output","Package":"go.temporal.io/server/tools/gomad3/deterministicio","Test":"TestPortableRewrittenModuleConsumers/sentry","Output":"        === RUN   TestReleaseSelectionSurvives\n"}
{"Time":"2026-10-08T18:10:53.166959133Z","Action":"output","Package":"go.temporal.io/server/tools/gomad3/deterministicio","Test":"TestPortableRewrittenModuleConsumers/sentry","Output":"        === RUN   TestReleaseSelectionSurvives/explicit\n"}
{"Time":"2026-10-08T18:10:53.166981133Z","Action":"output","Package":"go.temporal.io/server/tools/gomad3/deterministicio","Test":"TestPortableRewrittenModuleConsumers/sentry","Output":"        === RUN   TestReleaseSelectionSurvives/sentry-environment\n"}
{"Time":"2026-10-08T18:10:53.166997841Z","Action":"output","Package":"go.temporal.io/server/tools/gomad3/deterministicio","Test":"TestPortableRewrittenModuleConsumers/sentry","Output":"        === RUN   TestReleaseSelectionSurvives/build-environment\n"}
{"Time":"2026-10-08T18:10:53.167060883Z","Action":"output","Package":"go.temporal.io/server/tools/gomad3/deterministicio","Test":"TestPortableRewrittenModuleConsumers/sentry","Output":"        --- PASS: TestReleaseSelectionSurvives (0.00s)\n"}
{"Time":"2026-10-08T18:10:53.167078216Z","Action":"output","Package":"go.temporal.io/server/tools/gomad3/deterministicio","Test":"TestPortableRewrittenModuleConsumers/sentry","Output":"            --- PASS: TestReleaseSelectionSurvives/explicit (0.00s)\n"}
{"Time":"2026-10-08T18:10:53.167128008Z","Action":"output","Package":"go.temporal.io/server/tools/gomad3/deterministicio","Test":"TestPortableRewrittenModuleConsumers/sentry","Output":"            --- PASS: TestReleaseSelectionSurvives/sentry-environment (0.00s)\n"}
{"Time":"2026-10-08T18:10:53.167142091Z","Action":"output","Package":"go.temporal.io/server/tools/gomad3/deterministicio","Test":"TestPortableRewrittenModuleConsumers/sentry","Output":"            --- PASS: TestReleaseSelectionSurvives/build-environment (0.00s)\n"}
{"Time":"2026-10-08T18:10:53.167172758Z","Action":"output","Package":"go.temporal.io/server/tools/gomad3/deterministicio","Test":"TestPortableRewrittenModuleConsumers/sentry","Output":"        PASS\n"}
{"Time":"2026-10-08T18:10:53.167206716Z","Action":"output","Package":"go.temporal.io/server/tools/gomad3/deterministicio","Test":"TestPortableRewrittenModuleConsumers/sentry","Output":"        ok  \tgomad3.adapter.sentry\t0.005s\n"}
{"Time":"2026-10-08T18:10:54.139756758Z","Action":"output","Package":"go.temporal.io/server/tools/gomad3/deterministicio","Test":"TestPortableRewrittenModuleConsumers/sentry","Output":"    adapter_consumers_portable_test.go:69: prepared upstream build-info tests:\n"}
{"Time":"2026-10-08T18:10:54.139837508Z","Action":"output","Package":"go.temporal.io/server/tools/gomad3/deterministicio","Test":"TestPortableRewrittenModuleConsumers/sentry","Output":"        === RUN   TestRevisionFromBuildInfo\n"}
{"Time":"2026-10-08T18:10:54.139859841Z","Action":"output","Package":"go.temporal.io/server/tools/gomad3/deterministicio","Test":"TestPortableRewrittenModuleConsumers/sentry","Output":"        --- PASS: TestRevisionFromBuildInfo (0.00s)\n"}
{"Time":"2026-10-08T18:10:54.139894633Z","Action":"output","Package":"go.temporal.io/server/tools/gomad3/deterministicio","Test":"TestPortableRewrittenModuleConsumers/sentry","Output":"        === RUN   TestRevisionFromBuildInfoNoVcsInformation\n"}
{"Time":"2026-10-08T18:10:54.139924633Z","Action":"output","Package":"go.temporal.io/server/tools/gomad3/deterministicio","Test":"TestPortableRewrittenModuleConsumers/sentry","Output":"        --- PASS: TestRevisionFromBuildInfoNoVcsInformation (0.00s)\n"}
{"Time":"2026-10-08T18:10:54.139944341Z","Action":"output","Package":"go.temporal.io/server/tools/gomad3/deterministicio","Test":"TestPortableRewrittenModuleConsumers/sentry","Output":"        PASS\n"}
{"Time":"2026-10-08T18:10:54.139961966Z","Action":"output","Package":"go.temporal.io/server/tools/gomad3/deterministicio","Test":"TestPortableRewrittenModuleConsumers/sentry","Output":"        ok  \tgithub.com/getsentry/sentry-go\t0.007s\n"}
{"Time":"2026-10-08T18:10:54.382278508Z","Action":"output","Package":"go.temporal.io/server/tools/gomad3/deterministicio","Test":"TestPortableRewrittenModuleConsumers/sentry","Output":"    adapter_consumers_portable_test.go:96: prepared darwin/arm64 source set sha256:fa2f95c22392afb742711ed26ce02fb79d80005c1af486f4ec71e5e4675c45cb\n"}
{"Time":"2026-10-08T18:10:54.625725467Z","Action":"output","Package":"go.temporal.io/server/tools/gomad3/deterministicio","Test":"TestPortableRewrittenModuleConsumers/sentry","Output":"    adapter_consumers_portable_test.go:96: prepared linux/amd64 source set sha256:fa2f95c22392afb742711ed26ce02fb79d80005c1af486f4ec71e5e4675c45cb\n"}
{"Time":"2026-10-08T18:10:54.633657758Z","Action":"output","Package":"go.temporal.io/server/tools/gomad3/deterministicio","Test":"TestPortableRewrittenModuleConsumers/sentry","Output":"--- PASS: TestPortableRewrittenModuleConsumers/sentry (2.37s)\n","OutputType":"frame"}
{"Time":"2026-10-08T18:10:54.633712842Z","Action":"pass","Package":"go.temporal.io/server/tools/gomad3/deterministicio","Test":"TestPortableRewrittenModuleConsumers/sentry","Elapsed":2.37}
{"Time":"2026-10-08T18:10:54.633748467Z","Action":"output","Package":"go.temporal.io/server/tools/gomad3/deterministicio","Test":"TestPortableRewrittenModuleConsumers","Output":"--- PASS: TestPortableRewrittenModuleConsumers (8.00s)\n","OutputType":"frame"}
{"Time":"2026-10-08T18:10:54.633777717Z","Action":"pass","Package":"go.temporal.io/server/tools/gomad3/deterministicio","Test":"TestPortableRewrittenModuleConsumers","Elapsed":8}
{"Time":"2026-10-08T18:10:54.63380305Z","Action":"run","Package":"go.temporal.io/server/tools/gomad3/deterministicio","Test":"TestCopyAdapterModuleAppliesReplacementsAndAdditions"}
{"Time":"2026-10-08T18:10:54.633827175Z","Action":"output","Package":"go.temporal.io/server/tools/gomad3/deterministicio","Test":"TestCopyAdapterModuleAppliesReplacementsAndAdditions","Output":"=== RUN   TestCopyAdapterModuleAppliesReplacementsAndAdditions\n","OutputType":"frame"}
{"Time":"2026-10-08T18:10:54.647915383Z","Action":"output","Package":"go.temporal.io/server/tools/gomad3/deterministicio","Test":"TestCopyAdapterModuleAppliesReplacementsAndAdditions","Output":"--- PASS: TestCopyAdapterModuleAppliesReplacementsAndAdditions (0.01s)\n","OutputType":"frame"}
{"Time":"2026-10-08T18:10:54.647962925Z","Action":"pass","Package":"go.temporal.io/server/tools/gomad3/deterministicio","Test":"TestCopyAdapterModuleAppliesReplacementsAndAdditions","Elapsed":0.01}
{"Time":"2026-10-08T18:10:54.648063258Z","Action":"run","Package":"go.temporal.io/server/tools/gomad3/deterministicio","Test":"TestCopyAdapterModuleRejectsSymlink"}
{"Time":"2026-10-08T18:10:54.648114217Z","Action":"output","Package":"go.temporal.io/server/tools/gomad3/deterministicio","Test":"TestCopyAdapterModuleRejectsSymlink","Output":"=== RUN   TestCopyAdapterModuleRejectsSymlink\n","OutputType":"frame"}
{"Time":"2026-10-08T18:10:54.72437655Z","Action":"output","Package":"go.temporal.io/server/tools/gomad3/deterministicio","Test":"TestCopyAdapterModuleRejectsSymlink","Output":"--- PASS: TestCopyAdapterModuleRejectsSymlink (0.08s)\n","OutputType":"frame"}
{"Time":"2026-10-08T18:10:54.724458717Z","Action":"pass","Package":"go.temporal.io/server/tools/gomad3/deterministicio","Test":"TestCopyAdapterModuleRejectsSymlink","Elapsed":0.08}
{"Time":"2026-10-08T18:10:54.724497425Z","Action":"run","Package":"go.temporal.io/server/tools/gomad3/deterministicio","Test":"TestCopyAdapterModuleRejectsSpecialFile"}
{"Time":"2026-10-08T18:10:54.724519717Z","Action":"output","Package":"go.temporal.io/server/tools/gomad3/deterministicio","Test":"TestCopyAdapterModuleRejectsSpecialFile","Output":"=== RUN   TestCopyAdapterModuleRejectsSpecialFile\n","OutputType":"frame"}
{"Time":"2026-10-08T18:10:54.950581758Z","Action":"output","Package":"go.temporal.io/server/tools/gomad3/deterministicio","Test":"TestCopyAdapterModuleRejectsSpecialFile","Output":"--- PASS: TestCopyAdapterModuleRejectsSpecialFile (0.23s)\n","OutputType":"frame"}
{"Time":"2026-10-08T18:10:54.950652008Z","Action":"pass","Package":"go.temporal.io/server/tools/gomad3/deterministicio","Test":"TestCopyAdapterModuleRejectsSpecialFile","Elapsed":0.23}
{"Time":"2026-10-08T18:10:54.950703717Z","Action":"run","Package":"go.temporal.io/server/tools/gomad3/deterministicio","Test":"TestCopyAdapterModuleReturnsTypedFileCapacityError"}
{"Time":"2026-10-08T18:10:54.950733842Z","Action":"output","Package":"go.temporal.io/server/tools/gomad3/deterministicio","Test":"TestCopyAdapterModuleReturnsTypedFileCapacityError","Output":"=== RUN   TestCopyAdapterModuleReturnsTypedFileCapacityError\n","OutputType":"frame"}
{"Time":"2026-10-08T18:10:55.177173425Z","Action":"output","Package":"go.temporal.io/server/tools/gomad3/deterministicio","Test":"TestCopyAdapterModuleReturnsTypedFileCapacityError","Output":"--- PASS: TestCopyAdapterModuleReturnsTypedFileCapacityError (0.23s)\n","OutputType":"frame"}
{"Time":"2026-10-08T18:10:55.177254925Z","Action":"pass","Package":"go.temporal.io/server/tools/gomad3/deterministicio","Test":"TestCopyAdapterModuleReturnsTypedFileCapacityError","Elapsed":0.23}
{"Time":"2026-10-08T18:10:55.177273883Z","Action":"run","Package":"go.temporal.io/server/tools/gomad3/deterministicio","Test":"TestCopyAdapterModuleReturnsTypedByteCapacityError"}
{"Time":"2026-10-08T18:10:55.177287633Z","Action":"output","Package":"go.temporal.io/server/tools/gomad3/deterministicio","Test":"TestCopyAdapterModuleReturnsTypedByteCapacityError","Output":"=== RUN   TestCopyAdapterModuleReturnsTypedByteCapacityError\n","OutputType":"frame"}
{"Time":"2026-10-08T18:10:55.178095842Z","Action":"output","Package":"go.temporal.io/server/tools/gomad3/deterministicio","Test":"TestCopyAdapterModuleReturnsTypedByteCapacityError","Output":"--- PASS: TestCopyAdapterModuleReturnsTypedByteCapacityError (0.00s)\n","OutputType":"frame"}
{"Time":"2026-10-08T18:10:55.178119967Z","Action":"pass","Package":"go.temporal.io/server/tools/gomad3/deterministicio","Test":"TestCopyAdapterModuleReturnsTypedByteCapacityError","Elapsed":0}
{"Time":"2026-10-08T18:10:55.178137384Z","Action":"run","Package":"go.temporal.io/server/tools/gomad3/deterministicio","Test":"TestPortableServerGraphPreparedSourceIdentities"}
{"Time":"2026-10-08T18:10:55.178150092Z","Action":"output","Package":"go.temporal.io/server/tools/gomad3/deterministicio","Test":"TestPortableServerGraphPreparedSourceIdentities","Output":"=== RUN   TestPortableServerGraphPreparedSourceIdentities\n","OutputType":"frame"}
{"Time":"2026-10-08T18:10:58.652354135Z","Action":"run","Package":"go.temporal.io/server/tools/gomad3/deterministicio","Test":"TestPortableServerGraphPreparedSourceIdentities/github.com/Masterminds/sprig/v3/darwin/arm64"}
{"Time":"2026-10-08T18:10:58.652654427Z","Action":"output","Package":"go.temporal.io/server/tools/gomad3/deterministicio","Test":"TestPortableServerGraphPreparedSourceIdentities/github.com/Masterminds/sprig/v3/darwin/arm64","Output":"=== RUN   TestPortableServerGraphPreparedSourceIdentities/github.com/Masterminds/sprig/v3/darwin/arm64\n","OutputType":"frame"}
{"Time":"2026-10-08T18:10:58.73457976Z","Action":"output","Package":"go.temporal.io/server/tools/gomad3/deterministicio","Test":"TestPortableServerGraphPreparedSourceIdentities/github.com/Masterminds/sprig/v3/darwin/arm64","Output":"    adapter_graph_portable_test.go:88: root graph selected github.com/Masterminds/sprig/v3 from /Users/stephan/Workspace/skunkworks/.gomad-source-gates-UsyTMX/TestPortableServerGraphPreparedSourceIdentities414027627/002/.io-adapter/sprig; darwin/arm64 source owner digest sha256:8f08780f8a874f591ad9c945e49cc1662008b33114fb0e80f3167dd9283165fd\n"}
{"Time":"2026-10-08T18:10:58.734663094Z","Action":"output","Package":"go.temporal.io/server/tools/gomad3/deterministicio","Test":"TestPortableServerGraphPreparedSourceIdentities/github.com/Masterminds/sprig/v3/darwin/arm64","Output":"--- PASS: TestPortableServerGraphPreparedSourceIdentities/github.com/Masterminds/sprig/v3/darwin/arm64 (0.08s)\n","OutputType":"frame"}
{"Time":"2026-10-08T18:10:58.734684344Z","Action":"pass","Package":"go.temporal.io/server/tools/gomad3/deterministicio","Test":"TestPortableServerGraphPreparedSourceIdentities/github.com/Masterminds/sprig/v3/darwin/arm64","Elapsed":0.08}
{"Time":"2026-10-08T18:10:58.734699385Z","Action":"run","Package":"go.temporal.io/server/tools/gomad3/deterministicio","Test":"TestPortableServerGraphPreparedSourceIdentities/github.com/Masterminds/sprig/v3/linux/amd64"}
{"Time":"2026-10-08T18:10:58.734710844Z","Action":"output","Package":"go.temporal.io/server/tools/gomad3/deterministicio","Test":"TestPortableServerGraphPreparedSourceIdentities/github.com/Masterminds/sprig/v3/linux/amd64","Output":"=== RUN   TestPortableServerGraphPreparedSourceIdentities/github.com/Masterminds/sprig/v3/linux/amd64\n","OutputType":"frame"}
{"Time":"2026-10-08T18:10:58.810007052Z","Action":"output","Package":"go.temporal.io/server/tools/gomad3/deterministicio","Test":"TestPortableServerGraphPreparedSourceIdentities/github.com/Masterminds/sprig/v3/linux/amd64","Output":"    adapter_graph_portable_test.go:88: root graph selected github.com/Masterminds/sprig/v3 from /Users/stephan/Workspace/skunkworks/.gomad-source-gates-UsyTMX/TestPortableServerGraphPreparedSourceIdentities414027627/002/.io-adapter/sprig; linux/amd64 source owner digest sha256:8f08780f8a874f591ad9c945e49cc1662008b33114fb0e80f3167dd9283165fd\n"}
{"Time":"2026-10-08T18:10:58.810053635Z","Action":"output","Package":"go.temporal.io/server/tools/gomad3/deterministicio","Test":"TestPortableServerGraphPreparedSourceIdentities/github.com/Masterminds/sprig/v3/linux/amd64","Output":"--- PASS: TestPortableServerGraphPreparedSourceIdentities/github.com/Masterminds/sprig/v3/linux/amd64 (0.08s)\n","OutputType":"frame"}
{"Time":"2026-10-08T18:10:58.810075719Z","Action":"pass","Package":"go.temporal.io/server/tools/gomad3/deterministicio","Test":"TestPortableServerGraphPreparedSourceIdentities/github.com/Masterminds/sprig/v3/linux/amd64","Elapsed":0.08}
{"Time":"2026-10-08T18:10:58.810091552Z","Action":"run","Package":"go.temporal.io/server/tools/gomad3/deterministicio","Test":"TestPortableServerGraphPreparedSourceIdentities/github.com/cactus/go-statsd-client/v5/darwin/arm64"}
{"Time":"2026-10-08T18:10:58.810101635Z","Action":"output","Package":"go.temporal.io/server/tools/gomad3/deterministicio","Test":"TestPortableServerGraphPreparedSourceIdentities/github.com/cactus/go-statsd-client/v5/darwin/arm64","Output":"=== RUN   TestPortableServerGraphPreparedSourceIdentities/github.com/cactus/go-statsd-client/v5/darwin/arm64\n","OutputType":"frame"}
{"Time":"2026-10-08T18:10:58.852569177Z","Action":"output","Package":"go.temporal.io/server/tools/gomad3/deterministicio","Test":"TestPortableServerGraphPreparedSourceIdentities/github.com/cactus/go-statsd-client/v5/darwin/arm64","Output":"    adapter_graph_portable_test.go:88: root graph selected github.com/cactus/go-statsd-client/v5/statsd from /Users/stephan/Workspace/skunkworks/.gomad-source-gates-UsyTMX/TestPortableServerGraphPreparedSourceIdentities414027627/002/.io-adapter/cactus-statsd/statsd; darwin/arm64 source owner digest sha256:efcbc2fafa3680f9d3d6d245aaad39956446159c25d97e28eee9f1a2b1e376d0\n"}
{"Time":"2026-10-08T18:10:58.85263001Z","Action":"output","Package":"go.temporal.io/server/tools/gomad3/deterministicio","Test":"TestPortableServerGraphPreparedSourceIdentities/github.com/cactus/go-statsd-client/v5/darwin/arm64","Output":"--- PASS: TestPortableServerGraphPreparedSourceIdentities/github.com/cactus/go-statsd-client/v5/darwin/arm64 (0.04s)\n","OutputType":"frame"}
{"Time":"2026-10-08T18:10:58.852650635Z","Action":"pass","Package":"go.temporal.io/server/tools/gomad3/deterministicio","Test":"TestPortableServerGraphPreparedSourceIdentities/github.com/cactus/go-statsd-client/v5/darwin/arm64","Elapsed":0.04}
{"Time":"2026-10-08T18:10:58.852665385Z","Action":"run","Package":"go.temporal.io/server/tools/gomad3/deterministicio","Test":"TestPortableServerGraphPreparedSourceIdentities/github.com/cactus/go-statsd-client/v5/linux/amd64"}
{"Time":"2026-10-08T18:10:58.852675677Z","Action":"output","Package":"go.temporal.io/server/tools/gomad3/deterministicio","Test":"TestPortableServerGraphPreparedSourceIdentities/github.com/cactus/go-statsd-client/v5/linux/amd64","Output":"=== RUN   TestPortableServerGraphPreparedSourceIdentities/github.com/cactus/go-statsd-client/v5/linux/amd64\n","OutputType":"frame"}
{"Time":"2026-10-08T18:10:58.895041844Z","Action":"output","Package":"go.temporal.io/server/tools/gomad3/deterministicio","Test":"TestPortableServerGraphPreparedSourceIdentities/github.com/cactus/go-statsd-client/v5/linux/amd64","Output":"    adapter_graph_portable_test.go:88: root graph selected github.com/cactus/go-statsd-client/v5/statsd from /Users/stephan/Workspace/skunkworks/.gomad-source-gates-UsyTMX/TestPortableServerGraphPreparedSourceIdentities414027627/002/.io-adapter/cactus-statsd/statsd; linux/amd64 source owner digest sha256:efcbc2fafa3680f9d3d6d245aaad39956446159c25d97e28eee9f1a2b1e376d0\n"}
{"Time":"2026-10-08T18:10:58.895091469Z","Action":"output","Package":"go.temporal.io/server/tools/gomad3/deterministicio","Test":"TestPortableServerGraphPreparedSourceIdentities/github.com/cactus/go-statsd-client/v5/linux/amd64","Output":"--- PASS: TestPortableServerGraphPreparedSourceIdentities/github.com/cactus/go-statsd-client/v5/linux/amd64 (0.04s)\n","OutputType":"frame"}
{"Time":"2026-10-08T18:10:58.895110135Z","Action":"pass","Package":"go.temporal.io/server/tools/gomad3/deterministicio","Test":"TestPortableServerGraphPreparedSourceIdentities/github.com/cactus/go-statsd-client/v5/linux/amd64","Elapsed":0.04}
{"Time":"2026-10-08T18:10:58.895139719Z","Action":"run","Package":"go.temporal.io/server/tools/gomad3/deterministicio","Test":"TestPortableServerGraphPreparedSourceIdentities/go.opentelemetry.io/otel/sdk/darwin/arm64"}
{"Time":"2026-10-08T18:10:58.89515251Z","Action":"output","Package":"go.temporal.io/server/tools/gomad3/deterministicio","Test":"TestPortableServerGraphPreparedSourceIdentities/go.opentelemetry.io/otel/sdk/darwin/arm64","Output":"=== RUN   TestPortableServerGraphPreparedSourceIdentities/go.opentelemetry.io/otel/sdk/darwin/arm64\n","OutputType":"frame"}
{"Time":"2026-10-08T18:10:58.990402844Z","Action":"output","Package":"go.temporal.io/server/tools/gomad3/deterministicio","Test":"TestPortableServerGraphPreparedSourceIdentities/go.opentelemetry.io/otel/sdk/darwin/arm64","Output":"    adapter_graph_portable_test.go:88: root graph selected go.opentelemetry.io/otel/sdk/resource from /Users/stephan/Workspace/skunkworks/.gomad-source-gates-UsyTMX/TestPortableServerGraphPreparedSourceIdentities414027627/002/.io-adapter/otel-sdk/resource; darwin/arm64 source owner digest sha256:796855abd6e097de9927ea5e57b82d691335b47e2a65dad02987bcf5f8e30afa\n"}
{"Time":"2026-10-08T18:10:58.990449052Z","Action":"output","Package":"go.temporal.io/server/tools/gomad3/deterministicio","Test":"TestPortableServerGraphPreparedSourceIdentities/go.opentelemetry.io/otel/sdk/darwin/arm64","Output":"--- PASS: TestPortableServerGraphPreparedSourceIdentities/go.opentelemetry.io/otel/sdk/darwin/arm64 (0.10s)\n","OutputType":"frame"}
{"Time":"2026-10-08T18:10:58.990467052Z","Action":"pass","Package":"go.temporal.io/server/tools/gomad3/deterministicio","Test":"TestPortableServerGraphPreparedSourceIdentities/go.opentelemetry.io/otel/sdk/darwin/arm64","Elapsed":0.1}
{"Time":"2026-10-08T18:10:58.990489927Z","Action":"run","Package":"go.temporal.io/server/tools/gomad3/deterministicio","Test":"TestPortableServerGraphPreparedSourceIdentities/go.opentelemetry.io/otel/sdk/linux/amd64"}
{"Time":"2026-10-08T18:10:58.99050526Z","Action":"output","Package":"go.temporal.io/server/tools/gomad3/deterministicio","Test":"TestPortableServerGraphPreparedSourceIdentities/go.opentelemetry.io/otel/sdk/linux/amd64","Output":"=== RUN   TestPortableServerGraphPreparedSourceIdentities/go.opentelemetry.io/otel/sdk/linux/amd64\n","OutputType":"frame"}
{"Time":"2026-10-08T18:10:59.073464844Z","Action":"output","Package":"go.temporal.io/server/tools/gomad3/deterministicio","Test":"TestPortableServerGraphPreparedSourceIdentities/go.opentelemetry.io/otel/sdk/linux/amd64","Output":"    adapter_graph_portable_test.go:88: root graph selected go.opentelemetry.io/otel/sdk/resource from /Users/stephan/Workspace/skunkworks/.gomad-source-gates-UsyTMX/TestPortableServerGraphPreparedSourceIdentities414027627/002/.io-adapter/otel-sdk/resource; linux/amd64 source owner digest sha256:1ca44b7f7b5e9ace498db65a954cd5612a08617abbc0e48e3fe70112503d4bb2\n"}
{"Time":"2026-10-08T18:10:59.07350601Z","Action":"output","Package":"go.temporal.io/server/tools/gomad3/deterministicio","Test":"TestPortableServerGraphPreparedSourceIdentities/go.opentelemetry.io/otel/sdk/linux/amd64","Output":"--- PASS: TestPortableServerGraphPreparedSourceIdentities/go.opentelemetry.io/otel/sdk/linux/amd64 (0.08s)\n","OutputType":"frame"}
{"Time":"2026-10-08T18:10:59.073518635Z","Action":"pass","Package":"go.temporal.io/server/tools/gomad3/deterministicio","Test":"TestPortableServerGraphPreparedSourceIdentities/go.opentelemetry.io/otel/sdk/linux/amd64","Elapsed":0.08}
{"Time":"2026-10-08T18:10:59.073537927Z","Action":"run","Package":"go.temporal.io/server/tools/gomad3/deterministicio","Test":"TestPortableServerGraphPreparedSourceIdentities/go.temporal.io/sdk/darwin/arm64"}
{"Time":"2026-10-08T18:10:59.073554552Z","Action":"output","Package":"go.temporal.io/server/tools/gomad3/deterministicio","Test":"TestPortableServerGraphPreparedSourceIdentities/go.temporal.io/sdk/darwin/arm64","Output":"=== RUN   TestPortableServerGraphPreparedSourceIdentities/go.temporal.io/sdk/darwin/arm64\n","OutputType":"frame"}
{"Time":"2026-10-08T18:10:59.357751552Z","Action":"output","Package":"go.temporal.io/server/tools/gomad3/deterministicio","Test":"TestPortableServerGraphPreparedSourceIdentities/go.temporal.io/sdk/darwin/arm64","Output":"    adapter_graph_portable_test.go:88: root graph selected go.temporal.io/sdk/internal from /Users/stephan/Workspace/skunkworks/.gomad-source-gates-UsyTMX/TestPortableServerGraphPreparedSourceIdentities414027627/002/.io-adapter/temporal-sdk/internal; darwin/arm64 source owner digest sha256:45cd84114a3b540d08926dbfefc61619f1a1762a2c10572054ae585f356c57b6\n"}
{"Time":"2026-10-08T18:10:59.357835844Z","Action":"output","Package":"go.temporal.io/server/tools/gomad3/deterministicio","Test":"TestPortableServerGraphPreparedSourceIdentities/go.temporal.io/sdk/darwin/arm64","Output":"--- PASS: TestPortableServerGraphPreparedSourceIdentities/go.temporal.io/sdk/darwin/arm64 (0.28s)\n","OutputType":"frame"}
{"Time":"2026-10-08T18:10:59.357878552Z","Action":"pass","Package":"go.temporal.io/server/tools/gomad3/deterministicio","Test":"TestPortableServerGraphPreparedSourceIdentities/go.temporal.io/sdk/darwin/arm64","Elapsed":0.28}
{"Time":"2026-10-08T18:10:59.357906219Z","Action":"run","Package":"go.temporal.io/server/tools/gomad3/deterministicio","Test":"TestPortableServerGraphPreparedSourceIdentities/go.temporal.io/sdk/linux/amd64"}
{"Time":"2026-10-08T18:10:59.357934844Z","Action":"output","Package":"go.temporal.io/server/tools/gomad3/deterministicio","Test":"TestPortableServerGraphPreparedSourceIdentities/go.temporal.io/sdk/linux/amd64","Output":"=== RUN   TestPortableServerGraphPreparedSourceIdentities/go.temporal.io/sdk/linux/amd64\n","OutputType":"frame"}
{"Time":"2026-10-08T18:10:59.544979886Z","Action":"output","Package":"go.temporal.io/server/tools/gomad3/deterministicio","Test":"TestPortableServerGraphPreparedSourceIdentities/go.temporal.io/sdk/linux/amd64","Output":"    adapter_graph_portable_test.go:88: root graph selected go.temporal.io/sdk/internal from /Users/stephan/Workspace/skunkworks/.gomad-source-gates-UsyTMX/TestPortableServerGraphPreparedSourceIdentities414027627/002/.io-adapter/temporal-sdk/internal; linux/amd64 source owner digest sha256:45cd84114a3b540d08926dbfefc61619f1a1762a2c10572054ae585f356c57b6\n"}
{"Time":"2026-10-08T18:10:59.545027386Z","Action":"output","Package":"go.temporal.io/server/tools/gomad3/deterministicio","Test":"TestPortableServerGraphPreparedSourceIdentities/go.temporal.io/sdk/linux/amd64","Output":"--- PASS: TestPortableServerGraphPreparedSourceIdentities/go.temporal.io/sdk/linux/amd64 (0.19s)\n","OutputType":"frame"}
{"Time":"2026-10-08T18:10:59.545045052Z","Action":"pass","Package":"go.temporal.io/server/tools/gomad3/deterministicio","Test":"TestPortableServerGraphPreparedSourceIdentities/go.temporal.io/sdk/linux/amd64","Elapsed":0.19}
{"Time":"2026-10-08T18:10:59.545064302Z","Action":"run","Package":"go.temporal.io/server/tools/gomad3/deterministicio","Test":"TestPortableServerGraphPreparedSourceIdentities/go.uber.org/fx/darwin/arm64"}
{"Time":"2026-10-08T18:10:59.545074844Z","Action":"output","Package":"go.temporal.io/server/tools/gomad3/deterministicio","Test":"TestPortableServerGraphPreparedSourceIdentities/go.uber.org/fx/darwin/arm64","Output":"=== RUN   TestPortableServerGraphPreparedSourceIdentities/go.uber.org/fx/darwin/arm64\n","OutputType":"frame"}
{"Time":"2026-10-08T18:10:59.639144761Z","Action":"output","Package":"go.temporal.io/server/tools/gomad3/deterministicio","Test":"TestPortableServerGraphPreparedSourceIdentities/go.uber.org/fx/darwin/arm64","Output":"    adapter_graph_portable_test.go:88: root graph selected go.uber.org/fx from /Users/stephan/Workspace/skunkworks/.gomad-source-gates-UsyTMX/TestPortableServerGraphPreparedSourceIdentities414027627/002/.io-adapter/uber-fx; darwin/arm64 source owner digest sha256:d8b6580641c5ead1685c31e2e3c2d10ac899513dee52a808f4762e34d90313c1\n"}
{"Time":"2026-10-08T18:10:59.639204052Z","Action":"output","Package":"go.temporal.io/server/tools/gomad3/deterministicio","Test":"TestPortableServerGraphPreparedSourceIdentities/go.uber.org/fx/darwin/arm64","Output":"--- PASS: TestPortableServerGraphPreparedSourceIdentities/go.uber.org/fx/darwin/arm64 (0.09s)\n","OutputType":"frame"}
{"Time":"2026-10-08T18:10:59.639246011Z","Action":"pass","Package":"go.temporal.io/server/tools/gomad3/deterministicio","Test":"TestPortableServerGraphPreparedSourceIdentities/go.uber.org/fx/darwin/arm64","Elapsed":0.09}
{"Time":"2026-10-08T18:10:59.639267511Z","Action":"run","Package":"go.temporal.io/server/tools/gomad3/deterministicio","Test":"TestPortableServerGraphPreparedSourceIdentities/go.uber.org/fx/linux/amd64"}
{"Time":"2026-10-08T18:10:59.639283094Z","Action":"output","Package":"go.temporal.io/server/tools/gomad3/deterministicio","Test":"TestPortableServerGraphPreparedSourceIdentities/go.uber.org/fx/linux/amd64","Output":"=== RUN   TestPortableServerGraphPreparedSourceIdentities/go.uber.org/fx/linux/amd64\n","OutputType":"frame"}
{"Time":"2026-10-08T18:10:59.731485469Z","Action":"output","Package":"go.temporal.io/server/tools/gomad3/deterministicio","Test":"TestPortableServerGraphPreparedSourceIdentities/go.uber.org/fx/linux/amd64","Output":"    adapter_graph_portable_test.go:88: root graph selected go.uber.org/fx from /Users/stephan/Workspace/skunkworks/.gomad-source-gates-UsyTMX/TestPortableServerGraphPreparedSourceIdentities414027627/002/.io-adapter/uber-fx; linux/amd64 source owner digest sha256:d8b6580641c5ead1685c31e2e3c2d10ac899513dee52a808f4762e34d90313c1\n"}
{"Time":"2026-10-08T18:10:59.731531761Z","Action":"output","Package":"go.temporal.io/server/tools/gomad3/deterministicio","Test":"TestPortableServerGraphPreparedSourceIdentities/go.uber.org/fx/linux/amd64","Output":"--- PASS: TestPortableServerGraphPreparedSourceIdentities/go.uber.org/fx/linux/amd64 (0.09s)\n","OutputType":"frame"}
{"Time":"2026-10-08T18:10:59.731549469Z","Action":"pass","Package":"go.temporal.io/server/tools/gomad3/deterministicio","Test":"TestPortableServerGraphPreparedSourceIdentities/go.uber.org/fx/linux/amd64","Elapsed":0.09}
{"Time":"2026-10-08T18:10:59.731564052Z","Action":"run","Package":"go.temporal.io/server/tools/gomad3/deterministicio","Test":"TestPortableServerGraphPreparedSourceIdentities/golang.org/x/net/darwin/arm64"}
{"Time":"2026-10-08T18:10:59.731583177Z","Action":"output","Package":"go.temporal.io/server/tools/gomad3/deterministicio","Test":"TestPortableServerGraphPreparedSourceIdentities/golang.org/x/net/darwin/arm64","Output":"=== RUN   TestPortableServerGraphPreparedSourceIdentities/golang.org/x/net/darwin/arm64\n","OutputType":"frame"}
{"Time":"2026-10-08T18:10:59.790396927Z","Action":"output","Package":"go.temporal.io/server/tools/gomad3/deterministicio","Test":"TestPortableServerGraphPreparedSourceIdentities/golang.org/x/net/darwin/arm64","Output":"    adapter_graph_portable_test.go:88: root graph selected golang.org/x/net/internal/socket from /Users/stephan/Workspace/skunkworks/.gomad-source-gates-UsyTMX/TestPortableServerGraphPreparedSourceIdentities414027627/002/.io-adapter/golang-x-net/internal/socket; darwin/arm64 source owner digest sha256:968ad4efba03776d6c3a6e453babac7447e8d9621ce084ac84364a521e108227\n"}
{"Time":"2026-10-08T18:10:59.790461969Z","Action":"output","Package":"go.temporal.io/server/tools/gomad3/deterministicio","Test":"TestPortableServerGraphPreparedSourceIdentities/golang.org/x/net/darwin/arm64","Output":"--- PASS: TestPortableServerGraphPreparedSourceIdentities/golang.org/x/net/darwin/arm64 (0.06s)\n","OutputType":"frame"}
{"Time":"2026-10-08T18:10:59.790492052Z","Action":"pass","Package":"go.temporal.io/server/tools/gomad3/deterministicio","Test":"TestPortableServerGraphPreparedSourceIdentities/golang.org/x/net/darwin/arm64","Elapsed":0.06}
{"Time":"2026-10-08T18:10:59.790531136Z","Action":"run","Package":"go.temporal.io/server/tools/gomad3/deterministicio","Test":"TestPortableServerGraphPreparedSourceIdentities/golang.org/x/net/linux/amd64"}
{"Time":"2026-10-08T18:10:59.790549677Z","Action":"output","Package":"go.temporal.io/server/tools/gomad3/deterministicio","Test":"TestPortableServerGraphPreparedSourceIdentities/golang.org/x/net/linux/amd64","Output":"=== RUN   TestPortableServerGraphPreparedSourceIdentities/golang.org/x/net/linux/amd64\n","OutputType":"frame"}
{"Time":"2026-10-08T18:10:59.841261386Z","Action":"output","Package":"go.temporal.io/server/tools/gomad3/deterministicio","Test":"TestPortableServerGraphPreparedSourceIdentities/golang.org/x/net/linux/amd64","Output":"    adapter_graph_portable_test.go:88: root graph selected golang.org/x/net/internal/socket from /Users/stephan/Workspace/skunkworks/.gomad-source-gates-UsyTMX/TestPortableServerGraphPreparedSourceIdentities414027627/002/.io-adapter/golang-x-net/internal/socket; linux/amd64 source owner digest sha256:0e4623e6b79e4340c7a3f7e750f73ccab334a4449365f3c1038bb18be7b773f1\n"}
{"Time":"2026-10-08T18:10:59.841311844Z","Action":"output","Package":"go.temporal.io/server/tools/gomad3/deterministicio","Test":"TestPortableServerGraphPreparedSourceIdentities/golang.org/x/net/linux/amd64","Output":"--- PASS: TestPortableServerGraphPreparedSourceIdentities/golang.org/x/net/linux/amd64 (0.05s)\n","OutputType":"frame"}
{"Time":"2026-10-08T18:10:59.841330427Z","Action":"pass","Package":"go.temporal.io/server/tools/gomad3/deterministicio","Test":"TestPortableServerGraphPreparedSourceIdentities/golang.org/x/net/linux/amd64","Elapsed":0.05}
{"Time":"2026-10-08T18:10:59.841358469Z","Action":"run","Package":"go.temporal.io/server/tools/gomad3/deterministicio","Test":"TestPortableServerGraphPreparedSourceIdentities/google.golang.org/grpc/darwin/arm64"}
{"Time":"2026-10-08T18:10:59.841374636Z","Action":"output","Package":"go.temporal.io/server/tools/gomad3/deterministicio","Test":"TestPortableServerGraphPreparedSourceIdentities/google.golang.org/grpc/darwin/arm64","Output":"=== RUN   TestPortableServerGraphPreparedSourceIdentities/google.golang.org/grpc/darwin/arm64\n","OutputType":"frame"}
{"Time":"2026-10-08T18:10:59.884546761Z","Action":"output","Package":"go.temporal.io/server/tools/gomad3/deterministicio","Test":"TestPortableServerGraphPreparedSourceIdentities/google.golang.org/grpc/darwin/arm64","Output":"    adapter_graph_portable_test.go:88: root graph selected google.golang.org/grpc/internal from /Users/stephan/Workspace/skunkworks/.gomad-source-gates-UsyTMX/TestPortableServerGraphPreparedSourceIdentities414027627/002/.io-adapter/google-grpc/internal; darwin/arm64 source owner digest sha256:59a97baa8db98487dac40abe058ac89865e1ea2cf3d66c6d94cb622e7119d2a7\n"}
{"Time":"2026-10-08T18:10:59.884603302Z","Action":"output","Package":"go.temporal.io/server/tools/gomad3/deterministicio","Test":"TestPortableServerGraphPreparedSourceIdentities/google.golang.org/grpc/darwin/arm64","Output":"--- PASS: TestPortableServerGraphPreparedSourceIdentities/google.golang.org/grpc/darwin/arm64 (0.04s)\n","OutputType":"frame"}
{"Time":"2026-10-08T18:10:59.884640552Z","Action":"pass","Package":"go.temporal.io/server/tools/gomad3/deterministicio","Test":"TestPortableServerGraphPreparedSourceIdentities/google.golang.org/grpc/darwin/arm64","Elapsed":0.04}
{"Time":"2026-10-08T18:10:59.884667302Z","Action":"run","Package":"go.temporal.io/server/tools/gomad3/deterministicio","Test":"TestPortableServerGraphPreparedSourceIdentities/google.golang.org/grpc/linux/amd64"}
{"Time":"2026-10-08T18:10:59.884690636Z","Action":"output","Package":"go.temporal.io/server/tools/gomad3/deterministicio","Test":"TestPortableServerGraphPreparedSourceIdentities/google.golang.org/grpc/linux/amd64","Output":"=== RUN   TestPortableServerGraphPreparedSourceIdentities/google.golang.org/grpc/linux/amd64\n","OutputType":"frame"}
{"Time":"2026-10-08T18:10:59.933314011Z","Action":"output","Package":"go.temporal.io/server/tools/gomad3/deterministicio","Test":"TestPortableServerGraphPreparedSourceIdentities/google.golang.org/grpc/linux/amd64","Output":"    adapter_graph_portable_test.go:88: root graph selected google.golang.org/grpc/internal from /Users/stephan/Workspace/skunkworks/.gomad-source-gates-UsyTMX/TestPortableServerGraphPreparedSourceIdentities414027627/002/.io-adapter/google-grpc/internal; linux/amd64 source owner digest sha256:59a97baa8db98487dac40abe058ac89865e1ea2cf3d66c6d94cb622e7119d2a7\n"}
{"Time":"2026-10-08T18:10:59.933385052Z","Action":"output","Package":"go.temporal.io/server/tools/gomad3/deterministicio","Test":"TestPortableServerGraphPreparedSourceIdentities/google.golang.org/grpc/linux/amd64","Output":"--- PASS: TestPortableServerGraphPreparedSourceIdentities/google.golang.org/grpc/linux/amd64 (0.05s)\n","OutputType":"frame"}
{"Time":"2026-10-08T18:10:59.933405094Z","Action":"pass","Package":"go.temporal.io/server/tools/gomad3/deterministicio","Test":"TestPortableServerGraphPreparedSourceIdentities/google.golang.org/grpc/linux/amd64","Elapsed":0.05}
{"Time":"2026-10-08T18:10:59.933447136Z","Action":"run","Package":"go.temporal.io/server/tools/gomad3/deterministicio","Test":"TestPortableServerGraphPreparedSourceIdentities/modernc.org/libc/darwin/arm64"}
{"Time":"2026-10-08T18:10:59.933468594Z","Action":"output","Package":"go.temporal.io/server/tools/gomad3/deterministicio","Test":"TestPortableServerGraphPreparedSourceIdentities/modernc.org/libc/darwin/arm64","Output":"=== RUN   TestPortableServerGraphPreparedSourceIdentities/modernc.org/libc/darwin/arm64\n","OutputType":"frame"}
{"Time":"2026-10-08T18:11:00.115271386Z","Action":"output","Package":"go.temporal.io/server/tools/gomad3/deterministicio","Test":"TestPortableServerGraphPreparedSourceIdentities/modernc.org/libc/darwin/arm64","Output":"    adapter_graph_portable_test.go:88: root graph selected modernc.org/libc from /Users/stephan/Workspace/skunkworks/.gomad-source-gates-UsyTMX/TestPortableServerGraphPreparedSourceIdentities414027627/002/.io-adapter/modernc-libc; darwin/arm64 source owner digest sha256:a28d47a51089e7cb3766f0997e472feb1e7cadfca43248a3e5b06f332df47935\n"}
{"Time":"2026-10-08T18:11:00.115324011Z","Action":"output","Package":"go.temporal.io/server/tools/gomad3/deterministicio","Test":"TestPortableServerGraphPreparedSourceIdentities/modernc.org/libc/darwin/arm64","Output":"--- PASS: TestPortableServerGraphPreparedSourceIdentities/modernc.org/libc/darwin/arm64 (0.18s)\n","OutputType":"frame"}
{"Time":"2026-10-08T18:11:00.115354469Z","Action":"pass","Package":"go.temporal.io/server/tools/gomad3/deterministicio","Test":"TestPortableServerGraphPreparedSourceIdentities/modernc.org/libc/darwin/arm64","Elapsed":0.18}
{"Time":"2026-10-08T18:11:00.115374303Z","Action":"run","Package":"go.temporal.io/server/tools/gomad3/deterministicio","Test":"TestPortableServerGraphPreparedSourceIdentities/modernc.org/libc/linux/amd64"}
{"Time":"2026-10-08T18:11:00.115390844Z","Action":"output","Package":"go.temporal.io/server/tools/gomad3/deterministicio","Test":"TestPortableServerGraphPreparedSourceIdentities/modernc.org/libc/linux/amd64","Output":"=== RUN   TestPortableServerGraphPreparedSourceIdentities/modernc.org/libc/linux/amd64\n","OutputType":"frame"}
{"Time":"2026-10-08T18:11:00.212056469Z","Action":"output","Package":"go.temporal.io/server/tools/gomad3/deterministicio","Test":"TestPortableServerGraphPreparedSourceIdentities/modernc.org/libc/linux/amd64","Output":"    adapter_graph_portable_test.go:88: root graph selected modernc.org/libc from /Users/stephan/Workspace/skunkworks/.gomad-source-gates-UsyTMX/TestPortableServerGraphPreparedSourceIdentities414027627/002/.io-adapter/modernc-libc; linux/amd64 source owner digest sha256:2fd5cdb4987b3319011b56c1244100a8479a51a65ad561357aaea93db4c9aa9b\n"}
{"Time":"2026-10-08T18:11:00.212114886Z","Action":"output","Package":"go.temporal.io/server/tools/gomad3/deterministicio","Test":"TestPortableServerGraphPreparedSourceIdentities/modernc.org/libc/linux/amd64","Output":"--- PASS: TestPortableServerGraphPreparedSourceIdentities/modernc.org/libc/linux/amd64 (0.10s)\n","OutputType":"frame"}
{"Time":"2026-10-08T18:11:00.212148803Z","Action":"pass","Package":"go.temporal.io/server/tools/gomad3/deterministicio","Test":"TestPortableServerGraphPreparedSourceIdentities/modernc.org/libc/linux/amd64","Elapsed":0.1}
{"Time":"2026-10-08T18:11:00.212172636Z","Action":"run","Package":"go.temporal.io/server/tools/gomad3/deterministicio","Test":"TestPortableServerGraphPreparedSourceIdentities/modernc.org/memory/darwin/arm64"}
{"Time":"2026-10-08T18:11:00.212186803Z","Action":"output","Package":"go.temporal.io/server/tools/gomad3/deterministicio","Test":"TestPortableServerGraphPreparedSourceIdentities/modernc.org/memory/darwin/arm64","Output":"=== RUN   TestPortableServerGraphPreparedSourceIdentities/modernc.org/memory/darwin/arm64\n","OutputType":"frame"}
{"Time":"2026-10-08T18:11:00.254529386Z","Action":"output","Package":"go.temporal.io/server/tools/gomad3/deterministicio","Test":"TestPortableServerGraphPreparedSourceIdentities/modernc.org/memory/darwin/arm64","Output":"    adapter_graph_portable_test.go:88: root graph selected modernc.org/memory from /Users/stephan/Workspace/skunkworks/.gomad-source-gates-UsyTMX/TestPortableServerGraphPreparedSourceIdentities414027627/002/.io-adapter/modernc-memory; darwin/arm64 source owner digest sha256:40ac8382ecbdbb2b46f418da2ce63a2cc7a188971a21c31116ed832ddca5f849\n"}
{"Time":"2026-10-08T18:11:00.254606428Z","Action":"output","Package":"go.temporal.io/server/tools/gomad3/deterministicio","Test":"TestPortableServerGraphPreparedSourceIdentities/modernc.org/memory/darwin/arm64","Output":"--- PASS: TestPortableServerGraphPreparedSourceIdentities/modernc.org/memory/darwin/arm64 (0.04s)\n","OutputType":"frame"}
{"Time":"2026-10-08T18:11:00.254641469Z","Action":"pass","Package":"go.temporal.io/server/tools/gomad3/deterministicio","Test":"TestPortableServerGraphPreparedSourceIdentities/modernc.org/memory/darwin/arm64","Elapsed":0.04}
{"Time":"2026-10-08T18:11:00.254661803Z","Action":"run","Package":"go.temporal.io/server/tools/gomad3/deterministicio","Test":"TestPortableServerGraphPreparedSourceIdentities/modernc.org/memory/linux/amd64"}
{"Time":"2026-10-08T18:11:00.254684553Z","Action":"output","Package":"go.temporal.io/server/tools/gomad3/deterministicio","Test":"TestPortableServerGraphPreparedSourceIdentities/modernc.org/memory/linux/amd64","Output":"=== RUN   TestPortableServerGraphPreparedSourceIdentities/modernc.org/memory/linux/amd64\n","OutputType":"frame"}
{"Time":"2026-10-08T18:11:00.295412386Z","Action":"output","Package":"go.temporal.io/server/tools/gomad3/deterministicio","Test":"TestPortableServerGraphPreparedSourceIdentities/modernc.org/memory/linux/amd64","Output":"    adapter_graph_portable_test.go:88: root graph selected modernc.org/memory from /Users/stephan/Workspace/skunkworks/.gomad-source-gates-UsyTMX/TestPortableServerGraphPreparedSourceIdentities414027627/002/.io-adapter/modernc-memory; linux/amd64 source owner digest sha256:40ac8382ecbdbb2b46f418da2ce63a2cc7a188971a21c31116ed832ddca5f849\n"}
{"Time":"2026-10-08T18:11:00.295459678Z","Action":"output","Package":"go.temporal.io/server/tools/gomad3/deterministicio","Test":"TestPortableServerGraphPreparedSourceIdentities/modernc.org/memory/linux/amd64","Output":"--- PASS: TestPortableServerGraphPreparedSourceIdentities/modernc.org/memory/linux/amd64 (0.04s)\n","OutputType":"frame"}
{"Time":"2026-10-08T18:11:00.295482969Z","Action":"pass","Package":"go.temporal.io/server/tools/gomad3/deterministicio","Test":"TestPortableServerGraphPreparedSourceIdentities/modernc.org/memory/linux/amd64","Elapsed":0.04}
{"Time":"2026-10-08T18:11:00.454976303Z","Action":"output","Package":"go.temporal.io/server/tools/gomad3/deterministicio","Test":"TestPortableServerGraphPreparedSourceIdentities","Output":"--- PASS: TestPortableServerGraphPreparedSourceIdentities (5.28s)\n","OutputType":"frame"}
{"Time":"2026-10-08T18:11:00.455061553Z","Action":"pass","Package":"go.temporal.io/server/tools/gomad3/deterministicio","Test":"TestPortableServerGraphPreparedSourceIdentities","Elapsed":5.28}
{"Time":"2026-10-08T18:11:00.455092428Z","Action":"run","Package":"go.temporal.io/server/tools/gomad3/deterministicio","Test":"TestAdapterRegistryPortablePinDecisions"}
{"Time":"2026-10-08T18:11:00.455127636Z","Action":"output","Package":"go.temporal.io/server/tools/gomad3/deterministicio","Test":"TestAdapterRegistryPortablePinDecisions","Output":"=== RUN   TestAdapterRegistryPortablePinDecisions\n","OutputType":"frame"}
{"Time":"2026-10-08T18:11:00.455162053Z","Action":"run","Package":"go.temporal.io/server/tools/gomad3/deterministicio","Test":"TestAdapterRegistryPortablePinDecisions/exact"}
{"Time":"2026-10-08T18:11:00.455187553Z","Action":"output","Package":"go.temporal.io/server/tools/gomad3/deterministicio","Test":"TestAdapterRegistryPortablePinDecisions/exact","Output":"=== RUN   TestAdapterRegistryPortablePinDecisions/exact\n","OutputType":"frame"}
{"Time":"2026-10-08T18:11:00.750269053Z","Action":"output","Package":"go.temporal.io/server/tools/gomad3/deterministicio","Test":"TestAdapterRegistryPortablePinDecisions/exact","Output":"--- PASS: TestAdapterRegistryPortablePinDecisions/exact (0.30s)\n","OutputType":"frame"}
{"Time":"2026-10-08T18:11:00.750328428Z","Action":"pass","Package":"go.temporal.io/server/tools/gomad3/deterministicio","Test":"TestAdapterRegistryPortablePinDecisions/exact","Elapsed":0.3}
{"Time":"2026-10-08T18:11:00.750361261Z","Action":"run","Package":"go.temporal.io/server/tools/gomad3/deterministicio","Test":"TestAdapterRegistryPortablePinDecisions/version_bump"}
{"Time":"2026-10-08T18:11:00.750385428Z","Action":"output","Package":"go.temporal.io/server/tools/gomad3/deterministicio","Test":"TestAdapterRegistryPortablePinDecisions/version_bump","Output":"=== RUN   TestAdapterRegistryPortablePinDecisions/version_bump\n","OutputType":"frame"}
{"Time":"2026-10-08T18:11:00.751268428Z","Action":"output","Package":"go.temporal.io/server/tools/gomad3/deterministicio","Test":"TestAdapterRegistryPortablePinDecisions/version_bump","Output":"--- PASS: TestAdapterRegistryPortablePinDecisions/version_bump (0.00s)\n","OutputType":"frame"}
{"Time":"2026-10-08T18:11:00.751301594Z","Action":"pass","Package":"go.temporal.io/server/tools/gomad3/deterministicio","Test":"TestAdapterRegistryPortablePinDecisions/version_bump","Elapsed":0}
{"Time":"2026-10-08T18:11:00.751325053Z","Action":"run","Package":"go.temporal.io/server/tools/gomad3/deterministicio","Test":"TestAdapterRegistryPortablePinDecisions/changed_sum"}
{"Time":"2026-10-08T18:11:00.751340136Z","Action":"output","Package":"go.temporal.io/server/tools/gomad3/deterministicio","Test":"TestAdapterRegistryPortablePinDecisions/changed_sum","Output":"=== RUN   TestAdapterRegistryPortablePinDecisions/changed_sum\n","OutputType":"frame"}
{"Time":"2026-10-08T18:11:00.752077303Z","Action":"output","Package":"go.temporal.io/server/tools/gomad3/deterministicio","Test":"TestAdapterRegistryPortablePinDecisions/changed_sum","Output":"--- PASS: TestAdapterRegistryPortablePinDecisions/changed_sum (0.00s)\n","OutputType":"frame"}
{"Time":"2026-10-08T18:11:00.752107803Z","Action":"pass","Package":"go.temporal.io/server/tools/gomad3/deterministicio","Test":"TestAdapterRegistryPortablePinDecisions/changed_sum","Elapsed":0}
{"Time":"2026-10-08T18:11:00.752121053Z","Action":"run","Package":"go.temporal.io/server/tools/gomad3/deterministicio","Test":"TestAdapterRegistryPortablePinDecisions/replacement"}
{"Time":"2026-10-08T18:11:00.752131469Z","Action":"output","Package":"go.temporal.io/server/tools/gomad3/deterministicio","Test":"TestAdapterRegistryPortablePinDecisions/replacement","Output":"=== RUN   TestAdapterRegistryPortablePinDecisions/replacement\n","OutputType":"frame"}
{"Time":"2026-10-08T18:11:00.752890719Z","Action":"output","Package":"go.temporal.io/server/tools/gomad3/deterministicio","Test":"TestAdapterRegistryPortablePinDecisions/replacement","Output":"--- PASS: TestAdapterRegistryPortablePinDecisions/replacement (0.00s)\n","OutputType":"frame"}
{"Time":"2026-10-08T18:11:00.752914344Z","Action":"pass","Package":"go.temporal.io/server/tools/gomad3/deterministicio","Test":"TestAdapterRegistryPortablePinDecisions/replacement","Elapsed":0}
{"Time":"2026-10-08T18:11:00.752930636Z","Action":"output","Package":"go.temporal.io/server/tools/gomad3/deterministicio","Test":"TestAdapterRegistryPortablePinDecisions","Output":"--- PASS: TestAdapterRegistryPortablePinDecisions (0.30s)\n","OutputType":"frame"}
{"Time":"2026-10-08T18:11:00.752944719Z","Action":"pass","Package":"go.temporal.io/server/tools/gomad3/deterministicio","Test":"TestAdapterRegistryPortablePinDecisions","Elapsed":0.3}
{"Time":"2026-10-08T18:11:00.752955386Z","Action":"run","Package":"go.temporal.io/server/tools/gomad3/deterministicio","Test":"TestPortableAdapterSourcePreservation"}
{"Time":"2026-10-08T18:11:00.752964386Z","Action":"output","Package":"go.temporal.io/server/tools/gomad3/deterministicio","Test":"TestPortableAdapterSourcePreservation","Output":"=== RUN   TestPortableAdapterSourcePreservation\n","OutputType":"frame"}
{"Time":"2026-10-08T18:11:00.754810511Z","Action":"run","Package":"go.temporal.io/server/tools/gomad3/deterministicio","Test":"TestPortableAdapterSourcePreservation/sprig"}
{"Time":"2026-10-08T18:11:00.754828844Z","Action":"output","Package":"go.temporal.io/server/tools/gomad3/deterministicio","Test":"TestPortableAdapterSourcePreservation/sprig","Output":"=== RUN   TestPortableAdapterSourcePreservation/sprig\n","OutputType":"frame"}
{"Time":"2026-10-08T18:11:00.794602511Z","Action":"run","Package":"go.temporal.io/server/tools/gomad3/deterministicio","Test":"TestPortableAdapterSourcePreservation/sprig/network.go"}
{"Time":"2026-10-08T18:11:00.794649011Z","Action":"output","Package":"go.temporal.io/server/tools/gomad3/deterministicio","Test":"TestPortableAdapterSourcePreservation/sprig/network.go","Output":"=== RUN   TestPortableAdapterSourcePreservation/sprig/network.go\n","OutputType":"frame"}
{"Time":"2026-10-08T18:11:00.794749636Z","Action":"run","Package":"go.temporal.io/server/tools/gomad3/deterministicio","Test":"TestPortableAdapterSourcePreservation/sprig/network.go/source_drift"}
{"Time":"2026-10-08T18:11:00.794771803Z","Action":"output","Package":"go.temporal.io/server/tools/gomad3/deterministicio","Test":"TestPortableAdapterSourcePreservation/sprig/network.go/source_drift","Output":"=== RUN   TestPortableAdapterSourcePreservation/sprig/network.go/source_drift\n","OutputType":"frame"}
{"Time":"2026-10-08T18:11:00.794792595Z","Action":"output","Package":"go.temporal.io/server/tools/gomad3/deterministicio","Test":"TestPortableAdapterSourcePreservation/sprig/network.go/source_drift","Output":"--- PASS: TestPortableAdapterSourcePreservation/sprig/network.go/source_drift (0.00s)\n","OutputType":"frame"}
{"Time":"2026-10-08T18:11:00.79480972Z","Action":"pass","Package":"go.temporal.io/server/tools/gomad3/deterministicio","Test":"TestPortableAdapterSourcePreservation/sprig/network.go/source_drift","Elapsed":0}
{"Time":"2026-10-08T18:11:00.794823761Z","Action":"run","Package":"go.temporal.io/server/tools/gomad3/deterministicio","Test":"TestPortableAdapterSourcePreservation/sprig/network.go/missing_anchor"}
{"Time":"2026-10-08T18:11:00.794838011Z","Action":"output","Package":"go.temporal.io/server/tools/gomad3/deterministicio","Test":"TestPortableAdapterSourcePreservation/sprig/network.go/missing_anchor","Output":"=== RUN   TestPortableAdapterSourcePreservation/sprig/network.go/missing_anchor\n","OutputType":"frame"}
{"Time":"2026-10-08T18:11:00.794865428Z","Action":"output","Package":"go.temporal.io/server/tools/gomad3/deterministicio","Test":"TestPortableAdapterSourcePreservation/sprig/network.go/missing_anchor","Output":"--- PASS: TestPortableAdapterSourcePreservation/sprig/network.go/missing_anchor (0.00s)\n","OutputType":"frame"}
{"Time":"2026-10-08T18:11:00.794883303Z","Action":"pass","Package":"go.temporal.io/server/tools/gomad3/deterministicio","Test":"TestPortableAdapterSourcePreservation/sprig/network.go/missing_anchor","Elapsed":0}
{"Time":"2026-10-08T18:11:00.794896845Z","Action":"run","Package":"go.temporal.io/server/tools/gomad3/deterministicio","Test":"TestPortableAdapterSourcePreservation/sprig/network.go/ambiguous_anchor"}
{"Time":"2026-10-08T18:11:00.794942928Z","Action":"output","Package":"go.temporal.io/server/tools/gomad3/deterministicio","Test":"TestPortableAdapterSourcePreservation/sprig/network.go/ambiguous_anchor","Output":"=== RUN   TestPortableAdapterSourcePreservation/sprig/network.go/ambiguous_anchor\n","OutputType":"frame"}
{"Time":"2026-10-08T18:11:00.794968261Z","Action":"output","Package":"go.temporal.io/server/tools/gomad3/deterministicio","Test":"TestPortableAdapterSourcePreservation/sprig/network.go/ambiguous_anchor","Output":"--- PASS: TestPortableAdapterSourcePreservation/sprig/network.go/ambiguous_anchor (0.00s)\n","OutputType":"frame"}
{"Time":"2026-10-08T18:11:00.794986886Z","Action":"pass","Package":"go.temporal.io/server/tools/gomad3/deterministicio","Test":"TestPortableAdapterSourcePreservation/sprig/network.go/ambiguous_anchor","Elapsed":0}
{"Time":"2026-10-08T18:11:00.795023303Z","Action":"run","Package":"go.temporal.io/server/tools/gomad3/deterministicio","Test":"TestPortableAdapterSourcePreservation/sprig/network.go/replacement_drift"}
{"Time":"2026-10-08T18:11:00.795075345Z","Action":"output","Package":"go.temporal.io/server/tools/gomad3/deterministicio","Test":"TestPortableAdapterSourcePreservation/sprig/network.go/replacement_drift","Output":"=== RUN   TestPortableAdapterSourcePreservation/sprig/network.go/replacement_drift\n","OutputType":"frame"}
{"Time":"2026-10-08T18:11:00.79510372Z","Action":"output","Package":"go.temporal.io/server/tools/gomad3/deterministicio","Test":"TestPortableAdapterSourcePreservation/sprig/network.go/replacement_drift","Output":"--- PASS: TestPortableAdapterSourcePreservation/sprig/network.go/replacement_drift (0.00s)\n","OutputType":"frame"}
{"Time":"2026-10-08T18:11:00.795125095Z","Action":"pass","Package":"go.temporal.io/server/tools/gomad3/deterministicio","Test":"TestPortableAdapterSourcePreservation/sprig/network.go/replacement_drift","Elapsed":0}
{"Time":"2026-10-08T18:11:00.795139803Z","Action":"output","Package":"go.temporal.io/server/tools/gomad3/deterministicio","Test":"TestPortableAdapterSourcePreservation/sprig/network.go","Output":"--- PASS: TestPortableAdapterSourcePreservation/sprig/network.go (0.00s)\n","OutputType":"frame"}
{"Time":"2026-10-08T18:11:00.795166553Z","Action":"pass","Package":"go.temporal.io/server/tools/gomad3/deterministicio","Test":"TestPortableAdapterSourcePreservation/sprig/network.go","Elapsed":0}
{"Time":"2026-10-08T18:11:00.950788928Z","Action":"output","Package":"go.temporal.io/server/tools/gomad3/deterministicio","Test":"TestPortableAdapterSourcePreservation/sprig","Output":"--- PASS: TestPortableAdapterSourcePreservation/sprig (0.20s)\n","OutputType":"frame"}
{"Time":"2026-10-08T18:11:00.95087372Z","Action":"pass","Package":"go.temporal.io/server/tools/gomad3/deterministicio","Test":"TestPortableAdapterSourcePreservation/sprig","Elapsed":0.2}
{"Time":"2026-10-08T18:11:00.950915136Z","Action":"run","Package":"go.temporal.io/server/tools/gomad3/deterministicio","Test":"TestPortableAdapterSourcePreservation/validator"}
{"Time":"2026-10-08T18:11:00.950946553Z","Action":"output","Package":"go.temporal.io/server/tools/gomad3/deterministicio","Test":"TestPortableAdapterSourcePreservation/validator","Output":"=== RUN   TestPortableAdapterSourcePreservation/validator\n","OutputType":"frame"}
{"Time":"2026-10-08T18:11:01.013694678Z","Action":"run","Package":"go.temporal.io/server/tools/gomad3/deterministicio","Test":"TestPortableAdapterSourcePreservation/validator/baked_in.go"}
{"Time":"2026-10-08T18:11:01.013749803Z","Action":"output","Package":"go.temporal.io/server/tools/gomad3/deterministicio","Test":"TestPortableAdapterSourcePreservation/validator/baked_in.go","Output":"=== RUN   TestPortableAdapterSourcePreservation/validator/baked_in.go\n","OutputType":"frame"}
{"Time":"2026-10-08T18:11:01.017100636Z","Action":"run","Package":"go.temporal.io/server/tools/gomad3/deterministicio","Test":"TestPortableAdapterSourcePreservation/validator/baked_in.go/source_drift"}
{"Time":"2026-10-08T18:11:01.01713697Z","Action":"output","Package":"go.temporal.io/server/tools/gomad3/deterministicio","Test":"TestPortableAdapterSourcePreservation/validator/baked_in.go/source_drift","Output":"=== RUN   TestPortableAdapterSourcePreservation/validator/baked_in.go/source_drift\n","OutputType":"frame"}
{"Time":"2026-10-08T18:11:01.017349345Z","Action":"output","Package":"go.temporal.io/server/tools/gomad3/deterministicio","Test":"TestPortableAdapterSourcePreservation/validator/baked_in.go/source_drift","Output":"--- PASS: TestPortableAdapterSourcePreservation/validator/baked_in.go/source_drift (0.00s)\n","OutputType":"frame"}
{"Time":"2026-10-08T18:11:01.017386345Z","Action":"pass","Package":"go.temporal.io/server/tools/gomad3/deterministicio","Test":"TestPortableAdapterSourcePreservation/validator/baked_in.go/source_drift","Elapsed":0}
{"Time":"2026-10-08T18:11:01.017417761Z","Action":"run","Package":"go.temporal.io/server/tools/gomad3/deterministicio","Test":"TestPortableAdapterSourcePreservation/validator/baked_in.go/missing_anchor"}
{"Time":"2026-10-08T18:11:01.017436928Z","Action":"output","Package":"go.temporal.io/server/tools/gomad3/deterministicio","Test":"TestPortableAdapterSourcePreservation/validator/baked_in.go/missing_anchor","Output":"=== RUN   TestPortableAdapterSourcePreservation/validator/baked_in.go/missing_anchor\n","OutputType":"frame"}
{"Time":"2026-10-08T18:11:01.017720178Z","Action":"output","Package":"go.temporal.io/server/tools/gomad3/deterministicio","Test":"TestPortableAdapterSourcePreservation/validator/baked_in.go/missing_anchor","Output":"--- PASS: TestPortableAdapterSourcePreservation/validator/baked_in.go/missing_anchor (0.00s)\n","OutputType":"frame"}
{"Time":"2026-10-08T18:11:01.017749636Z","Action":"pass","Package":"go.temporal.io/server/tools/gomad3/deterministicio","Test":"TestPortableAdapterSourcePreservation/validator/baked_in.go/missing_anchor","Elapsed":0}
{"Time":"2026-10-08T18:11:01.017774928Z","Action":"run","Package":"go.temporal.io/server/tools/gomad3/deterministicio","Test":"TestPortableAdapterSourcePreservation/validator/baked_in.go/ambiguous_anchor"}
{"Time":"2026-10-08T18:11:01.017798511Z","Action":"output","Package":"go.temporal.io/server/tools/gomad3/deterministicio","Test":"TestPortableAdapterSourcePreservation/validator/baked_in.go/ambiguous_anchor","Output":"=== RUN   TestPortableAdapterSourcePreservation/validator/baked_in.go/ambiguous_anchor\n","OutputType":"frame"}
{"Time":"2026-10-08T18:11:01.017901428Z","Action":"output","Package":"go.temporal.io/server/tools/gomad3/deterministicio","Test":"TestPortableAdapterSourcePreservation/validator/baked_in.go/ambiguous_anchor","Output":"--- PASS: TestPortableAdapterSourcePreservation/validator/baked_in.go/ambiguous_anchor (0.00s)\n","OutputType":"frame"}
{"Time":"2026-10-08T18:11:01.017924845Z","Action":"pass","Package":"go.temporal.io/server/tools/gomad3/deterministicio","Test":"TestPortableAdapterSourcePreservation/validator/baked_in.go/ambiguous_anchor","Elapsed":0}
{"Time":"2026-10-08T18:11:01.01795097Z","Action":"run","Package":"go.temporal.io/server/tools/gomad3/deterministicio","Test":"TestPortableAdapterSourcePreservation/validator/baked_in.go/replacement_drift"}
{"Time":"2026-10-08T18:11:01.017972678Z","Action":"output","Package":"go.temporal.io/server/tools/gomad3/deterministicio","Test":"TestPortableAdapterSourcePreservation/validator/baked_in.go/replacement_drift","Output":"=== RUN   TestPortableAdapterSourcePreservation/validator/baked_in.go/replacement_drift\n","OutputType":"frame"}
{"Time":"2026-10-08T18:11:01.019200345Z","Action":"output","Package":"go.temporal.io/server/tools/gomad3/deterministicio","Test":"TestPortableAdapterSourcePreservation/validator/baked_in.go/replacement_drift","Output":"--- PASS: TestPortableAdapterSourcePreservation/validator/baked_in.go/replacement_drift (0.00s)\n","OutputType":"frame"}
{"Time":"2026-10-08T18:11:01.019244011Z","Action":"pass","Package":"go.temporal.io/server/tools/gomad3/deterministicio","Test":"TestPortableAdapterSourcePreservation/validator/baked_in.go/replacement_drift","Elapsed":0}
{"Time":"2026-10-08T18:11:01.019288011Z","Action":"output","Package":"go.temporal.io/server/tools/gomad3/deterministicio","Test":"TestPortableAdapterSourcePreservation/validator/baked_in.go","Output":"--- PASS: TestPortableAdapterSourcePreservation/validator/baked_in.go (0.01s)\n","OutputType":"frame"}
{"Time":"2026-10-08T18:11:01.019324386Z","Action":"pass","Package":"go.temporal.io/server/tools/gomad3/deterministicio","Test":"TestPortableAdapterSourcePreservation/validator/baked_in.go","Elapsed":0.01}
{"Time":"2026-10-08T18:11:01.142217095Z","Action":"output","Package":"go.temporal.io/server/tools/gomad3/deterministicio","Test":"TestPortableAdapterSourcePreservation/validator","Output":"--- PASS: TestPortableAdapterSourcePreservation/validator (0.19s)\n","OutputType":"frame"}
{"Time":"2026-10-08T18:11:01.142396428Z","Action":"pass","Package":"go.temporal.io/server/tools/gomad3/deterministicio","Test":"TestPortableAdapterSourcePreservation/validator","Elapsed":0.19}
{"Time":"2026-10-08T18:11:01.142442761Z","Action":"run","Package":"go.temporal.io/server/tools/gomad3/deterministicio","Test":"TestPortableAdapterSourcePreservation/pebble"}
{"Time":"2026-10-08T18:11:01.142541511Z","Action":"output","Package":"go.temporal.io/server/tools/gomad3/deterministicio","Test":"TestPortableAdapterSourcePreservation/pebble","Output":"=== RUN   TestPortableAdapterSourcePreservation/pebble\n","OutputType":"frame"}
{"Time":"2026-10-08T18:11:02.04374397Z","Action":"run","Package":"go.temporal.io/server/tools/gomad3/deterministicio","Test":"TestPortableAdapterSourcePreservation/pebble/vfs/vfs.go"}
{"Time":"2026-10-08T18:11:02.043808137Z","Action":"output","Package":"go.temporal.io/server/tools/gomad3/deterministicio","Test":"TestPortableAdapterSourcePreservation/pebble/vfs/vfs.go","Output":"=== RUN   TestPortableAdapterSourcePreservation/pebble/vfs/vfs.go\n","OutputType":"frame"}
{"Time":"2026-10-08T18:11:02.044324095Z","Action":"run","Package":"go.temporal.io/server/tools/gomad3/deterministicio","Test":"TestPortableAdapterSourcePreservation/pebble/vfs/vfs.go/source_drift"}
{"Time":"2026-10-08T18:11:02.044375512Z","Action":"output","Package":"go.temporal.io/server/tools/gomad3/deterministicio","Test":"TestPortableAdapterSourcePreservation/pebble/vfs/vfs.go/source_drift","Output":"=== RUN   TestPortableAdapterSourcePreservation/pebble/vfs/vfs.go/source_drift\n","OutputType":"frame"}
{"Time":"2026-10-08T18:11:02.044408928Z","Action":"output","Package":"go.temporal.io/server/tools/gomad3/deterministicio","Test":"TestPortableAdapterSourcePreservation/pebble/vfs/vfs.go/source_drift","Output":"--- PASS: TestPortableAdapterSourcePreservation/pebble/vfs/vfs.go/source_drift (0.00s)\n","OutputType":"frame"}
{"Time":"2026-10-08T18:11:02.044446678Z","Action":"pass","Package":"go.temporal.io/server/tools/gomad3/deterministicio","Test":"TestPortableAdapterSourcePreservation/pebble/vfs/vfs.go/source_drift","Elapsed":0}
{"Time":"2026-10-08T18:11:02.044489845Z","Action":"run","Package":"go.temporal.io/server/tools/gomad3/deterministicio","Test":"TestPortableAdapterSourcePreservation/pebble/vfs/vfs.go/missing_anchor"}
{"Time":"2026-10-08T18:11:02.044521012Z","Action":"output","Package":"go.temporal.io/server/tools/gomad3/deterministicio","Test":"TestPortableAdapterSourcePreservation/pebble/vfs/vfs.go/missing_anchor","Output":"=== RUN   TestPortableAdapterSourcePreservation/pebble/vfs/vfs.go/missing_anchor\n","OutputType":"frame"}
{"Time":"2026-10-08T18:11:02.04454547Z","Action":"output","Package":"go.temporal.io/server/tools/gomad3/deterministicio","Test":"TestPortableAdapterSourcePreservation/pebble/vfs/vfs.go/missing_anchor","Output":"--- PASS: TestPortableAdapterSourcePreservation/pebble/vfs/vfs.go/missing_anchor (0.00s)\n","OutputType":"frame"}
{"Time":"2026-10-08T18:11:02.044571262Z","Action":"pass","Package":"go.temporal.io/server/tools/gomad3/deterministicio","Test":"TestPortableAdapterSourcePreservation/pebble/vfs/vfs.go/missing_anchor","Elapsed":0}
{"Time":"2026-10-08T18:11:02.044601262Z","Action":"run","Package":"go.temporal.io/server/tools/gomad3/deterministicio","Test":"TestPortableAdapterSourcePreservation/pebble/vfs/vfs.go/ambiguous_anchor"}
{"Time":"2026-10-08T18:11:02.04463822Z","Action":"output","Package":"go.temporal.io/server/tools/gomad3/deterministicio","Test":"TestPortableAdapterSourcePreservation/pebble/vfs/vfs.go/ambiguous_anchor","Output":"=== RUN   TestPortableAdapterSourcePreservation/pebble/vfs/vfs.go/ambiguous_anchor\n","OutputType":"frame"}
{"Time":"2026-10-08T18:11:02.044682095Z","Action":"output","Package":"go.temporal.io/server/tools/gomad3/deterministicio","Test":"TestPortableAdapterSourcePreservation/pebble/vfs/vfs.go/ambiguous_anchor","Output":"--- PASS: TestPortableAdapterSourcePreservation/pebble/vfs/vfs.go/ambiguous_anchor (0.00s)\n","OutputType":"frame"}
{"Time":"2026-10-08T18:11:02.044698012Z","Action":"pass","Package":"go.temporal.io/server/tools/gomad3/deterministicio","Test":"TestPortableAdapterSourcePreservation/pebble/vfs/vfs.go/ambiguous_anchor","Elapsed":0}
{"Time":"2026-10-08T18:11:02.044735887Z","Action":"run","Package":"go.temporal.io/server/tools/gomad3/deterministicio","Test":"TestPortableAdapterSourcePreservation/pebble/vfs/vfs.go/replacement_drift"}
{"Time":"2026-10-08T18:11:02.044758928Z","Action":"output","Package":"go.temporal.io/server/tools/gomad3/deterministicio","Test":"TestPortableAdapterSourcePreservation/pebble/vfs/vfs.go/replacement_drift","Output":"=== RUN   TestPortableAdapterSourcePreservation/pebble/vfs/vfs.go/replacement_drift\n","OutputType":"frame"}
{"Time":"2026-10-08T18:11:02.044777678Z","Action":"output","Package":"go.temporal.io/server/tools/gomad3/deterministicio","Test":"TestPortableAdapterSourcePreservation/pebble/vfs/vfs.go/replacement_drift","Output":"--- PASS: TestPortableAdapterSourcePreservation/pebble/vfs/vfs.go/replacement_drift (0.00s)\n","OutputType":"frame"}
{"Time":"2026-10-08T18:11:02.044809262Z","Action":"pass","Package":"go.temporal.io/server/tools/gomad3/deterministicio","Test":"TestPortableAdapterSourcePreservation/pebble/vfs/vfs.go/replacement_drift","Elapsed":0}
{"Time":"2026-10-08T18:11:02.044934553Z","Action":"output","Package":"go.temporal.io/server/tools/gomad3/deterministicio","Test":"TestPortableAdapterSourcePreservation/pebble/vfs/vfs.go","Output":"--- PASS: TestPortableAdapterSourcePreservation/pebble/vfs/vfs.go (0.00s)\n","OutputType":"frame"}
{"Time":"2026-10-08T18:11:02.044962053Z","Action":"pass","Package":"go.temporal.io/server/tools/gomad3/deterministicio","Test":"TestPortableAdapterSourcePreservation/pebble/vfs/vfs.go","Elapsed":0}
{"Time":"2026-10-08T18:11:02.044974428Z","Action":"run","Package":"go.temporal.io/server/tools/gomad3/deterministicio","Test":"TestPortableAdapterSourcePreservation/pebble/vfs/default_unix.go"}
{"Time":"2026-10-08T18:11:02.044990303Z","Action":"output","Package":"go.temporal.io/server/tools/gomad3/deterministicio","Test":"TestPortableAdapterSourcePreservation/pebble/vfs/default_unix.go","Output":"=== RUN   TestPortableAdapterSourcePreservation/pebble/vfs/default_unix.go\n","OutputType":"frame"}
{"Time":"2026-10-08T18:11:02.045234512Z","Action":"run","Package":"go.temporal.io/server/tools/gomad3/deterministicio","Test":"TestPortableAdapterSourcePreservation/pebble/vfs/default_unix.go/source_drift"}
{"Time":"2026-10-08T18:11:02.045283762Z","Action":"output","Package":"go.temporal.io/server/tools/gomad3/deterministicio","Test":"TestPortableAdapterSourcePreservation/pebble/vfs/default_unix.go/source_drift","Output":"=== RUN   TestPortableAdapterSourcePreservation/pebble/vfs/default_unix.go/source_drift\n","OutputType":"frame"}
{"Time":"2026-10-08T18:11:02.045311387Z","Action":"output","Package":"go.temporal.io/server/tools/gomad3/deterministicio","Test":"TestPortableAdapterSourcePreservation/pebble/vfs/default_unix.go/source_drift","Output":"--- PASS: TestPortableAdapterSourcePreservation/pebble/vfs/default_unix.go/source_drift (0.00s)\n","OutputType":"frame"}
{"Time":"2026-10-08T18:11:02.045326637Z","Action":"pass","Package":"go.temporal.io/server/tools/gomad3/deterministicio","Test":"TestPortableAdapterSourcePreservation/pebble/vfs/default_unix.go/source_drift","Elapsed":0}
{"Time":"2026-10-08T18:11:02.045338137Z","Action":"run","Package":"go.temporal.io/server/tools/gomad3/deterministicio","Test":"TestPortableAdapterSourcePreservation/pebble/vfs/default_unix.go/missing_anchor"}
{"Time":"2026-10-08T18:11:02.045348887Z","Action":"output","Package":"go.temporal.io/server/tools/gomad3/deterministicio","Test":"TestPortableAdapterSourcePreservation/pebble/vfs/default_unix.go/missing_anchor","Output":"=== RUN   TestPortableAdapterSourcePreservation/pebble/vfs/default_unix.go/missing_anchor\n","OutputType":"frame"}
{"Time":"2026-10-08T18:11:02.045373303Z","Action":"output","Package":"go.temporal.io/server/tools/gomad3/deterministicio","Test":"TestPortableAdapterSourcePreservation/pebble/vfs/default_unix.go/missing_anchor","Output":"--- PASS: TestPortableAdapterSourcePreservation/pebble/vfs/default_unix.go/missing_anchor (0.00s)\n","OutputType":"frame"}
{"Time":"2026-10-08T18:11:02.045428095Z","Action":"pass","Package":"go.temporal.io/server/tools/gomad3/deterministicio","Test":"TestPortableAdapterSourcePreservation/pebble/vfs/default_unix.go/missing_anchor","Elapsed":0}
{"Time":"2026-10-08T18:11:02.045446345Z","Action":"run","Package":"go.temporal.io/server/tools/gomad3/deterministicio","Test":"TestPortableAdapterSourcePreservation/pebble/vfs/default_unix.go/ambiguous_anchor"}
{"Time":"2026-10-08T18:11:02.045455803Z","Action":"output","Package":"go.temporal.io/server/tools/gomad3/deterministicio","Test":"TestPortableAdapterSourcePreservation/pebble/vfs/default_unix.go/ambiguous_anchor","Output":"=== RUN   TestPortableAdapterSourcePreservation/pebble/vfs/default_unix.go/ambiguous_anchor\n","OutputType":"frame"}
{"Time":"2026-10-08T18:11:02.045469595Z","Action":"output","Package":"go.temporal.io/server/tools/gomad3/deterministicio","Test":"TestPortableAdapterSourcePreservation/pebble/vfs/default_unix.go/ambiguous_anchor","Output":"--- PASS: TestPortableAdapterSourcePreservation/pebble/vfs/default_unix.go/ambiguous_anchor (0.00s)\n","OutputType":"frame"}
{"Time":"2026-10-08T18:11:02.04548322Z","Action":"pass","Package":"go.temporal.io/server/tools/gomad3/deterministicio","Test":"TestPortableAdapterSourcePreservation/pebble/vfs/default_unix.go/ambiguous_anchor","Elapsed":0}
{"Time":"2026-10-08T18:11:02.045508553Z","Action":"run","Package":"go.temporal.io/server/tools/gomad3/deterministicio","Test":"TestPortableAdapterSourcePreservation/pebble/vfs/default_unix.go/replacement_drift"}
{"Time":"2026-10-08T18:11:02.045530428Z","Action":"output","Package":"go.temporal.io/server/tools/gomad3/deterministicio","Test":"TestPortableAdapterSourcePreservation/pebble/vfs/default_unix.go/replacement_drift","Output":"=== RUN   TestPortableAdapterSourcePreservation/pebble/vfs/default_unix.go/replacement_drift\n","OutputType":"frame"}
{"Time":"2026-10-08T18:11:02.045547178Z","Action":"output","Package":"go.temporal.io/server/tools/gomad3/deterministicio","Test":"TestPortableAdapterSourcePreservation/pebble/vfs/default_unix.go/replacement_drift","Output":"--- PASS: TestPortableAdapterSourcePreservation/pebble/vfs/default_unix.go/replacement_drift (0.00s)\n","OutputType":"frame"}
{"Time":"2026-10-08T18:11:02.045562678Z","Action":"pass","Package":"go.temporal.io/server/tools/gomad3/deterministicio","Test":"TestPortableAdapterSourcePreservation/pebble/vfs/default_unix.go/replacement_drift","Elapsed":0}
{"Time":"2026-10-08T18:11:02.045580595Z","Action":"output","Package":"go.temporal.io/server/tools/gomad3/deterministicio","Test":"TestPortableAdapterSourcePreservation/pebble/vfs/default_unix.go","Output":"--- PASS: TestPortableAdapterSourcePreservation/pebble/vfs/default_unix.go (0.00s)\n","OutputType":"frame"}
{"Time":"2026-10-08T18:11:02.045595678Z","Action":"pass","Package":"go.temporal.io/server/tools/gomad3/deterministicio","Test":"TestPortableAdapterSourcePreservation/pebble/vfs/default_unix.go","Elapsed":0}
{"Time":"2026-10-08T18:11:02.04562522Z","Action":"run","Package":"go.temporal.io/server/tools/gomad3/deterministicio","Test":"TestPortableAdapterSourcePreservation/pebble/vfs/default_linux.go"}
{"Time":"2026-10-08T18:11:02.045647887Z","Action":"output","Package":"go.temporal.io/server/tools/gomad3/deterministicio","Test":"TestPortableAdapterSourcePreservation/pebble/vfs/default_linux.go","Output":"=== RUN   TestPortableAdapterSourcePreservation/pebble/vfs/default_linux.go\n","OutputType":"frame"}
{"Time":"2026-10-08T18:11:02.04572522Z","Action":"run","Package":"go.temporal.io/server/tools/gomad3/deterministicio","Test":"TestPortableAdapterSourcePreservation/pebble/vfs/default_linux.go/source_drift"}
{"Time":"2026-10-08T18:11:02.045739887Z","Action":"output","Package":"go.temporal.io/server/tools/gomad3/deterministicio","Test":"TestPortableAdapterSourcePreservation/pebble/vfs/default_linux.go/source_drift","Output":"=== RUN   TestPortableAdapterSourcePreservation/pebble/vfs/default_linux.go/source_drift\n","OutputType":"frame"}
{"Time":"2026-10-08T18:11:02.045752428Z","Action":"output","Package":"go.temporal.io/server/tools/gomad3/deterministicio","Test":"TestPortableAdapterSourcePreservation/pebble/vfs/default_linux.go/source_drift","Output":"--- PASS: TestPortableAdapterSourcePreservation/pebble/vfs/default_linux.go/source_drift (0.00s)\n","OutputType":"frame"}
{"Time":"2026-10-08T18:11:02.045773553Z","Action":"pass","Package":"go.temporal.io/server/tools/gomad3/deterministicio","Test":"TestPortableAdapterSourcePreservation/pebble/vfs/default_linux.go/source_drift","Elapsed":0}
{"Time":"2026-10-08T18:11:02.045792012Z","Action":"run","Package":"go.temporal.io/server/tools/gomad3/deterministicio","Test":"TestPortableAdapterSourcePreservation/pebble/vfs/default_linux.go/missing_anchor"}
{"Time":"2026-10-08T18:11:02.045816553Z","Action":"output","Package":"go.temporal.io/server/tools/gomad3/deterministicio","Test":"TestPortableAdapterSourcePreservation/pebble/vfs/default_linux.go/missing_anchor","Output":"=== RUN   TestPortableAdapterSourcePreservation/pebble/vfs/default_linux.go/missing_anchor\n","OutputType":"frame"}
{"Time":"2026-10-08T18:11:02.04583772Z","Action":"output","Package":"go.temporal.io/server/tools/gomad3/deterministicio","Test":"TestPortableAdapterSourcePreservation/pebble/vfs/default_linux.go/missing_anchor","Output":"--- PASS: TestPortableAdapterSourcePreservation/pebble/vfs/default_linux.go/missing_anchor (0.00s)\n","OutputType":"frame"}
{"Time":"2026-10-08T18:11:02.045860137Z","Action":"pass","Package":"go.temporal.io/server/tools/gomad3/deterministicio","Test":"TestPortableAdapterSourcePreservation/pebble/vfs/default_linux.go/missing_anchor","Elapsed":0}
{"Time":"2026-10-08T18:11:02.045902887Z","Action":"run","Package":"go.temporal.io/server/tools/gomad3/deterministicio","Test":"TestPortableAdapterSourcePreservation/pebble/vfs/default_linux.go/ambiguous_anchor"}
{"Time":"2026-10-08T18:11:02.045924012Z","Action":"output","Package":"go.temporal.io/server/tools/gomad3/deterministicio","Test":"TestPortableAdapterSourcePreservation/pebble/vfs/default_linux.go/ambiguous_anchor","Output":"=== RUN   TestPortableAdapterSourcePreservation/pebble/vfs/default_linux.go/ambiguous_anchor\n","OutputType":"frame"}
{"Time":"2026-10-08T18:11:02.045949887Z","Action":"output","Package":"go.temporal.io/server/tools/gomad3/deterministicio","Test":"TestPortableAdapterSourcePreservation/pebble/vfs/default_linux.go/ambiguous_anchor","Output":"--- PASS: TestPortableAdapterSourcePreservation/pebble/vfs/default_linux.go/ambiguous_anchor (0.00s)\n","OutputType":"frame"}
{"Time":"2026-10-08T18:11:02.045971512Z","Action":"pass","Package":"go.temporal.io/server/tools/gomad3/deterministicio","Test":"TestPortableAdapterSourcePreservation/pebble/vfs/default_linux.go/ambiguous_anchor","Elapsed":0}
{"Time":"2026-10-08T18:11:02.045993887Z","Action":"run","Package":"go.temporal.io/server/tools/gomad3/deterministicio","Test":"TestPortableAdapterSourcePreservation/pebble/vfs/default_linux.go/replacement_drift"}
{"Time":"2026-10-08T18:11:02.046023095Z","Action":"output","Package":"go.temporal.io/server/tools/gomad3/deterministicio","Test":"TestPortableAdapterSourcePreservation/pebble/vfs/default_linux.go/replacement_drift","Output":"=== RUN   TestPortableAdapterSourcePreservation/pebble/vfs/default_linux.go/replacement_drift\n","OutputType":"frame"}
{"Time":"2026-10-08T18:11:02.046061053Z","Action":"output","Package":"go.temporal.io/server/tools/gomad3/deterministicio","Test":"TestPortableAdapterSourcePreservation/pebble/vfs/default_linux.go/replacement_drift","Output":"--- PASS: TestPortableAdapterSourcePreservation/pebble/vfs/default_linux.go/replacement_drift (0.00s)\n","OutputType":"frame"}
{"Time":"2026-10-08T18:11:02.046090845Z","Action":"pass","Package":"go.temporal.io/server/tools/gomad3/deterministicio","Test":"TestPortableAdapterSourcePreservation/pebble/vfs/default_linux.go/replacement_drift","Elapsed":0}
{"Time":"2026-10-08T18:11:02.046113303Z","Action":"output","Package":"go.temporal.io/server/tools/gomad3/deterministicio","Test":"TestPortableAdapterSourcePreservation/pebble/vfs/default_linux.go","Output":"--- PASS: TestPortableAdapterSourcePreservation/pebble/vfs/default_linux.go (0.00s)\n","OutputType":"frame"}
{"Time":"2026-10-08T18:11:02.046171637Z","Action":"pass","Package":"go.temporal.io/server/tools/gomad3/deterministicio","Test":"TestPortableAdapterSourcePreservation/pebble/vfs/default_linux.go","Elapsed":0}
{"Time":"2026-10-08T18:11:02.600841762Z","Action":"output","Package":"go.temporal.io/server/tools/gomad3/deterministicio","Test":"TestPortableAdapterSourcePreservation/pebble","Output":"--- PASS: TestPortableAdapterSourcePreservation/pebble (1.46s)\n","OutputType":"frame"}
{"Time":"2026-10-08T18:11:02.600926095Z","Action":"pass","Package":"go.temporal.io/server/tools/gomad3/deterministicio","Test":"TestPortableAdapterSourcePreservation/pebble","Elapsed":1.46}
{"Time":"2026-10-08T18:11:02.600951179Z","Action":"run","Package":"go.temporal.io/server/tools/gomad3/deterministicio","Test":"TestPortableAdapterSourcePreservation/cactusstatsd"}
{"Time":"2026-10-08T18:11:02.600989012Z","Action":"output","Package":"go.temporal.io/server/tools/gomad3/deterministicio","Test":"TestPortableAdapterSourcePreservation/cactusstatsd","Output":"=== RUN   TestPortableAdapterSourcePreservation/cactusstatsd\n","OutputType":"frame"}
{"Time":"2026-10-08T18:11:02.73931522Z","Action":"run","Package":"go.temporal.io/server/tools/gomad3/deterministicio","Test":"TestPortableAdapterSourcePreservation/cactusstatsd/statsd/sender.go"}
{"Time":"2026-10-08T18:11:02.739378595Z","Action":"output","Package":"go.temporal.io/server/tools/gomad3/deterministicio","Test":"TestPortableAdapterSourcePreservation/cactusstatsd/statsd/sender.go","Output":"=== RUN   TestPortableAdapterSourcePreservation/cactusstatsd/statsd/sender.go\n","OutputType":"frame"}
{"Time":"2026-10-08T18:11:02.739530595Z","Action":"run","Package":"go.temporal.io/server/tools/gomad3/deterministicio","Test":"TestPortableAdapterSourcePreservation/cactusstatsd/statsd/sender.go/source_drift"}
{"Time":"2026-10-08T18:11:02.739562512Z","Action":"output","Package":"go.temporal.io/server/tools/gomad3/deterministicio","Test":"TestPortableAdapterSourcePreservation/cactusstatsd/statsd/sender.go/source_drift","Output":"=== RUN   TestPortableAdapterSourcePreservation/cactusstatsd/statsd/sender.go/source_drift\n","OutputType":"frame"}
{"Time":"2026-10-08T18:11:02.739587554Z","Action":"output","Package":"go.temporal.io/server/tools/gomad3/deterministicio","Test":"TestPortableAdapterSourcePreservation/cactusstatsd/statsd/sender.go/source_drift","Output":"--- PASS: TestPortableAdapterSourcePreservation/cactusstatsd/statsd/sender.go/source_drift (0.00s)\n","OutputType":"frame"}
{"Time":"2026-10-08T18:11:02.739607095Z","Action":"pass","Package":"go.temporal.io/server/tools/gomad3/deterministicio","Test":"TestPortableAdapterSourcePreservation/cactusstatsd/statsd/sender.go/source_drift","Elapsed":0}
{"Time":"2026-10-08T18:11:02.739624512Z","Action":"run","Package":"go.temporal.io/server/tools/gomad3/deterministicio","Test":"TestPortableAdapterSourcePreservation/cactusstatsd/statsd/sender.go/missing_anchor"}
{"Time":"2026-10-08T18:11:02.73964247Z","Action":"output","Package":"go.temporal.io/server/tools/gomad3/deterministicio","Test":"TestPortableAdapterSourcePreservation/cactusstatsd/statsd/sender.go/missing_anchor","Output":"=== RUN   TestPortableAdapterSourcePreservation/cactusstatsd/statsd/sender.go/missing_anchor\n","OutputType":"frame"}
{"Time":"2026-10-08T18:11:02.73967547Z","Action":"output","Package":"go.temporal.io/server/tools/gomad3/deterministicio","Test":"TestPortableAdapterSourcePreservation/cactusstatsd/statsd/sender.go/missing_anchor","Output":"--- PASS: TestPortableAdapterSourcePreservation/cactusstatsd/statsd/sender.go/missing_anchor (0.00s)\n","OutputType":"frame"}
{"Time":"2026-10-08T18:11:02.739721512Z","Action":"pass","Package":"go.temporal.io/server/tools/gomad3/deterministicio","Test":"TestPortableAdapterSourcePreservation/cactusstatsd/statsd/sender.go/missing_anchor","Elapsed":0}
{"Time":"2026-10-08T18:11:02.739745637Z","Action":"run","Package":"go.temporal.io/server/tools/gomad3/deterministicio","Test":"TestPortableAdapterSourcePreservation/cactusstatsd/statsd/sender.go/ambiguous_anchor"}
{"Time":"2026-10-08T18:11:02.73976047Z","Action":"output","Package":"go.temporal.io/server/tools/gomad3/deterministicio","Test":"TestPortableAdapterSourcePreservation/cactusstatsd/statsd/sender.go/ambiguous_anchor","Output":"=== RUN   TestPortableAdapterSourcePreservation/cactusstatsd/statsd/sender.go/ambiguous_anchor\n","OutputType":"frame"}
{"Time":"2026-10-08T18:11:02.739781845Z","Action":"output","Package":"go.temporal.io/server/tools/gomad3/deterministicio","Test":"TestPortableAdapterSourcePreservation/cactusstatsd/statsd/sender.go/ambiguous_anchor","Output":"--- PASS: TestPortableAdapterSourcePreservation/cactusstatsd/statsd/sender.go/ambiguous_anchor (0.00s)\n","OutputType":"frame"}
{"Time":"2026-10-08T18:11:02.739817554Z","Action":"pass","Package":"go.temporal.io/server/tools/gomad3/deterministicio","Test":"TestPortableAdapterSourcePreservation/cactusstatsd/statsd/sender.go/ambiguous_anchor","Elapsed":0}
{"Time":"2026-10-08T18:11:02.739839762Z","Action":"run","Package":"go.temporal.io/server/tools/gomad3/deterministicio","Test":"TestPortableAdapterSourcePreservation/cactusstatsd/statsd/sender.go/replacement_drift"}
{"Time":"2026-10-08T18:11:02.739853887Z","Action":"output","Package":"go.temporal.io/server/tools/gomad3/deterministicio","Test":"TestPortableAdapterSourcePreservation/cactusstatsd/statsd/sender.go/replacement_drift","Output":"=== RUN   TestPortableAdapterSourcePreservation/cactusstatsd/statsd/sender.go/replacement_drift\n","OutputType":"frame"}
{"Time":"2026-10-08T18:11:02.73986797Z","Action":"output","Package":"go.temporal.io/server/tools/gomad3/deterministicio","Test":"TestPortableAdapterSourcePreservation/cactusstatsd/statsd/sender.go/replacement_drift","Output":"--- PASS: TestPortableAdapterSourcePreservation/cactusstatsd/statsd/sender.go/replacement_drift (0.00s)\n","OutputType":"frame"}
{"Time":"2026-10-08T18:11:02.739881095Z","Action":"pass","Package":"go.temporal.io/server/tools/gomad3/deterministicio","Test":"TestPortableAdapterSourcePreservation/cactusstatsd/statsd/sender.go/replacement_drift","Elapsed":0}
{"Time":"2026-10-08T18:11:02.739894679Z","Action":"output","Package":"go.temporal.io/server/tools/gomad3/deterministicio","Test":"TestPortableAdapterSourcePreservation/cactusstatsd/statsd/sender.go","Output":"--- PASS: TestPortableAdapterSourcePreservation/cactusstatsd/statsd/sender.go (0.00s)\n","OutputType":"frame"}
{"Time":"2026-10-08T18:11:02.739908929Z","Action":"pass","Package":"go.temporal.io/server/tools/gomad3/deterministicio","Test":"TestPortableAdapterSourcePreservation/cactusstatsd/statsd/sender.go","Elapsed":0}
{"Time":"2026-10-08T18:11:02.739928595Z","Action":"run","Package":"go.temporal.io/server/tools/gomad3/deterministicio","Test":"TestPortableAdapterSourcePreservation/cactusstatsd/statsd/sender_resolving.go"}
{"Time":"2026-10-08T18:11:02.739945054Z","Action":"output","Package":"go.temporal.io/server/tools/gomad3/deterministicio","Test":"TestPortableAdapterSourcePreservation/cactusstatsd/statsd/sender_resolving.go","Output":"=== RUN   TestPortableAdapterSourcePreservation/cactusstatsd/statsd/sender_resolving.go\n","OutputType":"frame"}
{"Time":"2026-10-08T18:11:02.739961095Z","Action":"run","Package":"go.temporal.io/server/tools/gomad3/deterministicio","Test":"TestPortableAdapterSourcePreservation/cactusstatsd/statsd/sender_resolving.go/source_drift"}
{"Time":"2026-10-08T18:11:02.739975304Z","Action":"output","Package":"go.temporal.io/server/tools/gomad3/deterministicio","Test":"TestPortableAdapterSourcePreservation/cactusstatsd/statsd/sender_resolving.go/source_drift","Output":"=== RUN   TestPortableAdapterSourcePreservation/cactusstatsd/statsd/sender_resolving.go/source_drift\n","OutputType":"frame"}
{"Time":"2026-10-08T18:11:02.739996095Z","Action":"output","Package":"go.temporal.io/server/tools/gomad3/deterministicio","Test":"TestPortableAdapterSourcePreservation/cactusstatsd/statsd/sender_resolving.go/source_drift","Output":"--- PASS: TestPortableAdapterSourcePreservation/cactusstatsd/statsd/sender_resolving.go/source_drift (0.00s)\n","OutputType":"frame"}
{"Time":"2026-10-08T18:11:02.74001197Z","Action":"pass","Package":"go.temporal.io/server/tools/gomad3/deterministicio","Test":"TestPortableAdapterSourcePreservation/cactusstatsd/statsd/sender_resolving.go/source_drift","Elapsed":0}
{"Time":"2026-10-08T18:11:02.740026845Z","Action":"run","Package":"go.temporal.io/server/tools/gomad3/deterministicio","Test":"TestPortableAdapterSourcePreservation/cactusstatsd/statsd/sender_resolving.go/missing_anchor"}
{"Time":"2026-10-08T18:11:02.740043137Z","Action":"output","Package":"go.temporal.io/server/tools/gomad3/deterministicio","Test":"TestPortableAdapterSourcePreservation/cactusstatsd/statsd/sender_resolving.go/missing_anchor","Output":"=== RUN   TestPortableAdapterSourcePreservation/cactusstatsd/statsd/sender_resolving.go/missing_anchor\n","OutputType":"frame"}
{"Time":"2026-10-08T18:11:02.740057304Z","Action":"output","Package":"go.temporal.io/server/tools/gomad3/deterministicio","Test":"TestPortableAdapterSourcePreservation/cactusstatsd/statsd/sender_resolving.go/missing_anchor","Output":"--- PASS: TestPortableAdapterSourcePreservation/cactusstatsd/statsd/sender_resolving.go/missing_anchor (0.00s)\n","OutputType":"frame"}
{"Time":"2026-10-08T18:11:02.74007547Z","Action":"pass","Package":"go.temporal.io/server/tools/gomad3/deterministicio","Test":"TestPortableAdapterSourcePreservation/cactusstatsd/statsd/sender_resolving.go/missing_anchor","Elapsed":0}
{"Time":"2026-10-08T18:11:02.74009497Z","Action":"run","Package":"go.temporal.io/server/tools/gomad3/deterministicio","Test":"TestPortableAdapterSourcePreservation/cactusstatsd/statsd/sender_resolving.go/ambiguous_anchor"}
{"Time":"2026-10-08T18:11:02.740112137Z","Action":"output","Package":"go.temporal.io/server/tools/gomad3/deterministicio","Test":"TestPortableAdapterSourcePreservation/cactusstatsd/statsd/sender_resolving.go/ambiguous_anchor","Output":"=== RUN   TestPortableAdapterSourcePreservation/cactusstatsd/statsd/sender_resolving.go/ambiguous_anchor\n","OutputType":"frame"}
{"Time":"2026-10-08T18:11:02.740135512Z","Action":"output","Package":"go.temporal.io/server/tools/gomad3/deterministicio","Test":"TestPortableAdapterSourcePreservation/cactusstatsd/statsd/sender_resolving.go/ambiguous_anchor","Output":"--- PASS: TestPortableAdapterSourcePreservation/cactusstatsd/statsd/sender_resolving.go/ambiguous_anchor (0.00s)\n","OutputType":"frame"}
{"Time":"2026-10-08T18:11:02.740156262Z","Action":"pass","Package":"go.temporal.io/server/tools/gomad3/deterministicio","Test":"TestPortableAdapterSourcePreservation/cactusstatsd/statsd/sender_resolving.go/ambiguous_anchor","Elapsed":0}
{"Time":"2026-10-08T18:11:02.740178095Z","Action":"run","Package":"go.temporal.io/server/tools/gomad3/deterministicio","Test":"TestPortableAdapterSourcePreservation/cactusstatsd/statsd/sender_resolving.go/replacement_drift"}
{"Time":"2026-10-08T18:11:02.74019097Z","Action":"output","Package":"go.temporal.io/server/tools/gomad3/deterministicio","Test":"TestPortableAdapterSourcePreservation/cactusstatsd/statsd/sender_resolving.go/replacement_drift","Output":"=== RUN   TestPortableAdapterSourcePreservation/cactusstatsd/statsd/sender_resolving.go/replacement_drift\n","OutputType":"frame"}
{"Time":"2026-10-08T18:11:02.74021347Z","Action":"output","Package":"go.temporal.io/server/tools/gomad3/deterministicio","Test":"TestPortableAdapterSourcePreservation/cactusstatsd/statsd/sender_resolving.go/replacement_drift","Output":"--- PASS: TestPortableAdapterSourcePreservation/cactusstatsd/statsd/sender_resolving.go/replacement_drift (0.00s)\n","OutputType":"frame"}
{"Time":"2026-10-08T18:11:02.740226179Z","Action":"pass","Package":"go.temporal.io/server/tools/gomad3/deterministicio","Test":"TestPortableAdapterSourcePreservation/cactusstatsd/statsd/sender_resolving.go/replacement_drift","Elapsed":0}
{"Time":"2026-10-08T18:11:02.740242845Z","Action":"output","Package":"go.temporal.io/server/tools/gomad3/deterministicio","Test":"TestPortableAdapterSourcePreservation/cactusstatsd/statsd/sender_resolving.go","Output":"--- PASS: TestPortableAdapterSourcePreservation/cactusstatsd/statsd/sender_resolving.go (0.00s)\n","OutputType":"frame"}
{"Time":"2026-10-08T18:11:02.740258845Z","Action":"pass","Package":"go.temporal.io/server/tools/gomad3/deterministicio","Test":"TestPortableAdapterSourcePreservation/cactusstatsd/statsd/sender_resolving.go","Elapsed":0}
{"Time":"2026-10-08T18:11:02.752237345Z","Action":"output","Package":"go.temporal.io/server/tools/gomad3/deterministicio","Test":"TestPortableAdapterSourcePreservation/cactusstatsd","Output":"--- PASS: TestPortableAdapterSourcePreservation/cactusstatsd (0.15s)\n","OutputType":"frame"}
{"Time":"2026-10-08T18:11:02.752272679Z","Action":"pass","Package":"go.temporal.io/server/tools/gomad3/deterministicio","Test":"TestPortableAdapterSourcePreservation/cactusstatsd","Elapsed":0.15}
{"Time":"2026-10-08T18:11:02.752288554Z","Action":"run","Package":"go.temporal.io/server/tools/gomad3/deterministicio","Test":"TestPortableAdapterSourcePreservation/memberlist"}
{"Time":"2026-10-08T18:11:02.752299679Z","Action":"output","Package":"go.temporal.io/server/tools/gomad3/deterministicio","Test":"TestPortableAdapterSourcePreservation/memberlist","Output":"=== RUN   TestPortableAdapterSourcePreservation/memberlist\n","OutputType":"frame"}
{"Time":"2026-10-08T18:11:02.778740595Z","Action":"run","Package":"go.temporal.io/server/tools/gomad3/deterministicio","Test":"TestPortableAdapterSourcePreservation/memberlist/net_transport.go"}
{"Time":"2026-10-08T18:11:02.778775387Z","Action":"output","Package":"go.temporal.io/server/tools/gomad3/deterministicio","Test":"TestPortableAdapterSourcePreservation/memberlist/net_transport.go","Output":"=== RUN   TestPortableAdapterSourcePreservation/memberlist/net_transport.go\n","OutputType":"frame"}
{"Time":"2026-10-08T18:11:02.779172387Z","Action":"run","Package":"go.temporal.io/server/tools/gomad3/deterministicio","Test":"TestPortableAdapterSourcePreservation/memberlist/net_transport.go/source_drift"}
{"Time":"2026-10-08T18:11:02.779185887Z","Action":"output","Package":"go.temporal.io/server/tools/gomad3/deterministicio","Test":"TestPortableAdapterSourcePreservation/memberlist/net_transport.go/source_drift","Output":"=== RUN   TestPortableAdapterSourcePreservation/memberlist/net_transport.go/source_drift\n","OutputType":"frame"}
{"Time":"2026-10-08T18:11:02.779205387Z","Action":"output","Package":"go.temporal.io/server/tools/gomad3/deterministicio","Test":"TestPortableAdapterSourcePreservation/memberlist/net_transport.go/source_drift","Output":"--- PASS: TestPortableAdapterSourcePreservation/memberlist/net_transport.go/source_drift (0.00s)\n","OutputType":"frame"}
{"Time":"2026-10-08T18:11:02.77921597Z","Action":"pass","Package":"go.temporal.io/server/tools/gomad3/deterministicio","Test":"TestPortableAdapterSourcePreservation/memberlist/net_transport.go/source_drift","Elapsed":0}
{"Time":"2026-10-08T18:11:02.779229262Z","Action":"run","Package":"go.temporal.io/server/tools/gomad3/deterministicio","Test":"TestPortableAdapterSourcePreservation/memberlist/net_transport.go/missing_anchor"}
{"Time":"2026-10-08T18:11:02.779239345Z","Action":"output","Package":"go.temporal.io/server/tools/gomad3/deterministicio","Test":"TestPortableAdapterSourcePreservation/memberlist/net_transport.go/missing_anchor","Output":"=== RUN   TestPortableAdapterSourcePreservation/memberlist/net_transport.go/missing_anchor\n","OutputType":"frame"}
{"Time":"2026-10-08T18:11:02.77925047Z","Action":"output","Package":"go.temporal.io/server/tools/gomad3/deterministicio","Test":"TestPortableAdapterSourcePreservation/memberlist/net_transport.go/missing_anchor","Output":"--- PASS: TestPortableAdapterSourcePreservation/memberlist/net_transport.go/missing_anchor (0.00s)\n","OutputType":"frame"}
{"Time":"2026-10-08T18:11:02.779280012Z","Action":"pass","Package":"go.temporal.io/server/tools/gomad3/deterministicio","Test":"TestPortableAdapterSourcePreservation/memberlist/net_transport.go/missing_anchor","Elapsed":0}
{"Time":"2026-10-08T18:11:02.779291512Z","Action":"run","Package":"go.temporal.io/server/tools/gomad3/deterministicio","Test":"TestPortableAdapterSourcePreservation/memberlist/net_transport.go/ambiguous_anchor"}
{"Time":"2026-10-08T18:11:02.77930147Z","Action":"output","Package":"go.temporal.io/server/tools/gomad3/deterministicio","Test":"TestPortableAdapterSourcePreservation/memberlist/net_transport.go/ambiguous_anchor","Output":"=== RUN   TestPortableAdapterSourcePreservation/memberlist/net_transport.go/ambiguous_anchor\n","OutputType":"frame"}
{"Time":"2026-10-08T18:11:02.77931222Z","Action":"output","Package":"go.temporal.io/server/tools/gomad3/deterministicio","Test":"TestPortableAdapterSourcePreservation/memberlist/net_transport.go/ambiguous_anchor","Output":"--- PASS: TestPortableAdapterSourcePreservation/memberlist/net_transport.go/ambiguous_anchor (0.00s)\n","OutputType":"frame"}
{"Time":"2026-10-08T18:11:02.77932097Z","Action":"pass","Package":"go.temporal.io/server/tools/gomad3/deterministicio","Test":"TestPortableAdapterSourcePreservation/memberlist/net_transport.go/ambiguous_anchor","Elapsed":0}
{"Time":"2026-10-08T18:11:02.779331179Z","Action":"run","Package":"go.temporal.io/server/tools/gomad3/deterministicio","Test":"TestPortableAdapterSourcePreservation/memberlist/net_transport.go/replacement_drift"}
{"Time":"2026-10-08T18:11:02.779341762Z","Action":"output","Package":"go.temporal.io/server/tools/gomad3/deterministicio","Test":"TestPortableAdapterSourcePreservation/memberlist/net_transport.go/replacement_drift","Output":"=== RUN   TestPortableAdapterSourcePreservation/memberlist/net_transport.go/replacement_drift\n","OutputType":"frame"}
{"Time":"2026-10-08T18:11:02.779355012Z","Action":"output","Package":"go.temporal.io/server/tools/gomad3/deterministicio","Test":"TestPortableAdapterSourcePreservation/memberlist/net_transport.go/replacement_drift","Output":"--- PASS: TestPortableAdapterSourcePreservation/memberlist/net_transport.go/replacement_drift (0.00s)\n","OutputType":"frame"}
{"Time":"2026-10-08T18:11:02.779374595Z","Action":"pass","Package":"go.temporal.io/server/tools/gomad3/deterministicio","Test":"TestPortableAdapterSourcePreservation/memberlist/net_transport.go/replacement_drift","Elapsed":0}
{"Time":"2026-10-08T18:11:02.779387804Z","Action":"output","Package":"go.temporal.io/server/tools/gomad3/deterministicio","Test":"TestPortableAdapterSourcePreservation/memberlist/net_transport.go","Output":"--- PASS: TestPortableAdapterSourcePreservation/memberlist/net_transport.go (0.00s)\n","OutputType":"frame"}
{"Time":"2026-10-08T18:11:02.779398762Z","Action":"pass","Package":"go.temporal.io/server/tools/gomad3/deterministicio","Test":"TestPortableAdapterSourcePreservation/memberlist/net_transport.go","Elapsed":0}
{"Time":"2026-10-08T18:11:02.798748137Z","Action":"output","Package":"go.temporal.io/server/tools/gomad3/deterministicio","Test":"TestPortableAdapterSourcePreservation/memberlist","Output":"--- PASS: TestPortableAdapterSourcePreservation/memberlist (0.05s)\n","OutputType":"frame"}
{"Time":"2026-10-08T18:11:02.798793637Z","Action":"pass","Package":"go.temporal.io/server/tools/gomad3/deterministicio","Test":"TestPortableAdapterSourcePreservation/memberlist","Elapsed":0.05}
{"Time":"2026-10-08T18:11:02.79880997Z","Action":"run","Package":"go.temporal.io/server/tools/gomad3/deterministicio","Test":"TestPortableAdapterSourcePreservation/sentry"}
{"Time":"2026-10-08T18:11:02.79882272Z","Action":"output","Package":"go.temporal.io/server/tools/gomad3/deterministicio","Test":"TestPortableAdapterSourcePreservation/sentry","Output":"=== RUN   TestPortableAdapterSourcePreservation/sentry\n","OutputType":"frame"}
{"Time":"2026-10-08T18:11:02.896986637Z","Action":"run","Package":"go.temporal.io/server/tools/gomad3/deterministicio","Test":"TestPortableAdapterSourcePreservation/sentry/util.go"}
{"Time":"2026-10-08T18:11:02.897031971Z","Action":"output","Package":"go.temporal.io/server/tools/gomad3/deterministicio","Test":"TestPortableAdapterSourcePreservation/sentry/util.go","Output":"=== RUN   TestPortableAdapterSourcePreservation/sentry/util.go\n","OutputType":"frame"}
{"Time":"2026-10-08T18:11:02.897344012Z","Action":"run","Package":"go.temporal.io/server/tools/gomad3/deterministicio","Test":"TestPortableAdapterSourcePreservation/sentry/util.go/source_drift"}
{"Time":"2026-10-08T18:11:02.897369054Z","Action":"output","Package":"go.temporal.io/server/tools/gomad3/deterministicio","Test":"TestPortableAdapterSourcePreservation/sentry/util.go/source_drift","Output":"=== RUN   TestPortableAdapterSourcePreservation/sentry/util.go/source_drift\n","OutputType":"frame"}
{"Time":"2026-10-08T18:11:02.897394471Z","Action":"output","Package":"go.temporal.io/server/tools/gomad3/deterministicio","Test":"TestPortableAdapterSourcePreservation/sentry/util.go/source_drift","Output":"--- PASS: TestPortableAdapterSourcePreservation/sentry/util.go/source_drift (0.00s)\n","OutputType":"frame"}
{"Time":"2026-10-08T18:11:02.897416096Z","Action":"pass","Package":"go.temporal.io/server/tools/gomad3/deterministicio","Test":"TestPortableAdapterSourcePreservation/sentry/util.go/source_drift","Elapsed":0}
{"Time":"2026-10-08T18:11:02.897432804Z","Action":"run","Package":"go.temporal.io/server/tools/gomad3/deterministicio","Test":"TestPortableAdapterSourcePreservation/sentry/util.go/missing_anchor"}
{"Time":"2026-10-08T18:11:02.897447929Z","Action":"output","Package":"go.temporal.io/server/tools/gomad3/deterministicio","Test":"TestPortableAdapterSourcePreservation/sentry/util.go/missing_anchor","Output":"=== RUN   TestPortableAdapterSourcePreservation/sentry/util.go/missing_anchor\n","OutputType":"frame"}
{"Time":"2026-10-08T18:11:02.897464429Z","Action":"output","Package":"go.temporal.io/server/tools/gomad3/deterministicio","Test":"TestPortableAdapterSourcePreservation/sentry/util.go/missing_anchor","Output":"--- PASS: TestPortableAdapterSourcePreservation/sentry/util.go/missing_anchor (0.00s)\n","OutputType":"frame"}
{"Time":"2026-10-08T18:11:02.897490262Z","Action":"pass","Package":"go.temporal.io/server/tools/gomad3/deterministicio","Test":"TestPortableAdapterSourcePreservation/sentry/util.go/missing_anchor","Elapsed":0}
{"Time":"2026-10-08T18:11:02.897517762Z","Action":"run","Package":"go.temporal.io/server/tools/gomad3/deterministicio","Test":"TestPortableAdapterSourcePreservation/sentry/util.go/ambiguous_anchor"}
{"Time":"2026-10-08T18:11:02.897535012Z","Action":"output","Package":"go.temporal.io/server/tools/gomad3/deterministicio","Test":"TestPortableAdapterSourcePreservation/sentry/util.go/ambiguous_anchor","Output":"=== RUN   TestPortableAdapterSourcePreservation/sentry/util.go/ambiguous_anchor\n","OutputType":"frame"}
{"Time":"2026-10-08T18:11:02.897550221Z","Action":"output","Package":"go.temporal.io/server/tools/gomad3/deterministicio","Test":"TestPortableAdapterSourcePreservation/sentry/util.go/ambiguous_anchor","Output":"--- PASS: TestPortableAdapterSourcePreservation/sentry/util.go/ambiguous_anchor (0.00s)\n","OutputType":"frame"}
{"Time":"2026-10-08T18:11:02.897563304Z","Action":"pass","Package":"go.temporal.io/server/tools/gomad3/deterministicio","Test":"TestPortableAdapterSourcePreservation/sentry/util.go/ambiguous_anchor","Elapsed":0}
{"Time":"2026-10-08T18:11:02.897574387Z","Action":"run","Package":"go.temporal.io/server/tools/gomad3/deterministicio","Test":"TestPortableAdapterSourcePreservation/sentry/util.go/replacement_drift"}
{"Time":"2026-10-08T18:11:02.897590429Z","Action":"output","Package":"go.temporal.io/server/tools/gomad3/deterministicio","Test":"TestPortableAdapterSourcePreservation/sentry/util.go/replacement_drift","Output":"=== RUN   TestPortableAdapterSourcePreservation/sentry/util.go/replacement_drift\n","OutputType":"frame"}
{"Time":"2026-10-08T18:11:02.897608887Z","Action":"output","Package":"go.temporal.io/server/tools/gomad3/deterministicio","Test":"TestPortableAdapterSourcePreservation/sentry/util.go/replacement_drift","Output":"--- PASS: TestPortableAdapterSourcePreservation/sentry/util.go/replacement_drift (0.00s)\n","OutputType":"frame"}
{"Time":"2026-10-08T18:11:02.897624637Z","Action":"pass","Package":"go.temporal.io/server/tools/gomad3/deterministicio","Test":"TestPortableAdapterSourcePreservation/sentry/util.go/replacement_drift","Elapsed":0}
{"Time":"2026-10-08T18:11:02.897641846Z","Action":"output","Package":"go.temporal.io/server/tools/gomad3/deterministicio","Test":"TestPortableAdapterSourcePreservation/sentry/util.go","Output":"--- PASS: TestPortableAdapterSourcePreservation/sentry/util.go (0.00s)\n","OutputType":"frame"}
{"Time":"2026-10-08T18:11:02.897663387Z","Action":"pass","Package":"go.temporal.io/server/tools/gomad3/deterministicio","Test":"TestPortableAdapterSourcePreservation/sentry/util.go","Elapsed":0}
{"Time":"2026-10-08T18:11:02.977478762Z","Action":"output","Package":"go.temporal.io/server/tools/gomad3/deterministicio","Test":"TestPortableAdapterSourcePreservation/sentry","Output":"--- PASS: TestPortableAdapterSourcePreservation/sentry (0.18s)\n","OutputType":"frame"}
{"Time":"2026-10-08T18:11:02.977531012Z","Action":"pass","Package":"go.temporal.io/server/tools/gomad3/deterministicio","Test":"TestPortableAdapterSourcePreservation/sentry","Elapsed":0.18}
{"Time":"2026-10-08T18:11:02.977564679Z","Action":"run","Package":"go.temporal.io/server/tools/gomad3/deterministicio","Test":"TestPortableAdapterSourcePreservation/hashicorp-metrics"}
{"Time":"2026-10-08T18:11:02.977608554Z","Action":"output","Package":"go.temporal.io/server/tools/gomad3/deterministicio","Test":"TestPortableAdapterSourcePreservation/hashicorp-metrics","Output":"=== RUN   TestPortableAdapterSourcePreservation/hashicorp-metrics\n","OutputType":"frame"}
{"Time":"2026-10-08T18:11:03.028585387Z","Action":"run","Package":"go.temporal.io/server/tools/gomad3/deterministicio","Test":"TestPortableAdapterSourcePreservation/hashicorp-metrics/inmem_signal.go"}
{"Time":"2026-10-08T18:11:03.028690554Z","Action":"output","Package":"go.temporal.io/server/tools/gomad3/deterministicio","Test":"TestPortableAdapterSourcePreservation/hashicorp-metrics/inmem_signal.go","Output":"=== RUN   TestPortableAdapterSourcePreservation/hashicorp-metrics/inmem_signal.go\n","OutputType":"frame"}
{"Time":"2026-10-08T18:11:03.028772887Z","Action":"run","Package":"go.temporal.io/server/tools/gomad3/deterministicio","Test":"TestPortableAdapterSourcePreservation/hashicorp-metrics/inmem_signal.go/source_drift"}
{"Time":"2026-10-08T18:11:03.029174262Z","Action":"output","Package":"go.temporal.io/server/tools/gomad3/deterministicio","Test":"TestPortableAdapterSourcePreservation/hashicorp-metrics/inmem_signal.go/source_drift","Output":"=== RUN   TestPortableAdapterSourcePreservation/hashicorp-metrics/inmem_signal.go/source_drift\n","OutputType":"frame"}
{"Time":"2026-10-08T18:11:03.029221512Z","Action":"output","Package":"go.temporal.io/server/tools/gomad3/deterministicio","Test":"TestPortableAdapterSourcePreservation/hashicorp-metrics/inmem_signal.go/source_drift","Output":"--- PASS: TestPortableAdapterSourcePreservation/hashicorp-metrics/inmem_signal.go/source_drift (0.00s)\n","OutputType":"frame"}
{"Time":"2026-10-08T18:11:03.029292721Z","Action":"pass","Package":"go.temporal.io/server/tools/gomad3/deterministicio","Test":"TestPortableAdapterSourcePreservation/hashicorp-metrics/inmem_signal.go/source_drift","Elapsed":0}
{"Time":"2026-10-08T18:11:03.029391096Z","Action":"run","Package":"go.temporal.io/server/tools/gomad3/deterministicio","Test":"TestPortableAdapterSourcePreservation/hashicorp-metrics/inmem_signal.go/missing_anchor"}
{"Time":"2026-10-08T18:11:03.029441054Z","Action":"output","Package":"go.temporal.io/server/tools/gomad3/deterministicio","Test":"TestPortableAdapterSourcePreservation/hashicorp-metrics/inmem_signal.go/missing_anchor","Output":"=== RUN   TestPortableAdapterSourcePreservation/hashicorp-metrics/inmem_signal.go/missing_anchor\n","OutputType":"frame"}
{"Time":"2026-10-08T18:11:03.029494596Z","Action":"output","Package":"go.temporal.io/server/tools/gomad3/deterministicio","Test":"TestPortableAdapterSourcePreservation/hashicorp-metrics/inmem_signal.go/missing_anchor","Output":"--- PASS: TestPortableAdapterSourcePreservation/hashicorp-metrics/inmem_signal.go/missing_anchor (0.00s)\n","OutputType":"frame"}
{"Time":"2026-10-08T18:11:03.029568512Z","Action":"pass","Package":"go.temporal.io/server/tools/gomad3/deterministicio","Test":"TestPortableAdapterSourcePreservation/hashicorp-metrics/inmem_signal.go/missing_anchor","Elapsed":0}
{"Time":"2026-10-08T18:11:03.029623637Z","Action":"run","Package":"go.temporal.io/server/tools/gomad3/deterministicio","Test":"TestPortableAdapterSourcePreservation/hashicorp-metrics/inmem_signal.go/ambiguous_anchor"}
{"Time":"2026-10-08T18:11:03.029644471Z","Action":"output","Package":"go.temporal.io/server/tools/gomad3/deterministicio","Test":"TestPortableAdapterSourcePreservation/hashicorp-metrics/inmem_signal.go/ambiguous_anchor","Output":"=== RUN   TestPortableAdapterSourcePreservation/hashicorp-metrics/inmem_signal.go/ambiguous_anchor\n","OutputType":"frame"}
{"Time":"2026-10-08T18:11:03.029685637Z","Action":"output","Package":"go.temporal.io/server/tools/gomad3/deterministicio","Test":"TestPortableAdapterSourcePreservation/hashicorp-metrics/inmem_signal.go/ambiguous_anchor","Output":"--- PASS: TestPortableAdapterSourcePreservation/hashicorp-metrics/inmem_signal.go/ambiguous_anchor (0.00s)\n","OutputType":"frame"}
{"Time":"2026-10-08T18:11:03.029715512Z","Action":"pass","Package":"go.temporal.io/server/tools/gomad3/deterministicio","Test":"TestPortableAdapterSourcePreservation/hashicorp-metrics/inmem_signal.go/ambiguous_anchor","Elapsed":0}
{"Time":"2026-10-08T18:11:03.029836096Z","Action":"run","Package":"go.temporal.io/server/tools/gomad3/deterministicio","Test":"TestPortableAdapterSourcePreservation/hashicorp-metrics/inmem_signal.go/replacement_drift"}
{"Time":"2026-10-08T18:11:03.029863304Z","Action":"output","Package":"go.temporal.io/server/tools/gomad3/deterministicio","Test":"TestPortableAdapterSourcePreservation/hashicorp-metrics/inmem_signal.go/replacement_drift","Output":"=== RUN   TestPortableAdapterSourcePreservation/hashicorp-metrics/inmem_signal.go/replacement_drift\n","OutputType":"frame"}
{"Time":"2026-10-08T18:11:03.029909137Z","Action":"output","Package":"go.temporal.io/server/tools/gomad3/deterministicio","Test":"TestPortableAdapterSourcePreservation/hashicorp-metrics/inmem_signal.go/replacement_drift","Output":"--- PASS: TestPortableAdapterSourcePreservation/hashicorp-metrics/inmem_signal.go/replacement_drift (0.00s)\n","OutputType":"frame"}
{"Time":"2026-10-08T18:11:03.029946679Z","Action":"pass","Package":"go.temporal.io/server/tools/gomad3/deterministicio","Test":"TestPortableAdapterSourcePreservation/hashicorp-metrics/inmem_signal.go/replacement_drift","Elapsed":0}
{"Time":"2026-10-08T18:11:03.029976887Z","Action":"output","Package":"go.temporal.io/server/tools/gomad3/deterministicio","Test":"TestPortableAdapterSourcePreservation/hashicorp-metrics/inmem_signal.go","Output":"--- PASS: TestPortableAdapterSourcePreservation/hashicorp-metrics/inmem_signal.go (0.00s)\n","OutputType":"frame"}
{"Time":"2026-10-08T18:11:03.030006429Z","Action":"pass","Package":"go.temporal.io/server/tools/gomad3/deterministicio","Test":"TestPortableAdapterSourcePreservation/hashicorp-metrics/inmem_signal.go","Elapsed":0}
{"Time":"2026-10-08T18:11:03.126305721Z","Action":"output","Package":"go.temporal.io/server/tools/gomad3/deterministicio","Test":"TestPortableAdapterSourcePreservation/hashicorp-metrics","Output":"--- PASS: TestPortableAdapterSourcePreservation/hashicorp-metrics (0.15s)\n","OutputType":"frame"}
{"Time":"2026-10-08T18:11:03.126368762Z","Action":"pass","Package":"go.temporal.io/server/tools/gomad3/deterministicio","Test":"TestPortableAdapterSourcePreservation/hashicorp-metrics","Elapsed":0.15}
{"Time":"2026-10-08T18:11:03.126407096Z","Action":"run","Package":"go.temporal.io/server/tools/gomad3/deterministicio","Test":"TestPortableAdapterSourcePreservation/fx"}
{"Time":"2026-10-08T18:11:03.126427429Z","Action":"output","Package":"go.temporal.io/server/tools/gomad3/deterministicio","Test":"TestPortableAdapterSourcePreservation/fx","Output":"=== RUN   TestPortableAdapterSourcePreservation/fx\n","OutputType":"frame"}
{"Time":"2026-10-08T18:11:03.247130887Z","Action":"output","Package":"go.temporal.io/server/tools/gomad3/deterministicio","Test":"TestPortableAdapterSourcePreservation/fx","Output":"--- PASS: TestPortableAdapterSourcePreservation/fx (0.12s)\n","OutputType":"frame"}
{"Time":"2026-10-08T18:11:03.247193471Z","Action":"pass","Package":"go.temporal.io/server/tools/gomad3/deterministicio","Test":"TestPortableAdapterSourcePreservation/fx","Elapsed":0.12}
{"Time":"2026-10-08T18:11:03.247216804Z","Action":"run","Package":"go.temporal.io/server/tools/gomad3/deterministicio","Test":"TestPortableAdapterSourcePreservation/temporal-sdk"}
{"Time":"2026-10-08T18:11:03.247243054Z","Action":"output","Package":"go.temporal.io/server/tools/gomad3/deterministicio","Test":"TestPortableAdapterSourcePreservation/temporal-sdk","Output":"=== RUN   TestPortableAdapterSourcePreservation/temporal-sdk\n","OutputType":"frame"}
{"Time":"2026-10-08T18:11:03.464701054Z","Action":"output","Package":"go.temporal.io/server/tools/gomad3/deterministicio","Test":"TestPortableAdapterSourcePreservation/temporal-sdk","Output":"--- PASS: TestPortableAdapterSourcePreservation/temporal-sdk (0.22s)\n","OutputType":"frame"}
{"Time":"2026-10-08T18:11:03.464758262Z","Action":"pass","Package":"go.temporal.io/server/tools/gomad3/deterministicio","Test":"TestPortableAdapterSourcePreservation/temporal-sdk","Elapsed":0.22}
{"Time":"2026-10-08T18:11:03.464795637Z","Action":"run","Package":"go.temporal.io/server/tools/gomad3/deterministicio","Test":"TestPortableAdapterSourcePreservation/otel-sdk"}
{"Time":"2026-10-08T18:11:03.464822929Z","Action":"output","Package":"go.temporal.io/server/tools/gomad3/deterministicio","Test":"TestPortableAdapterSourcePreservation/otel-sdk","Output":"=== RUN   TestPortableAdapterSourcePreservation/otel-sdk\n","OutputType":"frame"}
{"Time":"2026-10-08T18:11:03.601239554Z","Action":"output","Package":"go.temporal.io/server/tools/gomad3/deterministicio","Test":"TestPortableAdapterSourcePreservation/otel-sdk","Output":"--- PASS: TestPortableAdapterSourcePreservation/otel-sdk (0.14s)\n","OutputType":"frame"}
{"Time":"2026-10-08T18:11:03.601321804Z","Action":"pass","Package":"go.temporal.io/server/tools/gomad3/deterministicio","Test":"TestPortableAdapterSourcePreservation/otel-sdk","Elapsed":0.14}
{"Time":"2026-10-08T18:11:03.601346554Z","Action":"run","Package":"go.temporal.io/server/tools/gomad3/deterministicio","Test":"TestPortableAdapterSourcePreservation/go-sockaddr"}
{"Time":"2026-10-08T18:11:03.601367513Z","Action":"output","Package":"go.temporal.io/server/tools/gomad3/deterministicio","Test":"TestPortableAdapterSourcePreservation/go-sockaddr","Output":"=== RUN   TestPortableAdapterSourcePreservation/go-sockaddr\n","OutputType":"frame"}
{"Time":"2026-10-08T18:11:03.729326471Z","Action":"output","Package":"go.temporal.io/server/tools/gomad3/deterministicio","Test":"TestPortableAdapterSourcePreservation/go-sockaddr","Output":"--- PASS: TestPortableAdapterSourcePreservation/go-sockaddr (0.13s)\n","OutputType":"frame"}
{"Time":"2026-10-08T18:11:03.729387888Z","Action":"pass","Package":"go.temporal.io/server/tools/gomad3/deterministicio","Test":"TestPortableAdapterSourcePreservation/go-sockaddr","Elapsed":0.13}
{"Time":"2026-10-08T18:11:03.729426304Z","Action":"output","Package":"go.temporal.io/server/tools/gomad3/deterministicio","Test":"TestPortableAdapterSourcePreservation","Output":"--- PASS: TestPortableAdapterSourcePreservation (2.98s)\n","OutputType":"frame"}
{"Time":"2026-10-08T18:11:03.729445513Z","Action":"pass","Package":"go.temporal.io/server/tools/gomad3/deterministicio","Test":"TestPortableAdapterSourcePreservation","Elapsed":2.98}
{"Time":"2026-10-08T18:11:03.729467429Z","Action":"run","Package":"go.temporal.io/server/tools/gomad3/deterministicio","Test":"TestPortableAdapterPreparedSourcePins"}
{"Time":"2026-10-08T18:11:03.729502013Z","Action":"output","Package":"go.temporal.io/server/tools/gomad3/deterministicio","Test":"TestPortableAdapterPreparedSourcePins","Output":"=== RUN   TestPortableAdapterPreparedSourcePins\n","OutputType":"frame"}
{"Time":"2026-10-08T18:11:03.731542554Z","Action":"run","Package":"go.temporal.io/server/tools/gomad3/deterministicio","Test":"TestPortableAdapterPreparedSourcePins/github.com/Masterminds/sprig/v3"}
{"Time":"2026-10-08T18:11:03.731576638Z","Action":"output","Package":"go.temporal.io/server/tools/gomad3/deterministicio","Test":"TestPortableAdapterPreparedSourcePins/github.com/Masterminds/sprig/v3","Output":"=== RUN   TestPortableAdapterPreparedSourcePins/github.com/Masterminds/sprig/v3\n","OutputType":"frame"}
{"Time":"2026-10-08T18:11:03.757247388Z","Action":"run","Package":"go.temporal.io/server/tools/gomad3/deterministicio","Test":"TestPortableAdapterPreparedSourcePins/github.com/Masterminds/sprig/v3/darwin/arm64"}
{"Time":"2026-10-08T18:11:03.757573221Z","Action":"output","Package":"go.temporal.io/server/tools/gomad3/deterministicio","Test":"TestPortableAdapterPreparedSourcePins/github.com/Masterminds/sprig/v3/darwin/arm64","Output":"=== RUN   TestPortableAdapterPreparedSourcePins/github.com/Masterminds/sprig/v3/darwin/arm64\n","OutputType":"frame"}
{"Time":"2026-10-08T18:11:03.772564179Z","Action":"output","Package":"go.temporal.io/server/tools/gomad3/deterministicio","Test":"TestPortableAdapterPreparedSourcePins/github.com/Masterminds/sprig/v3/darwin/arm64","Output":"--- PASS: TestPortableAdapterPreparedSourcePins/github.com/Masterminds/sprig/v3/darwin/arm64 (0.02s)\n","OutputType":"frame"}
{"Time":"2026-10-08T18:11:03.772603429Z","Action":"pass","Package":"go.temporal.io/server/tools/gomad3/deterministicio","Test":"TestPortableAdapterPreparedSourcePins/github.com/Masterminds/sprig/v3/darwin/arm64","Elapsed":0.02}
{"Time":"2026-10-08T18:11:03.772650929Z","Action":"run","Package":"go.temporal.io/server/tools/gomad3/deterministicio","Test":"TestPortableAdapterPreparedSourcePins/github.com/Masterminds/sprig/v3/linux/amd64"}
{"Time":"2026-10-08T18:11:03.772668763Z","Action":"output","Package":"go.temporal.io/server/tools/gomad3/deterministicio","Test":"TestPortableAdapterPreparedSourcePins/github.com/Masterminds/sprig/v3/linux/amd64","Output":"=== RUN   TestPortableAdapterPreparedSourcePins/github.com/Masterminds/sprig/v3/linux/amd64\n","OutputType":"frame"}
{"Time":"2026-10-08T18:11:03.782770846Z","Action":"output","Package":"go.temporal.io/server/tools/gomad3/deterministicio","Test":"TestPortableAdapterPreparedSourcePins/github.com/Masterminds/sprig/v3/linux/amd64","Output":"--- PASS: TestPortableAdapterPreparedSourcePins/github.com/Masterminds/sprig/v3/linux/amd64 (0.01s)\n","OutputType":"frame"}
{"Time":"2026-10-08T18:11:03.782807513Z","Action":"pass","Package":"go.temporal.io/server/tools/gomad3/deterministicio","Test":"TestPortableAdapterPreparedSourcePins/github.com/Masterminds/sprig/v3/linux/amd64","Elapsed":0.01}
{"Time":"2026-10-08T18:11:03.784408763Z","Action":"output","Package":"go.temporal.io/server/tools/gomad3/deterministicio","Test":"TestPortableAdapterPreparedSourcePins/github.com/Masterminds/sprig/v3","Output":"--- PASS: TestPortableAdapterPreparedSourcePins/github.com/Masterminds/sprig/v3 (0.05s)\n","OutputType":"frame"}
{"Time":"2026-10-08T18:11:03.784444513Z","Action":"pass","Package":"go.temporal.io/server/tools/gomad3/deterministicio","Test":"TestPortableAdapterPreparedSourcePins/github.com/Masterminds/sprig/v3","Elapsed":0.05}
{"Time":"2026-10-08T18:11:03.784467804Z","Action":"run","Package":"go.temporal.io/server/tools/gomad3/deterministicio","Test":"TestPortableAdapterPreparedSourcePins/github.com/cactus/go-statsd-client/v5"}
{"Time":"2026-10-08T18:11:03.784489263Z","Action":"output","Package":"go.temporal.io/server/tools/gomad3/deterministicio","Test":"TestPortableAdapterPreparedSourcePins/github.com/cactus/go-statsd-client/v5","Output":"=== RUN   TestPortableAdapterPreparedSourcePins/github.com/cactus/go-statsd-client/v5\n","OutputType":"frame"}
{"Time":"2026-10-08T18:11:03.799612138Z","Action":"run","Package":"go.temporal.io/server/tools/gomad3/deterministicio","Test":"TestPortableAdapterPreparedSourcePins/github.com/cactus/go-statsd-client/v5/darwin/arm64"}
{"Time":"2026-10-08T18:11:03.799642263Z","Action":"output","Package":"go.temporal.io/server/tools/gomad3/deterministicio","Test":"TestPortableAdapterPreparedSourcePins/github.com/cactus/go-statsd-client/v5/darwin/arm64","Output":"=== RUN   TestPortableAdapterPreparedSourcePins/github.com/cactus/go-statsd-client/v5/darwin/arm64\n","OutputType":"frame"}
{"Time":"2026-10-08T18:11:03.807255429Z","Action":"output","Package":"go.temporal.io/server/tools/gomad3/deterministicio","Test":"TestPortableAdapterPreparedSourcePins/github.com/cactus/go-statsd-client/v5/darwin/arm64","Output":"--- PASS: TestPortableAdapterPreparedSourcePins/github.com/cactus/go-statsd-client/v5/darwin/arm64 (0.01s)\n","OutputType":"frame"}
{"Time":"2026-10-08T18:11:03.807281638Z","Action":"pass","Package":"go.temporal.io/server/tools/gomad3/deterministicio","Test":"TestPortableAdapterPreparedSourcePins/github.com/cactus/go-statsd-client/v5/darwin/arm64","Elapsed":0.01}
{"Time":"2026-10-08T18:11:03.807306846Z","Action":"run","Package":"go.temporal.io/server/tools/gomad3/deterministicio","Test":"TestPortableAdapterPreparedSourcePins/github.com/cactus/go-statsd-client/v5/linux/amd64"}
{"Time":"2026-10-08T18:11:03.807318804Z","Action":"output","Package":"go.temporal.io/server/tools/gomad3/deterministicio","Test":"TestPortableAdapterPreparedSourcePins/github.com/cactus/go-statsd-client/v5/linux/amd64","Output":"=== RUN   TestPortableAdapterPreparedSourcePins/github.com/cactus/go-statsd-client/v5/linux/amd64\n","OutputType":"frame"}
{"Time":"2026-10-08T18:11:03.814291596Z","Action":"output","Package":"go.temporal.io/server/tools/gomad3/deterministicio","Test":"TestPortableAdapterPreparedSourcePins/github.com/cactus/go-statsd-client/v5/linux/amd64","Output":"--- PASS: TestPortableAdapterPreparedSourcePins/github.com/cactus/go-statsd-client/v5/linux/amd64 (0.01s)\n","OutputType":"frame"}
{"Time":"2026-10-08T18:11:03.814319679Z","Action":"pass","Package":"go.temporal.io/server/tools/gomad3/deterministicio","Test":"TestPortableAdapterPreparedSourcePins/github.com/cactus/go-statsd-client/v5/linux/amd64","Elapsed":0.01}
{"Time":"2026-10-08T18:11:03.815372013Z","Action":"output","Package":"go.temporal.io/server/tools/gomad3/deterministicio","Test":"TestPortableAdapterPreparedSourcePins/github.com/cactus/go-statsd-client/v5","Output":"--- PASS: TestPortableAdapterPreparedSourcePins/github.com/cactus/go-statsd-client/v5 (0.03s)\n","OutputType":"frame"}
{"Time":"2026-10-08T18:11:03.815405138Z","Action":"pass","Package":"go.temporal.io/server/tools/gomad3/deterministicio","Test":"TestPortableAdapterPreparedSourcePins/github.com/cactus/go-statsd-client/v5","Elapsed":0.03}
{"Time":"2026-10-08T18:11:03.815425804Z","Action":"run","Package":"go.temporal.io/server/tools/gomad3/deterministicio","Test":"TestPortableAdapterPreparedSourcePins/github.com/cockroachdb/pebble"}
{"Time":"2026-10-08T18:11:03.815447263Z","Action":"output","Package":"go.temporal.io/server/tools/gomad3/deterministicio","Test":"TestPortableAdapterPreparedSourcePins/github.com/cockroachdb/pebble","Output":"=== RUN   TestPortableAdapterPreparedSourcePins/github.com/cockroachdb/pebble\n","OutputType":"frame"}
{"Time":"2026-10-08T18:11:04.478323513Z","Action":"run","Package":"go.temporal.io/server/tools/gomad3/deterministicio","Test":"TestPortableAdapterPreparedSourcePins/github.com/cockroachdb/pebble/darwin/arm64"}
{"Time":"2026-10-08T18:11:04.478618471Z","Action":"output","Package":"go.temporal.io/server/tools/gomad3/deterministicio","Test":"TestPortableAdapterPreparedSourcePins/github.com/cockroachdb/pebble/darwin/arm64","Output":"=== RUN   TestPortableAdapterPreparedSourcePins/github.com/cockroachdb/pebble/darwin/arm64\n","OutputType":"frame"}
{"Time":"2026-10-08T18:11:04.488628055Z","Action":"output","Package":"go.temporal.io/server/tools/gomad3/deterministicio","Test":"TestPortableAdapterPreparedSourcePins/github.com/cockroachdb/pebble/darwin/arm64","Output":"--- PASS: TestPortableAdapterPreparedSourcePins/github.com/cockroachdb/pebble/darwin/arm64 (0.01s)\n","OutputType":"frame"}
{"Time":"2026-10-08T18:11:04.488665138Z","Action":"pass","Package":"go.temporal.io/server/tools/gomad3/deterministicio","Test":"TestPortableAdapterPreparedSourcePins/github.com/cockroachdb/pebble/darwin/arm64","Elapsed":0.01}
{"Time":"2026-10-08T18:11:04.488695971Z","Action":"run","Package":"go.temporal.io/server/tools/gomad3/deterministicio","Test":"TestPortableAdapterPreparedSourcePins/github.com/cockroachdb/pebble/linux/amd64"}
{"Time":"2026-10-08T18:11:04.48872293Z","Action":"output","Package":"go.temporal.io/server/tools/gomad3/deterministicio","Test":"TestPortableAdapterPreparedSourcePins/github.com/cockroachdb/pebble/linux/amd64","Output":"=== RUN   TestPortableAdapterPreparedSourcePins/github.com/cockroachdb/pebble/linux/amd64\n","OutputType":"frame"}
{"Time":"2026-10-08T18:11:04.496895138Z","Action":"output","Package":"go.temporal.io/server/tools/gomad3/deterministicio","Test":"TestPortableAdapterPreparedSourcePins/github.com/cockroachdb/pebble/linux/amd64","Output":"--- PASS: TestPortableAdapterPreparedSourcePins/github.com/cockroachdb/pebble/linux/amd64 (0.01s)\n","OutputType":"frame"}
{"Time":"2026-10-08T18:11:04.496925888Z","Action":"pass","Package":"go.temporal.io/server/tools/gomad3/deterministicio","Test":"TestPortableAdapterPreparedSourcePins/github.com/cockroachdb/pebble/linux/amd64","Elapsed":0.01}
{"Time":"2026-10-08T18:11:04.555645888Z","Action":"output","Package":"go.temporal.io/server/tools/gomad3/deterministicio","Test":"TestPortableAdapterPreparedSourcePins/github.com/cockroachdb/pebble","Output":"--- PASS: TestPortableAdapterPreparedSourcePins/github.com/cockroachdb/pebble (0.74s)\n","OutputType":"frame"}
{"Time":"2026-10-08T18:11:04.555741513Z","Action":"pass","Package":"go.temporal.io/server/tools/gomad3/deterministicio","Test":"TestPortableAdapterPreparedSourcePins/github.com/cockroachdb/pebble","Elapsed":0.74}
{"Time":"2026-10-08T18:11:04.555788471Z","Action":"run","Package":"go.temporal.io/server/tools/gomad3/deterministicio","Test":"TestPortableAdapterPreparedSourcePins/github.com/getsentry/sentry-go"}
{"Time":"2026-10-08T18:11:04.555820721Z","Action":"output","Package":"go.temporal.io/server/tools/gomad3/deterministicio","Test":"TestPortableAdapterPreparedSourcePins/github.com/getsentry/sentry-go","Output":"=== RUN   TestPortableAdapterPreparedSourcePins/github.com/getsentry/sentry-go\n","OutputType":"frame"}
{"Time":"2026-10-08T18:11:04.696673263Z","Action":"run","Package":"go.temporal.io/server/tools/gomad3/deterministicio","Test":"TestPortableAdapterPreparedSourcePins/github.com/getsentry/sentry-go/darwin/arm64"}
{"Time":"2026-10-08T18:11:04.696725263Z","Action":"output","Package":"go.temporal.io/server/tools/gomad3/deterministicio","Test":"TestPortableAdapterPreparedSourcePins/github.com/getsentry/sentry-go/darwin/arm64","Output":"=== RUN   TestPortableAdapterPreparedSourcePins/github.com/getsentry/sentry-go/darwin/arm64\n","OutputType":"frame"}
{"Time":"2026-10-08T18:11:04.710676346Z","Action":"output","Package":"go.temporal.io/server/tools/gomad3/deterministicio","Test":"TestPortableAdapterPreparedSourcePins/github.com/getsentry/sentry-go/darwin/arm64","Output":"--- PASS: TestPortableAdapterPreparedSourcePins/github.com/getsentry/sentry-go/darwin/arm64 (0.01s)\n","OutputType":"frame"}
{"Time":"2026-10-08T18:11:04.710712096Z","Action":"pass","Package":"go.temporal.io/server/tools/gomad3/deterministicio","Test":"TestPortableAdapterPreparedSourcePins/github.com/getsentry/sentry-go/darwin/arm64","Elapsed":0.01}
{"Time":"2026-10-08T18:11:04.710727638Z","Action":"run","Package":"go.temporal.io/server/tools/gomad3/deterministicio","Test":"TestPortableAdapterPreparedSourcePins/github.com/getsentry/sentry-go/linux/amd64"}
{"Time":"2026-10-08T18:11:04.710763096Z","Action":"output","Package":"go.temporal.io/server/tools/gomad3/deterministicio","Test":"TestPortableAdapterPreparedSourcePins/github.com/getsentry/sentry-go/linux/amd64","Output":"=== RUN   TestPortableAdapterPreparedSourcePins/github.com/getsentry/sentry-go/linux/amd64\n","OutputType":"frame"}
{"Time":"2026-10-08T18:11:04.723618596Z","Action":"output","Package":"go.temporal.io/server/tools/gomad3/deterministicio","Test":"TestPortableAdapterPreparedSourcePins/github.com/getsentry/sentry-go/linux/amd64","Output":"--- PASS: TestPortableAdapterPreparedSourcePins/github.com/getsentry/sentry-go/linux/amd64 (0.01s)\n","OutputType":"frame"}
{"Time":"2026-10-08T18:11:04.723659305Z","Action":"pass","Package":"go.temporal.io/server/tools/gomad3/deterministicio","Test":"TestPortableAdapterPreparedSourcePins/github.com/getsentry/sentry-go/linux/amd64","Elapsed":0.01}
{"Time":"2026-10-08T18:11:04.729040305Z","Action":"output","Package":"go.temporal.io/server/tools/gomad3/deterministicio","Test":"TestPortableAdapterPreparedSourcePins/github.com/getsentry/sentry-go","Output":"--- PASS: TestPortableAdapterPreparedSourcePins/github.com/getsentry/sentry-go (0.17s)\n","OutputType":"frame"}
{"Time":"2026-10-08T18:11:04.729079638Z","Action":"pass","Package":"go.temporal.io/server/tools/gomad3/deterministicio","Test":"TestPortableAdapterPreparedSourcePins/github.com/getsentry/sentry-go","Elapsed":0.17}
{"Time":"2026-10-08T18:11:04.729103263Z","Action":"run","Package":"go.temporal.io/server/tools/gomad3/deterministicio","Test":"TestPortableAdapterPreparedSourcePins/github.com/go-playground/validator/v10"}
{"Time":"2026-10-08T18:11:04.729125221Z","Action":"output","Package":"go.temporal.io/server/tools/gomad3/deterministicio","Test":"TestPortableAdapterPreparedSourcePins/github.com/go-playground/validator/v10","Output":"=== RUN   TestPortableAdapterPreparedSourcePins/github.com/go-playground/validator/v10\n","OutputType":"frame"}
{"Time":"2026-10-08T18:11:04.785631221Z","Action":"run","Package":"go.temporal.io/server/tools/gomad3/deterministicio","Test":"TestPortableAdapterPreparedSourcePins/github.com/go-playground/validator/v10/darwin/arm64"}
{"Time":"2026-10-08T18:11:04.785683221Z","Action":"output","Package":"go.temporal.io/server/tools/gomad3/deterministicio","Test":"TestPortableAdapterPreparedSourcePins/github.com/go-playground/validator/v10/darwin/arm64","Output":"=== RUN   TestPortableAdapterPreparedSourcePins/github.com/go-playground/validator/v10/darwin/arm64\n","OutputType":"frame"}
{"Time":"2026-10-08T18:11:04.796070263Z","Action":"output","Package":"go.temporal.io/server/tools/gomad3/deterministicio","Test":"TestPortableAdapterPreparedSourcePins/github.com/go-playground/validator/v10/darwin/arm64","Output":"--- PASS: TestPortableAdapterPreparedSourcePins/github.com/go-playground/validator/v10/darwin/arm64 (0.01s)\n","OutputType":"frame"}
{"Time":"2026-10-08T18:11:04.796101471Z","Action":"pass","Package":"go.temporal.io/server/tools/gomad3/deterministicio","Test":"TestPortableAdapterPreparedSourcePins/github.com/go-playground/validator/v10/darwin/arm64","Elapsed":0.01}
{"Time":"2026-10-08T18:11:04.79612143Z","Action":"run","Package":"go.temporal.io/server/tools/gomad3/deterministicio","Test":"TestPortableAdapterPreparedSourcePins/github.com/go-playground/validator/v10/linux/amd64"}
{"Time":"2026-10-08T18:11:04.796134096Z","Action":"output","Package":"go.temporal.io/server/tools/gomad3/deterministicio","Test":"TestPortableAdapterPreparedSourcePins/github.com/go-playground/validator/v10/linux/amd64","Output":"=== RUN   TestPortableAdapterPreparedSourcePins/github.com/go-playground/validator/v10/linux/amd64\n","OutputType":"frame"}
{"Time":"2026-10-08T18:11:04.804741805Z","Action":"output","Package":"go.temporal.io/server/tools/gomad3/deterministicio","Test":"TestPortableAdapterPreparedSourcePins/github.com/go-playground/validator/v10/linux/amd64","Output":"--- PASS: TestPortableAdapterPreparedSourcePins/github.com/go-playground/validator/v10/linux/amd64 (0.01s)\n","OutputType":"frame"}
{"Time":"2026-10-08T18:11:04.804781638Z","Action":"pass","Package":"go.temporal.io/server/tools/gomad3/deterministicio","Test":"TestPortableAdapterPreparedSourcePins/github.com/go-playground/validator/v10/linux/amd64","Elapsed":0.01}
{"Time":"2026-10-08T18:11:04.80742168Z","Action":"output","Package":"go.temporal.io/server/tools/gomad3/deterministicio","Test":"TestPortableAdapterPreparedSourcePins/github.com/go-playground/validator/v10","Output":"--- PASS: TestPortableAdapterPreparedSourcePins/github.com/go-playground/validator/v10 (0.08s)\n","OutputType":"frame"}
{"Time":"2026-10-08T18:11:04.807442971Z","Action":"pass","Package":"go.temporal.io/server/tools/gomad3/deterministicio","Test":"TestPortableAdapterPreparedSourcePins/github.com/go-playground/validator/v10","Elapsed":0.08}
{"Time":"2026-10-08T18:11:04.807458971Z","Action":"run","Package":"go.temporal.io/server/tools/gomad3/deterministicio","Test":"TestPortableAdapterPreparedSourcePins/github.com/hashicorp/go-metrics"}
{"Time":"2026-10-08T18:11:04.807470638Z","Action":"output","Package":"go.temporal.io/server/tools/gomad3/deterministicio","Test":"TestPortableAdapterPreparedSourcePins/github.com/hashicorp/go-metrics","Output":"=== RUN   TestPortableAdapterPreparedSourcePins/github.com/hashicorp/go-metrics\n","OutputType":"frame"}
{"Time":"2026-10-08T18:11:04.828799846Z","Action":"run","Package":"go.temporal.io/server/tools/gomad3/deterministicio","Test":"TestPortableAdapterPreparedSourcePins/github.com/hashicorp/go-metrics/darwin/arm64"}
{"Time":"2026-10-08T18:11:04.828828763Z","Action":"output","Package":"go.temporal.io/server/tools/gomad3/deterministicio","Test":"TestPortableAdapterPreparedSourcePins/github.com/hashicorp/go-metrics/darwin/arm64","Output":"=== RUN   TestPortableAdapterPreparedSourcePins/github.com/hashicorp/go-metrics/darwin/arm64\n","OutputType":"frame"}
{"Time":"2026-10-08T18:11:04.836224346Z","Action":"output","Package":"go.temporal.io/server/tools/gomad3/deterministicio","Test":"TestPortableAdapterPreparedSourcePins/github.com/hashicorp/go-metrics/darwin/arm64","Output":"--- PASS: TestPortableAdapterPreparedSourcePins/github.com/hashicorp/go-metrics/darwin/arm64 (0.01s)\n","OutputType":"frame"}
{"Time":"2026-10-08T18:11:04.836253013Z","Action":"pass","Package":"go.temporal.io/server/tools/gomad3/deterministicio","Test":"TestPortableAdapterPreparedSourcePins/github.com/hashicorp/go-metrics/darwin/arm64","Elapsed":0.01}
{"Time":"2026-10-08T18:11:04.836278263Z","Action":"run","Package":"go.temporal.io/server/tools/gomad3/deterministicio","Test":"TestPortableAdapterPreparedSourcePins/github.com/hashicorp/go-metrics/linux/amd64"}
{"Time":"2026-10-08T18:11:04.836293388Z","Action":"output","Package":"go.temporal.io/server/tools/gomad3/deterministicio","Test":"TestPortableAdapterPreparedSourcePins/github.com/hashicorp/go-metrics/linux/amd64","Output":"=== RUN   TestPortableAdapterPreparedSourcePins/github.com/hashicorp/go-metrics/linux/amd64\n","OutputType":"frame"}
{"Time":"2026-10-08T18:11:04.844045555Z","Action":"output","Package":"go.temporal.io/server/tools/gomad3/deterministicio","Test":"TestPortableAdapterPreparedSourcePins/github.com/hashicorp/go-metrics/linux/amd64","Output":"--- PASS: TestPortableAdapterPreparedSourcePins/github.com/hashicorp/go-metrics/linux/amd64 (0.01s)\n","OutputType":"frame"}
{"Time":"2026-10-08T18:11:04.844081055Z","Action":"pass","Package":"go.temporal.io/server/tools/gomad3/deterministicio","Test":"TestPortableAdapterPreparedSourcePins/github.com/hashicorp/go-metrics/linux/amd64","Elapsed":0.01}
{"Time":"2026-10-08T18:11:04.845270096Z","Action":"output","Package":"go.temporal.io/server/tools/gomad3/deterministicio","Test":"TestPortableAdapterPreparedSourcePins/github.com/hashicorp/go-metrics","Output":"--- PASS: TestPortableAdapterPreparedSourcePins/github.com/hashicorp/go-metrics (0.04s)\n","OutputType":"frame"}
{"Time":"2026-10-08T18:11:04.845295263Z","Action":"pass","Package":"go.temporal.io/server/tools/gomad3/deterministicio","Test":"TestPortableAdapterPreparedSourcePins/github.com/hashicorp/go-metrics","Elapsed":0.04}
{"Time":"2026-10-08T18:11:04.845316388Z","Action":"run","Package":"go.temporal.io/server/tools/gomad3/deterministicio","Test":"TestPortableAdapterPreparedSourcePins/github.com/hashicorp/go-sockaddr"}
{"Time":"2026-10-08T18:11:04.845346221Z","Action":"output","Package":"go.temporal.io/server/tools/gomad3/deterministicio","Test":"TestPortableAdapterPreparedSourcePins/github.com/hashicorp/go-sockaddr","Output":"=== RUN   TestPortableAdapterPreparedSourcePins/github.com/hashicorp/go-sockaddr\n","OutputType":"frame"}
{"Time":"2026-10-08T18:11:04.89641443Z","Action":"run","Package":"go.temporal.io/server/tools/gomad3/deterministicio","Test":"TestPortableAdapterPreparedSourcePins/github.com/hashicorp/go-sockaddr/darwin/arm64"}
{"Time":"2026-10-08T18:11:04.896453471Z","Action":"output","Package":"go.temporal.io/server/tools/gomad3/deterministicio","Test":"TestPortableAdapterPreparedSourcePins/github.com/hashicorp/go-sockaddr/darwin/arm64","Output":"=== RUN   TestPortableAdapterPreparedSourcePins/github.com/hashicorp/go-sockaddr/darwin/arm64\n","OutputType":"frame"}
{"Time":"2026-10-08T18:11:04.905365888Z","Action":"output","Package":"go.temporal.io/server/tools/gomad3/deterministicio","Test":"TestPortableAdapterPreparedSourcePins/github.com/hashicorp/go-sockaddr/darwin/arm64","Output":"--- PASS: TestPortableAdapterPreparedSourcePins/github.com/hashicorp/go-sockaddr/darwin/arm64 (0.01s)\n","OutputType":"frame"}
{"Time":"2026-10-08T18:11:04.905396138Z","Action":"pass","Package":"go.temporal.io/server/tools/gomad3/deterministicio","Test":"TestPortableAdapterPreparedSourcePins/github.com/hashicorp/go-sockaddr/darwin/arm64","Elapsed":0.01}
{"Time":"2026-10-08T18:11:04.905427888Z","Action":"run","Package":"go.temporal.io/server/tools/gomad3/deterministicio","Test":"TestPortableAdapterPreparedSourcePins/github.com/hashicorp/go-sockaddr/linux/amd64"}
{"Time":"2026-10-08T18:11:04.905451513Z","Action":"output","Package":"go.temporal.io/server/tools/gomad3/deterministicio","Test":"TestPortableAdapterPreparedSourcePins/github.com/hashicorp/go-sockaddr/linux/amd64","Output":"=== RUN   TestPortableAdapterPreparedSourcePins/github.com/hashicorp/go-sockaddr/linux/amd64\n","OutputType":"frame"}
{"Time":"2026-10-08T18:11:04.914586388Z","Action":"output","Package":"go.temporal.io/server/tools/gomad3/deterministicio","Test":"TestPortableAdapterPreparedSourcePins/github.com/hashicorp/go-sockaddr/linux/amd64","Output":"--- PASS: TestPortableAdapterPreparedSourcePins/github.com/hashicorp/go-sockaddr/linux/amd64 (0.01s)\n","OutputType":"frame"}
{"Time":"2026-10-08T18:11:04.914611513Z","Action":"pass","Package":"go.temporal.io/server/tools/gomad3/deterministicio","Test":"TestPortableAdapterPreparedSourcePins/github.com/hashicorp/go-sockaddr/linux/amd64","Elapsed":0.01}
{"Time":"2026-10-08T18:11:04.917586638Z","Action":"output","Package":"go.temporal.io/server/tools/gomad3/deterministicio","Test":"TestPortableAdapterPreparedSourcePins/github.com/hashicorp/go-sockaddr","Output":"--- PASS: TestPortableAdapterPreparedSourcePins/github.com/hashicorp/go-sockaddr (0.07s)\n","OutputType":"frame"}
{"Time":"2026-10-08T18:11:04.91760993Z","Action":"pass","Package":"go.temporal.io/server/tools/gomad3/deterministicio","Test":"TestPortableAdapterPreparedSourcePins/github.com/hashicorp/go-sockaddr","Elapsed":0.07}
{"Time":"2026-10-08T18:11:04.917633971Z","Action":"run","Package":"go.temporal.io/server/tools/gomad3/deterministicio","Test":"TestPortableAdapterPreparedSourcePins/github.com/hashicorp/memberlist"}
{"Time":"2026-10-08T18:11:04.917651138Z","Action":"output","Package":"go.temporal.io/server/tools/gomad3/deterministicio","Test":"TestPortableAdapterPreparedSourcePins/github.com/hashicorp/memberlist","Output":"=== RUN   TestPortableAdapterPreparedSourcePins/github.com/hashicorp/memberlist\n","OutputType":"frame"}
{"Time":"2026-10-08T18:11:04.942175638Z","Action":"run","Package":"go.temporal.io/server/tools/gomad3/deterministicio","Test":"TestPortableAdapterPreparedSourcePins/github.com/hashicorp/memberlist/darwin/arm64"}
{"Time":"2026-10-08T18:11:04.94220343Z","Action":"output","Package":"go.temporal.io/server/tools/gomad3/deterministicio","Test":"TestPortableAdapterPreparedSourcePins/github.com/hashicorp/memberlist/darwin/arm64","Output":"=== RUN   TestPortableAdapterPreparedSourcePins/github.com/hashicorp/memberlist/darwin/arm64\n","OutputType":"frame"}
{"Time":"2026-10-08T18:11:04.95409993Z","Action":"output","Package":"go.temporal.io/server/tools/gomad3/deterministicio","Test":"TestPortableAdapterPreparedSourcePins/github.com/hashicorp/memberlist/darwin/arm64","Output":"--- PASS: TestPortableAdapterPreparedSourcePins/github.com/hashicorp/memberlist/darwin/arm64 (0.01s)\n","OutputType":"frame"}
{"Time":"2026-10-08T18:11:04.954133471Z","Action":"pass","Package":"go.temporal.io/server/tools/gomad3/deterministicio","Test":"TestPortableAdapterPreparedSourcePins/github.com/hashicorp/memberlist/darwin/arm64","Elapsed":0.01}
{"Time":"2026-10-08T18:11:04.954152638Z","Action":"run","Package":"go.temporal.io/server/tools/gomad3/deterministicio","Test":"TestPortableAdapterPreparedSourcePins/github.com/hashicorp/memberlist/linux/amd64"}
{"Time":"2026-10-08T18:11:04.954166305Z","Action":"output","Package":"go.temporal.io/server/tools/gomad3/deterministicio","Test":"TestPortableAdapterPreparedSourcePins/github.com/hashicorp/memberlist/linux/amd64","Output":"=== RUN   TestPortableAdapterPreparedSourcePins/github.com/hashicorp/memberlist/linux/amd64\n","OutputType":"frame"}
{"Time":"2026-10-08T18:11:04.964019805Z","Action":"output","Package":"go.temporal.io/server/tools/gomad3/deterministicio","Test":"TestPortableAdapterPreparedSourcePins/github.com/hashicorp/memberlist/linux/amd64","Output":"--- PASS: TestPortableAdapterPreparedSourcePins/github.com/hashicorp/memberlist/linux/amd64 (0.01s)\n","OutputType":"frame"}
{"Time":"2026-10-08T18:11:04.964052221Z","Action":"pass","Package":"go.temporal.io/server/tools/gomad3/deterministicio","Test":"TestPortableAdapterPreparedSourcePins/github.com/hashicorp/memberlist/linux/amd64","Elapsed":0.01}
{"Time":"2026-10-08T18:11:04.965443097Z","Action":"output","Package":"go.temporal.io/server/tools/gomad3/deterministicio","Test":"TestPortableAdapterPreparedSourcePins/github.com/hashicorp/memberlist","Output":"--- PASS: TestPortableAdapterPreparedSourcePins/github.com/hashicorp/memberlist (0.05s)\n","OutputType":"frame"}
{"Time":"2026-10-08T18:11:04.965464138Z","Action":"pass","Package":"go.temporal.io/server/tools/gomad3/deterministicio","Test":"TestPortableAdapterPreparedSourcePins/github.com/hashicorp/memberlist","Elapsed":0.05}
{"Time":"2026-10-08T18:11:04.965482805Z","Action":"run","Package":"go.temporal.io/server/tools/gomad3/deterministicio","Test":"TestPortableAdapterPreparedSourcePins/go.opentelemetry.io/otel/sdk"}
{"Time":"2026-10-08T18:11:04.965494638Z","Action":"output","Package":"go.temporal.io/server/tools/gomad3/deterministicio","Test":"TestPortableAdapterPreparedSourcePins/go.opentelemetry.io/otel/sdk","Output":"=== RUN   TestPortableAdapterPreparedSourcePins/go.opentelemetry.io/otel/sdk\n","OutputType":"frame"}
{"Time":"2026-10-08T18:11:05.011444055Z","Action":"run","Package":"go.temporal.io/server/tools/gomad3/deterministicio","Test":"TestPortableAdapterPreparedSourcePins/go.opentelemetry.io/otel/sdk/darwin/arm64"}
{"Time":"2026-10-08T18:11:05.011481305Z","Action":"output","Package":"go.temporal.io/server/tools/gomad3/deterministicio","Test":"TestPortableAdapterPreparedSourcePins/go.opentelemetry.io/otel/sdk/darwin/arm64","Output":"=== RUN   TestPortableAdapterPreparedSourcePins/go.opentelemetry.io/otel/sdk/darwin/arm64\n","OutputType":"frame"}
{"Time":"2026-10-08T18:11:05.022091972Z","Action":"output","Package":"go.temporal.io/server/tools/gomad3/deterministicio","Test":"TestPortableAdapterPreparedSourcePins/go.opentelemetry.io/otel/sdk/darwin/arm64","Output":"--- PASS: TestPortableAdapterPreparedSourcePins/go.opentelemetry.io/otel/sdk/darwin/arm64 (0.01s)\n","OutputType":"frame"}
{"Time":"2026-10-08T18:11:05.022125763Z","Action":"pass","Package":"go.temporal.io/server/tools/gomad3/deterministicio","Test":"TestPortableAdapterPreparedSourcePins/go.opentelemetry.io/otel/sdk/darwin/arm64","Elapsed":0.01}
{"Time":"2026-10-08T18:11:05.02215793Z","Action":"run","Package":"go.temporal.io/server/tools/gomad3/deterministicio","Test":"TestPortableAdapterPreparedSourcePins/go.opentelemetry.io/otel/sdk/linux/amd64"}
{"Time":"2026-10-08T18:11:05.022168972Z","Action":"output","Package":"go.temporal.io/server/tools/gomad3/deterministicio","Test":"TestPortableAdapterPreparedSourcePins/go.opentelemetry.io/otel/sdk/linux/amd64","Output":"=== RUN   TestPortableAdapterPreparedSourcePins/go.opentelemetry.io/otel/sdk/linux/amd64\n","OutputType":"frame"}
{"Time":"2026-10-08T18:11:05.031118763Z","Action":"output","Package":"go.temporal.io/server/tools/gomad3/deterministicio","Test":"TestPortableAdapterPreparedSourcePins/go.opentelemetry.io/otel/sdk/linux/amd64","Output":"--- PASS: TestPortableAdapterPreparedSourcePins/go.opentelemetry.io/otel/sdk/linux/amd64 (0.01s)\n","OutputType":"frame"}
{"Time":"2026-10-08T18:11:05.031149263Z","Action":"pass","Package":"go.temporal.io/server/tools/gomad3/deterministicio","Test":"TestPortableAdapterPreparedSourcePins/go.opentelemetry.io/otel/sdk/linux/amd64","Elapsed":0.01}
{"Time":"2026-10-08T18:11:05.033365305Z","Action":"output","Package":"go.temporal.io/server/tools/gomad3/deterministicio","Test":"TestPortableAdapterPreparedSourcePins/go.opentelemetry.io/otel/sdk","Output":"--- PASS: TestPortableAdapterPreparedSourcePins/go.opentelemetry.io/otel/sdk (0.07s)\n","OutputType":"frame"}
{"Time":"2026-10-08T18:11:05.033392055Z","Action":"pass","Package":"go.temporal.io/server/tools/gomad3/deterministicio","Test":"TestPortableAdapterPreparedSourcePins/go.opentelemetry.io/otel/sdk","Elapsed":0.07}
{"Time":"2026-10-08T18:11:05.033412388Z","Action":"run","Package":"go.temporal.io/server/tools/gomad3/deterministicio","Test":"TestPortableAdapterPreparedSourcePins/go.temporal.io/sdk"}
{"Time":"2026-10-08T18:11:05.033424847Z","Action":"output","Package":"go.temporal.io/server/tools/gomad3/deterministicio","Test":"TestPortableAdapterPreparedSourcePins/go.temporal.io/sdk","Output":"=== RUN   TestPortableAdapterPreparedSourcePins/go.temporal.io/sdk\n","OutputType":"frame"}
{"Time":"2026-10-08T18:11:05.176465138Z","Action":"run","Package":"go.temporal.io/server/tools/gomad3/deterministicio","Test":"TestPortableAdapterPreparedSourcePins/go.temporal.io/sdk/darwin/arm64"}
{"Time":"2026-10-08T18:11:05.176533847Z","Action":"output","Package":"go.temporal.io/server/tools/gomad3/deterministicio","Test":"TestPortableAdapterPreparedSourcePins/go.temporal.io/sdk/darwin/arm64","Output":"=== RUN   TestPortableAdapterPreparedSourcePins/go.temporal.io/sdk/darwin/arm64\n","OutputType":"frame"}
{"Time":"2026-10-08T18:11:05.202279597Z","Action":"output","Package":"go.temporal.io/server/tools/gomad3/deterministicio","Test":"TestPortableAdapterPreparedSourcePins/go.temporal.io/sdk/darwin/arm64","Output":"--- PASS: TestPortableAdapterPreparedSourcePins/go.temporal.io/sdk/darwin/arm64 (0.03s)\n","OutputType":"frame"}
{"Time":"2026-10-08T18:11:05.202318597Z","Action":"pass","Package":"go.temporal.io/server/tools/gomad3/deterministicio","Test":"TestPortableAdapterPreparedSourcePins/go.temporal.io/sdk/darwin/arm64","Elapsed":0.03}
{"Time":"2026-10-08T18:11:05.202346347Z","Action":"run","Package":"go.temporal.io/server/tools/gomad3/deterministicio","Test":"TestPortableAdapterPreparedSourcePins/go.temporal.io/sdk/linux/amd64"}
{"Time":"2026-10-08T18:11:05.202371555Z","Action":"output","Package":"go.temporal.io/server/tools/gomad3/deterministicio","Test":"TestPortableAdapterPreparedSourcePins/go.temporal.io/sdk/linux/amd64","Output":"=== RUN   TestPortableAdapterPreparedSourcePins/go.temporal.io/sdk/linux/amd64\n","OutputType":"frame"}
{"Time":"2026-10-08T18:11:05.227285805Z","Action":"output","Package":"go.temporal.io/server/tools/gomad3/deterministicio","Test":"TestPortableAdapterPreparedSourcePins/go.temporal.io/sdk/linux/amd64","Output":"--- PASS: TestPortableAdapterPreparedSourcePins/go.temporal.io/sdk/linux/amd64 (0.02s)\n","OutputType":"frame"}
{"Time":"2026-10-08T18:11:05.227324013Z","Action":"pass","Package":"go.temporal.io/server/tools/gomad3/deterministicio","Test":"TestPortableAdapterPreparedSourcePins/go.temporal.io/sdk/linux/amd64","Elapsed":0.02}
{"Time":"2026-10-08T18:11:05.232693013Z","Action":"output","Package":"go.temporal.io/server/tools/gomad3/deterministicio","Test":"TestPortableAdapterPreparedSourcePins/go.temporal.io/sdk","Output":"--- PASS: TestPortableAdapterPreparedSourcePins/go.temporal.io/sdk (0.20s)\n","OutputType":"frame"}
{"Time":"2026-10-08T18:11:05.232720055Z","Action":"pass","Package":"go.temporal.io/server/tools/gomad3/deterministicio","Test":"TestPortableAdapterPreparedSourcePins/go.temporal.io/sdk","Elapsed":0.2}
{"Time":"2026-10-08T18:11:05.232735722Z","Action":"run","Package":"go.temporal.io/server/tools/gomad3/deterministicio","Test":"TestPortableAdapterPreparedSourcePins/go.uber.org/fx"}
{"Time":"2026-10-08T18:11:05.232748055Z","Action":"output","Package":"go.temporal.io/server/tools/gomad3/deterministicio","Test":"TestPortableAdapterPreparedSourcePins/go.uber.org/fx","Output":"=== RUN   TestPortableAdapterPreparedSourcePins/go.uber.org/fx\n","OutputType":"frame"}
{"Time":"2026-10-08T18:11:05.29182643Z","Action":"run","Package":"go.temporal.io/server/tools/gomad3/deterministicio","Test":"TestPortableAdapterPreparedSourcePins/go.uber.org/fx/darwin/arm64"}
{"Time":"2026-10-08T18:11:05.291868055Z","Action":"output","Package":"go.temporal.io/server/tools/gomad3/deterministicio","Test":"TestPortableAdapterPreparedSourcePins/go.uber.org/fx/darwin/arm64","Output":"=== RUN   TestPortableAdapterPreparedSourcePins/go.uber.org/fx/darwin/arm64\n","OutputType":"frame"}
{"Time":"2026-10-08T18:11:05.303127722Z","Action":"output","Package":"go.temporal.io/server/tools/gomad3/deterministicio","Test":"TestPortableAdapterPreparedSourcePins/go.uber.org/fx/darwin/arm64","Output":"--- PASS: TestPortableAdapterPreparedSourcePins/go.uber.org/fx/darwin/arm64 (0.01s)\n","OutputType":"frame"}
{"Time":"2026-10-08T18:11:05.303166805Z","Action":"pass","Package":"go.temporal.io/server/tools/gomad3/deterministicio","Test":"TestPortableAdapterPreparedSourcePins/go.uber.org/fx/darwin/arm64","Elapsed":0.01}
{"Time":"2026-10-08T18:11:05.303189263Z","Action":"run","Package":"go.temporal.io/server/tools/gomad3/deterministicio","Test":"TestPortableAdapterPreparedSourcePins/go.uber.org/fx/linux/amd64"}
{"Time":"2026-10-08T18:11:05.303199513Z","Action":"output","Package":"go.temporal.io/server/tools/gomad3/deterministicio","Test":"TestPortableAdapterPreparedSourcePins/go.uber.org/fx/linux/amd64","Output":"=== RUN   TestPortableAdapterPreparedSourcePins/go.uber.org/fx/linux/amd64\n","OutputType":"frame"}
{"Time":"2026-10-08T18:11:05.313529972Z","Action":"output","Package":"go.temporal.io/server/tools/gomad3/deterministicio","Test":"TestPortableAdapterPreparedSourcePins/go.uber.org/fx/linux/amd64","Output":"--- PASS: TestPortableAdapterPreparedSourcePins/go.uber.org/fx/linux/amd64 (0.01s)\n","OutputType":"frame"}
{"Time":"2026-10-08T18:11:05.31357043Z","Action":"pass","Package":"go.temporal.io/server/tools/gomad3/deterministicio","Test":"TestPortableAdapterPreparedSourcePins/go.uber.org/fx/linux/amd64","Elapsed":0.01}
{"Time":"2026-10-08T18:11:05.31581343Z","Action":"output","Package":"go.temporal.io/server/tools/gomad3/deterministicio","Test":"TestPortableAdapterPreparedSourcePins/go.uber.org/fx","Output":"--- PASS: TestPortableAdapterPreparedSourcePins/go.uber.org/fx (0.08s)\n","OutputType":"frame"}
{"Time":"2026-10-08T18:11:05.315843305Z","Action":"pass","Package":"go.temporal.io/server/tools/gomad3/deterministicio","Test":"TestPortableAdapterPreparedSourcePins/go.uber.org/fx","Elapsed":0.08}
{"Time":"2026-10-08T18:11:05.315865263Z","Action":"run","Package":"go.temporal.io/server/tools/gomad3/deterministicio","Test":"TestPortableAdapterPreparedSourcePins/golang.org/x/net"}
{"Time":"2026-10-08T18:11:05.315884097Z","Action":"output","Package":"go.temporal.io/server/tools/gomad3/deterministicio","Test":"TestPortableAdapterPreparedSourcePins/golang.org/x/net","Output":"=== RUN   TestPortableAdapterPreparedSourcePins/golang.org/x/net\n","OutputType":"frame"}
{"Time":"2026-10-08T18:11:05.716629264Z","Action":"run","Package":"go.temporal.io/server/tools/gomad3/deterministicio","Test":"TestPortableAdapterPreparedSourcePins/golang.org/x/net/darwin/arm64"}
{"Time":"2026-10-08T18:11:05.716707305Z","Action":"output","Package":"go.temporal.io/server/tools/gomad3/deterministicio","Test":"TestPortableAdapterPreparedSourcePins/golang.org/x/net/darwin/arm64","Output":"=== RUN   TestPortableAdapterPreparedSourcePins/golang.org/x/net/darwin/arm64\n","OutputType":"frame"}
{"Time":"2026-10-08T18:11:05.730299139Z","Action":"output","Package":"go.temporal.io/server/tools/gomad3/deterministicio","Test":"TestPortableAdapterPreparedSourcePins/golang.org/x/net/darwin/arm64","Output":"--- PASS: TestPortableAdapterPreparedSourcePins/golang.org/x/net/darwin/arm64 (0.01s)\n","OutputType":"frame"}
{"Time":"2026-10-08T18:11:05.730334264Z","Action":"pass","Package":"go.temporal.io/server/tools/gomad3/deterministicio","Test":"TestPortableAdapterPreparedSourcePins/golang.org/x/net/darwin/arm64","Elapsed":0.01}
{"Time":"2026-10-08T18:11:05.730371889Z","Action":"run","Package":"go.temporal.io/server/tools/gomad3/deterministicio","Test":"TestPortableAdapterPreparedSourcePins/golang.org/x/net/linux/amd64"}
{"Time":"2026-10-08T18:11:05.73039218Z","Action":"output","Package":"go.temporal.io/server/tools/gomad3/deterministicio","Test":"TestPortableAdapterPreparedSourcePins/golang.org/x/net/linux/amd64","Output":"=== RUN   TestPortableAdapterPreparedSourcePins/golang.org/x/net/linux/amd64\n","OutputType":"frame"}
{"Time":"2026-10-08T18:11:05.740832555Z","Action":"output","Package":"go.temporal.io/server/tools/gomad3/deterministicio","Test":"TestPortableAdapterPreparedSourcePins/golang.org/x/net/linux/amd64","Output":"--- PASS: TestPortableAdapterPreparedSourcePins/golang.org/x/net/linux/amd64 (0.01s)\n","OutputType":"frame"}
{"Time":"2026-10-08T18:11:05.740858764Z","Action":"pass","Package":"go.temporal.io/server/tools/gomad3/deterministicio","Test":"TestPortableAdapterPreparedSourcePins/golang.org/x/net/linux/amd64","Elapsed":0.01}
{"Time":"2026-10-08T18:11:05.760010889Z","Action":"output","Package":"go.temporal.io/server/tools/gomad3/deterministicio","Test":"TestPortableAdapterPreparedSourcePins/golang.org/x/net","Output":"--- PASS: TestPortableAdapterPreparedSourcePins/golang.org/x/net (0.44s)\n","OutputType":"frame"}
{"Time":"2026-10-08T18:11:05.760052139Z","Action":"pass","Package":"go.temporal.io/server/tools/gomad3/deterministicio","Test":"TestPortableAdapterPreparedSourcePins/golang.org/x/net","Elapsed":0.44}
{"Time":"2026-10-08T18:11:05.760076014Z","Action":"run","Package":"go.temporal.io/server/tools/gomad3/deterministicio","Test":"TestPortableAdapterPreparedSourcePins/google.golang.org/grpc"}
{"Time":"2026-10-08T18:11:05.760092555Z","Action":"output","Package":"go.temporal.io/server/tools/gomad3/deterministicio","Test":"TestPortableAdapterPreparedSourcePins/google.golang.org/grpc","Output":"=== RUN   TestPortableAdapterPreparedSourcePins/google.golang.org/grpc\n","OutputType":"frame"}
{"Time":"2026-10-08T18:11:06.328411514Z","Action":"run","Package":"go.temporal.io/server/tools/gomad3/deterministicio","Test":"TestPortableAdapterPreparedSourcePins/google.golang.org/grpc/darwin/arm64"}
{"Time":"2026-10-08T18:11:06.328465222Z","Action":"output","Package":"go.temporal.io/server/tools/gomad3/deterministicio","Test":"TestPortableAdapterPreparedSourcePins/google.golang.org/grpc/darwin/arm64","Output":"=== RUN   TestPortableAdapterPreparedSourcePins/google.golang.org/grpc/darwin/arm64\n","OutputType":"frame"}
{"Time":"2026-10-08T18:11:06.33556918Z","Action":"output","Package":"go.temporal.io/server/tools/gomad3/deterministicio","Test":"TestPortableAdapterPreparedSourcePins/google.golang.org/grpc/darwin/arm64","Output":"--- PASS: TestPortableAdapterPreparedSourcePins/google.golang.org/grpc/darwin/arm64 (0.01s)\n","OutputType":"frame"}
{"Time":"2026-10-08T18:11:06.335605264Z","Action":"pass","Package":"go.temporal.io/server/tools/gomad3/deterministicio","Test":"TestPortableAdapterPreparedSourcePins/google.golang.org/grpc/darwin/arm64","Elapsed":0.01}
{"Time":"2026-10-08T18:11:06.335633597Z","Action":"run","Package":"go.temporal.io/server/tools/gomad3/deterministicio","Test":"TestPortableAdapterPreparedSourcePins/google.golang.org/grpc/linux/amd64"}
{"Time":"2026-10-08T18:11:06.335661514Z","Action":"output","Package":"go.temporal.io/server/tools/gomad3/deterministicio","Test":"TestPortableAdapterPreparedSourcePins/google.golang.org/grpc/linux/amd64","Output":"=== RUN   TestPortableAdapterPreparedSourcePins/google.golang.org/grpc/linux/amd64\n","OutputType":"frame"}
{"Time":"2026-10-08T18:11:06.34208143Z","Action":"output","Package":"go.temporal.io/server/tools/gomad3/deterministicio","Test":"TestPortableAdapterPreparedSourcePins/google.golang.org/grpc/linux/amd64","Output":"--- PASS: TestPortableAdapterPreparedSourcePins/google.golang.org/grpc/linux/amd64 (0.01s)\n","OutputType":"frame"}
{"Time":"2026-10-08T18:11:06.342107347Z","Action":"pass","Package":"go.temporal.io/server/tools/gomad3/deterministicio","Test":"TestPortableAdapterPreparedSourcePins/google.golang.org/grpc/linux/amd64","Elapsed":0.01}
{"Time":"2026-10-08T18:11:06.372406597Z","Action":"output","Package":"go.temporal.io/server/tools/gomad3/deterministicio","Test":"TestPortableAdapterPreparedSourcePins/google.golang.org/grpc","Output":"--- PASS: TestPortableAdapterPreparedSourcePins/google.golang.org/grpc (0.61s)\n","OutputType":"frame"}
{"Time":"2026-10-08T18:11:06.372462264Z","Action":"pass","Package":"go.temporal.io/server/tools/gomad3/deterministicio","Test":"TestPortableAdapterPreparedSourcePins/google.golang.org/grpc","Elapsed":0.61}
{"Time":"2026-10-08T18:11:06.372484222Z","Action":"run","Package":"go.temporal.io/server/tools/gomad3/deterministicio","Test":"TestPortableAdapterPreparedSourcePins/modernc.org/libc"}
{"Time":"2026-10-08T18:11:06.372499847Z","Action":"output","Package":"go.temporal.io/server/tools/gomad3/deterministicio","Test":"TestPortableAdapterPreparedSourcePins/modernc.org/libc","Output":"=== RUN   TestPortableAdapterPreparedSourcePins/modernc.org/libc\n","OutputType":"frame"}
{"Time":"2026-10-08T18:11:08.538962473Z","Action":"run","Package":"go.temporal.io/server/tools/gomad3/deterministicio","Test":"TestPortableAdapterPreparedSourcePins/modernc.org/libc/darwin/arm64"}
{"Time":"2026-10-08T18:11:08.539039807Z","Action":"output","Package":"go.temporal.io/server/tools/gomad3/deterministicio","Test":"TestPortableAdapterPreparedSourcePins/modernc.org/libc/darwin/arm64","Output":"=== RUN   TestPortableAdapterPreparedSourcePins/modernc.org/libc/darwin/arm64\n","OutputType":"frame"}
{"Time":"2026-10-08T18:11:08.555201098Z","Action":"output","Package":"go.temporal.io/server/tools/gomad3/deterministicio","Test":"TestPortableAdapterPreparedSourcePins/modernc.org/libc/darwin/arm64","Output":"--- PASS: TestPortableAdapterPreparedSourcePins/modernc.org/libc/darwin/arm64 (0.02s)\n","OutputType":"frame"}
{"Time":"2026-10-08T18:11:08.555248307Z","Action":"pass","Package":"go.temporal.io/server/tools/gomad3/deterministicio","Test":"TestPortableAdapterPreparedSourcePins/modernc.org/libc/darwin/arm64","Elapsed":0.02}
{"Time":"2026-10-08T18:11:08.555275348Z","Action":"run","Package":"go.temporal.io/server/tools/gomad3/deterministicio","Test":"TestPortableAdapterPreparedSourcePins/modernc.org/libc/linux/amd64"}
{"Time":"2026-10-08T18:11:08.555301557Z","Action":"output","Package":"go.temporal.io/server/tools/gomad3/deterministicio","Test":"TestPortableAdapterPreparedSourcePins/modernc.org/libc/linux/amd64","Output":"=== RUN   TestPortableAdapterPreparedSourcePins/modernc.org/libc/linux/amd64\n","OutputType":"frame"}
{"Time":"2026-10-08T18:11:08.580595932Z","Action":"output","Package":"go.temporal.io/server/tools/gomad3/deterministicio","Test":"TestPortableAdapterPreparedSourcePins/modernc.org/libc/linux/amd64","Output":"--- PASS: TestPortableAdapterPreparedSourcePins/modernc.org/libc/linux/amd64 (0.03s)\n","OutputType":"frame"}
{"Time":"2026-10-08T18:11:08.580649807Z","Action":"pass","Package":"go.temporal.io/server/tools/gomad3/deterministicio","Test":"TestPortableAdapterPreparedSourcePins/modernc.org/libc/linux/amd64","Elapsed":0.03}
{"Time":"2026-10-08T18:11:08.68915414Z","Action":"output","Package":"go.temporal.io/server/tools/gomad3/deterministicio","Test":"TestPortableAdapterPreparedSourcePins/modernc.org/libc","Output":"--- PASS: TestPortableAdapterPreparedSourcePins/modernc.org/libc (2.32s)\n","OutputType":"frame"}
{"Time":"2026-10-08T18:11:08.689215057Z","Action":"pass","Package":"go.temporal.io/server/tools/gomad3/deterministicio","Test":"TestPortableAdapterPreparedSourcePins/modernc.org/libc","Elapsed":2.32}
{"Time":"2026-10-08T18:11:08.68924514Z","Action":"run","Package":"go.temporal.io/server/tools/gomad3/deterministicio","Test":"TestPortableAdapterPreparedSourcePins/modernc.org/memory"}
{"Time":"2026-10-08T18:11:08.689262265Z","Action":"output","Package":"go.temporal.io/server/tools/gomad3/deterministicio","Test":"TestPortableAdapterPreparedSourcePins/modernc.org/memory","Output":"=== RUN   TestPortableAdapterPreparedSourcePins/modernc.org/memory\n","OutputType":"frame"}
{"Time":"2026-10-08T18:11:08.888499682Z","Action":"run","Package":"go.temporal.io/server/tools/gomad3/deterministicio","Test":"TestPortableAdapterPreparedSourcePins/modernc.org/memory/darwin/arm64"}
{"Time":"2026-10-08T18:11:08.888545807Z","Action":"output","Package":"go.temporal.io/server/tools/gomad3/deterministicio","Test":"TestPortableAdapterPreparedSourcePins/modernc.org/memory/darwin/arm64","Output":"=== RUN   TestPortableAdapterPreparedSourcePins/modernc.org/memory/darwin/arm64\n","OutputType":"frame"}
{"Time":"2026-10-08T18:11:08.89670439Z","Action":"output","Package":"go.temporal.io/server/tools/gomad3/deterministicio","Test":"TestPortableAdapterPreparedSourcePins/modernc.org/memory/darwin/arm64","Output":"--- PASS: TestPortableAdapterPreparedSourcePins/modernc.org/memory/darwin/arm64 (0.01s)\n","OutputType":"frame"}
{"Time":"2026-10-08T18:11:08.896740015Z","Action":"pass","Package":"go.temporal.io/server/tools/gomad3/deterministicio","Test":"TestPortableAdapterPreparedSourcePins/modernc.org/memory/darwin/arm64","Elapsed":0.01}
{"Time":"2026-10-08T18:11:08.896762265Z","Action":"run","Package":"go.temporal.io/server/tools/gomad3/deterministicio","Test":"TestPortableAdapterPreparedSourcePins/modernc.org/memory/linux/amd64"}
{"Time":"2026-10-08T18:11:08.896772848Z","Action":"output","Package":"go.temporal.io/server/tools/gomad3/deterministicio","Test":"TestPortableAdapterPreparedSourcePins/modernc.org/memory/linux/amd64","Output":"=== RUN   TestPortableAdapterPreparedSourcePins/modernc.org/memory/linux/amd64\n","OutputType":"frame"}
{"Time":"2026-10-08T18:11:08.902023848Z","Action":"output","Package":"go.temporal.io/server/tools/gomad3/deterministicio","Test":"TestPortableAdapterPreparedSourcePins/modernc.org/memory/linux/amd64","Output":"--- PASS: TestPortableAdapterPreparedSourcePins/modernc.org/memory/linux/amd64 (0.01s)\n","OutputType":"frame"}
{"Time":"2026-10-08T18:11:08.902058307Z","Action":"pass","Package":"go.temporal.io/server/tools/gomad3/deterministicio","Test":"TestPortableAdapterPreparedSourcePins/modernc.org/memory/linux/amd64","Elapsed":0.01}
{"Time":"2026-10-08T18:11:08.902634682Z","Action":"output","Package":"go.temporal.io/server/tools/gomad3/deterministicio","Test":"TestPortableAdapterPreparedSourcePins/modernc.org/memory","Output":"--- PASS: TestPortableAdapterPreparedSourcePins/modernc.org/memory (0.21s)\n","OutputType":"frame"}
{"Time":"2026-10-08T18:11:08.902662807Z","Action":"pass","Package":"go.temporal.io/server/tools/gomad3/deterministicio","Test":"TestPortableAdapterPreparedSourcePins/modernc.org/memory","Elapsed":0.21}
{"Time":"2026-10-08T18:11:08.902686765Z","Action":"output","Package":"go.temporal.io/server/tools/gomad3/deterministicio","Test":"TestPortableAdapterPreparedSourcePins","Output":"    adapter_regenerate_portable_test.go:138: reproduced 30 exact source-set pins with stock go1.27.1\n"}
{"Time":"2026-10-08T18:11:08.90269814Z","Action":"output","Package":"go.temporal.io/server/tools/gomad3/deterministicio","Test":"TestPortableAdapterPreparedSourcePins","Output":"--- PASS: TestPortableAdapterPreparedSourcePins (5.17s)\n","OutputType":"frame"}
{"Time":"2026-10-08T18:11:08.902714432Z","Action":"pass","Package":"go.temporal.io/server/tools/gomad3/deterministicio","Test":"TestPortableAdapterPreparedSourcePins","Elapsed":5.17}
{"Time":"2026-10-08T18:11:08.902726848Z","Action":"run","Package":"go.temporal.io/server/tools/gomad3/deterministicio","Test":"TestPortableAdapterRegenerationSourceEdits"}
{"Time":"2026-10-08T18:11:08.902741515Z","Action":"output","Package":"go.temporal.io/server/tools/gomad3/deterministicio","Test":"TestPortableAdapterRegenerationSourceEdits","Output":"=== RUN   TestPortableAdapterRegenerationSourceEdits\n","OutputType":"frame"}
{"Time":"2026-10-08T18:11:08.902752723Z","Action":"run","Package":"go.temporal.io/server/tools/gomad3/deterministicio","Test":"TestPortableAdapterRegenerationSourceEdits/github.com/getsentry/sentry-go"}
{"Time":"2026-10-08T18:11:08.90276114Z","Action":"output","Package":"go.temporal.io/server/tools/gomad3/deterministicio","Test":"TestPortableAdapterRegenerationSourceEdits/github.com/getsentry/sentry-go","Output":"=== RUN   TestPortableAdapterRegenerationSourceEdits/github.com/getsentry/sentry-go\n","OutputType":"frame"}
{"Time":"2026-10-08T18:11:09.749852349Z","Action":"output","Package":"go.temporal.io/server/tools/gomad3/deterministicio","Test":"TestPortableAdapterRegenerationSourceEdits/github.com/getsentry/sentry-go","Output":"--- PASS: TestPortableAdapterRegenerationSourceEdits/github.com/getsentry/sentry-go (0.85s)\n","OutputType":"frame"}
{"Time":"2026-10-08T18:11:09.749915349Z","Action":"pass","Package":"go.temporal.io/server/tools/gomad3/deterministicio","Test":"TestPortableAdapterRegenerationSourceEdits/github.com/getsentry/sentry-go","Elapsed":0.85}
{"Time":"2026-10-08T18:11:09.749946224Z","Action":"run","Package":"go.temporal.io/server/tools/gomad3/deterministicio","Test":"TestPortableAdapterRegenerationSourceEdits/github.com/hashicorp/memberlist"}
{"Time":"2026-10-08T18:11:09.749980057Z","Action":"output","Package":"go.temporal.io/server/tools/gomad3/deterministicio","Test":"TestPortableAdapterRegenerationSourceEdits/github.com/hashicorp/memberlist","Output":"=== RUN   TestPortableAdapterRegenerationSourceEdits/github.com/hashicorp/memberlist\n","OutputType":"frame"}
{"Time":"2026-10-08T18:11:10.057754266Z","Action":"output","Package":"go.temporal.io/server/tools/gomad3/deterministicio","Test":"TestPortableAdapterRegenerationSourceEdits/github.com/hashicorp/memberlist","Output":"--- PASS: TestPortableAdapterRegenerationSourceEdits/github.com/hashicorp/memberlist (0.31s)\n","OutputType":"frame"}
{"Time":"2026-10-08T18:11:10.057811016Z","Action":"pass","Package":"go.temporal.io/server/tools/gomad3/deterministicio","Test":"TestPortableAdapterRegenerationSourceEdits/github.com/hashicorp/memberlist","Elapsed":0.31}
{"Time":"2026-10-08T18:11:10.057845599Z","Action":"run","Package":"go.temporal.io/server/tools/gomad3/deterministicio","Test":"TestPortableAdapterRegenerationSourceEdits/google.golang.org/grpc"}
{"Time":"2026-10-08T18:11:10.057864974Z","Action":"output","Package":"go.temporal.io/server/tools/gomad3/deterministicio","Test":"TestPortableAdapterRegenerationSourceEdits/google.golang.org/grpc","Output":"=== RUN   TestPortableAdapterRegenerationSourceEdits/google.golang.org/grpc\n","OutputType":"frame"}
{"Time":"2026-10-08T18:11:13.408299226Z","Action":"output","Package":"go.temporal.io/server/tools/gomad3/deterministicio","Test":"TestPortableAdapterRegenerationSourceEdits/google.golang.org/grpc","Output":"--- PASS: TestPortableAdapterRegenerationSourceEdits/google.golang.org/grpc (3.35s)\n","OutputType":"frame"}
{"Time":"2026-10-08T18:11:13.409175726Z","Action":"pass","Package":"go.temporal.io/server/tools/gomad3/deterministicio","Test":"TestPortableAdapterRegenerationSourceEdits/google.golang.org/grpc","Elapsed":3.35}
{"Time":"2026-10-08T18:11:13.409207309Z","Action":"output","Package":"go.temporal.io/server/tools/gomad3/deterministicio","Test":"TestPortableAdapterRegenerationSourceEdits","Output":"--- PASS: TestPortableAdapterRegenerationSourceEdits (4.51s)\n","OutputType":"frame"}
{"Time":"2026-10-08T18:11:13.409247809Z","Action":"pass","Package":"go.temporal.io/server/tools/gomad3/deterministicio","Test":"TestPortableAdapterRegenerationSourceEdits","Elapsed":4.51}
{"Time":"2026-10-08T18:11:13.409272017Z","Action":"run","Package":"go.temporal.io/server/tools/gomad3/deterministicio","Test":"TestPortableAdapterRegenerationRefusals"}
{"Time":"2026-10-08T18:11:13.409289184Z","Action":"output","Package":"go.temporal.io/server/tools/gomad3/deterministicio","Test":"TestPortableAdapterRegenerationRefusals","Output":"=== RUN   TestPortableAdapterRegenerationRefusals\n","OutputType":"frame"}
{"Time":"2026-10-08T18:11:13.409301476Z","Action":"run","Package":"go.temporal.io/server/tools/gomad3/deterministicio","Test":"TestPortableAdapterRegenerationRefusals/missing_anchor"}
{"Time":"2026-10-08T18:11:13.409314142Z","Action":"output","Package":"go.temporal.io/server/tools/gomad3/deterministicio","Test":"TestPortableAdapterRegenerationRefusals/missing_anchor","Output":"=== RUN   TestPortableAdapterRegenerationRefusals/missing_anchor\n","OutputType":"frame"}
{"Time":"2026-10-08T18:11:13.866167059Z","Action":"output","Package":"go.temporal.io/server/tools/gomad3/deterministicio","Test":"TestPortableAdapterRegenerationRefusals/missing_anchor","Output":"--- PASS: TestPortableAdapterRegenerationRefusals/missing_anchor (0.46s)\n","OutputType":"frame"}
{"Time":"2026-10-08T18:11:13.866242559Z","Action":"pass","Package":"go.temporal.io/server/tools/gomad3/deterministicio","Test":"TestPortableAdapterRegenerationRefusals/missing_anchor","Elapsed":0.46}
{"Time":"2026-10-08T18:11:13.866282684Z","Action":"run","Package":"go.temporal.io/server/tools/gomad3/deterministicio","Test":"TestPortableAdapterRegenerationRefusals/ambiguous_anchor"}
{"Time":"2026-10-08T18:11:13.866308642Z","Action":"output","Package":"go.temporal.io/server/tools/gomad3/deterministicio","Test":"TestPortableAdapterRegenerationRefusals/ambiguous_anchor","Output":"=== RUN   TestPortableAdapterRegenerationRefusals/ambiguous_anchor\n","OutputType":"frame"}
{"Time":"2026-10-08T18:11:14.020411642Z","Action":"output","Package":"go.temporal.io/server/tools/gomad3/deterministicio","Test":"TestPortableAdapterRegenerationRefusals/ambiguous_anchor","Output":"--- PASS: TestPortableAdapterRegenerationRefusals/ambiguous_anchor (0.15s)\n","OutputType":"frame"}
{"Time":"2026-10-08T18:11:14.020488934Z","Action":"pass","Package":"go.temporal.io/server/tools/gomad3/deterministicio","Test":"TestPortableAdapterRegenerationRefusals/ambiguous_anchor","Elapsed":0.15}
{"Time":"2026-10-08T18:11:14.020511934Z","Action":"run","Package":"go.temporal.io/server/tools/gomad3/deterministicio","Test":"TestPortableAdapterRegenerationRefusals/deleted_file"}
{"Time":"2026-10-08T18:11:14.020524892Z","Action":"output","Package":"go.temporal.io/server/tools/gomad3/deterministicio","Test":"TestPortableAdapterRegenerationRefusals/deleted_file","Output":"=== RUN   TestPortableAdapterRegenerationRefusals/deleted_file\n","OutputType":"frame"}
{"Time":"2026-10-08T18:11:14.179035018Z","Action":"output","Package":"go.temporal.io/server/tools/gomad3/deterministicio","Test":"TestPortableAdapterRegenerationRefusals/deleted_file","Output":"--- PASS: TestPortableAdapterRegenerationRefusals/deleted_file (0.16s)\n","OutputType":"frame"}
{"Time":"2026-10-08T18:11:14.179096018Z","Action":"pass","Package":"go.temporal.io/server/tools/gomad3/deterministicio","Test":"TestPortableAdapterRegenerationRefusals/deleted_file","Elapsed":0.16}
{"Time":"2026-10-08T18:11:14.179115351Z","Action":"run","Package":"go.temporal.io/server/tools/gomad3/deterministicio","Test":"TestPortableAdapterRegenerationRefusals/previous_inventory"}
{"Time":"2026-10-08T18:11:14.179127601Z","Action":"output","Package":"go.temporal.io/server/tools/gomad3/deterministicio","Test":"TestPortableAdapterRegenerationRefusals/previous_inventory","Output":"=== RUN   TestPortableAdapterRegenerationRefusals/previous_inventory\n","OutputType":"frame"}
{"Time":"2026-10-08T18:11:14.336460434Z","Action":"output","Package":"go.temporal.io/server/tools/gomad3/deterministicio","Test":"TestPortableAdapterRegenerationRefusals/previous_inventory","Output":"--- PASS: TestPortableAdapterRegenerationRefusals/previous_inventory (0.16s)\n","OutputType":"frame"}
{"Time":"2026-10-08T18:11:14.336551684Z","Action":"pass","Package":"go.temporal.io/server/tools/gomad3/deterministicio","Test":"TestPortableAdapterRegenerationRefusals/previous_inventory","Elapsed":0.16}
{"Time":"2026-10-08T18:11:14.336607601Z","Action":"output","Package":"go.temporal.io/server/tools/gomad3/deterministicio","Test":"TestPortableAdapterRegenerationRefusals","Output":"--- PASS: TestPortableAdapterRegenerationRefusals (0.93s)\n","OutputType":"frame"}
{"Time":"2026-10-08T18:11:14.336642059Z","Action":"pass","Package":"go.temporal.io/server/tools/gomad3/deterministicio","Test":"TestPortableAdapterRegenerationRefusals","Elapsed":0.93}
{"Time":"2026-10-08T18:11:14.336670601Z","Action":"run","Package":"go.temporal.io/server/tools/gomad3/deterministicio","Test":"TestPortableLibcRegeneration"}
{"Time":"2026-10-08T18:11:14.336696226Z","Action":"output","Package":"go.temporal.io/server/tools/gomad3/deterministicio","Test":"TestPortableLibcRegeneration","Output":"=== RUN   TestPortableLibcRegeneration\n","OutputType":"frame"}
{"Time":"2026-10-08T18:11:14.338739559Z","Action":"run","Package":"go.temporal.io/server/tools/gomad3/deterministicio","Test":"TestPortableLibcRegeneration/outside_anchor"}
{"Time":"2026-10-08T18:11:14.338807268Z","Action":"output","Package":"go.temporal.io/server/tools/gomad3/deterministicio","Test":"TestPortableLibcRegeneration/outside_anchor","Output":"=== RUN   TestPortableLibcRegeneration/outside_anchor\n","OutputType":"frame"}
{"Time":"2026-10-08T18:11:21.198771479Z","Action":"output","Package":"go.temporal.io/server/tools/gomad3/deterministicio","Test":"TestPortableLibcRegeneration/outside_anchor","Output":"--- PASS: TestPortableLibcRegeneration/outside_anchor (6.85s)\n","OutputType":"frame"}
{"Time":"2026-10-08T18:11:21.205208563Z","Action":"pass","Package":"go.temporal.io/server/tools/gomad3/deterministicio","Test":"TestPortableLibcRegeneration/outside_anchor","Elapsed":6.85}
{"Time":"2026-10-08T18:11:21.205397146Z","Action":"run","Package":"go.temporal.io/server/tools/gomad3/deterministicio","Test":"TestPortableLibcRegeneration/missing_declaration"}
{"Time":"2026-10-08T18:11:21.205456354Z","Action":"output","Package":"go.temporal.io/server/tools/gomad3/deterministicio","Test":"TestPortableLibcRegeneration/missing_declaration","Output":"=== RUN   TestPortableLibcRegeneration/missing_declaration\n","OutputType":"frame"}
{"Time":"2026-10-08T18:11:23.160303397Z","Action":"output","Package":"go.temporal.io/server/tools/gomad3/deterministicio","Test":"TestPortableLibcRegeneration/missing_declaration","Output":"--- PASS: TestPortableLibcRegeneration/missing_declaration (1.96s)\n","OutputType":"frame"}
{"Time":"2026-10-08T18:11:23.160381814Z","Action":"pass","Package":"go.temporal.io/server/tools/gomad3/deterministicio","Test":"TestPortableLibcRegeneration/missing_declaration","Elapsed":1.96}
{"Time":"2026-10-08T18:11:23.160408897Z","Action":"run","Package":"go.temporal.io/server/tools/gomad3/deterministicio","Test":"TestPortableLibcRegeneration/duplicate_declaration"}
{"Time":"2026-10-08T18:11:23.160449939Z","Action":"output","Package":"go.temporal.io/server/tools/gomad3/deterministicio","Test":"TestPortableLibcRegeneration/duplicate_declaration","Output":"=== RUN   TestPortableLibcRegeneration/duplicate_declaration\n","OutputType":"frame"}
{"Time":"2026-10-08T18:11:24.458600522Z","Action":"output","Package":"go.temporal.io/server/tools/gomad3/deterministicio","Test":"TestPortableLibcRegeneration/duplicate_declaration","Output":"--- PASS: TestPortableLibcRegeneration/duplicate_declaration (1.30s)\n","OutputType":"frame"}
{"Time":"2026-10-08T18:11:24.458776522Z","Action":"pass","Package":"go.temporal.io/server/tools/gomad3/deterministicio","Test":"TestPortableLibcRegeneration/duplicate_declaration","Elapsed":1.3}
{"Time":"2026-10-08T18:11:24.458815356Z","Action":"run","Package":"go.temporal.io/server/tools/gomad3/deterministicio","Test":"TestPortableLibcRegeneration/deleted_source"}
{"Time":"2026-10-08T18:11:24.458857564Z","Action":"output","Package":"go.temporal.io/server/tools/gomad3/deterministicio","Test":"TestPortableLibcRegeneration/deleted_source","Output":"=== RUN   TestPortableLibcRegeneration/deleted_source\n","OutputType":"frame"}
{"Time":"2026-10-08T18:11:25.744271148Z","Action":"output","Package":"go.temporal.io/server/tools/gomad3/deterministicio","Test":"TestPortableLibcRegeneration/deleted_source","Output":"--- PASS: TestPortableLibcRegeneration/deleted_source (1.29s)\n","OutputType":"frame"}
{"Time":"2026-10-08T18:11:25.74435144Z","Action":"pass","Package":"go.temporal.io/server/tools/gomad3/deterministicio","Test":"TestPortableLibcRegeneration/deleted_source","Elapsed":1.29}
{"Time":"2026-10-08T18:11:25.744406106Z","Action":"output","Package":"go.temporal.io/server/tools/gomad3/deterministicio","Test":"TestPortableLibcRegeneration","Output":"--- PASS: TestPortableLibcRegeneration (11.41s)\n","OutputType":"frame"}
{"Time":"2026-10-08T18:11:25.74443694Z","Action":"pass","Package":"go.temporal.io/server/tools/gomad3/deterministicio","Test":"TestPortableLibcRegeneration","Elapsed":11.41}
{"Time":"2026-10-08T18:11:25.744469981Z","Action":"run","Package":"go.temporal.io/server/tools/gomad3/deterministicio","Test":"TestPortableLibcPreparedContract"}
{"Time":"2026-10-08T18:11:25.744499023Z","Action":"output","Package":"go.temporal.io/server/tools/gomad3/deterministicio","Test":"TestPortableLibcPreparedContract","Output":"=== RUN   TestPortableLibcPreparedContract\n","OutputType":"frame"}
{"Time":"2026-10-08T18:11:27.963654732Z","Action":"output","Package":"go.temporal.io/server/tools/gomad3/deterministicio","Test":"TestPortableLibcPreparedContract","Output":"--- PASS: TestPortableLibcPreparedContract (2.22s)\n","OutputType":"frame"}
{"Time":"2026-10-08T18:11:27.964549607Z","Action":"pass","Package":"go.temporal.io/server/tools/gomad3/deterministicio","Test":"TestPortableLibcPreparedContract","Elapsed":2.22}
{"Time":"2026-10-08T18:11:27.964591732Z","Action":"run","Package":"go.temporal.io/server/tools/gomad3/deterministicio","Test":"TestAdapterPreparedSourceSetPinsReproduceOnEveryHost"}
{"Time":"2026-10-08T18:11:27.964622232Z","Action":"output","Package":"go.temporal.io/server/tools/gomad3/deterministicio","Test":"TestAdapterPreparedSourceSetPinsReproduceOnEveryHost","Output":"=== RUN   TestAdapterPreparedSourceSetPinsReproduceOnEveryHost\n","OutputType":"frame"}
{"Time":"2026-10-08T18:11:27.964644357Z","Action":"output","Package":"go.temporal.io/server/tools/gomad3/deterministicio","Test":"TestAdapterPreparedSourceSetPinsReproduceOnEveryHost","Output":"    adapter_regenerate_test.go:41: pinned toolchain is unavailable: fork/exec /Users/stephan/Workspace/skunkworks/gomad/temporal/tools/gomad3/.toolchain/bin/go: no such file or directory\n"}
{"Time":"2026-10-08T18:11:27.964687982Z","Action":"output","Package":"go.temporal.io/server/tools/gomad3/deterministicio","Test":"TestAdapterPreparedSourceSetPinsReproduceOnEveryHost","Output":"--- SKIP: TestAdapterPreparedSourceSetPinsReproduceOnEveryHost (0.00s)\n","OutputType":"frame"}
{"Time":"2026-10-08T18:11:27.964710441Z","Action":"skip","Package":"go.temporal.io/server/tools/gomad3/deterministicio","Test":"TestAdapterPreparedSourceSetPinsReproduceOnEveryHost","Elapsed":0}
{"Time":"2026-10-08T18:11:27.964728107Z","Action":"run","Package":"go.temporal.io/server/tools/gomad3/deterministicio","Test":"TestRegenerateAdapterRefusesCustomPreparation"}
{"Time":"2026-10-08T18:11:27.964744816Z","Action":"output","Package":"go.temporal.io/server/tools/gomad3/deterministicio","Test":"TestRegenerateAdapterRefusesCustomPreparation","Output":"=== RUN   TestRegenerateAdapterRefusesCustomPreparation\n","OutputType":"frame"}
{"Time":"2026-10-08T18:11:27.964761274Z","Action":"output","Package":"go.temporal.io/server/tools/gomad3/deterministicio","Test":"TestRegenerateAdapterRefusesCustomPreparation","Output":"--- PASS: TestRegenerateAdapterRefusesCustomPreparation (0.00s)\n","OutputType":"frame"}
{"Time":"2026-10-08T18:11:27.964776191Z","Action":"pass","Package":"go.temporal.io/server/tools/gomad3/deterministicio","Test":"TestRegenerateAdapterRefusesCustomPreparation","Elapsed":0}
{"Time":"2026-10-08T18:11:27.964791357Z","Action":"run","Package":"go.temporal.io/server/tools/gomad3/deterministicio","Test":"TestVersionReferencesNeverMatchInsideAnotherModulePath"}
{"Time":"2026-10-08T18:11:27.964805774Z","Action":"output","Package":"go.temporal.io/server/tools/gomad3/deterministicio","Test":"TestVersionReferencesNeverMatchInsideAnotherModulePath","Output":"=== RUN   TestVersionReferencesNeverMatchInsideAnotherModulePath\n","OutputType":"frame"}
{"Time":"2026-10-08T18:11:27.964821357Z","Action":"output","Package":"go.temporal.io/server/tools/gomad3/deterministicio","Test":"TestVersionReferencesNeverMatchInsideAnotherModulePath","Output":"--- PASS: TestVersionReferencesNeverMatchInsideAnotherModulePath (0.00s)\n","OutputType":"frame"}
{"Time":"2026-10-08T18:11:27.964835191Z","Action":"pass","Package":"go.temporal.io/server/tools/gomad3/deterministicio","Test":"TestVersionReferencesNeverMatchInsideAnotherModulePath","Elapsed":0}
{"Time":"2026-10-08T18:11:27.964852816Z","Action":"run","Package":"go.temporal.io/server/tools/gomad3/deterministicio","Test":"TestAdapterModuleSumRecords"}
{"Time":"2026-10-08T18:11:27.964876899Z","Action":"output","Package":"go.temporal.io/server/tools/gomad3/deterministicio","Test":"TestAdapterModuleSumRecords","Output":"=== RUN   TestAdapterModuleSumRecords\n","OutputType":"frame"}
{"Time":"2026-10-08T18:11:27.964899274Z","Action":"run","Package":"go.temporal.io/server/tools/gomad3/deterministicio","Test":"TestAdapterModuleSumRecords/exact"}
{"Time":"2026-10-08T18:11:27.964917316Z","Action":"output","Package":"go.temporal.io/server/tools/gomad3/deterministicio","Test":"TestAdapterModuleSumRecords/exact","Output":"=== RUN   TestAdapterModuleSumRecords/exact\n","OutputType":"frame"}
{"Time":"2026-10-08T18:11:28.150640816Z","Action":"output","Package":"go.temporal.io/server/tools/gomad3/deterministicio","Test":"TestAdapterModuleSumRecords/exact","Output":"--- PASS: TestAdapterModuleSumRecords/exact (0.19s)\n","OutputType":"frame"}
{"Time":"2026-10-08T18:11:28.150699566Z","Action":"pass","Package":"go.temporal.io/server/tools/gomad3/deterministicio","Test":"TestAdapterModuleSumRecords/exact","Elapsed":0.19}
{"Time":"2026-10-08T18:11:28.150721941Z","Action":"run","Package":"go.temporal.io/server/tools/gomad3/deterministicio","Test":"TestAdapterModuleSumRecords/go.mod_is_separate"}
{"Time":"2026-10-08T18:11:28.150732441Z","Action":"output","Package":"go.temporal.io/server/tools/gomad3/deterministicio","Test":"TestAdapterModuleSumRecords/go.mod_is_separate","Output":"=== RUN   TestAdapterModuleSumRecords/go.mod_is_separate\n","OutputType":"frame"}
{"Time":"2026-10-08T18:11:28.151707941Z","Action":"output","Package":"go.temporal.io/server/tools/gomad3/deterministicio","Test":"TestAdapterModuleSumRecords/go.mod_is_separate","Output":"--- PASS: TestAdapterModuleSumRecords/go.mod_is_separate (0.00s)\n","OutputType":"frame"}
{"Time":"2026-10-08T18:11:28.151740691Z","Action":"pass","Package":"go.temporal.io/server/tools/gomad3/deterministicio","Test":"TestAdapterModuleSumRecords/go.mod_is_separate","Elapsed":0}
{"Time":"2026-10-08T18:11:28.151773358Z","Action":"run","Package":"go.temporal.io/server/tools/gomad3/deterministicio","Test":"TestAdapterModuleSumRecords/identical_duplicate"}
{"Time":"2026-10-08T18:11:28.151805566Z","Action":"output","Package":"go.temporal.io/server/tools/gomad3/deterministicio","Test":"TestAdapterModuleSumRecords/identical_duplicate","Output":"=== RUN   TestAdapterModuleSumRecords/identical_duplicate\n","OutputType":"frame"}
{"Time":"2026-10-08T18:11:28.152890566Z","Action":"output","Package":"go.temporal.io/server/tools/gomad3/deterministicio","Test":"TestAdapterModuleSumRecords/identical_duplicate","Output":"--- PASS: TestAdapterModuleSumRecords/identical_duplicate (0.00s)\n","OutputType":"frame"}
{"Time":"2026-10-08T18:11:28.152931441Z","Action":"pass","Package":"go.temporal.io/server/tools/gomad3/deterministicio","Test":"TestAdapterModuleSumRecords/identical_duplicate","Elapsed":0}
{"Time":"2026-10-08T18:11:28.152960358Z","Action":"run","Package":"go.temporal.io/server/tools/gomad3/deterministicio","Test":"TestAdapterModuleSumRecords/changed_duplicate"}
{"Time":"2026-10-08T18:11:28.152979149Z","Action":"output","Package":"go.temporal.io/server/tools/gomad3/deterministicio","Test":"TestAdapterModuleSumRecords/changed_duplicate","Output":"=== RUN   TestAdapterModuleSumRecords/changed_duplicate\n","OutputType":"frame"}
{"Time":"2026-10-08T18:11:28.153784983Z","Action":"output","Package":"go.temporal.io/server/tools/gomad3/deterministicio","Test":"TestAdapterModuleSumRecords/changed_duplicate","Output":"--- PASS: TestAdapterModuleSumRecords/changed_duplicate (0.00s)\n","OutputType":"frame"}
{"Time":"2026-10-08T18:11:28.153804316Z","Action":"pass","Package":"go.temporal.io/server/tools/gomad3/deterministicio","Test":"TestAdapterModuleSumRecords/changed_duplicate","Elapsed":0}
{"Time":"2026-10-08T18:11:28.153825108Z","Action":"run","Package":"go.temporal.io/server/tools/gomad3/deterministicio","Test":"TestAdapterModuleSumRecords/missing_zip_sum"}
{"Time":"2026-10-08T18:11:28.153840024Z","Action":"output","Package":"go.temporal.io/server/tools/gomad3/deterministicio","Test":"TestAdapterModuleSumRecords/missing_zip_sum","Output":"=== RUN   TestAdapterModuleSumRecords/missing_zip_sum\n","OutputType":"frame"}
{"Time":"2026-10-08T18:11:28.154513358Z","Action":"output","Package":"go.temporal.io/server/tools/gomad3/deterministicio","Test":"TestAdapterModuleSumRecords/missing_zip_sum","Output":"--- PASS: TestAdapterModuleSumRecords/missing_zip_sum (0.00s)\n","OutputType":"frame"}
{"Time":"2026-10-08T18:11:28.154546149Z","Action":"pass","Package":"go.temporal.io/server/tools/gomad3/deterministicio","Test":"TestAdapterModuleSumRecords/missing_zip_sum","Elapsed":0}
{"Time":"2026-10-08T18:11:28.154577108Z","Action":"output","Package":"go.temporal.io/server/tools/gomad3/deterministicio","Test":"TestAdapterModuleSumRecords","Output":"--- PASS: TestAdapterModuleSumRecords (0.19s)\n","OutputType":"frame"}
{"Time":"2026-10-08T18:11:28.154598566Z","Action":"pass","Package":"go.temporal.io/server/tools/gomad3/deterministicio","Test":"TestAdapterModuleSumRecords","Elapsed":0.19}
{"Time":"2026-10-08T18:11:28.154625316Z","Action":"run","Package":"go.temporal.io/server/tools/gomad3/deterministicio","Test":"TestAdapterReplacementUsesExplicitModuleRoot"}
{"Time":"2026-10-08T18:11:28.154663941Z","Action":"output","Package":"go.temporal.io/server/tools/gomad3/deterministicio","Test":"TestAdapterReplacementUsesExplicitModuleRoot","Output":"=== RUN   TestAdapterReplacementUsesExplicitModuleRoot\n","OutputType":"frame"}
{"Time":"2026-10-08T18:11:28.155106108Z","Action":"output","Package":"go.temporal.io/server/tools/gomad3/deterministicio","Test":"TestAdapterReplacementUsesExplicitModuleRoot","Output":"--- PASS: TestAdapterReplacementUsesExplicitModuleRoot (0.00s)\n","OutputType":"frame"}
{"Time":"2026-10-08T18:11:28.155138274Z","Action":"pass","Package":"go.temporal.io/server/tools/gomad3/deterministicio","Test":"TestAdapterReplacementUsesExplicitModuleRoot","Elapsed":0}
{"Time":"2026-10-08T18:11:28.155160066Z","Action":"run","Package":"go.temporal.io/server/tools/gomad3/deterministicio","Test":"TestNewAdapterRegistryAllowsNoAdapters"}
{"Time":"2026-10-08T18:11:28.155179941Z","Action":"output","Package":"go.temporal.io/server/tools/gomad3/deterministicio","Test":"TestNewAdapterRegistryAllowsNoAdapters","Output":"=== RUN   TestNewAdapterRegistryAllowsNoAdapters\n","OutputType":"frame"}
{"Time":"2026-10-08T18:11:28.155210399Z","Action":"output","Package":"go.temporal.io/server/tools/gomad3/deterministicio","Test":"TestNewAdapterRegistryAllowsNoAdapters","Output":"--- PASS: TestNewAdapterRegistryAllowsNoAdapters (0.00s)\n","OutputType":"frame"}
{"Time":"2026-10-08T18:11:28.155232858Z","Action":"pass","Package":"go.temporal.io/server/tools/gomad3/deterministicio","Test":"TestNewAdapterRegistryAllowsNoAdapters","Elapsed":0}
{"Time":"2026-10-08T18:11:28.155255358Z","Action":"run","Package":"go.temporal.io/server/tools/gomad3/deterministicio","Test":"TestAdapterRegistryClassifiesMissingTargetModuleSumsAsInvalidConfiguration"}
{"Time":"2026-10-08T18:11:28.155272649Z","Action":"output","Package":"go.temporal.io/server/tools/gomad3/deterministicio","Test":"TestAdapterRegistryClassifiesMissingTargetModuleSumsAsInvalidConfiguration","Output":"=== RUN   TestAdapterRegistryClassifiesMissingTargetModuleSumsAsInvalidConfiguration\n","OutputType":"frame"}
{"Time":"2026-10-08T18:11:28.294163233Z","Action":"output","Package":"go.temporal.io/server/tools/gomad3/deterministicio","Test":"TestAdapterRegistryClassifiesMissingTargetModuleSumsAsInvalidConfiguration","Output":"--- PASS: TestAdapterRegistryClassifiesMissingTargetModuleSumsAsInvalidConfiguration (0.14s)\n","OutputType":"frame"}
{"Time":"2026-10-08T18:11:28.294213983Z","Action":"pass","Package":"go.temporal.io/server/tools/gomad3/deterministicio","Test":"TestAdapterRegistryClassifiesMissingTargetModuleSumsAsInvalidConfiguration","Elapsed":0.14}
{"Time":"2026-10-08T18:11:28.294263108Z","Action":"run","Package":"go.temporal.io/server/tools/gomad3/deterministicio","Test":"TestAdapterRegistryUsesExactVersionReplacement"}
{"Time":"2026-10-08T18:11:28.294295733Z","Action":"output","Package":"go.temporal.io/server/tools/gomad3/deterministicio","Test":"TestAdapterRegistryUsesExactVersionReplacement","Output":"=== RUN   TestAdapterRegistryUsesExactVersionReplacement\n","OutputType":"frame"}
{"Time":"2026-10-08T18:11:28.296408316Z","Action":"output","Package":"go.temporal.io/server/tools/gomad3/deterministicio","Test":"TestAdapterRegistryUsesExactVersionReplacement","Output":"--- PASS: TestAdapterRegistryUsesExactVersionReplacement (0.00s)\n","OutputType":"frame"}
{"Time":"2026-10-08T18:11:28.296449483Z","Action":"pass","Package":"go.temporal.io/server/tools/gomad3/deterministicio","Test":"TestAdapterRegistryUsesExactVersionReplacement","Elapsed":0}
{"Time":"2026-10-08T18:11:28.296478524Z","Action":"run","Package":"go.temporal.io/server/tools/gomad3/deterministicio","Test":"TestDetectModuleVersionRejectsDuplicateRequirements"}
{"Time":"2026-10-08T18:11:28.296500733Z","Action":"output","Package":"go.temporal.io/server/tools/gomad3/deterministicio","Test":"TestDetectModuleVersionRejectsDuplicateRequirements","Output":"=== RUN   TestDetectModuleVersionRejectsDuplicateRequirements\n","OutputType":"frame"}
{"Time":"2026-10-08T18:11:28.296520399Z","Action":"output","Package":"go.temporal.io/server/tools/gomad3/deterministicio","Test":"TestDetectModuleVersionRejectsDuplicateRequirements","Output":"--- PASS: TestDetectModuleVersionRejectsDuplicateRequirements (0.00s)\n","OutputType":"frame"}
{"Time":"2026-10-08T18:11:28.296544441Z","Action":"pass","Package":"go.temporal.io/server/tools/gomad3/deterministicio","Test":"TestDetectModuleVersionRejectsDuplicateRequirements","Elapsed":0}
{"Time":"2026-10-08T18:11:28.296571524Z","Action":"run","Package":"go.temporal.io/server/tools/gomad3/deterministicio","Test":"TestNewAdapterRegistryRequiresAnImplementationForEveryIdentity"}
{"Time":"2026-10-08T18:11:28.296593524Z","Action":"output","Package":"go.temporal.io/server/tools/gomad3/deterministicio","Test":"TestNewAdapterRegistryRequiresAnImplementationForEveryIdentity","Output":"=== RUN   TestNewAdapterRegistryRequiresAnImplementationForEveryIdentity\n","OutputType":"frame"}
{"Time":"2026-10-08T18:11:28.296620733Z","Action":"output","Package":"go.temporal.io/server/tools/gomad3/deterministicio","Test":"TestNewAdapterRegistryRequiresAnImplementationForEveryIdentity","Output":"--- PASS: TestNewAdapterRegistryRequiresAnImplementationForEveryIdentity (0.00s)\n","OutputType":"frame"}
{"Time":"2026-10-08T18:11:28.296646858Z","Action":"pass","Package":"go.temporal.io/server/tools/gomad3/deterministicio","Test":"TestNewAdapterRegistryRequiresAnImplementationForEveryIdentity","Elapsed":0}
{"Time":"2026-10-08T18:11:28.296683816Z","Action":"run","Package":"go.temporal.io/server/tools/gomad3/deterministicio","Test":"TestNewAdapterRegistryRejectsDuplicateImplementations"}
{"Time":"2026-10-08T18:11:28.296714816Z","Action":"output","Package":"go.temporal.io/server/tools/gomad3/deterministicio","Test":"TestNewAdapterRegistryRejectsDuplicateImplementations","Output":"=== RUN   TestNewAdapterRegistryRejectsDuplicateImplementations\n","OutputType":"frame"}
{"Time":"2026-10-08T18:11:28.296739649Z","Action":"output","Package":"go.temporal.io/server/tools/gomad3/deterministicio","Test":"TestNewAdapterRegistryRejectsDuplicateImplementations","Output":"--- PASS: TestNewAdapterRegistryRejectsDuplicateImplementations (0.00s)\n","OutputType":"frame"}
{"Time":"2026-10-08T18:11:28.296754483Z","Action":"pass","Package":"go.temporal.io/server/tools/gomad3/deterministicio","Test":"TestNewAdapterRegistryRejectsDuplicateImplementations","Elapsed":0}
{"Time":"2026-10-08T18:11:28.296769858Z","Action":"run","Package":"go.temporal.io/server/tools/gomad3/deterministicio","Test":"TestAdapterRegistryPublishesReplacementAtStableToolchainLocation"}
{"Time":"2026-10-08T18:11:28.296791024Z","Action":"output","Package":"go.temporal.io/server/tools/gomad3/deterministicio","Test":"TestAdapterRegistryPublishesReplacementAtStableToolchainLocation","Output":"=== RUN   TestAdapterRegistryPublishesReplacementAtStableToolchainLocation\n","OutputType":"frame"}
{"Time":"2026-10-08T18:11:29.104281858Z","Action":"output","Package":"go.temporal.io/server/tools/gomad3/deterministicio","Test":"TestAdapterRegistryPublishesReplacementAtStableToolchainLocation","Output":"--- PASS: TestAdapterRegistryPublishesReplacementAtStableToolchainLocation (0.81s)\n","OutputType":"frame"}
{"Time":"2026-10-08T18:11:29.104367608Z","Action":"pass","Package":"go.temporal.io/server/tools/gomad3/deterministicio","Test":"TestAdapterRegistryPublishesReplacementAtStableToolchainLocation","Elapsed":0.81}
{"Time":"2026-10-08T18:11:29.1043889Z","Action":"run","Package":"go.temporal.io/server/tools/gomad3/deterministicio","Test":"TestRewrittenModuleOutsideServerGraphPreparedSourceSetIdentity"}
{"Time":"2026-10-08T18:11:29.104404441Z","Action":"output","Package":"go.temporal.io/server/tools/gomad3/deterministicio","Test":"TestRewrittenModuleOutsideServerGraphPreparedSourceSetIdentity","Output":"=== RUN   TestRewrittenModuleOutsideServerGraphPreparedSourceSetIdentity\n","OutputType":"frame"}
{"Time":"2026-10-08T18:11:29.104424983Z","Action":"output","Package":"go.temporal.io/server/tools/gomad3/deterministicio","Test":"TestRewrittenModuleOutsideServerGraphPreparedSourceSetIdentity","Output":"    adapter_rewrite_test.go:332: the address-library adapter is pinned for darwin/arm64 only\n"}
{"Time":"2026-10-08T18:11:29.104450608Z","Action":"output","Package":"go.temporal.io/server/tools/gomad3/deterministicio","Test":"TestRewrittenModuleOutsideServerGraphPreparedSourceSetIdentity","Output":"--- SKIP: TestRewrittenModuleOutsideServerGraphPreparedSourceSetIdentity (0.00s)\n","OutputType":"frame"}
{"Time":"2026-10-08T18:11:29.1044914Z","Action":"skip","Package":"go.temporal.io/server/tools/gomad3/deterministicio","Test":"TestRewrittenModuleOutsideServerGraphPreparedSourceSetIdentity","Elapsed":0}
{"Time":"2026-10-08T18:11:29.1045364Z","Action":"run","Package":"go.temporal.io/server/tools/gomad3/deterministicio","Test":"TestVerifyRegisteredAdapterScratchCleanup"}
{"Time":"2026-10-08T18:11:29.104566191Z","Action":"output","Package":"go.temporal.io/server/tools/gomad3/deterministicio","Test":"TestVerifyRegisteredAdapterScratchCleanup","Output":"=== RUN   TestVerifyRegisteredAdapterScratchCleanup\n","OutputType":"frame"}
{"Time":"2026-10-08T18:11:29.107157275Z","Action":"run","Package":"go.temporal.io/server/tools/gomad3/deterministicio","Test":"TestVerifyRegisteredAdapterScratchCleanup/sentry"}
{"Time":"2026-10-08T18:11:29.1071974Z","Action":"output","Package":"go.temporal.io/server/tools/gomad3/deterministicio","Test":"TestVerifyRegisteredAdapterScratchCleanup/sentry","Output":"=== RUN   TestVerifyRegisteredAdapterScratchCleanup/sentry\n","OutputType":"frame"}
{"Time":"2026-10-08T18:11:29.16271465Z","Action":"run","Package":"go.temporal.io/server/tools/gomad3/deterministicio","Test":"TestVerifyRegisteredAdapterScratchCleanup/sentry/success"}
{"Time":"2026-10-08T18:11:29.162773233Z","Action":"output","Package":"go.temporal.io/server/tools/gomad3/deterministicio","Test":"TestVerifyRegisteredAdapterScratchCleanup/sentry/success","Output":"=== RUN   TestVerifyRegisteredAdapterScratchCleanup/sentry/success\n","OutputType":"frame"}
{"Time":"2026-10-08T18:11:29.311503775Z","Action":"output","Package":"go.temporal.io/server/tools/gomad3/deterministicio","Test":"TestVerifyRegisteredAdapterScratchCleanup/sentry/success","Output":"--- PASS: TestVerifyRegisteredAdapterScratchCleanup/sentry/success (0.15s)\n","OutputType":"frame"}
{"Time":"2026-10-08T18:11:29.311546525Z","Action":"pass","Package":"go.temporal.io/server/tools/gomad3/deterministicio","Test":"TestVerifyRegisteredAdapterScratchCleanup/sentry/success","Elapsed":0.15}
{"Time":"2026-10-08T18:11:29.311564108Z","Action":"run","Package":"go.temporal.io/server/tools/gomad3/deterministicio","Test":"TestVerifyRegisteredAdapterScratchCleanup/sentry/primary"}
{"Time":"2026-10-08T18:11:29.311580608Z","Action":"output","Package":"go.temporal.io/server/tools/gomad3/deterministicio","Test":"TestVerifyRegisteredAdapterScratchCleanup/sentry/primary","Output":"=== RUN   TestVerifyRegisteredAdapterScratchCleanup/sentry/primary\n","OutputType":"frame"}
{"Time":"2026-10-08T18:11:29.425221858Z","Action":"output","Package":"go.temporal.io/server/tools/gomad3/deterministicio","Test":"TestVerifyRegisteredAdapterScratchCleanup/sentry/primary","Output":"--- PASS: TestVerifyRegisteredAdapterScratchCleanup/sentry/primary (0.11s)\n","OutputType":"frame"}
{"Time":"2026-10-08T18:11:29.425281608Z","Action":"pass","Package":"go.temporal.io/server/tools/gomad3/deterministicio","Test":"TestVerifyRegisteredAdapterScratchCleanup/sentry/primary","Elapsed":0.11}
{"Time":"2026-10-08T18:11:29.425318983Z","Action":"run","Package":"go.temporal.io/server/tools/gomad3/deterministicio","Test":"TestVerifyRegisteredAdapterScratchCleanup/sentry/primary-and-cleanup"}
{"Time":"2026-10-08T18:11:29.425337733Z","Action":"output","Package":"go.temporal.io/server/tools/gomad3/deterministicio","Test":"TestVerifyRegisteredAdapterScratchCleanup/sentry/primary-and-cleanup","Output":"=== RUN   TestVerifyRegisteredAdapterScratchCleanup/sentry/primary-and-cleanup\n","OutputType":"frame"}
{"Time":"2026-10-08T18:11:29.436809233Z","Action":"output","Package":"go.temporal.io/server/tools/gomad3/deterministicio","Test":"TestVerifyRegisteredAdapterScratchCleanup/sentry/primary-and-cleanup","Output":"    adapter_verify_cleanup_test.go:60: permission probe confirmed: openfdat /Users/stephan/Workspace/skunkworks/.gomad-source-gates-UsyTMX/TestVerifyRegisteredAdapterScratchCleanupsentryprimary-and-cle737538378/001/denied: permission denied\n"}
{"Time":"2026-10-08T18:11:29.562994942Z","Action":"output","Package":"go.temporal.io/server/tools/gomad3/deterministicio","Test":"TestVerifyRegisteredAdapterScratchCleanup/sentry/primary-and-cleanup","Output":"    adapter_verify_cleanup_test.go:137: observed real cleanup permission failure: openfdat /Users/stephan/Workspace/skunkworks/.gomad-source-gates-UsyTMX/TestVerifyRegisteredAdapterScratchCleanupsentryprimary-and-cle737538378/002/gomad3-adapter-verify-205549881/sentry-go/.cleanup-denied: permission denied\n"}
{"Time":"2026-10-08T18:11:29.564410983Z","Action":"output","Package":"go.temporal.io/server/tools/gomad3/deterministicio","Test":"TestVerifyRegisteredAdapterScratchCleanup/sentry/primary-and-cleanup","Output":"--- PASS: TestVerifyRegisteredAdapterScratchCleanup/sentry/primary-and-cleanup (0.14s)\n","OutputType":"frame"}
{"Time":"2026-10-08T18:11:29.564457983Z","Action":"pass","Package":"go.temporal.io/server/tools/gomad3/deterministicio","Test":"TestVerifyRegisteredAdapterScratchCleanup/sentry/primary-and-cleanup","Elapsed":0.14}
{"Time":"2026-10-08T18:11:29.564482567Z","Action":"run","Package":"go.temporal.io/server/tools/gomad3/deterministicio","Test":"TestVerifyRegisteredAdapterScratchCleanup/sentry/cleanup"}
{"Time":"2026-10-08T18:11:29.564506983Z","Action":"output","Package":"go.temporal.io/server/tools/gomad3/deterministicio","Test":"TestVerifyRegisteredAdapterScratchCleanup/sentry/cleanup","Output":"=== RUN   TestVerifyRegisteredAdapterScratchCleanup/sentry/cleanup\n","OutputType":"frame"}
{"Time":"2026-10-08T18:11:29.574589483Z","Action":"output","Package":"go.temporal.io/server/tools/gomad3/deterministicio","Test":"TestVerifyRegisteredAdapterScratchCleanup/sentry/cleanup","Output":"    adapter_verify_cleanup_test.go:60: permission probe confirmed: openfdat /Users/stephan/Workspace/skunkworks/.gomad-source-gates-UsyTMX/TestVerifyRegisteredAdapterScratchCleanupsentrycleanup2325779029/001/denied: permission denied\n"}
{"Time":"2026-10-08T18:11:29.728196775Z","Action":"output","Package":"go.temporal.io/server/tools/gomad3/deterministicio","Test":"TestVerifyRegisteredAdapterScratchCleanup/sentry/cleanup","Output":"    adapter_verify_cleanup_test.go:137: observed real cleanup permission failure: openfdat /Users/stephan/Workspace/skunkworks/.gomad-source-gates-UsyTMX/TestVerifyRegisteredAdapterScratchCleanupsentrycleanup2325779029/002/gomad3-adapter-verify-2905609494/sentry-go/.cleanup-denied: permission denied\n"}
{"Time":"2026-10-08T18:11:29.729089942Z","Action":"output","Package":"go.temporal.io/server/tools/gomad3/deterministicio","Test":"TestVerifyRegisteredAdapterScratchCleanup/sentry/cleanup","Output":"--- PASS: TestVerifyRegisteredAdapterScratchCleanup/sentry/cleanup (0.16s)\n","OutputType":"frame"}
{"Time":"2026-10-08T18:11:29.72912815Z","Action":"pass","Package":"go.temporal.io/server/tools/gomad3/deterministicio","Test":"TestVerifyRegisteredAdapterScratchCleanup/sentry/cleanup","Elapsed":0.16}
{"Time":"2026-10-08T18:11:29.734997817Z","Action":"output","Package":"go.temporal.io/server/tools/gomad3/deterministicio","Test":"TestVerifyRegisteredAdapterScratchCleanup/sentry","Output":"--- PASS: TestVerifyRegisteredAdapterScratchCleanup/sentry (0.63s)\n","OutputType":"frame"}
{"Time":"2026-10-08T18:11:29.735044942Z","Action":"pass","Package":"go.temporal.io/server/tools/gomad3/deterministicio","Test":"TestVerifyRegisteredAdapterScratchCleanup/sentry","Elapsed":0.63}
{"Time":"2026-10-08T18:11:29.735068358Z","Action":"run","Package":"go.temporal.io/server/tools/gomad3/deterministicio","Test":"TestVerifyRegisteredAdapterScratchCleanup/libc"}
{"Time":"2026-10-08T18:11:29.735098192Z","Action":"output","Package":"go.temporal.io/server/tools/gomad3/deterministicio","Test":"TestVerifyRegisteredAdapterScratchCleanup/libc","Output":"=== RUN   TestVerifyRegisteredAdapterScratchCleanup/libc\n","OutputType":"frame"}
{"Time":"2026-10-08T18:11:30.739754734Z","Action":"run","Package":"go.temporal.io/server/tools/gomad3/deterministicio","Test":"TestVerifyRegisteredAdapterScratchCleanup/libc/success"}
{"Time":"2026-10-08T18:11:30.739809025Z","Action":"output","Package":"go.temporal.io/server/tools/gomad3/deterministicio","Test":"TestVerifyRegisteredAdapterScratchCleanup/libc/success","Output":"=== RUN   TestVerifyRegisteredAdapterScratchCleanup/libc/success\n","OutputType":"frame"}
{"Time":"2026-10-08T18:11:32.360028651Z","Action":"output","Package":"go.temporal.io/server/tools/gomad3/deterministicio","Test":"TestVerifyRegisteredAdapterScratchCleanup/libc/success","Output":"--- PASS: TestVerifyRegisteredAdapterScratchCleanup/libc/success (1.62s)\n","OutputType":"frame"}
{"Time":"2026-10-08T18:11:32.360233276Z","Action":"pass","Package":"go.temporal.io/server/tools/gomad3/deterministicio","Test":"TestVerifyRegisteredAdapterScratchCleanup/libc/success","Elapsed":1.62}
{"Time":"2026-10-08T18:11:32.360287693Z","Action":"run","Package":"go.temporal.io/server/tools/gomad3/deterministicio","Test":"TestVerifyRegisteredAdapterScratchCleanup/libc/primary"}
{"Time":"2026-10-08T18:11:32.360308401Z","Action":"output","Package":"go.temporal.io/server/tools/gomad3/deterministicio","Test":"TestVerifyRegisteredAdapterScratchCleanup/libc/primary","Output":"=== RUN   TestVerifyRegisteredAdapterScratchCleanup/libc/primary\n","OutputType":"frame"}
{"Time":"2026-10-08T18:11:34.128222569Z","Action":"output","Package":"go.temporal.io/server/tools/gomad3/deterministicio","Test":"TestVerifyRegisteredAdapterScratchCleanup/libc/primary","Output":"--- PASS: TestVerifyRegisteredAdapterScratchCleanup/libc/primary (1.77s)\n","OutputType":"frame"}
{"Time":"2026-10-08T18:11:34.129116902Z","Action":"pass","Package":"go.temporal.io/server/tools/gomad3/deterministicio","Test":"TestVerifyRegisteredAdapterScratchCleanup/libc/primary","Elapsed":1.77}
{"Time":"2026-10-08T18:11:34.129179694Z","Action":"run","Package":"go.temporal.io/server/tools/gomad3/deterministicio","Test":"TestVerifyRegisteredAdapterScratchCleanup/libc/primary-and-cleanup"}
{"Time":"2026-10-08T18:11:34.129229985Z","Action":"output","Package":"go.temporal.io/server/tools/gomad3/deterministicio","Test":"TestVerifyRegisteredAdapterScratchCleanup/libc/primary-and-cleanup","Output":"=== RUN   TestVerifyRegisteredAdapterScratchCleanup/libc/primary-and-cleanup\n","OutputType":"frame"}
{"Time":"2026-10-08T18:11:34.298945402Z","Action":"output","Package":"go.temporal.io/server/tools/gomad3/deterministicio","Test":"TestVerifyRegisteredAdapterScratchCleanup/libc/primary-and-cleanup","Output":"    adapter_verify_cleanup_test.go:60: permission probe confirmed: openfdat /Users/stephan/Workspace/skunkworks/.gomad-source-gates-UsyTMX/TestVerifyRegisteredAdapterScratchCleanuplibcprimary-and-clean421308966/001/denied: permission denied\n"}
{"Time":"2026-10-08T18:11:35.776791528Z","Action":"output","Package":"go.temporal.io/server/tools/gomad3/deterministicio","Test":"TestVerifyRegisteredAdapterScratchCleanup/libc/primary-and-cleanup","Output":"    adapter_verify_cleanup_test.go:137: observed real cleanup permission failure: openfdat /Users/stephan/Workspace/skunkworks/.gomad-source-gates-UsyTMX/TestVerifyRegisteredAdapterScratchCleanuplibcprimary-and-clean421308966/002/gomad3-libc-verify-1843424529/modernc-libc/.cleanup-denied: permission denied\n"}
{"Time":"2026-10-08T18:11:35.777803736Z","Action":"output","Package":"go.temporal.io/server/tools/gomad3/deterministicio","Test":"TestVerifyRegisteredAdapterScratchCleanup/libc/primary-and-cleanup","Output":"--- PASS: TestVerifyRegisteredAdapterScratchCleanup/libc/primary-and-cleanup (1.65s)\n","OutputType":"frame"}
{"Time":"2026-10-08T18:11:35.777841528Z","Action":"pass","Package":"go.temporal.io/server/tools/gomad3/deterministicio","Test":"TestVerifyRegisteredAdapterScratchCleanup/libc/primary-and-cleanup","Elapsed":1.65}
{"Time":"2026-10-08T18:11:35.777885945Z","Action":"run","Package":"go.temporal.io/server/tools/gomad3/deterministicio","Test":"TestVerifyRegisteredAdapterScratchCleanup/libc/cleanup"}
{"Time":"2026-10-08T18:11:35.77794382Z","Action":"output","Package":"go.temporal.io/server/tools/gomad3/deterministicio","Test":"TestVerifyRegisteredAdapterScratchCleanup/libc/cleanup","Output":"=== RUN   TestVerifyRegisteredAdapterScratchCleanup/libc/cleanup\n","OutputType":"frame"}
{"Time":"2026-10-08T18:11:35.95881732Z","Action":"output","Package":"go.temporal.io/server/tools/gomad3/deterministicio","Test":"TestVerifyRegisteredAdapterScratchCleanup/libc/cleanup","Output":"    adapter_verify_cleanup_test.go:60: permission probe confirmed: openfdat /Users/stephan/Workspace/skunkworks/.gomad-source-gates-UsyTMX/TestVerifyRegisteredAdapterScratchCleanuplibccleanup3969411468/001/denied: permission denied\n"}
{"Time":"2026-10-08T18:11:37.638058945Z","Action":"output","Package":"go.temporal.io/server/tools/gomad3/deterministicio","Test":"TestVerifyRegisteredAdapterScratchCleanup/libc/cleanup","Output":"    adapter_verify_cleanup_test.go:137: observed real cleanup permission failure: openfdat /Users/stephan/Workspace/skunkworks/.gomad-source-gates-UsyTMX/TestVerifyRegisteredAdapterScratchCleanuplibccleanup3969411468/002/gomad3-libc-verify-1335447943/modernc-libc/.cleanup-denied: permission denied\n"}
{"Time":"2026-10-08T18:11:37.639084695Z","Action":"output","Package":"go.temporal.io/server/tools/gomad3/deterministicio","Test":"TestVerifyRegisteredAdapterScratchCleanup/libc/cleanup","Output":"--- PASS: TestVerifyRegisteredAdapterScratchCleanup/libc/cleanup (1.86s)\n","OutputType":"frame"}
{"Time":"2026-10-08T18:11:37.639130445Z","Action":"pass","Package":"go.temporal.io/server/tools/gomad3/deterministicio","Test":"TestVerifyRegisteredAdapterScratchCleanup/libc/cleanup","Elapsed":1.86}
{"Time":"2026-10-08T18:11:37.745028904Z","Action":"output","Package":"go.temporal.io/server/tools/gomad3/deterministicio","Test":"TestVerifyRegisteredAdapterScratchCleanup/libc","Output":"--- PASS: TestVerifyRegisteredAdapterScratchCleanup/libc (8.01s)\n","OutputType":"frame"}
{"Time":"2026-10-08T18:11:37.745107945Z","Action":"pass","Package":"go.temporal.io/server/tools/gomad3/deterministicio","Test":"TestVerifyRegisteredAdapterScratchCleanup/libc","Elapsed":8.01}
{"Time":"2026-10-08T18:11:37.745138362Z","Action":"output","Package":"go.temporal.io/server/tools/gomad3/deterministicio","Test":"TestVerifyRegisteredAdapterScratchCleanup","Output":"--- PASS: TestVerifyRegisteredAdapterScratchCleanup (8.64s)\n","OutputType":"frame"}
{"Time":"2026-10-08T18:11:37.745164904Z","Action":"pass","Package":"go.temporal.io/server/tools/gomad3/deterministicio","Test":"TestVerifyRegisteredAdapterScratchCleanup","Elapsed":8.64}
{"Time":"2026-10-08T18:11:37.745215529Z","Action":"run","Package":"go.temporal.io/server/tools/gomad3/deterministicio","Test":"TestPrepareGRPCReturnsTypedInventoryCapacityError"}
{"Time":"2026-10-08T18:11:37.745272154Z","Action":"output","Package":"go.temporal.io/server/tools/gomad3/deterministicio","Test":"TestPrepareGRPCReturnsTypedInventoryCapacityError","Output":"=== RUN   TestPrepareGRPCReturnsTypedInventoryCapacityError\n","OutputType":"frame"}
{"Time":"2026-10-08T18:11:38.102988404Z","Action":"output","Package":"go.temporal.io/server/tools/gomad3/deterministicio","Test":"TestPrepareGRPCReturnsTypedInventoryCapacityError","Output":"--- PASS: TestPrepareGRPCReturnsTypedInventoryCapacityError (0.36s)\n","OutputType":"frame"}
{"Time":"2026-10-08T18:11:38.103082071Z","Action":"pass","Package":"go.temporal.io/server/tools/gomad3/deterministicio","Test":"TestPrepareGRPCReturnsTypedInventoryCapacityError","Elapsed":0.36}
{"Time":"2026-10-08T18:11:38.103127279Z","Action":"run","Package":"go.temporal.io/server/tools/gomad3/deterministicio","Test":"TestVerifyGRPCModuleRejectsInventoryDrift"}
{"Time":"2026-10-08T18:11:38.103179946Z","Action":"output","Package":"go.temporal.io/server/tools/gomad3/deterministicio","Test":"TestVerifyGRPCModuleRejectsInventoryDrift","Output":"=== RUN   TestVerifyGRPCModuleRejectsInventoryDrift\n","OutputType":"frame"}
{"Time":"2026-10-08T18:11:38.104422279Z","Action":"output","Package":"go.temporal.io/server/tools/gomad3/deterministicio","Test":"TestVerifyGRPCModuleRejectsInventoryDrift","Output":"--- PASS: TestVerifyGRPCModuleRejectsInventoryDrift (0.00s)\n","OutputType":"frame"}
{"Time":"2026-10-08T18:11:38.104455654Z","Action":"pass","Package":"go.temporal.io/server/tools/gomad3/deterministicio","Test":"TestVerifyGRPCModuleRejectsInventoryDrift","Elapsed":0}
{"Time":"2026-10-08T18:11:38.104523446Z","Action":"run","Package":"go.temporal.io/server/tools/gomad3/deterministicio","Test":"TestManifestInterceptsBeforeHostDispatch"}
{"Time":"2026-10-08T18:11:38.104583946Z","Action":"output","Package":"go.temporal.io/server/tools/gomad3/deterministicio","Test":"TestManifestInterceptsBeforeHostDispatch","Output":"=== RUN   TestManifestInterceptsBeforeHostDispatch\n","OutputType":"frame"}
{"Time":"2026-10-08T18:11:38.104729529Z","Action":"run","Package":"go.temporal.io/server/tools/gomad3/deterministicio","Test":"TestManifestInterceptsBeforeHostDispatch/filesystem_profile_operations"}
{"Time":"2026-10-08T18:11:38.104760196Z","Action":"output","Package":"go.temporal.io/server/tools/gomad3/deterministicio","Test":"TestManifestInterceptsBeforeHostDispatch/filesystem_profile_operations","Output":"=== RUN   TestManifestInterceptsBeforeHostDispatch/filesystem_profile_operations\n","OutputType":"frame"}
{"Time":"2026-10-08T18:11:38.104977987Z","Action":"output","Package":"go.temporal.io/server/tools/gomad3/deterministicio","Test":"TestManifestInterceptsBeforeHostDispatch/filesystem_profile_operations","Output":"--- PASS: TestManifestInterceptsBeforeHostDispatch/filesystem_profile_operations (0.00s)\n","OutputType":"frame"}
{"Time":"2026-10-08T18:11:38.104998696Z","Action":"pass","Package":"go.temporal.io/server/tools/gomad3/deterministicio","Test":"TestManifestInterceptsBeforeHostDispatch/filesystem_profile_operations","Elapsed":0}
{"Time":"2026-10-08T18:11:38.105013404Z","Action":"run","Package":"go.temporal.io/server/tools/gomad3/deterministicio","Test":"TestManifestInterceptsBeforeHostDispatch/concrete_TCP_methods"}
{"Time":"2026-10-08T18:11:38.105025904Z","Action":"output","Package":"go.temporal.io/server/tools/gomad3/deterministicio","Test":"TestManifestInterceptsBeforeHostDispatch/concrete_TCP_methods","Output":"=== RUN   TestManifestInterceptsBeforeHostDispatch/concrete_TCP_methods\n","OutputType":"frame"}
{"Time":"2026-10-08T18:11:38.105144571Z","Action":"output","Package":"go.temporal.io/server/tools/gomad3/deterministicio","Test":"TestManifestInterceptsBeforeHostDispatch/concrete_TCP_methods","Output":"--- PASS: TestManifestInterceptsBeforeHostDispatch/concrete_TCP_methods (0.00s)\n","OutputType":"frame"}
{"Time":"2026-10-08T18:11:38.105170279Z","Action":"pass","Package":"go.temporal.io/server/tools/gomad3/deterministicio","Test":"TestManifestInterceptsBeforeHostDispatch/concrete_TCP_methods","Elapsed":0}
{"Time":"2026-10-08T18:11:38.105183821Z","Action":"output","Package":"go.temporal.io/server/tools/gomad3/deterministicio","Test":"TestManifestInterceptsBeforeHostDispatch","Output":"--- PASS: TestManifestInterceptsBeforeHostDispatch (0.00s)\n","OutputType":"frame"}
{"Time":"2026-10-08T18:11:38.105202737Z","Action":"pass","Package":"go.temporal.io/server/tools/gomad3/deterministicio","Test":"TestManifestInterceptsBeforeHostDispatch","Elapsed":0}
{"Time":"2026-10-08T18:11:38.105220196Z","Action":"run","Package":"go.temporal.io/server/tools/gomad3/deterministicio","Test":"TestModerncLibcAdapterTemplateHasPinnedIdentity"}
{"Time":"2026-10-08T18:11:38.105238029Z","Action":"output","Package":"go.temporal.io/server/tools/gomad3/deterministicio","Test":"TestModerncLibcAdapterTemplateHasPinnedIdentity","Output":"=== RUN   TestModerncLibcAdapterTemplateHasPinnedIdentity\n","OutputType":"frame"}
{"Time":"2026-10-08T18:11:38.105259737Z","Action":"output","Package":"go.temporal.io/server/tools/gomad3/deterministicio","Test":"TestModerncLibcAdapterTemplateHasPinnedIdentity","Output":"--- PASS: TestModerncLibcAdapterTemplateHasPinnedIdentity (0.00s)\n","OutputType":"frame"}
{"Time":"2026-10-08T18:11:38.105293112Z","Action":"pass","Package":"go.temporal.io/server/tools/gomad3/deterministicio","Test":"TestModerncLibcAdapterTemplateHasPinnedIdentity","Elapsed":0}
{"Time":"2026-10-08T18:11:38.105316862Z","Action":"run","Package":"go.temporal.io/server/tools/gomad3/deterministicio","Test":"TestRejectLibcHostImportsRejectsForbiddenImports"}
{"Time":"2026-10-08T18:11:38.105328112Z","Action":"output","Package":"go.temporal.io/server/tools/gomad3/deterministicio","Test":"TestRejectLibcHostImportsRejectsForbiddenImports","Output":"=== RUN   TestRejectLibcHostImportsRejectsForbiddenImports\n","OutputType":"frame"}
{"Time":"2026-10-08T18:11:38.105339821Z","Action":"output","Package":"go.temporal.io/server/tools/gomad3/deterministicio","Test":"TestRejectLibcHostImportsRejectsForbiddenImports","Output":"--- PASS: TestRejectLibcHostImportsRejectsForbiddenImports (0.00s)\n","OutputType":"frame"}
{"Time":"2026-10-08T18:11:38.105354237Z","Action":"pass","Package":"go.temporal.io/server/tools/gomad3/deterministicio","Test":"TestRejectLibcHostImportsRejectsForbiddenImports","Elapsed":0}
{"Time":"2026-10-08T18:11:38.105369821Z","Action":"run","Package":"go.temporal.io/server/tools/gomad3/deterministicio","Test":"TestLibcRegenerationKeepsExactSourceAndPreparedPins"}
{"Time":"2026-10-08T18:11:38.105405362Z","Action":"output","Package":"go.temporal.io/server/tools/gomad3/deterministicio","Test":"TestLibcRegenerationKeepsExactSourceAndPreparedPins","Output":"=== RUN   TestLibcRegenerationKeepsExactSourceAndPreparedPins\n","OutputType":"frame"}
{"Time":"2026-10-08T18:11:38.106749071Z","Action":"output","Package":"go.temporal.io/server/tools/gomad3/deterministicio","Test":"TestLibcRegenerationKeepsExactSourceAndPreparedPins","Output":"--- PASS: TestLibcRegenerationKeepsExactSourceAndPreparedPins (0.00s)\n","OutputType":"frame"}
{"Time":"2026-10-08T18:11:38.106778196Z","Action":"pass","Package":"go.temporal.io/server/tools/gomad3/deterministicio","Test":"TestLibcRegenerationKeepsExactSourceAndPreparedPins","Elapsed":0}
{"Time":"2026-10-08T18:11:38.106798279Z","Action":"run","Package":"go.temporal.io/server/tools/gomad3/deterministicio","Test":"TestMemberlistSuppliedTCPConsumer"}
{"Time":"2026-10-08T18:11:38.106822487Z","Action":"output","Package":"go.temporal.io/server/tools/gomad3/deterministicio","Test":"TestMemberlistSuppliedTCPConsumer","Output":"=== RUN   TestMemberlistSuppliedTCPConsumer\n","OutputType":"frame"}
{"Time":"2026-10-08T18:11:38.106847571Z","Action":"output","Package":"go.temporal.io/server/tools/gomad3/deterministicio","Test":"TestMemberlistSuppliedTCPConsumer","Output":"    memberlist_adapter_test.go:23: set GOMAD_MEMBERLIST_TCP_CONSUMER_DIR to a consumer checkout for its real TCP membership lifecycle\n"}
{"Time":"2026-10-08T18:11:38.106863946Z","Action":"output","Package":"go.temporal.io/server/tools/gomad3/deterministicio","Test":"TestMemberlistSuppliedTCPConsumer","Output":"--- SKIP: TestMemberlistSuppliedTCPConsumer (0.00s)\n","OutputType":"frame"}
{"Time":"2026-10-08T18:11:38.106876071Z","Action":"skip","Package":"go.temporal.io/server/tools/gomad3/deterministicio","Test":"TestMemberlistSuppliedTCPConsumer","Elapsed":0}
{"Time":"2026-10-08T18:11:38.106889779Z","Action":"run","Package":"go.temporal.io/server/tools/gomad3/deterministicio","Test":"TestPortableMetricsConsumer"}
{"Time":"2026-10-08T18:11:38.106913071Z","Action":"output","Package":"go.temporal.io/server/tools/gomad3/deterministicio","Test":"TestPortableMetricsConsumer","Output":"=== RUN   TestPortableMetricsConsumer\n","OutputType":"frame"}
{"Time":"2026-10-08T18:11:38.573315904Z","Action":"output","Package":"go.temporal.io/server/tools/gomad3/deterministicio","Test":"TestPortableMetricsConsumer","Output":"    metrics_consumer_portable_test.go:40: prepared stock metrics consumer:\n"}
{"Time":"2026-10-08T18:11:38.573386488Z","Action":"output","Package":"go.temporal.io/server/tools/gomad3/deterministicio","Test":"TestPortableMetricsConsumer","Output":"        === RUN   TestSignalServicesRefuse\n"}
{"Time":"2026-10-08T18:11:38.573432946Z","Action":"output","Package":"go.temporal.io/server/tools/gomad3/deterministicio","Test":"TestPortableMetricsConsumer","Output":"        === RUN   TestSignalServicesRefuse/root-default\n"}
{"Time":"2026-10-08T18:11:38.573460404Z","Action":"output","Package":"go.temporal.io/server/tools/gomad3/deterministicio","Test":"TestPortableMetricsConsumer","Output":"        === RUN   TestSignalServicesRefuse/compat\n"}
{"Time":"2026-10-08T18:11:38.573482404Z","Action":"output","Package":"go.temporal.io/server/tools/gomad3/deterministicio","Test":"TestPortableMetricsConsumer","Output":"        === RUN   TestSignalServicesRefuse/compat-default\n"}
{"Time":"2026-10-08T18:11:38.573504238Z","Action":"output","Package":"go.temporal.io/server/tools/gomad3/deterministicio","Test":"TestPortableMetricsConsumer","Output":"        === RUN   TestSignalServicesRefuse/root\n"}
{"Time":"2026-10-08T18:11:38.573524738Z","Action":"output","Package":"go.temporal.io/server/tools/gomad3/deterministicio","Test":"TestPortableMetricsConsumer","Output":"        --- PASS: TestSignalServicesRefuse (0.00s)\n"}
{"Time":"2026-10-08T18:11:38.573544946Z","Action":"output","Package":"go.temporal.io/server/tools/gomad3/deterministicio","Test":"TestPortableMetricsConsumer","Output":"            --- PASS: TestSignalServicesRefuse/root-default (0.00s)\n"}
{"Time":"2026-10-08T18:11:38.573565029Z","Action":"output","Package":"go.temporal.io/server/tools/gomad3/deterministicio","Test":"TestPortableMetricsConsumer","Output":"            --- PASS: TestSignalServicesRefuse/compat (0.00s)\n"}
{"Time":"2026-10-08T18:11:38.573582196Z","Action":"output","Package":"go.temporal.io/server/tools/gomad3/deterministicio","Test":"TestPortableMetricsConsumer","Output":"            --- PASS: TestSignalServicesRefuse/compat-default (0.00s)\n"}
{"Time":"2026-10-08T18:11:38.573600029Z","Action":"output","Package":"go.temporal.io/server/tools/gomad3/deterministicio","Test":"TestPortableMetricsConsumer","Output":"            --- PASS: TestSignalServicesRefuse/root (0.00s)\n"}
{"Time":"2026-10-08T18:11:38.573618904Z","Action":"output","Package":"go.temporal.io/server/tools/gomad3/deterministicio","Test":"TestPortableMetricsConsumer","Output":"        === RUN   TestOrdinaryMetricsEmissionSurvives\n"}
{"Time":"2026-10-08T18:11:38.573636863Z","Action":"output","Package":"go.temporal.io/server/tools/gomad3/deterministicio","Test":"TestPortableMetricsConsumer","Output":"        --- PASS: TestOrdinaryMetricsEmissionSurvives (0.00s)\n"}
{"Time":"2026-10-08T18:11:38.573658529Z","Action":"output","Package":"go.temporal.io/server/tools/gomad3/deterministicio","Test":"TestPortableMetricsConsumer","Output":"        PASS\n"}
{"Time":"2026-10-08T18:11:38.573676654Z","Action":"output","Package":"go.temporal.io/server/tools/gomad3/deterministicio","Test":"TestPortableMetricsConsumer","Output":"        ok  \tgomad3.adapter.hashicorpmetrics\t0.004s\n"}
{"Time":"2026-10-08T18:11:38.591548613Z","Action":"output","Package":"go.temporal.io/server/tools/gomad3/deterministicio","Test":"TestPortableMetricsConsumer","Output":"--- PASS: TestPortableMetricsConsumer (0.48s)\n","OutputType":"frame"}
{"Time":"2026-10-08T18:11:38.591581696Z","Action":"pass","Package":"go.temporal.io/server/tools/gomad3/deterministicio","Test":"TestPortableMetricsConsumer","Elapsed":0.48}
{"Time":"2026-10-08T18:11:38.591596988Z","Action":"run","Package":"go.temporal.io/server/tools/gomad3/deterministicio","Test":"TestPortableSelectedAdapterIdentities"}
{"Time":"2026-10-08T18:11:38.591615696Z","Action":"output","Package":"go.temporal.io/server/tools/gomad3/deterministicio","Test":"TestPortableSelectedAdapterIdentities","Output":"=== RUN   TestPortableSelectedAdapterIdentities\n","OutputType":"frame"}
{"Time":"2026-10-08T18:11:38.591631154Z","Action":"run","Package":"go.temporal.io/server/tools/gomad3/deterministicio","Test":"TestPortableSelectedAdapterIdentities/missing"}
{"Time":"2026-10-08T18:11:38.591649946Z","Action":"output","Package":"go.temporal.io/server/tools/gomad3/deterministicio","Test":"TestPortableSelectedAdapterIdentities/missing","Output":"=== RUN   TestPortableSelectedAdapterIdentities/missing\n","OutputType":"frame"}
{"Time":"2026-10-08T18:11:38.591667446Z","Action":"output","Package":"go.temporal.io/server/tools/gomad3/deterministicio","Test":"TestPortableSelectedAdapterIdentities/missing","Output":"--- PASS: TestPortableSelectedAdapterIdentities/missing (0.00s)\n","OutputType":"frame"}
{"Time":"2026-10-08T18:11:38.591684654Z","Action":"pass","Package":"go.temporal.io/server/tools/gomad3/deterministicio","Test":"TestPortableSelectedAdapterIdentities/missing","Elapsed":0}
{"Time":"2026-10-08T18:11:38.591697863Z","Action":"run","Package":"go.temporal.io/server/tools/gomad3/deterministicio","Test":"TestPortableSelectedAdapterIdentities/empty"}
{"Time":"2026-10-08T18:11:38.591709071Z","Action":"output","Package":"go.temporal.io/server/tools/gomad3/deterministicio","Test":"TestPortableSelectedAdapterIdentities/empty","Output":"=== RUN   TestPortableSelectedAdapterIdentities/empty\n","OutputType":"frame"}
{"Time":"2026-10-08T18:11:38.591731738Z","Action":"output","Package":"go.temporal.io/server/tools/gomad3/deterministicio","Test":"TestPortableSelectedAdapterIdentities/empty","Output":"--- PASS: TestPortableSelectedAdapterIdentities/empty (0.00s)\n","OutputType":"frame"}
{"Time":"2026-10-08T18:11:38.591749779Z","Action":"pass","Package":"go.temporal.io/server/tools/gomad3/deterministicio","Test":"TestPortableSelectedAdapterIdentities/empty","Elapsed":0}
{"Time":"2026-10-08T18:11:38.591774404Z","Action":"run","Package":"go.temporal.io/server/tools/gomad3/deterministicio","Test":"TestPortableSelectedAdapterIdentities/modified_version"}
{"Time":"2026-10-08T18:11:38.591803113Z","Action":"output","Package":"go.temporal.io/server/tools/gomad3/deterministicio","Test":"TestPortableSelectedAdapterIdentities/modified_version","Output":"=== RUN   TestPortableSelectedAdapterIdentities/modified_version\n","OutputType":"frame"}
{"Time":"2026-10-08T18:11:38.591845154Z","Action":"output","Package":"go.temporal.io/server/tools/gomad3/deterministicio","Test":"TestPortableSelectedAdapterIdentities/modified_version","Output":"--- PASS: TestPortableSelectedAdapterIdentities/modified_version (0.00s)\n","OutputType":"frame"}
{"Time":"2026-10-08T18:11:38.591867696Z","Action":"pass","Package":"go.temporal.io/server/tools/gomad3/deterministicio","Test":"TestPortableSelectedAdapterIdentities/modified_version","Elapsed":0}
{"Time":"2026-10-08T18:11:38.591877654Z","Action":"run","Package":"go.temporal.io/server/tools/gomad3/deterministicio","Test":"TestPortableSelectedAdapterIdentities/modified_sum"}
{"Time":"2026-10-08T18:11:38.591897488Z","Action":"output","Package":"go.temporal.io/server/tools/gomad3/deterministicio","Test":"TestPortableSelectedAdapterIdentities/modified_sum","Output":"=== RUN   TestPortableSelectedAdapterIdentities/modified_sum\n","OutputType":"frame"}
{"Time":"2026-10-08T18:11:38.591913238Z","Action":"output","Package":"go.temporal.io/server/tools/gomad3/deterministicio","Test":"TestPortableSelectedAdapterIdentities/modified_sum","Output":"--- PASS: TestPortableSelectedAdapterIdentities/modified_sum (0.00s)\n","OutputType":"frame"}
{"Time":"2026-10-08T18:11:38.591923904Z","Action":"pass","Package":"go.temporal.io/server/tools/gomad3/deterministicio","Test":"TestPortableSelectedAdapterIdentities/modified_sum","Elapsed":0}
{"Time":"2026-10-08T18:11:38.591936321Z","Action":"run","Package":"go.temporal.io/server/tools/gomad3/deterministicio","Test":"TestPortableSelectedAdapterIdentities/unavailable"}
{"Time":"2026-10-08T18:11:38.591953071Z","Action":"output","Package":"go.temporal.io/server/tools/gomad3/deterministicio","Test":"TestPortableSelectedAdapterIdentities/unavailable","Output":"=== RUN   TestPortableSelectedAdapterIdentities/unavailable\n","OutputType":"frame"}
{"Time":"2026-10-08T18:11:38.591968404Z","Action":"output","Package":"go.temporal.io/server/tools/gomad3/deterministicio","Test":"TestPortableSelectedAdapterIdentities/unavailable","Output":"--- PASS: TestPortableSelectedAdapterIdentities/unavailable (0.00s)\n","OutputType":"frame"}
{"Time":"2026-10-08T18:11:38.591982613Z","Action":"pass","Package":"go.temporal.io/server/tools/gomad3/deterministicio","Test":"TestPortableSelectedAdapterIdentities/unavailable","Elapsed":0}
{"Time":"2026-10-08T18:11:38.591993696Z","Action":"run","Package":"go.temporal.io/server/tools/gomad3/deterministicio","Test":"TestPortableSelectedAdapterIdentities/duplicate"}
{"Time":"2026-10-08T18:11:38.592004571Z","Action":"output","Package":"go.temporal.io/server/tools/gomad3/deterministicio","Test":"TestPortableSelectedAdapterIdentities/duplicate","Output":"=== RUN   TestPortableSelectedAdapterIdentities/duplicate\n","OutputType":"frame"}
{"Time":"2026-10-08T18:11:38.592027696Z","Action":"output","Package":"go.temporal.io/server/tools/gomad3/deterministicio","Test":"TestPortableSelectedAdapterIdentities/duplicate","Output":"--- PASS: TestPortableSelectedAdapterIdentities/duplicate (0.00s)\n","OutputType":"frame"}
{"Time":"2026-10-08T18:11:38.592043654Z","Action":"pass","Package":"go.temporal.io/server/tools/gomad3/deterministicio","Test":"TestPortableSelectedAdapterIdentities/duplicate","Elapsed":0}
{"Time":"2026-10-08T18:11:38.592071988Z","Action":"run","Package":"go.temporal.io/server/tools/gomad3/deterministicio","Test":"TestPortableSelectedAdapterIdentities/unsorted"}
{"Time":"2026-10-08T18:11:38.592357946Z","Action":"output","Package":"go.temporal.io/server/tools/gomad3/deterministicio","Test":"TestPortableSelectedAdapterIdentities/unsorted","Output":"=== RUN   TestPortableSelectedAdapterIdentities/unsorted\n","OutputType":"frame"}
{"Time":"2026-10-08T18:11:38.592385404Z","Action":"output","Package":"go.temporal.io/server/tools/gomad3/deterministicio","Test":"TestPortableSelectedAdapterIdentities/unsorted","Output":"--- PASS: TestPortableSelectedAdapterIdentities/unsorted (0.00s)\n","OutputType":"frame"}
{"Time":"2026-10-08T18:11:38.592404363Z","Action":"pass","Package":"go.temporal.io/server/tools/gomad3/deterministicio","Test":"TestPortableSelectedAdapterIdentities/unsorted","Elapsed":0}
{"Time":"2026-10-08T18:11:38.592419029Z","Action":"output","Package":"go.temporal.io/server/tools/gomad3/deterministicio","Test":"TestPortableSelectedAdapterIdentities","Output":"--- PASS: TestPortableSelectedAdapterIdentities (0.00s)\n","OutputType":"frame"}
{"Time":"2026-10-08T18:11:38.592437654Z","Action":"pass","Package":"go.temporal.io/server/tools/gomad3/deterministicio","Test":"TestPortableSelectedAdapterIdentities","Elapsed":0}
{"Time":"2026-10-08T18:11:38.592447779Z","Action":"run","Package":"go.temporal.io/server/tools/gomad3/deterministicio","Test":"TestPortableRequirementsProjection"}
{"Time":"2026-10-08T18:11:38.592463654Z","Action":"output","Package":"go.temporal.io/server/tools/gomad3/deterministicio","Test":"TestPortableRequirementsProjection","Output":"=== RUN   TestPortableRequirementsProjection\n","OutputType":"frame"}
{"Time":"2026-10-08T18:11:38.592481363Z","Action":"output","Package":"go.temporal.io/server/tools/gomad3/deterministicio","Test":"TestPortableRequirementsProjection","Output":"--- PASS: TestPortableRequirementsProjection (0.00s)\n","OutputType":"frame"}
{"Time":"2026-10-08T18:11:38.592502738Z","Action":"pass","Package":"go.temporal.io/server/tools/gomad3/deterministicio","Test":"TestPortableRequirementsProjection","Elapsed":0}
{"Time":"2026-10-08T18:11:38.592516779Z","Action":"run","Package":"go.temporal.io/server/tools/gomad3/deterministicio","Test":"TestPortablePreparedTargetShape"}
{"Time":"2026-10-08T18:11:38.592531529Z","Action":"output","Package":"go.temporal.io/server/tools/gomad3/deterministicio","Test":"TestPortablePreparedTargetShape","Output":"=== RUN   TestPortablePreparedTargetShape\n","OutputType":"frame"}
{"Time":"2026-10-08T18:11:38.592542613Z","Action":"run","Package":"go.temporal.io/server/tools/gomad3/deterministicio","Test":"TestPortablePreparedTargetShape/kind"}
{"Time":"2026-10-08T18:11:38.592558404Z","Action":"output","Package":"go.temporal.io/server/tools/gomad3/deterministicio","Test":"TestPortablePreparedTargetShape/kind","Output":"=== RUN   TestPortablePreparedTargetShape/kind\n","OutputType":"frame"}
{"Time":"2026-10-08T18:11:38.592572363Z","Action":"output","Package":"go.temporal.io/server/tools/gomad3/deterministicio","Test":"TestPortablePreparedTargetShape/kind","Output":"--- PASS: TestPortablePreparedTargetShape/kind (0.00s)\n","OutputType":"frame"}
{"Time":"2026-10-08T18:11:38.592589363Z","Action":"pass","Package":"go.temporal.io/server/tools/gomad3/deterministicio","Test":"TestPortablePreparedTargetShape/kind","Elapsed":0}
{"Time":"2026-10-08T18:11:38.592601821Z","Action":"run","Package":"go.temporal.io/server/tools/gomad3/deterministicio","Test":"TestPortablePreparedTargetShape/source"}
{"Time":"2026-10-08T18:11:38.592612404Z","Action":"output","Package":"go.temporal.io/server/tools/gomad3/deterministicio","Test":"TestPortablePreparedTargetShape/source","Output":"=== RUN   TestPortablePreparedTargetShape/source\n","OutputType":"frame"}
{"Time":"2026-10-08T18:11:38.592621488Z","Action":"output","Package":"go.temporal.io/server/tools/gomad3/deterministicio","Test":"TestPortablePreparedTargetShape/source","Output":"--- PASS: TestPortablePreparedTargetShape/source (0.00s)\n","OutputType":"frame"}
{"Time":"2026-10-08T18:11:38.592631321Z","Action":"pass","Package":"go.temporal.io/server/tools/gomad3/deterministicio","Test":"TestPortablePreparedTargetShape/source","Elapsed":0}
{"Time":"2026-10-08T18:11:38.592656946Z","Action":"run","Package":"go.temporal.io/server/tools/gomad3/deterministicio","Test":"TestPortablePreparedTargetShape/argument"}
{"Time":"2026-10-08T18:11:38.592675738Z","Action":"output","Package":"go.temporal.io/server/tools/gomad3/deterministicio","Test":"TestPortablePreparedTargetShape/argument","Output":"=== RUN   TestPortablePreparedTargetShape/argument\n","OutputType":"frame"}
{"Time":"2026-10-08T18:11:38.592694613Z","Action":"output","Package":"go.temporal.io/server/tools/gomad3/deterministicio","Test":"TestPortablePreparedTargetShape/argument","Output":"--- PASS: TestPortablePreparedTargetShape/argument (0.00s)\n","OutputType":"frame"}
{"Time":"2026-10-08T18:11:38.592705821Z","Action":"pass","Package":"go.temporal.io/server/tools/gomad3/deterministicio","Test":"TestPortablePreparedTargetShape/argument","Elapsed":0}
{"Time":"2026-10-08T18:11:38.592714988Z","Action":"run","Package":"go.temporal.io/server/tools/gomad3/deterministicio","Test":"TestPortablePreparedTargetShape/platform"}
{"Time":"2026-10-08T18:11:38.592744696Z","Action":"output","Package":"go.temporal.io/server/tools/gomad3/deterministicio","Test":"TestPortablePreparedTargetShape/platform","Output":"=== RUN   TestPortablePreparedTargetShape/platform\n","OutputType":"frame"}
{"Time":"2026-10-08T18:11:38.592765529Z","Action":"output","Package":"go.temporal.io/server/tools/gomad3/deterministicio","Test":"TestPortablePreparedTargetShape/platform","Output":"--- PASS: TestPortablePreparedTargetShape/platform (0.00s)\n","OutputType":"frame"}
{"Time":"2026-10-08T18:11:38.592781696Z","Action":"pass","Package":"go.temporal.io/server/tools/gomad3/deterministicio","Test":"TestPortablePreparedTargetShape/platform","Elapsed":0}
{"Time":"2026-10-08T18:11:38.592793696Z","Action":"output","Package":"go.temporal.io/server/tools/gomad3/deterministicio","Test":"TestPortablePreparedTargetShape","Output":"--- PASS: TestPortablePreparedTargetShape (0.00s)\n","OutputType":"frame"}
{"Time":"2026-10-08T18:11:38.592802904Z","Action":"pass","Package":"go.temporal.io/server/tools/gomad3/deterministicio","Test":"TestPortablePreparedTargetShape","Elapsed":0}
{"Time":"2026-10-08T18:11:38.592811488Z","Action":"run","Package":"go.temporal.io/server/tools/gomad3/deterministicio","Test":"TestPortableBootstrapFrameIdentity"}
{"Time":"2026-10-08T18:11:38.592820779Z","Action":"output","Package":"go.temporal.io/server/tools/gomad3/deterministicio","Test":"TestPortableBootstrapFrameIdentity","Output":"=== RUN   TestPortableBootstrapFrameIdentity\n","OutputType":"frame"}
{"Time":"2026-10-08T18:11:38.592832613Z","Action":"output","Package":"go.temporal.io/server/tools/gomad3/deterministicio","Test":"TestPortableBootstrapFrameIdentity","Output":"--- PASS: TestPortableBootstrapFrameIdentity (0.00s)\n","OutputType":"frame"}
{"Time":"2026-10-08T18:11:38.592847779Z","Action":"pass","Package":"go.temporal.io/server/tools/gomad3/deterministicio","Test":"TestPortableBootstrapFrameIdentity","Elapsed":0}
{"Time":"2026-10-08T18:11:38.592869363Z","Action":"run","Package":"go.temporal.io/server/tools/gomad3/deterministicio","Test":"TestPortableBootstrapPlatformGoldens"}
{"Time":"2026-10-08T18:11:38.592888988Z","Action":"output","Package":"go.temporal.io/server/tools/gomad3/deterministicio","Test":"TestPortableBootstrapPlatformGoldens","Output":"=== RUN   TestPortableBootstrapPlatformGoldens\n","OutputType":"frame"}
{"Time":"2026-10-08T18:11:38.592902904Z","Action":"run","Package":"go.temporal.io/server/tools/gomad3/deterministicio","Test":"TestPortableBootstrapPlatformGoldens/darwin/arm64"}
{"Time":"2026-10-08T18:11:38.592923363Z","Action":"output","Package":"go.temporal.io/server/tools/gomad3/deterministicio","Test":"TestPortableBootstrapPlatformGoldens/darwin/arm64","Output":"=== RUN   TestPortableBootstrapPlatformGoldens/darwin/arm64\n","OutputType":"frame"}
{"Time":"2026-10-08T18:11:38.592954696Z","Action":"output","Package":"go.temporal.io/server/tools/gomad3/deterministicio","Test":"TestPortableBootstrapPlatformGoldens/darwin/arm64","Output":"--- PASS: TestPortableBootstrapPlatformGoldens/darwin/arm64 (0.00s)\n","OutputType":"frame"}
{"Time":"2026-10-08T18:11:38.592971363Z","Action":"pass","Package":"go.temporal.io/server/tools/gomad3/deterministicio","Test":"TestPortableBootstrapPlatformGoldens/darwin/arm64","Elapsed":0}
{"Time":"2026-10-08T18:11:38.592983404Z","Action":"run","Package":"go.temporal.io/server/tools/gomad3/deterministicio","Test":"TestPortableBootstrapPlatformGoldens/linux/amd64"}
{"Time":"2026-10-08T18:11:38.592995904Z","Action":"output","Package":"go.temporal.io/server/tools/gomad3/deterministicio","Test":"TestPortableBootstrapPlatformGoldens/linux/amd64","Output":"=== RUN   TestPortableBootstrapPlatformGoldens/linux/amd64\n","OutputType":"frame"}
{"Time":"2026-10-08T18:11:38.593006071Z","Action":"output","Package":"go.temporal.io/server/tools/gomad3/deterministicio","Test":"TestPortableBootstrapPlatformGoldens/linux/amd64","Output":"--- PASS: TestPortableBootstrapPlatformGoldens/linux/amd64 (0.00s)\n","OutputType":"frame"}
{"Time":"2026-10-08T18:11:38.593016321Z","Action":"pass","Package":"go.temporal.io/server/tools/gomad3/deterministicio","Test":"TestPortableBootstrapPlatformGoldens/linux/amd64","Elapsed":0}
{"Time":"2026-10-08T18:11:38.593047196Z","Action":"output","Package":"go.temporal.io/server/tools/gomad3/deterministicio","Test":"TestPortableBootstrapPlatformGoldens","Output":"--- PASS: TestPortableBootstrapPlatformGoldens (0.00s)\n","OutputType":"frame"}
{"Time":"2026-10-08T18:11:38.593065904Z","Action":"pass","Package":"go.temporal.io/server/tools/gomad3/deterministicio","Test":"TestPortableBootstrapPlatformGoldens","Elapsed":0}
{"Time":"2026-10-08T18:11:38.593154738Z","Action":"run","Package":"go.temporal.io/server/tools/gomad3/deterministicio","Test":"TestPortableProfilePublicGuardsRemainFirst"}
{"Time":"2026-10-08T18:11:38.593189696Z","Action":"output","Package":"go.temporal.io/server/tools/gomad3/deterministicio","Test":"TestPortableProfilePublicGuardsRemainFirst","Output":"=== RUN   TestPortableProfilePublicGuardsRemainFirst\n","OutputType":"frame"}
{"Time":"2026-10-08T18:11:38.593252321Z","Action":"run","Package":"go.temporal.io/server/tools/gomad3/deterministicio","Test":"TestPortableProfilePublicGuardsRemainFirst/adapters"}
{"Time":"2026-10-08T18:11:38.593272154Z","Action":"output","Package":"go.temporal.io/server/tools/gomad3/deterministicio","Test":"TestPortableProfilePublicGuardsRemainFirst/adapters","Output":"=== RUN   TestPortableProfilePublicGuardsRemainFirst/adapters\n","OutputType":"frame"}
{"Time":"2026-10-08T18:11:38.593294029Z","Action":"output","Package":"go.temporal.io/server/tools/gomad3/deterministicio","Test":"TestPortableProfilePublicGuardsRemainFirst/adapters","Output":"--- PASS: TestPortableProfilePublicGuardsRemainFirst/adapters (0.00s)\n","OutputType":"frame"}
{"Time":"2026-10-08T18:11:38.593308321Z","Action":"pass","Package":"go.temporal.io/server/tools/gomad3/deterministicio","Test":"TestPortableProfilePublicGuardsRemainFirst/adapters","Elapsed":0}
{"Time":"2026-10-08T18:11:38.593320196Z","Action":"run","Package":"go.temporal.io/server/tools/gomad3/deterministicio","Test":"TestPortableProfilePublicGuardsRemainFirst/requirements"}
{"Time":"2026-10-08T18:11:38.593328446Z","Action":"output","Package":"go.temporal.io/server/tools/gomad3/deterministicio","Test":"TestPortableProfilePublicGuardsRemainFirst/requirements","Output":"=== RUN   TestPortableProfilePublicGuardsRemainFirst/requirements\n","OutputType":"frame"}
{"Time":"2026-10-08T18:11:38.593337404Z","Action":"output","Package":"go.temporal.io/server/tools/gomad3/deterministicio","Test":"TestPortableProfilePublicGuardsRemainFirst/requirements","Output":"--- PASS: TestPortableProfilePublicGuardsRemainFirst/requirements (0.00s)\n","OutputType":"frame"}
{"Time":"2026-10-08T18:11:38.593348113Z","Action":"pass","Package":"go.temporal.io/server/tools/gomad3/deterministicio","Test":"TestPortableProfilePublicGuardsRemainFirst/requirements","Elapsed":0}
{"Time":"2026-10-08T18:11:38.593375821Z","Action":"run","Package":"go.temporal.io/server/tools/gomad3/deterministicio","Test":"TestPortableProfilePublicGuardsRemainFirst/bootstrap"}
{"Time":"2026-10-08T18:11:38.593411446Z","Action":"output","Package":"go.temporal.io/server/tools/gomad3/deterministicio","Test":"TestPortableProfilePublicGuardsRemainFirst/bootstrap","Output":"=== RUN   TestPortableProfilePublicGuardsRemainFirst/bootstrap\n","OutputType":"frame"}
{"Time":"2026-10-08T18:11:38.593428904Z","Action":"output","Package":"go.temporal.io/server/tools/gomad3/deterministicio","Test":"TestPortableProfilePublicGuardsRemainFirst/bootstrap","Output":"--- PASS: TestPortableProfilePublicGuardsRemainFirst/bootstrap (0.00s)\n","OutputType":"frame"}
{"Time":"2026-10-08T18:11:38.593451988Z","Action":"pass","Package":"go.temporal.io/server/tools/gomad3/deterministicio","Test":"TestPortableProfilePublicGuardsRemainFirst/bootstrap","Elapsed":0}
{"Time":"2026-10-08T18:11:38.593474946Z","Action":"run","Package":"go.temporal.io/server/tools/gomad3/deterministicio","Test":"TestPortableProfilePublicGuardsRemainFirst/prepared"}
{"Time":"2026-10-08T18:11:38.593495738Z","Action":"output","Package":"go.temporal.io/server/tools/gomad3/deterministicio","Test":"TestPortableProfilePublicGuardsRemainFirst/prepared","Output":"=== RUN   TestPortableProfilePublicGuardsRemainFirst/prepared\n","OutputType":"frame"}
{"Time":"2026-10-08T18:11:38.593521488Z","Action":"output","Package":"go.temporal.io/server/tools/gomad3/deterministicio","Test":"TestPortableProfilePublicGuardsRemainFirst/prepared","Output":"--- PASS: TestPortableProfilePublicGuardsRemainFirst/prepared (0.00s)\n","OutputType":"frame"}
{"Time":"2026-10-08T18:11:38.593546779Z","Action":"pass","Package":"go.temporal.io/server/tools/gomad3/deterministicio","Test":"TestPortableProfilePublicGuardsRemainFirst/prepared","Elapsed":0}
{"Time":"2026-10-08T18:11:38.593567363Z","Action":"output","Package":"go.temporal.io/server/tools/gomad3/deterministicio","Test":"TestPortableProfilePublicGuardsRemainFirst","Output":"--- PASS: TestPortableProfilePublicGuardsRemainFirst (0.00s)\n","OutputType":"frame"}
{"Time":"2026-10-08T18:11:38.593586321Z","Action":"pass","Package":"go.temporal.io/server/tools/gomad3/deterministicio","Test":"TestPortableProfilePublicGuardsRemainFirst","Elapsed":0}
{"Time":"2026-10-08T18:11:38.593601613Z","Action":"run","Package":"go.temporal.io/server/tools/gomad3/deterministicio","Test":"TestDeterministicProfileCompatibilityGolden"}
{"Time":"2026-10-08T18:11:38.593616238Z","Action":"output","Package":"go.temporal.io/server/tools/gomad3/deterministicio","Test":"TestDeterministicProfileCompatibilityGolden","Output":"=== RUN   TestDeterministicProfileCompatibilityGolden\n","OutputType":"frame"}
{"Time":"2026-10-08T18:11:38.593636279Z","Action":"output","Package":"go.temporal.io/server/tools/gomad3/deterministicio","Test":"TestDeterministicProfileCompatibilityGolden","Output":"    profile_test.go:59: no profile golden for linux/arm64\n"}
{"Time":"2026-10-08T18:11:38.593662363Z","Action":"output","Package":"go.temporal.io/server/tools/gomad3/deterministicio","Test":"TestDeterministicProfileCompatibilityGolden","Output":"--- SKIP: TestDeterministicProfileCompatibilityGolden (0.00s)\n","OutputType":"frame"}
{"Time":"2026-10-08T18:11:38.593688988Z","Action":"skip","Package":"go.temporal.io/server/tools/gomad3/deterministicio","Test":"TestDeterministicProfileCompatibilityGolden","Elapsed":0}
{"Time":"2026-10-08T18:11:38.593732488Z","Action":"run","Package":"go.temporal.io/server/tools/gomad3/deterministicio","Test":"TestDefaultProfile"}
{"Time":"2026-10-08T18:11:38.593752696Z","Action":"output","Package":"go.temporal.io/server/tools/gomad3/deterministicio","Test":"TestDefaultProfile","Output":"=== RUN   TestDefaultProfile\n","OutputType":"frame"}
{"Time":"2026-10-08T18:11:38.593792904Z","Action":"output","Package":"go.temporal.io/server/tools/gomad3/deterministicio","Test":"TestDefaultProfile","Output":"--- PASS: TestDefaultProfile (0.00s)\n","OutputType":"frame"}
{"Time":"2026-10-08T18:11:38.593814988Z","Action":"pass","Package":"go.temporal.io/server/tools/gomad3/deterministicio","Test":"TestDefaultProfile","Elapsed":0}
{"Time":"2026-10-08T18:11:38.593837113Z","Action":"run","Package":"go.temporal.io/server/tools/gomad3/deterministicio","Test":"TestDefaultReturnsAnImmutableProfileSpecification"}
{"Time":"2026-10-08T18:11:38.594225821Z","Action":"output","Package":"go.temporal.io/server/tools/gomad3/deterministicio","Test":"TestDefaultReturnsAnImmutableProfileSpecification","Output":"=== RUN   TestDefaultReturnsAnImmutableProfileSpecification\n","OutputType":"frame"}
{"Time":"2026-10-08T18:11:38.594293738Z","Action":"output","Package":"go.temporal.io/server/tools/gomad3/deterministicio","Test":"TestDefaultReturnsAnImmutableProfileSpecification","Output":"--- PASS: TestDefaultReturnsAnImmutableProfileSpecification (0.00s)\n","OutputType":"frame"}
{"Time":"2026-10-08T18:11:38.594312446Z","Action":"pass","Package":"go.temporal.io/server/tools/gomad3/deterministicio","Test":"TestDefaultReturnsAnImmutableProfileSpecification","Elapsed":0}
{"Time":"2026-10-08T18:11:38.594338321Z","Action":"run","Package":"go.temporal.io/server/tools/gomad3/deterministicio","Test":"TestProfileOwnsIdentityProjectionAndVerification"}
{"Time":"2026-10-08T18:11:38.594360988Z","Action":"output","Package":"go.temporal.io/server/tools/gomad3/deterministicio","Test":"TestProfileOwnsIdentityProjectionAndVerification","Output":"=== RUN   TestProfileOwnsIdentityProjectionAndVerification\n","OutputType":"frame"}
{"Time":"2026-10-08T18:11:38.594379363Z","Action":"run","Package":"go.temporal.io/server/tools/gomad3/deterministicio","Test":"TestProfileOwnsIdentityProjectionAndVerification/name"}
{"Time":"2026-10-08T18:11:38.594393238Z","Action":"output","Package":"go.temporal.io/server/tools/gomad3/deterministicio","Test":"TestProfileOwnsIdentityProjectionAndVerification/name","Output":"=== RUN   TestProfileOwnsIdentityProjectionAndVerification/name\n","OutputType":"frame"}
{"Time":"2026-10-08T18:11:38.594407863Z","Action":"output","Package":"go.temporal.io/server/tools/gomad3/deterministicio","Test":"TestProfileOwnsIdentityProjectionAndVerification/name","Output":"--- PASS: TestProfileOwnsIdentityProjectionAndVerification/name (0.00s)\n","OutputType":"frame"}
{"Time":"2026-10-08T18:11:38.594424404Z","Action":"pass","Package":"go.temporal.io/server/tools/gomad3/deterministicio","Test":"TestProfileOwnsIdentityProjectionAndVerification/name","Elapsed":0}
{"Time":"2026-10-08T18:11:38.594442738Z","Action":"run","Package":"go.temporal.io/server/tools/gomad3/deterministicio","Test":"TestProfileOwnsIdentityProjectionAndVerification/implementation"}
{"Time":"2026-10-08T18:11:38.594462071Z","Action":"output","Package":"go.temporal.io/server/tools/gomad3/deterministicio","Test":"TestProfileOwnsIdentityProjectionAndVerification/implementation","Output":"=== RUN   TestProfileOwnsIdentityProjectionAndVerification/implementation\n","OutputType":"frame"}
{"Time":"2026-10-08T18:11:38.594476404Z","Action":"output","Package":"go.temporal.io/server/tools/gomad3/deterministicio","Test":"TestProfileOwnsIdentityProjectionAndVerification/implementation","Output":"--- PASS: TestProfileOwnsIdentityProjectionAndVerification/implementation (0.00s)\n","OutputType":"frame"}
{"Time":"2026-10-08T18:11:38.594491363Z","Action":"pass","Package":"go.temporal.io/server/tools/gomad3/deterministicio","Test":"TestProfileOwnsIdentityProjectionAndVerification/implementation","Elapsed":0}
{"Time":"2026-10-08T18:11:38.594516988Z","Action":"run","Package":"go.temporal.io/server/tools/gomad3/deterministicio","Test":"TestProfileOwnsIdentityProjectionAndVerification/inventory"}
{"Time":"2026-10-08T18:11:38.594537946Z","Action":"output","Package":"go.temporal.io/server/tools/gomad3/deterministicio","Test":"TestProfileOwnsIdentityProjectionAndVerification/inventory","Output":"=== RUN   TestProfileOwnsIdentityProjectionAndVerification/inventory\n","OutputType":"frame"}
{"Time":"2026-10-08T18:11:38.594563654Z","Action":"output","Package":"go.temporal.io/server/tools/gomad3/deterministicio","Test":"TestProfileOwnsIdentityProjectionAndVerification/inventory","Output":"--- PASS: TestProfileOwnsIdentityProjectionAndVerification/inventory (0.00s)\n","OutputType":"frame"}
{"Time":"2026-10-08T18:11:38.594579946Z","Action":"pass","Package":"go.temporal.io/server/tools/gomad3/deterministicio","Test":"TestProfileOwnsIdentityProjectionAndVerification/inventory","Elapsed":0}
{"Time":"2026-10-08T18:11:38.594599946Z","Action":"output","Package":"go.temporal.io/server/tools/gomad3/deterministicio","Test":"TestProfileOwnsIdentityProjectionAndVerification","Output":"--- PASS: TestProfileOwnsIdentityProjectionAndVerification (0.00s)\n","OutputType":"frame"}
{"Time":"2026-10-08T18:11:38.594613779Z","Action":"pass","Package":"go.temporal.io/server/tools/gomad3/deterministicio","Test":"TestProfileOwnsIdentityProjectionAndVerification","Elapsed":0}
{"Time":"2026-10-08T18:11:38.594630071Z","Action":"run","Package":"go.temporal.io/server/tools/gomad3/deterministicio","Test":"TestValidatePreparedTargetRejectsIdentityMismatch"}
{"Time":"2026-10-08T18:11:38.594646529Z","Action":"output","Package":"go.temporal.io/server/tools/gomad3/deterministicio","Test":"TestValidatePreparedTargetRejectsIdentityMismatch","Output":"=== RUN   TestValidatePreparedTargetRejectsIdentityMismatch\n","OutputType":"frame"}
{"Time":"2026-10-08T18:11:38.594660071Z","Action":"run","Package":"go.temporal.io/server/tools/gomad3/deterministicio","Test":"TestValidatePreparedTargetRejectsIdentityMismatch/source"}
{"Time":"2026-10-08T18:11:38.594690654Z","Action":"output","Package":"go.temporal.io/server/tools/gomad3/deterministicio","Test":"TestValidatePreparedTargetRejectsIdentityMismatch/source","Output":"=== RUN   TestValidatePreparedTargetRejectsIdentityMismatch/source\n","OutputType":"frame"}
{"Time":"2026-10-08T18:11:38.594711779Z","Action":"output","Package":"go.temporal.io/server/tools/gomad3/deterministicio","Test":"TestValidatePreparedTargetRejectsIdentityMismatch/source","Output":"--- PASS: TestValidatePreparedTargetRejectsIdentityMismatch/source (0.00s)\n","OutputType":"frame"}
{"Time":"2026-10-08T18:11:38.594727279Z","Action":"pass","Package":"go.temporal.io/server/tools/gomad3/deterministicio","Test":"TestValidatePreparedTargetRejectsIdentityMismatch/source","Elapsed":0}
{"Time":"2026-10-08T18:11:38.594742071Z","Action":"run","Package":"go.temporal.io/server/tools/gomad3/deterministicio","Test":"TestValidatePreparedTargetRejectsIdentityMismatch/argument"}
{"Time":"2026-10-08T18:11:38.594756279Z","Action":"output","Package":"go.temporal.io/server/tools/gomad3/deterministicio","Test":"TestValidatePreparedTargetRejectsIdentityMismatch/argument","Output":"=== RUN   TestValidatePreparedTargetRejectsIdentityMismatch/argument\n","OutputType":"frame"}
{"Time":"2026-10-08T18:11:38.594770821Z","Action":"output","Package":"go.temporal.io/server/tools/gomad3/deterministicio","Test":"TestValidatePreparedTargetRejectsIdentityMismatch/argument","Output":"--- PASS: TestValidatePreparedTargetRejectsIdentityMismatch/argument (0.00s)\n","OutputType":"frame"}
{"Time":"2026-10-08T18:11:38.594789279Z","Action":"pass","Package":"go.temporal.io/server/tools/gomad3/deterministicio","Test":"TestValidatePreparedTargetRejectsIdentityMismatch/argument","Elapsed":0}
{"Time":"2026-10-08T18:11:38.594806154Z","Action":"run","Package":"go.temporal.io/server/tools/gomad3/deterministicio","Test":"TestValidatePreparedTargetRejectsIdentityMismatch/platform"}
{"Time":"2026-10-08T18:11:38.594822071Z","Action":"output","Package":"go.temporal.io/server/tools/gomad3/deterministicio","Test":"TestValidatePreparedTargetRejectsIdentityMismatch/platform","Output":"=== RUN   TestValidatePreparedTargetRejectsIdentityMismatch/platform\n","OutputType":"frame"}
{"Time":"2026-10-08T18:11:38.594837863Z","Action":"output","Package":"go.temporal.io/server/tools/gomad3/deterministicio","Test":"TestValidatePreparedTargetRejectsIdentityMismatch/platform","Output":"--- PASS: TestValidatePreparedTargetRejectsIdentityMismatch/platform (0.00s)\n","OutputType":"frame"}
{"Time":"2026-10-08T18:11:38.594853779Z","Action":"pass","Package":"go.temporal.io/server/tools/gomad3/deterministicio","Test":"TestValidatePreparedTargetRejectsIdentityMismatch/platform","Elapsed":0}
{"Time":"2026-10-08T18:11:38.594869821Z","Action":"run","Package":"go.temporal.io/server/tools/gomad3/deterministicio","Test":"TestValidatePreparedTargetRejectsIdentityMismatch/kind"}
{"Time":"2026-10-08T18:11:38.594885529Z","Action":"output","Package":"go.temporal.io/server/tools/gomad3/deterministicio","Test":"TestValidatePreparedTargetRejectsIdentityMismatch/kind","Output":"=== RUN   TestValidatePreparedTargetRejectsIdentityMismatch/kind\n","OutputType":"frame"}
{"Time":"2026-10-08T18:11:38.594900654Z","Action":"output","Package":"go.temporal.io/server/tools/gomad3/deterministicio","Test":"TestValidatePreparedTargetRejectsIdentityMismatch/kind","Output":"--- PASS: TestValidatePreparedTargetRejectsIdentityMismatch/kind (0.00s)\n","OutputType":"frame"}
{"Time":"2026-10-08T18:11:38.594915488Z","Action":"pass","Package":"go.temporal.io/server/tools/gomad3/deterministicio","Test":"TestValidatePreparedTargetRejectsIdentityMismatch/kind","Elapsed":0}
{"Time":"2026-10-08T18:11:38.594929988Z","Action":"output","Package":"go.temporal.io/server/tools/gomad3/deterministicio","Test":"TestValidatePreparedTargetRejectsIdentityMismatch","Output":"--- PASS: TestValidatePreparedTargetRejectsIdentityMismatch (0.00s)\n","OutputType":"frame"}
{"Time":"2026-10-08T18:11:38.595011863Z","Action":"pass","Package":"go.temporal.io/server/tools/gomad3/deterministicio","Test":"TestValidatePreparedTargetRejectsIdentityMismatch","Elapsed":0}
{"Time":"2026-10-08T18:11:38.595133404Z","Action":"run","Package":"go.temporal.io/server/tools/gomad3/deterministicio","Test":"TestDecodeSemanticCoverageReturnsStableSortedBoundaryProbes"}
{"Time":"2026-10-08T18:11:38.595152446Z","Action":"output","Package":"go.temporal.io/server/tools/gomad3/deterministicio","Test":"TestDecodeSemanticCoverageReturnsStableSortedBoundaryProbes","Output":"=== RUN   TestDecodeSemanticCoverageReturnsStableSortedBoundaryProbes\n","OutputType":"frame"}
{"Time":"2026-10-08T18:11:38.595177529Z","Action":"output","Package":"go.temporal.io/server/tools/gomad3/deterministicio","Test":"TestDecodeSemanticCoverageReturnsStableSortedBoundaryProbes","Output":"--- PASS: TestDecodeSemanticCoverageReturnsStableSortedBoundaryProbes (0.00s)\n","OutputType":"frame"}
{"Time":"2026-10-08T18:11:38.595193613Z","Action":"pass","Package":"go.temporal.io/server/tools/gomad3/deterministicio","Test":"TestDecodeSemanticCoverageReturnsStableSortedBoundaryProbes","Elapsed":0}
{"Time":"2026-10-08T18:11:38.595207863Z","Action":"run","Package":"go.temporal.io/server/tools/gomad3/deterministicio","Test":"TestDecodeSemanticCoverageRejectsUnknownAndDuplicateProbes"}
{"Time":"2026-10-08T18:11:38.595232779Z","Action":"output","Package":"go.temporal.io/server/tools/gomad3/deterministicio","Test":"TestDecodeSemanticCoverageRejectsUnknownAndDuplicateProbes","Output":"=== RUN   TestDecodeSemanticCoverageRejectsUnknownAndDuplicateProbes\n","OutputType":"frame"}
{"Time":"2026-10-08T18:11:38.595270613Z","Action":"output","Package":"go.temporal.io/server/tools/gomad3/deterministicio","Test":"TestDecodeSemanticCoverageRejectsUnknownAndDuplicateProbes","Output":"--- PASS: TestDecodeSemanticCoverageRejectsUnknownAndDuplicateProbes (0.00s)\n","OutputType":"frame"}
{"Time":"2026-10-08T18:11:38.595293404Z","Action":"pass","Package":"go.temporal.io/server/tools/gomad3/deterministicio","Test":"TestDecodeSemanticCoverageRejectsUnknownAndDuplicateProbes","Elapsed":0}
{"Time":"2026-10-08T18:11:38.595308238Z","Action":"run","Package":"go.temporal.io/server/tools/gomad3/deterministicio","Test":"TestMissingRequiredSemanticProbesValidatesNames"}
{"Time":"2026-10-08T18:11:38.595320821Z","Action":"output","Package":"go.temporal.io/server/tools/gomad3/deterministicio","Test":"TestMissingRequiredSemanticProbesValidatesNames","Output":"=== RUN   TestMissingRequiredSemanticProbesValidatesNames\n","OutputType":"frame"}
{"Time":"2026-10-08T18:11:38.595337529Z","Action":"output","Package":"go.temporal.io/server/tools/gomad3/deterministicio","Test":"TestMissingRequiredSemanticProbesValidatesNames","Output":"--- PASS: TestMissingRequiredSemanticProbesValidatesNames (0.00s)\n","OutputType":"frame"}
{"Time":"2026-10-08T18:11:38.595357488Z","Action":"pass","Package":"go.temporal.io/server/tools/gomad3/deterministicio","Test":"TestMissingRequiredSemanticProbesValidatesNames","Elapsed":0}
{"Time":"2026-10-08T18:11:38.595369821Z","Action":"run","Package":"go.temporal.io/server/tools/gomad3/deterministicio","Test":"TestSummarizeSemanticProbesCanonicalizesAUnion"}
{"Time":"2026-10-08T18:11:38.595396571Z","Action":"output","Package":"go.temporal.io/server/tools/gomad3/deterministicio","Test":"TestSummarizeSemanticProbesCanonicalizesAUnion","Output":"=== RUN   TestSummarizeSemanticProbesCanonicalizesAUnion\n","OutputType":"frame"}
{"Time":"2026-10-08T18:11:38.595416779Z","Action":"output","Package":"go.temporal.io/server/tools/gomad3/deterministicio","Test":"TestSummarizeSemanticProbesCanonicalizesAUnion","Output":"--- PASS: TestSummarizeSemanticProbesCanonicalizesAUnion (0.00s)\n","OutputType":"frame"}
{"Time":"2026-10-08T18:11:38.595432529Z","Action":"pass","Package":"go.temporal.io/server/tools/gomad3/deterministicio","Test":"TestSummarizeSemanticProbesCanonicalizesAUnion","Elapsed":0}
{"Time":"2026-10-08T18:11:38.595446488Z","Action":"run","Package":"go.temporal.io/server/tools/gomad3/deterministicio","Test":"TestSemanticInstrumentationIdentityBindsProbeNamesAndStableIDs"}
{"Time":"2026-10-08T18:11:38.595458196Z","Action":"output","Package":"go.temporal.io/server/tools/gomad3/deterministicio","Test":"TestSemanticInstrumentationIdentityBindsProbeNamesAndStableIDs","Output":"=== RUN   TestSemanticInstrumentationIdentityBindsProbeNamesAndStableIDs\n","OutputType":"frame"}
{"Time":"2026-10-08T18:11:38.595474904Z","Action":"output","Package":"go.temporal.io/server/tools/gomad3/deterministicio","Test":"TestSemanticInstrumentationIdentityBindsProbeNamesAndStableIDs","Output":"--- PASS: TestSemanticInstrumentationIdentityBindsProbeNamesAndStableIDs (0.00s)\n","OutputType":"frame"}
{"Time":"2026-10-08T18:11:38.595489779Z","Action":"pass","Package":"go.temporal.io/server/tools/gomad3/deterministicio","Test":"TestSemanticInstrumentationIdentityBindsProbeNamesAndStableIDs","Elapsed":0}
{"Time":"2026-10-08T18:11:38.595503696Z","Action":"run","Package":"go.temporal.io/server/tools/gomad3/deterministicio","Test":"TestSessionCollectTerminal"}
{"Time":"2026-10-08T18:11:38.595527029Z","Action":"output","Package":"go.temporal.io/server/tools/gomad3/deterministicio","Test":"TestSessionCollectTerminal","Output":"=== RUN   TestSessionCollectTerminal\n","OutputType":"frame"}
{"Time":"2026-10-08T18:11:38.595549488Z","Action":"run","Package":"go.temporal.io/server/tools/gomad3/deterministicio","Test":"TestSessionCollectTerminal/absent"}
{"Time":"2026-10-08T18:11:38.595565113Z","Action":"output","Package":"go.temporal.io/server/tools/gomad3/deterministicio","Test":"TestSessionCollectTerminal/absent","Output":"=== RUN   TestSessionCollectTerminal/absent\n","OutputType":"frame"}
{"Time":"2026-10-08T18:11:38.595610321Z","Action":"output","Package":"go.temporal.io/server/tools/gomad3/deterministicio","Test":"TestSessionCollectTerminal/absent","Output":"--- PASS: TestSessionCollectTerminal/absent (0.00s)\n","OutputType":"frame"}
{"Time":"2026-10-08T18:11:38.595626113Z","Action":"pass","Package":"go.temporal.io/server/tools/gomad3/deterministicio","Test":"TestSessionCollectTerminal/absent","Elapsed":0}
{"Time":"2026-10-08T18:11:38.595646321Z","Action":"run","Package":"go.temporal.io/server/tools/gomad3/deterministicio","Test":"TestSessionCollectTerminal/truncated"}
{"Time":"2026-10-08T18:11:38.595659113Z","Action":"output","Package":"go.temporal.io/server/tools/gomad3/deterministicio","Test":"TestSessionCollectTerminal/truncated","Output":"=== RUN   TestSessionCollectTerminal/truncated\n","OutputType":"frame"}
{"Time":"2026-10-08T18:11:38.595675488Z","Action":"output","Package":"go.temporal.io/server/tools/gomad3/deterministicio","Test":"TestSessionCollectTerminal/truncated","Output":"--- PASS: TestSessionCollectTerminal/truncated (0.00s)\n","OutputType":"frame"}
{"Time":"2026-10-08T18:11:38.595775529Z","Action":"pass","Package":"go.temporal.io/server/tools/gomad3/deterministicio","Test":"TestSessionCollectTerminal/truncated","Elapsed":0}
{"Time":"2026-10-08T18:11:38.595852404Z","Action":"run","Package":"go.temporal.io/server/tools/gomad3/deterministicio","Test":"TestSessionCollectTerminal/malformed"}
{"Time":"2026-10-08T18:11:38.595865154Z","Action":"output","Package":"go.temporal.io/server/tools/gomad3/deterministicio","Test":"TestSessionCollectTerminal/malformed","Output":"=== RUN   TestSessionCollectTerminal/malformed\n","OutputType":"frame"}
{"Time":"2026-10-08T18:11:38.595903071Z","Action":"output","Package":"go.temporal.io/server/tools/gomad3/deterministicio","Test":"TestSessionCollectTerminal/malformed","Output":"--- PASS: TestSessionCollectTerminal/malformed (0.00s)\n","OutputType":"frame"}
{"Time":"2026-10-08T18:11:38.595917946Z","Action":"pass","Package":"go.temporal.io/server/tools/gomad3/deterministicio","Test":"TestSessionCollectTerminal/malformed","Elapsed":0}
{"Time":"2026-10-08T18:11:38.595933779Z","Action":"run","Package":"go.temporal.io/server/tools/gomad3/deterministicio","Test":"TestSessionCollectTerminal/checksum"}
{"Time":"2026-10-08T18:11:38.595951988Z","Action":"output","Package":"go.temporal.io/server/tools/gomad3/deterministicio","Test":"TestSessionCollectTerminal/checksum","Output":"=== RUN   TestSessionCollectTerminal/checksum\n","OutputType":"frame"}
{"Time":"2026-10-08T18:11:38.595967654Z","Action":"output","Package":"go.temporal.io/server/tools/gomad3/deterministicio","Test":"TestSessionCollectTerminal/checksum","Output":"--- PASS: TestSessionCollectTerminal/checksum (0.00s)\n","OutputType":"frame"}
{"Time":"2026-10-08T18:11:38.595983571Z","Action":"pass","Package":"go.temporal.io/server/tools/gomad3/deterministicio","Test":"TestSessionCollectTerminal/checksum","Elapsed":0}
{"Time":"2026-10-08T18:11:38.596003488Z","Action":"run","Package":"go.temporal.io/server/tools/gomad3/deterministicio","Test":"TestSessionCollectTerminal/digest"}
{"Time":"2026-10-08T18:11:38.596019488Z","Action":"output","Package":"go.temporal.io/server/tools/gomad3/deterministicio","Test":"TestSessionCollectTerminal/digest","Output":"=== RUN   TestSessionCollectTerminal/digest\n","OutputType":"frame"}
{"Time":"2026-10-08T18:11:38.596621071Z","Action":"output","Package":"go.temporal.io/server/tools/gomad3/deterministicio","Test":"TestSessionCollectTerminal/digest","Output":"--- PASS: TestSessionCollectTerminal/digest (0.00s)\n","OutputType":"frame"}
{"Time":"2026-10-08T18:11:38.596643238Z","Action":"pass","Package":"go.temporal.io/server/tools/gomad3/deterministicio","Test":"TestSessionCollectTerminal/digest","Elapsed":0}
{"Time":"2026-10-08T18:11:38.596674196Z","Action":"run","Package":"go.temporal.io/server/tools/gomad3/deterministicio","Test":"TestSessionCollectTerminal/overflow"}
{"Time":"2026-10-08T18:11:38.596696904Z","Action":"output","Package":"go.temporal.io/server/tools/gomad3/deterministicio","Test":"TestSessionCollectTerminal/overflow","Output":"=== RUN   TestSessionCollectTerminal/overflow\n","OutputType":"frame"}
{"Time":"2026-10-08T18:11:38.597366988Z","Action":"output","Package":"go.temporal.io/server/tools/gomad3/deterministicio","Test":"TestSessionCollectTerminal/overflow","Output":"--- PASS: TestSessionCollectTerminal/overflow (0.00s)\n","OutputType":"frame"}
{"Time":"2026-10-08T18:11:38.597384863Z","Action":"pass","Package":"go.temporal.io/server/tools/gomad3/deterministicio","Test":"TestSessionCollectTerminal/overflow","Elapsed":0}
{"Time":"2026-10-08T18:11:38.597398446Z","Action":"run","Package":"go.temporal.io/server/tools/gomad3/deterministicio","Test":"TestSessionCollectTerminal/capacity"}
{"Time":"2026-10-08T18:11:38.597409696Z","Action":"output","Package":"go.temporal.io/server/tools/gomad3/deterministicio","Test":"TestSessionCollectTerminal/capacity","Output":"=== RUN   TestSessionCollectTerminal/capacity\n","OutputType":"frame"}
{"Time":"2026-10-08T18:11:38.597946196Z","Action":"output","Package":"go.temporal.io/server/tools/gomad3/deterministicio","Test":"TestSessionCollectTerminal/capacity","Output":"--- PASS: TestSessionCollectTerminal/capacity (0.00s)\n","OutputType":"frame"}
{"Time":"2026-10-08T18:11:38.597976488Z","Action":"pass","Package":"go.temporal.io/server/tools/gomad3/deterministicio","Test":"TestSessionCollectTerminal/capacity","Elapsed":0}
{"Time":"2026-10-08T18:11:38.597993738Z","Action":"run","Package":"go.temporal.io/server/tools/gomad3/deterministicio","Test":"TestSessionCollectTerminal/complete"}
{"Time":"2026-10-08T18:11:38.598011654Z","Action":"output","Package":"go.temporal.io/server/tools/gomad3/deterministicio","Test":"TestSessionCollectTerminal/complete","Output":"=== RUN   TestSessionCollectTerminal/complete\n","OutputType":"frame"}
{"Time":"2026-10-08T18:11:38.598539279Z","Action":"output","Package":"go.temporal.io/server/tools/gomad3/deterministicio","Test":"TestSessionCollectTerminal/complete","Output":"--- PASS: TestSessionCollectTerminal/complete (0.00s)\n","OutputType":"frame"}
{"Time":"2026-10-08T18:11:38.598582529Z","Action":"pass","Package":"go.temporal.io/server/tools/gomad3/deterministicio","Test":"TestSessionCollectTerminal/complete","Elapsed":0}
{"Time":"2026-10-08T18:11:38.598593113Z","Action":"run","Package":"go.temporal.io/server/tools/gomad3/deterministicio","Test":"TestSessionCollectTerminal/replay_divergence"}
{"Time":"2026-10-08T18:11:38.598601821Z","Action":"output","Package":"go.temporal.io/server/tools/gomad3/deterministicio","Test":"TestSessionCollectTerminal/replay_divergence","Output":"=== RUN   TestSessionCollectTerminal/replay_divergence\n","OutputType":"frame"}
{"Time":"2026-10-08T18:11:38.599098821Z","Action":"output","Package":"go.temporal.io/server/tools/gomad3/deterministicio","Test":"TestSessionCollectTerminal/replay_divergence","Output":"--- PASS: TestSessionCollectTerminal/replay_divergence (0.00s)\n","OutputType":"frame"}
{"Time":"2026-10-08T18:11:38.599114404Z","Action":"pass","Package":"go.temporal.io/server/tools/gomad3/deterministicio","Test":"TestSessionCollectTerminal/replay_divergence","Elapsed":0}
{"Time":"2026-10-08T18:11:38.599129946Z","Action":"output","Package":"go.temporal.io/server/tools/gomad3/deterministicio","Test":"TestSessionCollectTerminal","Output":"--- PASS: TestSessionCollectTerminal (0.01s)\n","OutputType":"frame"}
{"Time":"2026-10-08T18:11:38.599138738Z","Action":"pass","Package":"go.temporal.io/server/tools/gomad3/deterministicio","Test":"TestSessionCollectTerminal","Elapsed":0.01}
{"Time":"2026-10-08T18:11:38.599148196Z","Action":"output","Package":"go.temporal.io/server/tools/gomad3/deterministicio","Output":"FAIL\n","OutputType":"frame"}
{"Time":"2026-10-08T18:11:38.599726654Z","Action":"output","Package":"go.temporal.io/server/tools/gomad3/deterministicio","Output":"FAIL\tgo.temporal.io/server/tools/gomad3/deterministicio\t54.207s\n","OutputType":"frame"}
{"Time":"2026-10-08T18:11:38.599759279Z","Action":"fail","Package":"go.temporal.io/server/tools/gomad3/deterministicio","Elapsed":54.207}
