=== RUN   TestRuntimeSearchFixtures
    runtime_test.go:145: seed 1 output B A records [
          {
            "Ordinal": 0,
            "Kind": 1,
            "Flags": 5,
            "Alternatives": 3,
            "Selected": 1,
            "Data": 0,
            "SiteOffset": 0,
            "SelectedIdentity": [
              77,
              49,
              235,
              71,
              254,
              217,
              169,
              189,
              153,
              91,
              203,
              11,
              30,
              31,
              38,
              125,
              242,
              234,
              23,
              199,
              201,
              156,
              218,
              105,
              47,
              65,
              124,
              254,
              205,
              60,
              182,
              208
            ],
            "AlternativeSetDigest": [
              109,
              139,
              97,
              115,
              166,
              9,
              237,
              92,
              232,
              67,
              194,
              75,
              65,
              18,
              201,
              171,
              57,
              167,
              44,
              122,
              185,
              229,
              179,
              133,
              80,
              16,
              108,
              137,
              183,
              19,
              22,
              116
            ]
          },
          {
            "Ordinal": 1,
            "Kind": 1,
            "Flags": 5,
            "Alternatives": 2,
            "Selected": 0,
            "Data": 0,
            "SiteOffset": 0,
            "SelectedIdentity": [
              71,
              42,
              86,
              107,
              155,
              196,
              51,
              27,
              108,
              118,
              215,
              184,
              26,
              24,
              55,
              93,
              107,
              104,
              246,
              253,
              161,
              77,
              7,
              227,
              146,
              49,
              178,
              57,
              105,
              150,
              61,
              114
            ],
            "AlternativeSetDigest": [
              138,
              46,
              204,
              11,
              238,
              202,
              147,
              38,
              142,
              118,
              240,
              19,
              26,
              94,
              43,
              209,
              187,
              253,
              219,
              172,
              36,
              69,
              199,
              88,
              61,
              148,
              66,
              230,
              21,
              78,
              132,
              223
            ]
          },
          {
            "Ordinal": 2,
            "Kind": 1,
            "Flags": 5,
            "Alternatives": 2,
            "Selected": 0,
            "Data": 0,
            "SiteOffset": 0,
            "SelectedIdentity": [
              126,
              223,
              102,
              25,
              19,
              46,
              61,
              46,
              74,
              119,
              142,
              10,
              237,
              16,
              215,
              150,
              176,
              96,
              108,
              240,
              165,
              150,
              39,
              124,
              155,
              26,
              75,
              135,
              118,
              133,
              50,
              144
            ],
            "AlternativeSetDigest": [
              245,
              10,
              179,
              110,
              184,
              113,
              191,
              18,
              234,
              177,
              68,
              234,
              22,
              27,
              88,
              139,
              247,
              106,
              225,
              254,
              195,
              204,
              96,
              166,
              12,
              141,
              184,
              255,
              190,
              46,
              159,
              208
            ]
          },
          {
            "Ordinal": 3,
            "Kind": 1,
            "Flags": 5,
            "Alternatives": 4,
            "Selected": 0,
            "Data": 0,
            "SiteOffset": 0,
            "SelectedIdentity": [
              7,
              199,
              244,
              130,
              255,
              95,
              186,
              17,
              109,
              149,
              180,
              240,
              39,
              182,
              131,
              36,
              71,
              194,
              19,
              205,
              18,
              86,
              94,
              170,
              230,
              178,
              70,
              88,
              165,
              96,
              161,
              240
            ],
            "AlternativeSetDigest": [
              43,
              251,
              146,
              98,
              124,
              6,
              145,
              98,
              99,
              114,
              66,
              120,
              54,
              73,
              31,
              246,
              97,
              18,
              254,
              23,
              26,
              225,
              216,
              201,
              32,
              213,
              154,
              85,
              133,
              130,
              137,
              125
            ]
          },
          {
            "Ordinal": 4,
            "Kind": 1,
            "Flags": 5,
            "Alternatives": 3,
            "Selected": 2,
            "Data": 0,
            "SiteOffset": 0,
            "SelectedIdentity": [
              209,
              234,
              230,
              197,
              134,
              37,
              9,
              150,
              157,
              168,
              198,
              133,
              93,
              193,
              141,
              140,
              12,
              107,
              241,
              209,
              19,
              110,
              104,
              176,
              114,
              207,
              131,
              161,
              237,
              130,
              112,
              131
            ],
            "AlternativeSetDigest": [
              239,
              169,
              195,
              190,
              81,
              140,
              155,
              75,
              148,
              27,
              181,
              162,
              90,
              85,
              123,
              87,
              63,
              2,
              168,
              38,
              132,
              186,
              109,
              0,
              252,
              109,
              36,
              140,
              189,
              56,
              253,
              38
            ]
          },
          {
            "Ordinal": 5,
            "Kind": 1,
            "Flags": 5,
            "Alternatives": 3,
            "Selected": 2,
            "Data": 0,
            "SiteOffset": 0,
            "SelectedIdentity": [
              193,
              141,
              33,
              136,
              7,
              237,
              62,
              139,
              138,
              82,
              189,
              172,
              83,
              22,
              34,
              3,
              241,
              173,
              243,
              9,
              29,
              188,
              189,
              236,
              22,
              177,
              145,
              111,
              152,
              252,
              166,
              57
            ],
            "AlternativeSetDigest": [
              17,
              252,
              47,
              38,
              68,
              223,
              137,
              65,
              9,
              30,
              227,
              67,
              29,
              38,
              228,
              158,
              182,
              178,
              1,
              52,
              133,
              161,
              115,
              174,
              77,
              141,
              10,
              46,
              170,
              19,
              68,
              117
            ]
          },
          {
            "Ordinal": 6,
            "Kind": 1,
            "Flags": 5,
            "Alternatives": 2,
            "Selected": 0,
            "Data": 0,
            "SiteOffset": 0,
            "SelectedIdentity": [
              23,
              125,
              128,
              243,
              179,
              55,
              10,
              229,
              154,
              229,
              35,
              68,
              223,
              189,
              70,
              144,
              162,
              64,
              255,
              8,
              215,
              192,
              174,
              1,
              20,
              147,
              1,
              72,
              141,
              221,
              191,
              164
            ],
            "AlternativeSetDigest": [
              64,
              77,
              183,
              213,
              244,
              81,
              205,
              100,
              132,
              18,
              140,
              227,
              83,
              71,
              81,
              166,
              137,
              3,
              14,
              111,
              45,
              170,
              75,
              107,
              193,
              231,
              60,
              59,
              73,
              239,
              173,
              196
            ]
          },
          {
            "Ordinal": 7,
            "Kind": 1,
            "Flags": 5,
            "Alternatives": 2,
            "Selected": 1,
            "Data": 0,
            "SiteOffset": 0,
            "SelectedIdentity": [
              236,
              234,
              54,
              213,
              183,
              52,
              162,
              15,
              125,
              117,
              255,
              220,
              96,
              157,
              213,
              61,
              245,
              253,
              168,
              254,
              155,
              134,
              241,
              60,
              161,
              13,
              50,
              119,
              51,
              14,
              75,
              95
            ],
            "AlternativeSetDigest": [
              18,
              253,
              89,
              94,
              250,
              177,
              201,
              8,
              212,
              111,
              22,
              219,
              103,
              250,
              44,
              198,
              49,
              68,
              115,
              4,
              185,
              138,
              8,
              86,
              40,
              51,
              175,
              102,
              150,
              140,
              86,
              141
            ]
          },
          {
            "Ordinal": 8,
            "Kind": 1,
            "Flags": 5,
            "Alternatives": 2,
            "Selected": 1,
            "Data": 0,
            "SiteOffset": 0,
            "SelectedIdentity": [
              236,
              234,
              54,
              213,
              183,
              52,
              162,
              15,
              125,
              117,
              255,
              220,
              96,
              157,
              213,
              61,
              245,
              253,
              168,
              254,
              155,
              134,
              241,
              60,
              161,
              13,
              50,
              119,
              51,
              14,
              75,
              95
            ],
            "AlternativeSetDigest": [
              18,
              253,
              89,
              94,
              250,
              177,
              201,
              8,
              212,
              111,
              22,
              219,
              103,
              250,
              44,
              198,
              49,
              68,
              115,
              4,
              185,
              138,
              8,
              86,
              40,
              51,
              175,
              102,
              150,
              140,
              86,
              141
            ]
          },
          {
            "Ordinal": 9,
            "Kind": 2,
            "Flags": 1,
            "Alternatives": 2,
            "Selected": 0,
            "Data": 1,
            "SiteOffset": 766492,
            "SelectedIdentity": [
              79,
              226,
              240,
              156,
              113,
              78,
              145,
              121,
              78,
              58,
              116,
              204,
              77,
              237,
              203,
              192,
              208,
              200,
              63,
              70,
              15,
              221,
              129,
              64,
              240,
              21,
              114,
              166,
              255,
              128,
              82,
              117
            ],
            "AlternativeSetDigest": [
              233,
              142,
              96,
              82,
              3,
              197,
              17,
              53,
              66,
              51,
              148,
              24,
              116,
              143,
              56,
              245,
              185,
              229,
              38,
              54,
              236,
              128,
              4,
              31,
              98,
              133,
              15,
              125,
              90,
              9,
              17,
              170
            ]
          },
          {
            "Ordinal": 10,
            "Kind": 3,
            "Flags": 2,
            "Alternatives": 2,
            "Selected": 1,
            "Data": 2,
            "SiteOffset": 766492,
            "SelectedIdentity": [
              0,
              0,
              0,
              0,
              0,
              0,
              0,
              0,
              0,
              0,
              0,
              0,
              0,
              0,
              0,
              0,
              0,
              0,
              0,
              0,
              0,
              0,
              0,
              0,
              0,
              0,
              0,
              0,
              0,
              0,
              0,
              0
            ],
            "AlternativeSetDigest": [
              0,
              0,
              0,
              0,
              0,
              0,
              0,
              0,
              0,
              0,
              0,
              0,
              0,
              0,
              0,
              0,
              0,
              0,
              0,
              0,
              0,
              0,
              0,
              0,
              0,
              0,
              0,
              0,
              0,
              0,
              0,
              0
            ]
          },
          {
            "Ordinal": 11,
            "Kind": 1,
            "Flags": 5,
            "Alternatives": 2,
            "Selected": 0,
            "Data": 0,
            "SiteOffset": 0,
            "SelectedIdentity": [
              23,
              125,
              128,
              243,
              179,
              55,
              10,
              229,
              154,
              229,
              35,
              68,
              223,
              189,
              70,
              144,
              162,
              64,
              255,
              8,
              215,
              192,
              174,
              1,
              20,
              147,
              1,
              72,
              141,
              221,
              191,
              164
            ],
            "AlternativeSetDigest": [
              108,
              52,
              199,
              96,
              117,
              54,
              220,
              175,
              205,
              37,
              152,
              147,
              63,
              218,
              76,
              83,
              214,
              206,
              133,
              239,
              72,
              173,
              160,
              11,
              31,
              146,
              207,
              79,
              240,
              67,
              153,
              129
            ]
          },
          {
            "Ordinal": 12,
            "Kind": 2,
            "Flags": 1,
            "Alternatives": 2,
            "Selected": 0,
            "Data": 1,
            "SiteOffset": 766252,
            "SelectedIdentity": [
              30,
              225,
              164,
              6,
              16,
              149,
              40,
              178,
              176,
              68,
              149,
              155,
              129,
              246,
              104,
              184,
              51,
              28,
              97,
              53,
              229,
              31,
              93,
              97,
              10,
              34,
              71,
              120,
              67,
              205,
              163,
              148
            ],
            "AlternativeSetDigest": [
              115,
              173,
              147,
              10,
              145,
              229,
              144,
              59,
              179,
              96,
              129,
              216,
              120,
              76,
              155,
              117,
              104,
              50,
              198,
              117,
              5,
              48,
              121,
              142,
              29,
              20,
              40,
              194,
              42,
              129,
              219,
              214
            ]
          },
          {
            "Ordinal": 13,
            "Kind": 3,
            "Flags": 2,
            "Alternatives": 2,
            "Selected": 0,
            "Data": 2,
            "SiteOffset": 766252,
            "SelectedIdentity": [
              0,
              0,
              0,
              0,
              0,
              0,
              0,
              0,
              0,
              0,
              0,
              0,
              0,
              0,
              0,
              0,
              0,
              0,
              0,
              0,
              0,
              0,
              0,
              0,
              0,
              0,
              0,
              0,
              0,
              0,
              0,
              0
            ],
            "AlternativeSetDigest": [
              0,
              0,
              0,
              0,
              0,
              0,
              0,
              0,
              0,
              0,
              0,
              0,
              0,
              0,
              0,
              0,
              0,
              0,
              0,
              0,
              0,
              0,
              0,
              0,
              0,
              0,
              0,
              0,
              0,
              0,
              0,
              0
            ]
          }
        ]
    runtime_test.go:145: seed 2 output B A records [
          {
            "Ordinal": 0,
            "Kind": 1,
            "Flags": 5,
            "Alternatives": 3,
            "Selected": 0,
            "Data": 0,
            "SiteOffset": 0,
            "SelectedIdentity": [
              71,
              42,
              86,
              107,
              155,
              196,
              51,
              27,
              108,
              118,
              215,
              184,
              26,
              24,
              55,
              93,
              107,
              104,
              246,
              253,
              161,
              77,
              7,
              227,
              146,
              49,
              178,
              57,
              105,
              150,
              61,
              114
            ],
            "AlternativeSetDigest": [
              109,
              139,
              97,
              115,
              166,
              9,
              237,
              92,
              232,
              67,
              194,
              75,
              65,
              18,
              201,
              171,
              57,
              167,
              44,
              122,
              185,
              229,
              179,
              133,
              80,
              16,
              108,
              137,
              183,
              19,
              22,
              116
            ]
          },
          {
            "Ordinal": 1,
            "Kind": 1,
            "Flags": 5,
            "Alternatives": 3,
            "Selected": 2,
            "Data": 0,
            "SiteOffset": 0,
            "SelectedIdentity": [
              233,
              10,
              59,
              250,
              234,
              43,
              174,
              182,
              238,
              199,
              21,
              106,
              107,
              14,
              124,
              68,
              102,
              221,
              246,
              105,
              203,
              132,
              109,
              147,
              99,
              143,
              45,
              235,
              241,
              1,
              139,
              242
            ],
            "AlternativeSetDigest": [
              142,
              206,
              105,
              202,
              244,
              211,
              172,
              96,
              216,
              2,
              34,
              65,
              145,
              238,
              185,
              23,
              217,
              222,
              224,
              75,
              55,
              182,
              164,
              223,
              169,
              100,
              145,
              85,
              68,
              126,
              107,
              115
            ]
          },
          {
            "Ordinal": 2,
            "Kind": 1,
            "Flags": 5,
            "Alternatives": 2,
            "Selected": 0,
            "Data": 0,
            "SiteOffset": 0,
            "SelectedIdentity": [
              77,
              49,
              235,
              71,
              254,
              217,
              169,
              189,
              153,
              91,
              203,
              11,
              30,
              31,
              38,
              125,
              242,
              234,
              23,
              199,
              201,
              156,
              218,
              105,
              47,
              65,
              124,
              254,
              205,
              60,
              182,
              208
            ],
            "AlternativeSetDigest": [
              179,
              69,
              247,
              207,
              21,
              61,
              149,
              51,
              133,
              37,
              108,
              55,
              129,
              220,
              24,
              186,
              86,
              70,
              213,
              7,
              151,
              238,
              190,
              71,
              12,
              131,
              168,
              53,
              85,
              51,
              197,
              87
            ]
          },
          {
            "Ordinal": 3,
            "Kind": 1,
            "Flags": 5,
            "Alternatives": 4,
            "Selected": 2,
            "Data": 0,
            "SiteOffset": 0,
            "SelectedIdentity": [
              193,
              141,
              33,
              136,
              7,
              237,
              62,
              139,
              138,
              82,
              189,
              172,
              83,
              22,
              34,
              3,
              241,
              173,
              243,
              9,
              29,
              188,
              189,
              236,
              22,
              177,
              145,
              111,
              152,
              252,
              166,
              57
            ],
            "AlternativeSetDigest": [
              43,
              251,
              146,
              98,
              124,
              6,
              145,
              98,
              99,
              114,
              66,
              120,
              54,
              73,
              31,
              246,
              97,
              18,
              254,
              23,
              26,
              225,
              216,
              201,
              32,
              213,
              154,
              85,
              133,
              130,
              137,
              125
            ]
          },
          {
            "Ordinal": 4,
            "Kind": 1,
            "Flags": 5,
            "Alternatives": 3,
            "Selected": 1,
            "Data": 0,
            "SiteOffset": 0,
            "SelectedIdentity": [
              182,
              167,
              193,
              44,
              5,
              22,
              253,
              235,
              165,
              205,
              166,
              68,
              111,
              110,
              135,
              167,
              107,
              242,
              180,
              44,
              113,
              160,
              29,
              208,
              63,
              152,
              230,
              195,
              194,
              155,
              252,
              158
            ],
            "AlternativeSetDigest": [
              189,
              14,
              209,
              79,
              102,
              150,
              190,
              41,
              173,
              110,
              139,
              170,
              100,
              163,
              39,
              114,
              224,
              192,
              218,
              66,
              79,
              15,
              235,
              146,
              206,
              182,
              26,
              83,
              110,
              46,
              129,
              242
            ]
          },
          {
            "Ordinal": 5,
            "Kind": 1,
            "Flags": 5,
            "Alternatives": 3,
            "Selected": 1,
            "Data": 0,
            "SiteOffset": 0,
            "SelectedIdentity": [
              23,
              125,
              128,
              243,
              179,
              55,
              10,
              229,
              154,
              229,
              35,
              68,
              223,
              189,
              70,
              144,
              162,
              64,
              255,
              8,
              215,
              192,
              174,
              1,
              20,
              147,
              1,
              72,
              141,
              221,
              191,
              164
            ],
            "AlternativeSetDigest": [
              91,
              111,
              146,
              144,
              118,
              41,
              60,
              223,
              17,
              228,
              67,
              151,
              164,
              225,
              97,
              241,
              34,
              14,
              128,
              89,
              238,
              167,
              202,
              157,
              1,
              54,
              166,
              71,
              182,
              97,
              223,
              87
            ]
          },
          {
            "Ordinal": 6,
            "Kind": 1,
            "Flags": 5,
            "Alternatives": 2,
            "Selected": 1,
            "Data": 0,
            "SiteOffset": 0,
            "SelectedIdentity": [
              209,
              234,
              230,
              197,
              134,
              37,
              9,
              150,
              157,
              168,
              198,
              133,
              93,
              193,
              141,
              140,
              12,
              107,
              241,
              209,
              19,
              110,
              104,
              176,
              114,
              207,
              131,
              161,
              237,
              130,
              112,
              131
            ],
            "AlternativeSetDigest": [
              171,
              70,
              198,
              216,
              206,
              200,
              111,
              145,
              177,
              132,
              148,
              17,
              39,
              140,
              160,
              136,
              45,
              190,
              95,
              2,
              75,
              133,
              236,
              198,
              101,
              107,
              206,
              127,
              61,
              9,
              137,
              91
            ]
          },
          {
            "Ordinal": 7,
            "Kind": 1,
            "Flags": 5,
            "Alternatives": 2,
            "Selected": 0,
            "Data": 0,
            "SiteOffset": 0,
            "SelectedIdentity": [
              7,
              199,
              244,
              130,
              255,
              95,
              186,
              17,
              109,
              149,
              180,
              240,
              39,
              182,
              131,
              36,
              71,
              194,
              19,
              205,
              18,
              86,
              94,
              170,
              230,
              178,
              70,
              88,
              165,
              96,
              161,
              240
            ],
            "AlternativeSetDigest": [
              139,
              70,
              85,
              41,
              172,
              104,
              1,
              207,
              53,
              163,
              145,
              19,
              253,
              185,
              40,
              131,
              183,
              89,
              119,
              100,
              149,
              107,
              132,
              148,
              4,
              202,
              244,
              54,
              50,
              161,
              125,
              55
            ]
          },
          {
            "Ordinal": 8,
            "Kind": 1,
            "Flags": 5,
            "Alternatives": 2,
            "Selected": 1,
            "Data": 0,
            "SiteOffset": 0,
            "SelectedIdentity": [
              236,
              234,
              54,
              213,
              183,
              52,
              162,
              15,
              125,
              117,
              255,
              220,
              96,
              157,
              213,
              61,
              245,
              253,
              168,
              254,
              155,
              134,
              241,
              60,
              161,
              13,
              50,
              119,
              51,
              14,
              75,
              95
            ],
            "AlternativeSetDigest": [
              18,
              253,
              89,
              94,
              250,
              177,
              201,
              8,
              212,
              111,
              22,
              219,
              103,
              250,
              44,
              198,
              49,
              68,
              115,
              4,
              185,
              138,
              8,
              86,
              40,
              51,
              175,
              102,
              150,
              140,
              86,
              141
            ]
          },
          {
            "Ordinal": 9,
            "Kind": 1,
            "Flags": 5,
            "Alternatives": 2,
            "Selected": 1,
            "Data": 0,
            "SiteOffset": 0,
            "SelectedIdentity": [
              236,
              234,
              54,
              213,
              183,
              52,
              162,
              15,
              125,
              117,
              255,
              220,
              96,
              157,
              213,
              61,
              245,
              253,
              168,
              254,
              155,
              134,
              241,
              60,
              161,
              13,
              50,
              119,
              51,
              14,
              75,
              95
            ],
            "AlternativeSetDigest": [
              18,
              253,
              89,
              94,
              250,
              177,
              201,
              8,
              212,
              111,
              22,
              219,
              103,
              250,
              44,
              198,
              49,
              68,
              115,
              4,
              185,
              138,
              8,
              86,
              40,
              51,
              175,
              102,
              150,
              140,
              86,
              141
            ]
          },
          {
            "Ordinal": 10,
            "Kind": 2,
            "Flags": 1,
            "Alternatives": 2,
            "Selected": 0,
            "Data": 1,
            "SiteOffset": 766492,
            "SelectedIdentity": [
              79,
              226,
              240,
              156,
              113,
              78,
              145,
              121,
              78,
              58,
              116,
              204,
              77,
              237,
              203,
              192,
              208,
              200,
              63,
              70,
              15,
              221,
              129,
              64,
              240,
              21,
              114,
              166,
              255,
              128,
              82,
              117
            ],
            "AlternativeSetDigest": [
              233,
              142,
              96,
              82,
              3,
              197,
              17,
              53,
              66,
              51,
              148,
              24,
              116,
              143,
              56,
              245,
              185,
              229,
              38,
              54,
              236,
              128,
              4,
              31,
              98,
              133,
              15,
              125,
              90,
              9,
              17,
              170
            ]
          },
          {
            "Ordinal": 11,
            "Kind": 3,
            "Flags": 2,
            "Alternatives": 2,
            "Selected": 1,
            "Data": 2,
            "SiteOffset": 766492,
            "SelectedIdentity": [
              0,
              0,
              0,
              0,
              0,
              0,
              0,
              0,
              0,
              0,
              0,
              0,
              0,
              0,
              0,
              0,
              0,
              0,
              0,
              0,
              0,
              0,
              0,
              0,
              0,
              0,
              0,
              0,
              0,
              0,
              0,
              0
            ],
            "AlternativeSetDigest": [
              0,
              0,
              0,
              0,
              0,
              0,
              0,
              0,
              0,
              0,
              0,
              0,
              0,
              0,
              0,
              0,
              0,
              0,
              0,
              0,
              0,
              0,
              0,
              0,
              0,
              0,
              0,
              0,
              0,
              0,
              0,
              0
            ]
          },
          {
            "Ordinal": 12,
            "Kind": 1,
            "Flags": 5,
            "Alternatives": 2,
            "Selected": 0,
            "Data": 0,
            "SiteOffset": 0,
            "SelectedIdentity": [
              23,
              125,
              128,
              243,
              179,
              55,
              10,
              229,
              154,
              229,
              35,
              68,
              223,
              189,
              70,
              144,
              162,
              64,
              255,
              8,
              215,
              192,
              174,
              1,
              20,
              147,
              1,
              72,
              141,
              221,
              191,
              164
            ],
            "AlternativeSetDigest": [
              108,
              52,
              199,
              96,
              117,
              54,
              220,
              175,
              205,
              37,
              152,
              147,
              63,
              218,
              76,
              83,
              214,
              206,
              133,
              239,
              72,
              173,
              160,
              11,
              31,
              146,
              207,
              79,
              240,
              67,
              153,
              129
            ]
          },
          {
            "Ordinal": 13,
            "Kind": 2,
            "Flags": 1,
            "Alternatives": 2,
            "Selected": 1,
            "Data": 1,
            "SiteOffset": 766252,
            "SelectedIdentity": [
              87,
              33,
              143,
              45,
              157,
              55,
              233,
              38,
              7,
              182,
              50,
              252,
              173,
              250,
              17,
              36,
              69,
              118,
              7,
              205,
              150,
              232,
              204,
              194,
              80,
              232,
              192,
              21,
              102,
              178,
              240,
              249
            ],
            "AlternativeSetDigest": [
              115,
              173,
              147,
              10,
              145,
              229,
              144,
              59,
              179,
              96,
              129,
              216,
              120,
              76,
              155,
              117,
              104,
              50,
              198,
              117,
              5,
              48,
              121,
              142,
              29,
              20,
              40,
              194,
              42,
              129,
              219,
              214
            ]
          },
          {
            "Ordinal": 14,
            "Kind": 3,
            "Flags": 2,
            "Alternatives": 2,
            "Selected": 1,
            "Data": 2,
            "SiteOffset": 766252,
            "SelectedIdentity": [
              0,
              0,
              0,
              0,
              0,
              0,
              0,
              0,
              0,
              0,
              0,
              0,
              0,
              0,
              0,
              0,
              0,
              0,
              0,
              0,
              0,
              0,
              0,
              0,
              0,
              0,
              0,
              0,
              0,
              0,
              0,
              0
            ],
            "AlternativeSetDigest": [
              0,
              0,
              0,
              0,
              0,
              0,
              0,
              0,
              0,
              0,
              0,
              0,
              0,
              0,
              0,
              0,
              0,
              0,
              0,
              0,
              0,
              0,
              0,
              0,
              0,
              0,
              0,
              0,
              0,
              0,
              0,
              0
            ]
          }
        ]
    runtime_test.go:145: seed 3 output A B records [
          {
            "Ordinal": 0,
            "Kind": 1,
            "Flags": 5,
            "Alternatives": 3,
            "Selected": 0,
            "Data": 0,
            "SiteOffset": 0,
            "SelectedIdentity": [
              71,
              42,
              86,
              107,
              155,
              196,
              51,
              27,
              108,
              118,
              215,
              184,
              26,
              24,
              55,
              93,
              107,
              104,
              246,
              253,
              161,
              77,
              7,
              227,
              146,
              49,
              178,
              57,
              105,
              150,
              61,
              114
            ],
            "AlternativeSetDigest": [
              109,
              139,
              97,
              115,
              166,
              9,
              237,
              92,
              232,
              67,
              194,
              75,
              65,
              18,
              201,
              171,
              57,
              167,
              44,
              122,
              185,
              229,
              179,
              133,
              80,
              16,
              108,
              137,
              183,
              19,
              22,
              116
            ]
          },
          {
            "Ordinal": 1,
            "Kind": 1,
            "Flags": 5,
            "Alternatives": 3,
            "Selected": 0,
            "Data": 0,
            "SiteOffset": 0,
            "SelectedIdentity": [
              77,
              49,
              235,
              71,
              254,
              217,
              169,
              189,
              153,
              91,
              203,
              11,
              30,
              31,
              38,
              125,
              242,
              234,
              23,
              199,
              201,
              156,
              218,
              105,
              47,
              65,
              124,
              254,
              205,
              60,
              182,
              208
            ],
            "AlternativeSetDigest": [
              142,
              206,
              105,
              202,
              244,
              211,
              172,
              96,
              216,
              2,
              34,
              65,
              145,
              238,
              185,
              23,
              217,
              222,
              224,
              75,
              55,
              182,
              164,
              223,
              169,
              100,
              145,
              85,
              68,
              126,
              107,
              115
            ]
          },
          {
            "Ordinal": 2,
            "Kind": 1,
            "Flags": 5,
            "Alternatives": 2,
            "Selected": 1,
            "Data": 0,
            "SiteOffset": 0,
            "SelectedIdentity": [
              233,
              10,
              59,
              250,
              234,
              43,
              174,
              182,
              238,
              199,
              21,
              106,
              107,
              14,
              124,
              68,
              102,
              221,
              246,
              105,
              203,
              132,
              109,
              147,
              99,
              143,
              45,
              235,
              241,
              1,
              139,
              242
            ],
            "AlternativeSetDigest": [
              245,
              10,
              179,
              110,
              184,
              113,
              191,
              18,
              234,
              177,
              68,
              234,
              22,
              27,
              88,
              139,
              247,
              106,
              225,
              254,
              195,
              204,
              96,
              166,
              12,
              141,
              184,
              255,
              190,
              46,
              159,
              208
            ]
          },
          {
            "Ordinal": 3,
            "Kind": 1,
            "Flags": 5,
            "Alternatives": 4,
            "Selected": 3,
            "Data": 0,
            "SiteOffset": 0,
            "SelectedIdentity": [
              209,
              234,
              230,
              197,
              134,
              37,
              9,
              150,
              157,
              168,
              198,
              133,
              93,
              193,
              141,
              140,
              12,
              107,
              241,
              209,
              19,
              110,
              104,
              176,
              114,
              207,
              131,
              161,
              237,
              130,
              112,
              131
            ],
            "AlternativeSetDigest": [
              43,
              251,
              146,
              98,
              124,
              6,
              145,
              98,
              99,
              114,
              66,
              120,
              54,
              73,
              31,
              246,
              97,
              18,
              254,
              23,
              26,
              225,
              216,
              201,
              32,
              213,
              154,
              85,
              133,
              130,
              137,
              125
            ]
          },
          {
            "Ordinal": 4,
            "Kind": 1,
            "Flags": 5,
            "Alternatives": 4,
            "Selected": 3,
            "Data": 0,
            "SiteOffset": 0,
            "SelectedIdentity": [
              193,
              141,
              33,
              136,
              7,
              237,
              62,
              139,
              138,
              82,
              189,
              172,
              83,
              22,
              34,
              3,
              241,
              173,
              243,
              9,
              29,
              188,
              189,
              236,
              22,
              177,
              145,
              111,
              152,
              252,
              166,
              57
            ],
            "AlternativeSetDigest": [
              197,
              179,
              78,
              206,
              188,
              8,
              102,
              132,
              61,
              123,
              203,
              1,
              223,
              126,
              7,
              77,
              15,
              182,
              54,
              237,
              5,
              131,
              230,
              191,
              45,
              54,
              20,
              170,
              26,
              96,
              49,
              97
            ]
          },
          {
            "Ordinal": 5,
            "Kind": 1,
            "Flags": 5,
            "Alternatives": 3,
            "Selected": 2,
            "Data": 0,
            "SiteOffset": 0,
            "SelectedIdentity": [
              182,
              167,
              193,
              44,
              5,
              22,
              253,
              235,
              165,
              205,
              166,
              68,
              111,
              110,
              135,
              167,
              107,
              242,
              180,
              44,
              113,
              160,
              29,
              208,
              63,
              152,
              230,
              195,
              194,
              155,
              252,
              158
            ],
            "AlternativeSetDigest": [
              195,
              59,
              54,
              189,
              175,
              201,
              233,
              96,
              2,
              80,
              32,
              4,
              37,
              235,
              36,
              240,
              100,
              149,
              185,
              40,
              64,
              64,
              123,
              51,
              212,
              254,
              79,
              14,
              248,
              93,
              70,
              39
            ]
          },
          {
            "Ordinal": 6,
            "Kind": 1,
            "Flags": 5,
            "Alternatives": 2,
            "Selected": 1,
            "Data": 0,
            "SiteOffset": 0,
            "SelectedIdentity": [
              23,
              125,
              128,
              243,
              179,
              55,
              10,
              229,
              154,
              229,
              35,
              68,
              223,
              189,
              70,
              144,
              162,
              64,
              255,
              8,
              215,
              192,
              174,
              1,
              20,
              147,
              1,
              72,
              141,
              221,
              191,
              164
            ],
            "AlternativeSetDigest": [
              139,
              70,
              85,
              41,
              172,
              104,
              1,
              207,
              53,
              163,
              145,
              19,
              253,
              185,
              40,
              131,
              183,
              89,
              119,
              100,
              149,
              107,
              132,
              148,
              4,
              202,
              244,
              54,
              50,
              161,
              125,
              55
            ]
          },
          {
            "Ordinal": 7,
            "Kind": 1,
            "Flags": 5,
            "Alternatives": 2,
            "Selected": 0,
            "Data": 0,
            "SiteOffset": 0,
            "SelectedIdentity": [
              141,
              181,
              95,
              241,
              82,
              218,
              88,
              242,
              5,
              110,
              151,
              7,
              223,
              205,
              233,
              230,
              145,
              150,
              209,
              100,
              68,
              196,
              131,
              230,
              121,
              165,
              92,
              246,
              109,
              24,
              164,
              251
            ],
            "AlternativeSetDigest": [
              18,
              253,
              89,
              94,
              250,
              177,
              201,
              8,
              212,
              111,
              22,
              219,
              103,
              250,
              44,
              198,
              49,
              68,
              115,
              4,
              185,
              138,
              8,
              86,
              40,
              51,
              175,
              102,
              150,
              140,
              86,
              141
            ]
          },
          {
            "Ordinal": 8,
            "Kind": 1,
            "Flags": 5,
            "Alternatives": 2,
            "Selected": 0,
            "Data": 0,
            "SiteOffset": 0,
            "SelectedIdentity": [
              141,
              181,
              95,
              241,
              82,
              218,
              88,
              242,
              5,
              110,
              151,
              7,
              223,
              205,
              233,
              230,
              145,
              150,
              209,
              100,
              68,
              196,
              131,
              230,
              121,
              165,
              92,
              246,
              109,
              24,
              164,
              251
            ],
            "AlternativeSetDigest": [
              18,
              253,
              89,
              94,
              250,
              177,
              201,
              8,
              212,
              111,
              22,
              219,
              103,
              250,
              44,
              198,
              49,
              68,
              115,
              4,
              185,
              138,
              8,
              86,
              40,
              51,
              175,
              102,
              150,
              140,
              86,
              141
            ]
          },
          {
            "Ordinal": 9,
            "Kind": 2,
            "Flags": 1,
            "Alternatives": 2,
            "Selected": 0,
            "Data": 1,
            "SiteOffset": 766252,
            "SelectedIdentity": [
              30,
              225,
              164,
              6,
              16,
              149,
              40,
              178,
              176,
              68,
              149,
              155,
              129,
              246,
              104,
              184,
              51,
              28,
              97,
              53,
              229,
              31,
              93,
              97,
              10,
              34,
              71,
              120,
              67,
              205,
              163,
              148
            ],
            "AlternativeSetDigest": [
              115,
              173,
              147,
              10,
              145,
              229,
              144,
              59,
              179,
              96,
              129,
              216,
              120,
              76,
              155,
              117,
              104,
              50,
              198,
              117,
              5,
              48,
              121,
              142,
              29,
              20,
              40,
              194,
              42,
              129,
              219,
              214
            ]
          },
          {
            "Ordinal": 10,
            "Kind": 3,
            "Flags": 2,
            "Alternatives": 2,
            "Selected": 0,
            "Data": 2,
            "SiteOffset": 766252,
            "SelectedIdentity": [
              0,
              0,
              0,
              0,
              0,
              0,
              0,
              0,
              0,
              0,
              0,
              0,
              0,
              0,
              0,
              0,
              0,
              0,
              0,
              0,
              0,
              0,
              0,
              0,
              0,
              0,
              0,
              0,
              0,
              0,
              0,
              0
            ],
            "AlternativeSetDigest": [
              0,
              0,
              0,
              0,
              0,
              0,
              0,
              0,
              0,
              0,
              0,
              0,
              0,
              0,
              0,
              0,
              0,
              0,
              0,
              0,
              0,
              0,
              0,
              0,
              0,
              0,
              0,
              0,
              0,
              0,
              0,
              0
            ]
          },
          {
            "Ordinal": 11,
            "Kind": 1,
            "Flags": 5,
            "Alternatives": 2,
            "Selected": 0,
            "Data": 0,
            "SiteOffset": 0,
            "SelectedIdentity": [
              23,
              125,
              128,
              243,
              179,
              55,
              10,
              229,
              154,
              229,
              35,
              68,
              223,
              189,
              70,
              144,
              162,
              64,
              255,
              8,
              215,
              192,
              174,
              1,
              20,
              147,
              1,
              72,
              141,
              221,
              191,
              164
            ],
            "AlternativeSetDigest": [
              247,
              81,
              242,
              22,
              56,
              70,
              95,
              224,
              243,
              84,
              246,
              237,
              1,
              11,
              126,
              124,
              79,
              192,
              98,
              209,
              182,
              196,
              89,
              202,
              186,
              125,
              69,
              13,
              190,
              15,
              204,
              44
            ]
          },
          {
            "Ordinal": 12,
            "Kind": 2,
            "Flags": 1,
            "Alternatives": 2,
            "Selected": 1,
            "Data": 1,
            "SiteOffset": 766492,
            "SelectedIdentity": [
              162,
              137,
              214,
              12,
              186,
              251,
              217,
              234,
              244,
              239,
              245,
              16,
              117,
              229,
              192,
              53,
              207,
              46,
              159,
              219,
              136,
              175,
              128,
              52,
              30,
              158,
              172,
              54,
              79,
              100,
              168,
              23
            ],
            "AlternativeSetDigest": [
              233,
              142,
              96,
              82,
              3,
              197,
              17,
              53,
              66,
              51,
              148,
              24,
              116,
              143,
              56,
              245,
              185,
              229,
              38,
              54,
              236,
              128,
              4,
              31,
              98,
              133,
              15,
              125,
              90,
              9,
              17,
              170
            ]
          },
          {
            "Ordinal": 13,
            "Kind": 3,
            "Flags": 2,
            "Alternatives": 2,
            "Selected": 0,
            "Data": 2,
            "SiteOffset": 766492,
            "SelectedIdentity": [
              0,
              0,
              0,
              0,
              0,
              0,
              0,
              0,
              0,
              0,
              0,
              0,
              0,
              0,
              0,
              0,
              0,
              0,
              0,
              0,
              0,
              0,
              0,
              0,
              0,
              0,
              0,
              0,
              0,
              0,
              0,
              0
            ],
            "AlternativeSetDigest": [
              0,
              0,
              0,
              0,
              0,
              0,
              0,
              0,
              0,
              0,
              0,
              0,
              0,
              0,
              0,
              0,
              0,
              0,
              0,
              0,
              0,
              0,
              0,
              0,
              0,
              0,
              0,
              0,
              0,
              0,
              0,
              0
            ]
          }
        ]
    runtime_test.go:145: seed 4 output B A records [
          {
            "Ordinal": 0,
            "Kind": 1,
            "Flags": 5,
            "Alternatives": 3,
            "Selected": 0,
            "Data": 0,
            "SiteOffset": 0,
            "SelectedIdentity": [
              71,
              42,
              86,
              107,
              155,
              196,
              51,
              27,
              108,
              118,
              215,
              184,
              26,
              24,
              55,
              93,
              107,
              104,
              246,
              253,
              161,
              77,
              7,
              227,
              146,
              49,
              178,
              57,
              105,
              150,
              61,
              114
            ],
            "AlternativeSetDigest": [
              109,
              139,
              97,
              115,
              166,
              9,
              237,
              92,
              232,
              67,
              194,
              75,
              65,
              18,
              201,
              171,
              57,
              167,
              44,
              122,
              185,
              229,
              179,
              133,
              80,
              16,
              108,
              137,
              183,
              19,
              22,
              116
            ]
          },
          {
            "Ordinal": 1,
            "Kind": 1,
            "Flags": 5,
            "Alternatives": 3,
            "Selected": 1,
            "Data": 0,
            "SiteOffset": 0,
            "SelectedIdentity": [
              126,
              223,
              102,
              25,
              19,
              46,
              61,
              46,
              74,
              119,
              142,
              10,
              237,
              16,
              215,
              150,
              176,
              96,
              108,
              240,
              165,
              150,
              39,
              124,
              155,
              26,
              75,
              135,
              118,
              133,
              50,
              144
            ],
            "AlternativeSetDigest": [
              142,
              206,
              105,
              202,
              244,
              211,
              172,
              96,
              216,
              2,
              34,
              65,
              145,
              238,
              185,
              23,
              217,
              222,
              224,
              75,
              55,
              182,
              164,
              223,
              169,
              100,
              145,
              85,
              68,
              126,
              107,
              115
            ]
          },
          {
            "Ordinal": 2,
            "Kind": 1,
            "Flags": 5,
            "Alternatives": 2,
            "Selected": 1,
            "Data": 0,
            "SiteOffset": 0,
            "SelectedIdentity": [
              233,
              10,
              59,
              250,
              234,
              43,
              174,
              182,
              238,
              199,
              21,
              106,
              107,
              14,
              124,
              68,
              102,
              221,
              246,
              105,
              203,
              132,
              109,
              147,
              99,
              143,
              45,
              235,
              241,
              1,
              139,
              242
            ],
            "AlternativeSetDigest": [
              98,
              16,
              207,
              46,
              79,
              73,
              47,
              105,
              49,
              175,
              95,
              63,
              211,
              37,
              186,
              229,
              232,
              238,
              236,
              104,
              58,
              35,
              130,
              178,
              10,
              232,
              136,
              121,
              9,
              70,
              158,
              11
            ]
          },
          {
            "Ordinal": 3,
            "Kind": 1,
            "Flags": 5,
            "Alternatives": 5,
            "Selected": 3,
            "Data": 0,
            "SiteOffset": 0,
            "SelectedIdentity": [
              193,
              141,
              33,
              136,
              7,
              237,
              62,
              139,
              138,
              82,
              189,
              172,
              83,
              22,
              34,
              3,
              241,
              173,
              243,
              9,
              29,
              188,
              189,
              236,
              22,
              177,
              145,
              111,
              152,
              252,
              166,
              57
            ],
            "AlternativeSetDigest": [
              95,
              28,
              216,
              19,
              121,
              95,
              210,
              18,
              91,
              191,
              126,
              165,
              183,
              49,
              64,
              146,
              47,
              77,
              160,
              169,
              216,
              150,
              149,
              219,
              244,
              67,
              91,
              16,
              204,
              204,
              231,
              185
            ]
          },
          {
            "Ordinal": 4,
            "Kind": 1,
            "Flags": 5,
            "Alternatives": 4,
            "Selected": 3,
            "Data": 0,
            "SiteOffset": 0,
            "SelectedIdentity": [
              209,
              234,
              230,
              197,
              134,
              37,
              9,
              150,
              157,
              168,
              198,
              133,
              93,
              193,
              141,
              140,
              12,
              107,
              241,
              209,
              19,
              110,
              104,
              176,
              114,
              207,
              131,
              161,
              237,
              130,
              112,
              131
            ],
            "AlternativeSetDigest": [
              55,
              13,
              126,
              65,
              173,
              86,
              182,
              224,
              71,
              33,
              171,
              183,
              27,
              124,
              92,
              97,
              144,
              153,
              81,
              54,
              106,
              82,
              52,
              198,
              230,
              34,
              83,
              167,
              3,
              236,
              214,
              175
            ]
          },
          {
            "Ordinal": 5,
            "Kind": 1,
            "Flags": 5,
            "Alternatives": 4,
            "Selected": 1,
            "Data": 0,
            "SiteOffset": 0,
            "SelectedIdentity": [
              23,
              125,
              128,
              243,
              179,
              55,
              10,
              229,
              154,
              229,
              35,
              68,
              223,
              189,
              70,
              144,
              162,
              64,
              255,
              8,
              215,
              192,
              174,
              1,
              20,
              147,
              1,
              72,
              141,
              221,
              191,
              164
            ],
            "AlternativeSetDigest": [
              116,
              61,
              151,
              226,
              223,
              5,
              48,
              255,
              250,
              237,
              191,
              150,
              196,
              83,
              44,
              179,
              249,
              35,
              1,
              54,
              101,
              160,
              252,
              112,
              158,
              214,
              93,
              114,
              134,
              116,
              111,
              251
            ]
          },
          {
            "Ordinal": 6,
            "Kind": 1,
            "Flags": 5,
            "Alternatives": 3,
            "Selected": 1,
            "Data": 0,
            "SiteOffset": 0,
            "SelectedIdentity": [
              77,
              49,
              235,
              71,
              254,
              217,
              169,
              189,
              153,
              91,
              203,
              11,
              30,
              31,
              38,
              125,
              242,
              234,
              23,
              199,
              201,
              156,
              218,
              105,
              47,
              65,
              124,
              254,
              205,
              60,
              182,
              208
            ],
            "AlternativeSetDigest": [
              18,
              175,
              135,
              93,
              25,
              4,
              103,
              158,
              102,
              164,
              142,
              126,
              154,
              175,
              224,
              129,
              250,
              5,
              128,
              93,
              28,
              55,
              58,
              114,
              161,
              33,
              174,
              239,
              216,
              12,
              128,
              211
            ]
          },
          {
            "Ordinal": 7,
            "Kind": 1,
            "Flags": 5,
            "Alternatives": 2,
            "Selected": 1,
            "Data": 0,
            "SiteOffset": 0,
            "SelectedIdentity": [
              182,
              167,
              193,
              44,
              5,
              22,
              253,
              235,
              165,
              205,
              166,
              68,
              111,
              110,
              135,
              167,
              107,
              242,
              180,
              44,
              113,
              160,
              29,
              208,
              63,
              152,
              230,
              195,
              194,
              155,
              252,
              158
            ],
            "AlternativeSetDigest": [
              20,
              91,
              240,
              186,
              126,
              21,
              94,
              207,
              131,
              71,
              205,
              178,
              187,
              66,
              86,
              108,
              63,
              45,
              106,
              188,
              122,
              31,
              231,
              4,
              236,
              212,
              52,
              196,
              132,
              41,
              132,
              4
            ]
          },
          {
            "Ordinal": 8,
            "Kind": 1,
            "Flags": 5,
            "Alternatives": 2,
            "Selected": 1,
            "Data": 0,
            "SiteOffset": 0,
            "SelectedIdentity": [
              23,
              125,
              128,
              243,
              179,
              55,
              10,
              229,
              154,
              229,
              35,
              68,
              223,
              189,
              70,
              144,
              162,
              64,
              255,
              8,
              215,
              192,
              174,
              1,
              20,
              147,
              1,
              72,
              141,
              221,
              191,
              164
            ],
            "AlternativeSetDigest": [
              139,
              70,
              85,
              41,
              172,
              104,
              1,
              207,
              53,
              163,
              145,
              19,
              253,
              185,
              40,
              131,
              183,
              89,
              119,
              100,
              149,
              107,
              132,
              148,
              4,
              202,
              244,
              54,
              50,
              161,
              125,
              55
            ]
          },
          {
            "Ordinal": 9,
            "Kind": 1,
            "Flags": 5,
            "Alternatives": 2,
            "Selected": 0,
            "Data": 0,
            "SiteOffset": 0,
            "SelectedIdentity": [
              141,
              181,
              95,
              241,
              82,
              218,
              88,
              242,
              5,
              110,
              151,
              7,
              223,
              205,
              233,
              230,
              145,
              150,
              209,
              100,
              68,
              196,
              131,
              230,
              121,
              165,
              92,
              246,
              109,
              24,
              164,
              251
            ],
            "AlternativeSetDigest": [
              18,
              253,
              89,
              94,
              250,
              177,
              201,
              8,
              212,
              111,
              22,
              219,
              103,
              250,
              44,
              198,
              49,
              68,
              115,
              4,
              185,
              138,
              8,
              86,
              40,
              51,
              175,
              102,
              150,
              140,
              86,
              141
            ]
          },
          {
            "Ordinal": 10,
            "Kind": 1,
            "Flags": 5,
            "Alternatives": 2,
            "Selected": 0,
            "Data": 0,
            "SiteOffset": 0,
            "SelectedIdentity": [
              141,
              181,
              95,
              241,
              82,
              218,
              88,
              242,
              5,
              110,
              151,
              7,
              223,
              205,
              233,
              230,
              145,
              150,
              209,
              100,
              68,
              196,
              131,
              230,
              121,
              165,
              92,
              246,
              109,
              24,
              164,
              251
            ],
            "AlternativeSetDigest": [
              18,
              253,
              89,
              94,
              250,
              177,
              201,
              8,
              212,
              111,
              22,
              219,
              103,
              250,
              44,
              198,
              49,
              68,
              115,
              4,
              185,
              138,
              8,
              86,
              40,
              51,
              175,
              102,
              150,
              140,
              86,
              141
            ]
          },
          {
            "Ordinal": 11,
            "Kind": 2,
            "Flags": 1,
            "Alternatives": 2,
            "Selected": 0,
            "Data": 1,
            "SiteOffset": 766492,
            "SelectedIdentity": [
              79,
              226,
              240,
              156,
              113,
              78,
              145,
              121,
              78,
              58,
              116,
              204,
              77,
              237,
              203,
              192,
              208,
              200,
              63,
              70,
              15,
              221,
              129,
              64,
              240,
              21,
              114,
              166,
              255,
              128,
              82,
              117
            ],
            "AlternativeSetDigest": [
              233,
              142,
              96,
              82,
              3,
              197,
              17,
              53,
              66,
              51,
              148,
              24,
              116,
              143,
              56,
              245,
              185,
              229,
              38,
              54,
              236,
              128,
              4,
              31,
              98,
              133,
              15,
              125,
              90,
              9,
              17,
              170
            ]
          },
          {
            "Ordinal": 12,
            "Kind": 3,
            "Flags": 2,
            "Alternatives": 2,
            "Selected": 1,
            "Data": 2,
            "SiteOffset": 766492,
            "SelectedIdentity": [
              0,
              0,
              0,
              0,
              0,
              0,
              0,
              0,
              0,
              0,
              0,
              0,
              0,
              0,
              0,
              0,
              0,
              0,
              0,
              0,
              0,
              0,
              0,
              0,
              0,
              0,
              0,
              0,
              0,
              0,
              0,
              0
            ],
            "AlternativeSetDigest": [
              0,
              0,
              0,
              0,
              0,
              0,
              0,
              0,
              0,
              0,
              0,
              0,
              0,
              0,
              0,
              0,
              0,
              0,
              0,
              0,
              0,
              0,
              0,
              0,
              0,
              0,
              0,
              0,
              0,
              0,
              0,
              0
            ]
          },
          {
            "Ordinal": 13,
            "Kind": 1,
            "Flags": 5,
            "Alternatives": 2,
            "Selected": 0,
            "Data": 0,
            "SiteOffset": 0,
            "SelectedIdentity": [
              23,
              125,
              128,
              243,
              179,
              55,
              10,
              229,
              154,
              229,
              35,
              68,
              223,
              189,
              70,
              144,
              162,
              64,
              255,
              8,
              215,
              192,
              174,
              1,
              20,
              147,
              1,
              72,
              141,
              221,
              191,
              164
            ],
            "AlternativeSetDigest": [
              247,
              81,
              242,
              22,
              56,
              70,
              95,
              224,
              243,
              84,
              246,
              237,
              1,
              11,
              126,
              124,
              79,
              192,
              98,
              209,
              182,
              196,
              89,
              202,
              186,
              125,
              69,
              13,
              190,
              15,
              204,
              44
            ]
          },
          {
            "Ordinal": 14,
            "Kind": 2,
            "Flags": 1,
            "Alternatives": 2,
            "Selected": 1,
            "Data": 1,
            "SiteOffset": 766252,
            "SelectedIdentity": [
              87,
              33,
              143,
              45,
              157,
              55,
              233,
              38,
              7,
              182,
              50,
              252,
              173,
              250,
              17,
              36,
              69,
              118,
              7,
              205,
              150,
              232,
              204,
              194,
              80,
              232,
              192,
              21,
              102,
              178,
              240,
              249
            ],
            "AlternativeSetDigest": [
              115,
              173,
              147,
              10,
              145,
              229,
              144,
              59,
              179,
              96,
              129,
              216,
              120,
              76,
              155,
              117,
              104,
              50,
              198,
              117,
              5,
              48,
              121,
              142,
              29,
              20,
              40,
              194,
              42,
              129,
              219,
              214
            ]
          },
          {
            "Ordinal": 15,
            "Kind": 3,
            "Flags": 2,
            "Alternatives": 2,
            "Selected": 1,
            "Data": 2,
            "SiteOffset": 766252,
            "SelectedIdentity": [
              0,
              0,
              0,
              0,
              0,
              0,
              0,
              0,
              0,
              0,
              0,
              0,
              0,
              0,
              0,
              0,
              0,
              0,
              0,
              0,
              0,
              0,
              0,
              0,
              0,
              0,
              0,
              0,
              0,
              0,
              0,
              0
            ],
            "AlternativeSetDigest": [
              0,
              0,
              0,
              0,
              0,
              0,
              0,
              0,
              0,
              0,
              0,
              0,
              0,
              0,
              0,
              0,
              0,
              0,
              0,
              0,
              0,
              0,
              0,
              0,
              0,
              0,
              0,
              0,
              0,
              0,
              0,
              0
            ]
          }
        ]
    runtime_test.go:145: seed 5 output A B records [
          {
            "Ordinal": 0,
            "Kind": 1,
            "Flags": 5,
            "Alternatives": 3,
            "Selected": 0,
            "Data": 0,
            "SiteOffset": 0,
            "SelectedIdentity": [
              71,
              42,
              86,
              107,
              155,
              196,
              51,
              27,
              108,
              118,
              215,
              184,
              26,
              24,
              55,
              93,
              107,
              104,
              246,
              253,
              161,
              77,
              7,
              227,
              146,
              49,
              178,
              57,
              105,
              150,
              61,
              114
            ],
            "AlternativeSetDigest": [
              109,
              139,
              97,
              115,
              166,
              9,
              237,
              92,
              232,
              67,
              194,
              75,
              65,
              18,
              201,
              171,
              57,
              167,
              44,
              122,
              185,
              229,
              179,
              133,
              80,
              16,
              108,
              137,
              183,
              19,
              22,
              116
            ]
          },
          {
            "Ordinal": 1,
            "Kind": 1,
            "Flags": 5,
            "Alternatives": 3,
            "Selected": 1,
            "Data": 0,
            "SiteOffset": 0,
            "SelectedIdentity": [
              126,
              223,
              102,
              25,
              19,
              46,
              61,
              46,
              74,
              119,
              142,
              10,
              237,
              16,
              215,
              150,
              176,
              96,
              108,
              240,
              165,
              150,
              39,
              124,
              155,
              26,
              75,
              135,
              118,
              133,
              50,
              144
            ],
            "AlternativeSetDigest": [
              142,
              206,
              105,
              202,
              244,
              211,
              172,
              96,
              216,
              2,
              34,
              65,
              145,
              238,
              185,
              23,
              217,
              222,
              224,
              75,
              55,
              182,
              164,
              223,
              169,
              100,
              145,
              85,
              68,
              126,
              107,
              115
            ]
          },
          {
            "Ordinal": 2,
            "Kind": 1,
            "Flags": 5,
            "Alternatives": 2,
            "Selected": 1,
            "Data": 0,
            "SiteOffset": 0,
            "SelectedIdentity": [
              233,
              10,
              59,
              250,
              234,
              43,
              174,
              182,
              238,
              199,
              21,
              106,
              107,
              14,
              124,
              68,
              102,
              221,
              246,
              105,
              203,
              132,
              109,
              147,
              99,
              143,
              45,
              235,
              241,
              1,
              139,
              242
            ],
            "AlternativeSetDigest": [
              98,
              16,
              207,
              46,
              79,
              73,
              47,
              105,
              49,
              175,
              95,
              63,
              211,
              37,
              186,
              229,
              232,
              238,
              236,
              104,
              58,
              35,
              130,
              178,
              10,
              232,
              136,
              121,
              9,
              70,
              158,
              11
            ]
          },
          {
            "Ordinal": 3,
            "Kind": 1,
            "Flags": 5,
            "Alternatives": 5,
            "Selected": 3,
            "Data": 0,
            "SiteOffset": 0,
            "SelectedIdentity": [
              193,
              141,
              33,
              136,
              7,
              237,
              62,
              139,
              138,
              82,
              189,
              172,
              83,
              22,
              34,
              3,
              241,
              173,
              243,
              9,
              29,
              188,
              189,
              236,
              22,
              177,
              145,
              111,
              152,
              252,
              166,
              57
            ],
            "AlternativeSetDigest": [
              95,
              28,
              216,
              19,
              121,
              95,
              210,
              18,
              91,
              191,
              126,
              165,
              183,
              49,
              64,
              146,
              47,
              77,
              160,
              169,
              216,
              150,
              149,
              219,
              244,
              67,
              91,
              16,
              204,
              204,
              231,
              185
            ]
          },
          {
            "Ordinal": 4,
            "Kind": 1,
            "Flags": 5,
            "Alternatives": 4,
            "Selected": 3,
            "Data": 0,
            "SiteOffset": 0,
            "SelectedIdentity": [
              209,
              234,
              230,
              197,
              134,
              37,
              9,
              150,
              157,
              168,
              198,
              133,
              93,
              193,
              141,
              140,
              12,
              107,
              241,
              209,
              19,
              110,
              104,
              176,
              114,
              207,
              131,
              161,
              237,
              130,
              112,
              131
            ],
            "AlternativeSetDigest": [
              55,
              13,
              126,
              65,
              173,
              86,
              182,
              224,
              71,
              33,
              171,
              183,
              27,
              124,
              92,
              97,
              144,
              153,
              81,
              54,
              106,
              82,
              52,
              198,
              230,
              34,
              83,
              167,
              3,
              236,
              214,
              175
            ]
          },
          {
            "Ordinal": 5,
            "Kind": 1,
            "Flags": 5,
            "Alternatives": 4,
            "Selected": 3,
            "Data": 0,
            "SiteOffset": 0,
            "SelectedIdentity": [
              182,
              167,
              193,
              44,
              5,
              22,
              253,
              235,
              165,
              205,
              166,
              68,
              111,
              110,
              135,
              167,
              107,
              242,
              180,
              44,
              113,
              160,
              29,
              208,
              63,
              152,
              230,
              195,
              194,
              155,
              252,
              158
            ],
            "AlternativeSetDigest": [
              116,
              61,
              151,
              226,
              223,
              5,
              48,
              255,
              250,
              237,
              191,
              150,
              196,
              83,
              44,
              179,
              249,
              35,
              1,
              54,
              101,
              160,
              252,
              112,
              158,
              214,
              93,
              114,
              134,
              116,
              111,
              251
            ]
          },
          {
            "Ordinal": 6,
            "Kind": 1,
            "Flags": 5,
            "Alternatives": 3,
            "Selected": 2,
            "Data": 0,
            "SiteOffset": 0,
            "SelectedIdentity": [
              77,
              49,
              235,
              71,
              254,
              217,
              169,
              189,
              153,
              91,
              203,
              11,
              30,
              31,
              38,
              125,
              242,
              234,
              23,
              199,
              201,
              156,
              218,
              105,
              47,
              65,
              124,
              254,
              205,
              60,
              182,
              208
            ],
            "AlternativeSetDigest": [
              248,
              254,
              99,
              229,
              20,
              201,
              112,
              37,
              104,
              185,
              114,
              82,
              217,
              49,
              155,
              164,
              209,
              212,
              207,
              148,
              189,
              20,
              31,
              202,
              186,
              117,
              101,
              103,
              63,
              89,
              151,
              36
            ]
          },
          {
            "Ordinal": 7,
            "Kind": 1,
            "Flags": 5,
            "Alternatives": 2,
            "Selected": 1,
            "Data": 0,
            "SiteOffset": 0,
            "SelectedIdentity": [
              23,
              125,
              128,
              243,
              179,
              55,
              10,
              229,
              154,
              229,
              35,
              68,
              223,
              189,
              70,
              144,
              162,
              64,
              255,
              8,
              215,
              192,
              174,
              1,
              20,
              147,
              1,
              72,
              141,
              221,
              191,
              164
            ],
            "AlternativeSetDigest": [
              139,
              70,
              85,
              41,
              172,
              104,
              1,
              207,
              53,
              163,
              145,
              19,
              253,
              185,
              40,
              131,
              183,
              89,
              119,
              100,
              149,
              107,
              132,
              148,
              4,
              202,
              244,
              54,
              50,
              161,
              125,
              55
            ]
          },
          {
            "Ordinal": 8,
            "Kind": 1,
            "Flags": 5,
            "Alternatives": 2,
            "Selected": 1,
            "Data": 0,
            "SiteOffset": 0,
            "SelectedIdentity": [
              236,
              234,
              54,
              213,
              183,
              52,
              162,
              15,
              125,
              117,
              255,
              220,
              96,
              157,
              213,
              61,
              245,
              253,
              168,
              254,
              155,
              134,
              241,
              60,
              161,
              13,
              50,
              119,
              51,
              14,
              75,
              95
            ],
            "AlternativeSetDigest": [
              18,
              253,
              89,
              94,
              250,
              177,
              201,
              8,
              212,
              111,
              22,
              219,
              103,
              250,
              44,
              198,
              49,
              68,
              115,
              4,
              185,
              138,
              8,
              86,
              40,
              51,
              175,
              102,
              150,
              140,
              86,
              141
            ]
          },
          {
            "Ordinal": 9,
            "Kind": 1,
            "Flags": 5,
            "Alternatives": 2,
            "Selected": 0,
            "Data": 0,
            "SiteOffset": 0,
            "SelectedIdentity": [
              141,
              181,
              95,
              241,
              82,
              218,
              88,
              242,
              5,
              110,
              151,
              7,
              223,
              205,
              233,
              230,
              145,
              150,
              209,
              100,
              68,
              196,
              131,
              230,
              121,
              165,
              92,
              246,
              109,
              24,
              164,
              251
            ],
            "AlternativeSetDigest": [
              18,
              253,
              89,
              94,
              250,
              177,
              201,
              8,
              212,
              111,
              22,
              219,
              103,
              250,
              44,
              198,
              49,
              68,
              115,
              4,
              185,
              138,
              8,
              86,
              40,
              51,
              175,
              102,
              150,
              140,
              86,
              141
            ]
          },
          {
            "Ordinal": 10,
            "Kind": 2,
            "Flags": 1,
            "Alternatives": 2,
            "Selected": 0,
            "Data": 1,
            "SiteOffset": 766252,
            "SelectedIdentity": [
              30,
              225,
              164,
              6,
              16,
              149,
              40,
              178,
              176,
              68,
              149,
              155,
              129,
              246,
              104,
              184,
              51,
              28,
              97,
              53,
              229,
              31,
              93,
              97,
              10,
              34,
              71,
              120,
              67,
              205,
              163,
              148
            ],
            "AlternativeSetDigest": [
              115,
              173,
              147,
              10,
              145,
              229,
              144,
              59,
              179,
              96,
              129,
              216,
              120,
              76,
              155,
              117,
              104,
              50,
              198,
              117,
              5,
              48,
              121,
              142,
              29,
              20,
              40,
              194,
              42,
              129,
              219,
              214
            ]
          },
          {
            "Ordinal": 11,
            "Kind": 3,
            "Flags": 2,
            "Alternatives": 2,
            "Selected": 0,
            "Data": 2,
            "SiteOffset": 766252,
            "SelectedIdentity": [
              0,
              0,
              0,
              0,
              0,
              0,
              0,
              0,
              0,
              0,
              0,
              0,
              0,
              0,
              0,
              0,
              0,
              0,
              0,
              0,
              0,
              0,
              0,
              0,
              0,
              0,
              0,
              0,
              0,
              0,
              0,
              0
            ],
            "AlternativeSetDigest": [
              0,
              0,
              0,
              0,
              0,
              0,
              0,
              0,
              0,
              0,
              0,
              0,
              0,
              0,
              0,
              0,
              0,
              0,
              0,
              0,
              0,
              0,
              0,
              0,
              0,
              0,
              0,
              0,
              0,
              0,
              0,
              0
            ]
          },
          {
            "Ordinal": 12,
            "Kind": 1,
            "Flags": 5,
            "Alternatives": 2,
            "Selected": 0,
            "Data": 0,
            "SiteOffset": 0,
            "SelectedIdentity": [
              23,
              125,
              128,
              243,
              179,
              55,
              10,
              229,
              154,
              229,
              35,
              68,
              223,
              189,
              70,
              144,
              162,
              64,
              255,
              8,
              215,
              192,
              174,
              1,
              20,
              147,
              1,
              72,
              141,
              221,
              191,
              164
            ],
            "AlternativeSetDigest": [
              247,
              81,
              242,
              22,
              56,
              70,
              95,
              224,
              243,
              84,
              246,
              237,
              1,
              11,
              126,
              124,
              79,
              192,
              98,
              209,
              182,
              196,
              89,
              202,
              186,
              125,
              69,
              13,
              190,
              15,
              204,
              44
            ]
          },
          {
            "Ordinal": 13,
            "Kind": 2,
            "Flags": 1,
            "Alternatives": 2,
            "Selected": 1,
            "Data": 1,
            "SiteOffset": 766492,
            "SelectedIdentity": [
              162,
              137,
              214,
              12,
              186,
              251,
              217,
              234,
              244,
              239,
              245,
              16,
              117,
              229,
              192,
              53,
              207,
              46,
              159,
              219,
              136,
              175,
              128,
              52,
              30,
              158,
              172,
              54,
              79,
              100,
              168,
              23
            ],
            "AlternativeSetDigest": [
              233,
              142,
              96,
              82,
              3,
              197,
              17,
              53,
              66,
              51,
              148,
              24,
              116,
              143,
              56,
              245,
              185,
              229,
              38,
              54,
              236,
              128,
              4,
              31,
              98,
              133,
              15,
              125,
              90,
              9,
              17,
              170
            ]
          },
          {
            "Ordinal": 14,
            "Kind": 3,
            "Flags": 2,
            "Alternatives": 2,
            "Selected": 0,
            "Data": 2,
            "SiteOffset": 766492,
            "SelectedIdentity": [
              0,
              0,
              0,
              0,
              0,
              0,
              0,
              0,
              0,
              0,
              0,
              0,
              0,
              0,
              0,
              0,
              0,
              0,
              0,
              0,
              0,
              0,
              0,
              0,
              0,
              0,
              0,
              0,
              0,
              0,
              0,
              0
            ],
            "AlternativeSetDigest": [
              0,
              0,
              0,
              0,
              0,
              0,
              0,
              0,
              0,
              0,
              0,
              0,
              0,
              0,
              0,
              0,
              0,
              0,
              0,
              0,
              0,
              0,
              0,
              0,
              0,
              0,
              0,
              0,
              0,
              0,
              0,
              0
            ]
          }
        ]
    runtime_test.go:145: seed 6 output B A records [
          {
            "Ordinal": 0,
            "Kind": 1,
            "Flags": 5,
            "Alternatives": 3,
            "Selected": 1,
            "Data": 0,
            "SiteOffset": 0,
            "SelectedIdentity": [
              77,
              49,
              235,
              71,
              254,
              217,
              169,
              189,
              153,
              91,
              203,
              11,
              30,
              31,
              38,
              125,
              242,
              234,
              23,
              199,
              201,
              156,
              218,
              105,
              47,
              65,
              124,
              254,
              205,
              60,
              182,
              208
            ],
            "AlternativeSetDigest": [
              109,
              139,
              97,
              115,
              166,
              9,
              237,
              92,
              232,
              67,
              194,
              75,
              65,
              18,
              201,
              171,
              57,
              167,
              44,
              122,
              185,
              229,
              179,
              133,
              80,
              16,
              108,
              137,
              183,
              19,
              22,
              116
            ]
          },
          {
            "Ordinal": 1,
            "Kind": 1,
            "Flags": 5,
            "Alternatives": 2,
            "Selected": 1,
            "Data": 0,
            "SiteOffset": 0,
            "SelectedIdentity": [
              126,
              223,
              102,
              25,
              19,
              46,
              61,
              46,
              74,
              119,
              142,
              10,
              237,
              16,
              215,
              150,
              176,
              96,
              108,
              240,
              165,
              150,
              39,
              124,
              155,
              26,
              75,
              135,
              118,
              133,
              50,
              144
            ],
            "AlternativeSetDigest": [
              138,
              46,
              204,
              11,
              238,
              202,
              147,
              38,
              142,
              118,
              240,
              19,
              26,
              94,
              43,
              209,
              187,
              253,
              219,
              172,
              36,
              69,
              199,
              88,
              61,
              148,
              66,
              230,
              21,
              78,
              132,
              223
            ]
          },
          {
            "Ordinal": 2,
            "Kind": 1,
            "Flags": 5,
            "Alternatives": 2,
            "Selected": 1,
            "Data": 0,
            "SiteOffset": 0,
            "SelectedIdentity": [
              233,
              10,
              59,
              250,
              234,
              43,
              174,
              182,
              238,
              199,
              21,
              106,
              107,
              14,
              124,
              68,
              102,
              221,
              246,
              105,
              203,
              132,
              109,
              147,
              99,
              143,
              45,
              235,
              241,
              1,
              139,
              242
            ],
            "AlternativeSetDigest": [
              69,
              232,
              107,
              28,
              192,
              84,
              144,
              158,
              49,
              128,
              145,
              179,
              153,
              155,
              221,
              181,
              174,
              94,
              253,
              205,
              86,
              0,
              93,
              94,
              17,
              77,
              158,
              168,
              167,
              190,
              1,
              64
            ]
          },
          {
            "Ordinal": 3,
            "Kind": 1,
            "Flags": 5,
            "Alternatives": 4,
            "Selected": 0,
            "Data": 0,
            "SiteOffset": 0,
            "SelectedIdentity": [
              7,
              199,
              244,
              130,
              255,
              95,
              186,
              17,
              109,
              149,
              180,
              240,
              39,
              182,
              131,
              36,
              71,
              194,
              19,
              205,
              18,
              86,
              94,
              170,
              230,
              178,
              70,
              88,
              165,
              96,
              161,
              240
            ],
            "AlternativeSetDigest": [
              43,
              251,
              146,
              98,
              124,
              6,
              145,
              98,
              99,
              114,
              66,
              120,
              54,
              73,
              31,
              246,
              97,
              18,
              254,
              23,
              26,
              225,
              216,
              201,
              32,
              213,
              154,
              85,
              133,
              130,
              137,
              125
            ]
          },
          {
            "Ordinal": 4,
            "Kind": 1,
            "Flags": 5,
            "Alternatives": 3,
            "Selected": 0,
            "Data": 0,
            "SiteOffset": 0,
            "SelectedIdentity": [
              182,
              167,
              193,
              44,
              5,
              22,
              253,
              235,
              165,
              205,
              166,
              68,
              111,
              110,
              135,
              167,
              107,
              242,
              180,
              44,
              113,
              160,
              29,
              208,
              63,
              152,
              230,
              195,
              194,
              155,
              252,
              158
            ],
            "AlternativeSetDigest": [
              239,
              169,
              195,
              190,
              81,
              140,
              155,
              75,
              148,
              27,
              181,
              162,
              90,
              85,
              123,
              87,
              63,
              2,
              168,
              38,
              132,
              186,
              109,
              0,
              252,
              109,
              36,
              140,
              189,
              56,
              253,
              38
            ]
          },
          {
            "Ordinal": 5,
            "Kind": 1,
            "Flags": 5,
            "Alternatives": 3,
            "Selected": 0,
            "Data": 0,
            "SiteOffset": 0,
            "SelectedIdentity": [
              23,
              125,
              128,
              243,
              179,
              55,
              10,
              229,
              154,
              229,
              35,
              68,
              223,
              189,
              70,
              144,
              162,
              64,
              255,
              8,
              215,
              192,
              174,
              1,
              20,
              147,
              1,
              72,
              141,
              221,
              191,
              164
            ],
            "AlternativeSetDigest": [
              16,
              111,
              139,
              148,
              240,
              210,
              37,
              59,
              9,
              100,
              22,
              144,
              138,
              116,
              129,
              182,
              215,
              84,
              210,
              210,
              14,
              81,
              252,
              6,
              20,
              78,
              133,
              75,
              9,
              37,
              146,
              20
            ]
          },
          {
            "Ordinal": 6,
            "Kind": 1,
            "Flags": 5,
            "Alternatives": 2,
            "Selected": 0,
            "Data": 0,
            "SiteOffset": 0,
            "SelectedIdentity": [
              193,
              141,
              33,
              136,
              7,
              237,
              62,
              139,
              138,
              82,
              189,
              172,
              83,
              22,
              34,
              3,
              241,
              173,
              243,
              9,
              29,
              188,
              189,
              236,
              22,
              177,
              145,
              111,
              152,
              252,
              166,
              57
            ],
            "AlternativeSetDigest": [
              116,
              20,
              83,
              132,
              234,
              146,
              220,
              213,
              120,
              193,
              10,
              231,
              54,
              27,
              131,
              166,
              177,
              234,
              236,
              111,
              234,
              10,
              90,
              38,
              157,
              51,
              237,
              139,
              13,
              70,
              106,
              115
            ]
          },
          {
            "Ordinal": 7,
            "Kind": 1,
            "Flags": 5,
            "Alternatives": 2,
            "Selected": 1,
            "Data": 0,
            "SiteOffset": 0,
            "SelectedIdentity": [
              236,
              234,
              54,
              213,
              183,
              52,
              162,
              15,
              125,
              117,
              255,
              220,
              96,
              157,
              213,
              61,
              245,
              253,
              168,
              254,
              155,
              134,
              241,
              60,
              161,
              13,
              50,
              119,
              51,
              14,
              75,
              95
            ],
            "AlternativeSetDigest": [
              18,
              253,
              89,
              94,
              250,
              177,
              201,
              8,
              212,
              111,
              22,
              219,
              103,
              250,
              44,
              198,
              49,
              68,
              115,
              4,
              185,
              138,
              8,
              86,
              40,
              51,
              175,
              102,
              150,
              140,
              86,
              141
            ]
          },
          {
            "Ordinal": 8,
            "Kind": 1,
            "Flags": 5,
            "Alternatives": 2,
            "Selected": 1,
            "Data": 0,
            "SiteOffset": 0,
            "SelectedIdentity": [
              236,
              234,
              54,
              213,
              183,
              52,
              162,
              15,
              125,
              117,
              255,
              220,
              96,
              157,
              213,
              61,
              245,
              253,
              168,
              254,
              155,
              134,
              241,
              60,
              161,
              13,
              50,
              119,
              51,
              14,
              75,
              95
            ],
            "AlternativeSetDigest": [
              18,
              253,
              89,
              94,
              250,
              177,
              201,
              8,
              212,
              111,
              22,
              219,
              103,
              250,
              44,
              198,
              49,
              68,
              115,
              4,
              185,
              138,
              8,
              86,
              40,
              51,
              175,
              102,
              150,
              140,
              86,
              141
            ]
          },
          {
            "Ordinal": 9,
            "Kind": 2,
            "Flags": 1,
            "Alternatives": 2,
            "Selected": 0,
            "Data": 1,
            "SiteOffset": 766492,
            "SelectedIdentity": [
              79,
              226,
              240,
              156,
              113,
              78,
              145,
              121,
              78,
              58,
              116,
              204,
              77,
              237,
              203,
              192,
              208,
              200,
              63,
              70,
              15,
              221,
              129,
              64,
              240,
              21,
              114,
              166,
              255,
              128,
              82,
              117
            ],
            "AlternativeSetDigest": [
              233,
              142,
              96,
              82,
              3,
              197,
              17,
              53,
              66,
              51,
              148,
              24,
              116,
              143,
              56,
              245,
              185,
              229,
              38,
              54,
              236,
              128,
              4,
              31,
              98,
              133,
              15,
              125,
              90,
              9,
              17,
              170
            ]
          },
          {
            "Ordinal": 10,
            "Kind": 3,
            "Flags": 2,
            "Alternatives": 2,
            "Selected": 1,
            "Data": 2,
            "SiteOffset": 766492,
            "SelectedIdentity": [
              0,
              0,
              0,
              0,
              0,
              0,
              0,
              0,
              0,
              0,
              0,
              0,
              0,
              0,
              0,
              0,
              0,
              0,
              0,
              0,
              0,
              0,
              0,
              0,
              0,
              0,
              0,
              0,
              0,
              0,
              0,
              0
            ],
            "AlternativeSetDigest": [
              0,
              0,
              0,
              0,
              0,
              0,
              0,
              0,
              0,
              0,
              0,
              0,
              0,
              0,
              0,
              0,
              0,
              0,
              0,
              0,
              0,
              0,
              0,
              0,
              0,
              0,
              0,
              0,
              0,
              0,
              0,
              0
            ]
          },
          {
            "Ordinal": 11,
            "Kind": 1,
            "Flags": 5,
            "Alternatives": 2,
            "Selected": 1,
            "Data": 0,
            "SiteOffset": 0,
            "SelectedIdentity": [
              141,
              181,
              95,
              241,
              82,
              218,
              88,
              242,
              5,
              110,
              151,
              7,
              223,
              205,
              233,
              230,
              145,
              150,
              209,
              100,
              68,
              196,
              131,
              230,
              121,
              165,
              92,
              246,
              109,
              24,
              164,
              251
            ],
            "AlternativeSetDigest": [
              108,
              52,
              199,
              96,
              117,
              54,
              220,
              175,
              205,
              37,
              152,
              147,
              63,
              218,
              76,
              83,
              214,
              206,
              133,
              239,
              72,
              173,
              160,
              11,
              31,
              146,
              207,
              79,
              240,
              67,
              153,
              129
            ]
          },
          {
            "Ordinal": 12,
            "Kind": 2,
            "Flags": 1,
            "Alternatives": 2,
            "Selected": 0,
            "Data": 1,
            "SiteOffset": 766252,
            "SelectedIdentity": [
              30,
              225,
              164,
              6,
              16,
              149,
              40,
              178,
              176,
              68,
              149,
              155,
              129,
              246,
              104,
              184,
              51,
              28,
              97,
              53,
              229,
              31,
              93,
              97,
              10,
              34,
              71,
              120,
              67,
              205,
              163,
              148
            ],
            "AlternativeSetDigest": [
              115,
              173,
              147,
              10,
              145,
              229,
              144,
              59,
              179,
              96,
              129,
              216,
              120,
              76,
              155,
              117,
              104,
              50,
              198,
              117,
              5,
              48,
              121,
              142,
              29,
              20,
              40,
              194,
              42,
              129,
              219,
              214
            ]
          },
          {
            "Ordinal": 13,
            "Kind": 3,
            "Flags": 2,
            "Alternatives": 2,
            "Selected": 0,
            "Data": 2,
            "SiteOffset": 766252,
            "SelectedIdentity": [
              0,
              0,
              0,
              0,
              0,
              0,
              0,
              0,
              0,
              0,
              0,
              0,
              0,
              0,
              0,
              0,
              0,
              0,
              0,
              0,
              0,
              0,
              0,
              0,
              0,
              0,
              0,
              0,
              0,
              0,
              0,
              0
            ],
            "AlternativeSetDigest": [
              0,
              0,
              0,
              0,
              0,
              0,
              0,
              0,
              0,
              0,
              0,
              0,
              0,
              0,
              0,
              0,
              0,
              0,
              0,
              0,
              0,
              0,
              0,
              0,
              0,
              0,
              0,
              0,
              0,
              0,
              0,
              0
            ]
          }
        ]
    runtime_test.go:145: seed 7 output B A records [
          {
            "Ordinal": 0,
            "Kind": 1,
            "Flags": 5,
            "Alternatives": 3,
            "Selected": 2,
            "Data": 0,
            "SiteOffset": 0,
            "SelectedIdentity": [
              126,
              223,
              102,
              25,
              19,
              46,
              61,
              46,
              74,
              119,
              142,
              10,
              237,
              16,
              215,
              150,
              176,
              96,
              108,
              240,
              165,
              150,
              39,
              124,
              155,
              26,
              75,
              135,
              118,
              133,
              50,
              144
            ],
            "AlternativeSetDigest": [
              109,
              139,
              97,
              115,
              166,
              9,
              237,
              92,
              232,
              67,
              194,
              75,
              65,
              18,
              201,
              171,
              57,
              167,
              44,
              122,
              185,
              229,
              179,
              133,
              80,
              16,
              108,
              137,
              183,
              19,
              22,
              116
            ]
          },
          {
            "Ordinal": 1,
            "Kind": 1,
            "Flags": 5,
            "Alternatives": 3,
            "Selected": 0,
            "Data": 0,
            "SiteOffset": 0,
            "SelectedIdentity": [
              71,
              42,
              86,
              107,
              155,
              196,
              51,
              27,
              108,
              118,
              215,
              184,
              26,
              24,
              55,
              93,
              107,
              104,
              246,
              253,
              161,
              77,
              7,
              227,
              146,
              49,
              178,
              57,
              105,
              150,
              61,
              114
            ],
            "AlternativeSetDigest": [
              191,
              90,
              27,
              217,
              154,
              55,
              5,
              53,
              50,
              11,
              99,
              124,
              70,
              156,
              70,
              8,
              168,
              183,
              95,
              16,
              154,
              159,
              232,
              49,
              7,
              52,
              248,
              2,
              109,
              185,
              182,
              83
            ]
          },
          {
            "Ordinal": 2,
            "Kind": 1,
            "Flags": 5,
            "Alternatives": 2,
            "Selected": 1,
            "Data": 0,
            "SiteOffset": 0,
            "SelectedIdentity": [
              233,
              10,
              59,
              250,
              234,
              43,
              174,
              182,
              238,
              199,
              21,
              106,
              107,
              14,
              124,
              68,
              102,
              221,
              246,
              105,
              203,
              132,
              109,
              147,
              99,
              143,
              45,
              235,
              241,
              1,
              139,
              242
            ],
            "AlternativeSetDigest": [
              98,
              16,
              207,
              46,
              79,
              73,
              47,
              105,
              49,
              175,
              95,
              63,
              211,
              37,
              186,
              229,
              232,
              238,
              236,
              104,
              58,
              35,
              130,
              178,
              10,
              232,
              136,
              121,
              9,
              70,
              158,
              11
            ]
          },
          {
            "Ordinal": 3,
            "Kind": 1,
            "Flags": 5,
            "Alternatives": 5,
            "Selected": 4,
            "Data": 0,
            "SiteOffset": 0,
            "SelectedIdentity": [
              209,
              234,
              230,
              197,
              134,
              37,
              9,
              150,
              157,
              168,
              198,
              133,
              93,
              193,
              141,
              140,
              12,
              107,
              241,
              209,
              19,
              110,
              104,
              176,
              114,
              207,
              131,
              161,
              237,
              130,
              112,
              131
            ],
            "AlternativeSetDigest": [
              95,
              28,
              216,
              19,
              121,
              95,
              210,
              18,
              91,
              191,
              126,
              165,
              183,
              49,
              64,
              146,
              47,
              77,
              160,
              169,
              216,
              150,
              149,
              219,
              244,
              67,
              91,
              16,
              204,
              204,
              231,
              185
            ]
          },
          {
            "Ordinal": 4,
            "Kind": 1,
            "Flags": 5,
            "Alternatives": 5,
            "Selected": 4,
            "Data": 0,
            "SiteOffset": 0,
            "SelectedIdentity": [
              193,
              141,
              33,
              136,
              7,
              237,
              62,
              139,
              138,
              82,
              189,
              172,
              83,
              22,
              34,
              3,
              241,
              173,
              243,
              9,
              29,
              188,
              189,
              236,
              22,
              177,
              145,
              111,
              152,
              252,
              166,
              57
            ],
            "AlternativeSetDigest": [
              222,
              151,
              150,
              175,
              41,
              214,
              18,
              111,
              149,
              254,
              44,
              99,
              109,
              115,
              186,
              244,
              116,
              69,
              213,
              200,
              212,
              168,
              212,
              212,
              238,
              147,
              221,
              187,
              202,
              60,
              205,
              203
            ]
          },
          {
            "Ordinal": 5,
            "Kind": 1,
            "Flags": 5,
            "Alternatives": 4,
            "Selected": 3,
            "Data": 0,
            "SiteOffset": 0,
            "SelectedIdentity": [
              182,
              167,
              193,
              44,
              5,
              22,
              253,
              235,
              165,
              205,
              166,
              68,
              111,
              110,
              135,
              167,
              107,
              242,
              180,
              44,
              113,
              160,
              29,
              208,
              63,
              152,
              230,
              195,
              194,
              155,
              252,
              158
            ],
            "AlternativeSetDigest": [
              116,
              61,
              151,
              226,
              223,
              5,
              48,
              255,
              250,
              237,
              191,
              150,
              196,
              83,
              44,
              179,
              249,
              35,
              1,
              54,
              101,
              160,
              252,
              112,
              158,
              214,
              93,
              114,
              134,
              116,
              111,
              251
            ]
          },
          {
            "Ordinal": 6,
            "Kind": 1,
            "Flags": 5,
            "Alternatives": 3,
            "Selected": 2,
            "Data": 0,
            "SiteOffset": 0,
            "SelectedIdentity": [
              77,
              49,
              235,
              71,
              254,
              217,
              169,
              189,
              153,
              91,
              203,
              11,
              30,
              31,
              38,
              125,
              242,
              234,
              23,
              199,
              201,
              156,
              218,
              105,
              47,
              65,
              124,
              254,
              205,
              60,
              182,
              208
            ],
            "AlternativeSetDigest": [
              248,
              254,
              99,
              229,
              20,
              201,
              112,
              37,
              104,
              185,
              114,
              82,
              217,
              49,
              155,
              164,
              209,
              212,
              207,
              148,
              189,
              20,
              31,
              202,
              186,
              117,
              101,
              103,
              63,
              89,
              151,
              36
            ]
          },
          {
            "Ordinal": 7,
            "Kind": 1,
            "Flags": 5,
            "Alternatives": 2,
            "Selected": 0,
            "Data": 0,
            "SiteOffset": 0,
            "SelectedIdentity": [
              7,
              199,
              244,
              130,
              255,
              95,
              186,
              17,
              109,
              149,
              180,
              240,
              39,
              182,
              131,
              36,
              71,
              194,
              19,
              205,
              18,
              86,
              94,
              170,
              230,
              178,
              70,
              88,
              165,
              96,
              161,
              240
            ],
            "AlternativeSetDigest": [
              139,
              70,
              85,
              41,
              172,
              104,
              1,
              207,
              53,
              163,
              145,
              19,
              253,
              185,
              40,
              131,
              183,
              89,
              119,
              100,
              149,
              107,
              132,
              148,
              4,
              202,
              244,
              54,
              50,
              161,
              125,
              55
            ]
          },
          {
            "Ordinal": 8,
            "Kind": 1,
            "Flags": 5,
            "Alternatives": 2,
            "Selected": 1,
            "Data": 0,
            "SiteOffset": 0,
            "SelectedIdentity": [
              236,
              234,
              54,
              213,
              183,
              52,
              162,
              15,
              125,
              117,
              255,
              220,
              96,
              157,
              213,
              61,
              245,
              253,
              168,
              254,
              155,
              134,
              241,
              60,
              161,
              13,
              50,
              119,
              51,
              14,
              75,
              95
            ],
            "AlternativeSetDigest": [
              18,
              253,
              89,
              94,
              250,
              177,
              201,
              8,
              212,
              111,
              22,
              219,
              103,
              250,
              44,
              198,
              49,
              68,
              115,
              4,
              185,
              138,
              8,
              86,
              40,
              51,
              175,
              102,
              150,
              140,
              86,
              141
            ]
          },
          {
            "Ordinal": 9,
            "Kind": 1,
            "Flags": 5,
            "Alternatives": 2,
            "Selected": 1,
            "Data": 0,
            "SiteOffset": 0,
            "SelectedIdentity": [
              236,
              234,
              54,
              213,
              183,
              52,
              162,
              15,
              125,
              117,
              255,
              220,
              96,
              157,
              213,
              61,
              245,
              253,
              168,
              254,
              155,
              134,
              241,
              60,
              161,
              13,
              50,
              119,
              51,
              14,
              75,
              95
            ],
            "AlternativeSetDigest": [
              18,
              253,
              89,
              94,
              250,
              177,
              201,
              8,
              212,
              111,
              22,
              219,
              103,
              250,
              44,
              198,
              49,
              68,
              115,
              4,
              185,
              138,
              8,
              86,
              40,
              51,
              175,
              102,
              150,
              140,
              86,
              141
            ]
          },
          {
            "Ordinal": 10,
            "Kind": 2,
            "Flags": 1,
            "Alternatives": 2,
            "Selected": 1,
            "Data": 1,
            "SiteOffset": 766492,
            "SelectedIdentity": [
              162,
              137,
              214,
              12,
              186,
              251,
              217,
              234,
              244,
              239,
              245,
              16,
              117,
              229,
              192,
              53,
              207,
              46,
              159,
              219,
              136,
              175,
              128,
              52,
              30,
              158,
              172,
              54,
              79,
              100,
              168,
              23
            ],
            "AlternativeSetDigest": [
              233,
              142,
              96,
              82,
              3,
              197,
              17,
              53,
              66,
              51,
              148,
              24,
              116,
              143,
              56,
              245,
              185,
              229,
              38,
              54,
              236,
              128,
              4,
              31,
              98,
              133,
              15,
              125,
              90,
              9,
              17,
              170
            ]
          },
          {
            "Ordinal": 11,
            "Kind": 3,
            "Flags": 2,
            "Alternatives": 2,
            "Selected": 0,
            "Data": 2,
            "SiteOffset": 766492,
            "SelectedIdentity": [
              0,
              0,
              0,
              0,
              0,
              0,
              0,
              0,
              0,
              0,
              0,
              0,
              0,
              0,
              0,
              0,
              0,
              0,
              0,
              0,
              0,
              0,
              0,
              0,
              0,
              0,
              0,
              0,
              0,
              0,
              0,
              0
            ],
            "AlternativeSetDigest": [
              0,
              0,
              0,
              0,
              0,
              0,
              0,
              0,
              0,
              0,
              0,
              0,
              0,
              0,
              0,
              0,
              0,
              0,
              0,
              0,
              0,
              0,
              0,
              0,
              0,
              0,
              0,
              0,
              0,
              0,
              0,
              0
            ]
          },
          {
            "Ordinal": 12,
            "Kind": 1,
            "Flags": 5,
            "Alternatives": 2,
            "Selected": 0,
            "Data": 0,
            "SiteOffset": 0,
            "SelectedIdentity": [
              23,
              125,
              128,
              243,
              179,
              55,
              10,
              229,
              154,
              229,
              35,
              68,
              223,
              189,
              70,
              144,
              162,
              64,
              255,
              8,
              215,
              192,
              174,
              1,
              20,
              147,
              1,
              72,
              141,
              221,
              191,
              164
            ],
            "AlternativeSetDigest": [
              108,
              52,
              199,
              96,
              117,
              54,
              220,
              175,
              205,
              37,
              152,
              147,
              63,
              218,
              76,
              83,
              214,
              206,
              133,
              239,
              72,
              173,
              160,
              11,
              31,
              146,
              207,
              79,
              240,
              67,
              153,
              129
            ]
          },
          {
            "Ordinal": 13,
            "Kind": 2,
            "Flags": 1,
            "Alternatives": 2,
            "Selected": 1,
            "Data": 1,
            "SiteOffset": 766252,
            "SelectedIdentity": [
              87,
              33,
              143,
              45,
              157,
              55,
              233,
              38,
              7,
              182,
              50,
              252,
              173,
              250,
              17,
              36,
              69,
              118,
              7,
              205,
              150,
              232,
              204,
              194,
              80,
              232,
              192,
              21,
              102,
              178,
              240,
              249
            ],
            "AlternativeSetDigest": [
              115,
              173,
              147,
              10,
              145,
              229,
              144,
              59,
              179,
              96,
              129,
              216,
              120,
              76,
              155,
              117,
              104,
              50,
              198,
              117,
              5,
              48,
              121,
              142,
              29,
              20,
              40,
              194,
              42,
              129,
              219,
              214
            ]
          },
          {
            "Ordinal": 14,
            "Kind": 3,
            "Flags": 2,
            "Alternatives": 2,
            "Selected": 1,
            "Data": 2,
            "SiteOffset": 766252,
            "SelectedIdentity": [
              0,
              0,
              0,
              0,
              0,
              0,
              0,
              0,
              0,
              0,
              0,
              0,
              0,
              0,
              0,
              0,
              0,
              0,
              0,
              0,
              0,
              0,
              0,
              0,
              0,
              0,
              0,
              0,
              0,
              0,
              0,
              0
            ],
            "AlternativeSetDigest": [
              0,
              0,
              0,
              0,
              0,
              0,
              0,
              0,
              0,
              0,
              0,
              0,
              0,
              0,
              0,
              0,
              0,
              0,
              0,
              0,
              0,
              0,
              0,
              0,
              0,
              0,
              0,
              0,
              0,
              0,
              0,
              0
            ]
          }
        ]
    runtime_test.go:145: seed 8 output B A records [
          {
            "Ordinal": 0,
            "Kind": 1,
            "Flags": 5,
            "Alternatives": 3,
            "Selected": 2,
            "Data": 0,
            "SiteOffset": 0,
            "SelectedIdentity": [
              126,
              223,
              102,
              25,
              19,
              46,
              61,
              46,
              74,
              119,
              142,
              10,
              237,
              16,
              215,
              150,
              176,
              96,
              108,
              240,
              165,
              150,
              39,
              124,
              155,
              26,
              75,
              135,
              118,
              133,
              50,
              144
            ],
            "AlternativeSetDigest": [
              109,
              139,
              97,
              115,
              166,
              9,
              237,
              92,
              232,
              67,
              194,
              75,
              65,
              18,
              201,
              171,
              57,
              167,
              44,
              122,
              185,
              229,
              179,
              133,
              80,
              16,
              108,
              137,
              183,
              19,
              22,
              116
            ]
          },
          {
            "Ordinal": 1,
            "Kind": 1,
            "Flags": 5,
            "Alternatives": 3,
            "Selected": 0,
            "Data": 0,
            "SiteOffset": 0,
            "SelectedIdentity": [
              71,
              42,
              86,
              107,
              155,
              196,
              51,
              27,
              108,
              118,
              215,
              184,
              26,
              24,
              55,
              93,
              107,
              104,
              246,
              253,
              161,
              77,
              7,
              227,
              146,
              49,
              178,
              57,
              105,
              150,
              61,
              114
            ],
            "AlternativeSetDigest": [
              191,
              90,
              27,
              217,
              154,
              55,
              5,
              53,
              50,
              11,
              99,
              124,
              70,
              156,
              70,
              8,
              168,
              183,
              95,
              16,
              154,
              159,
              232,
              49,
              7,
              52,
              248,
              2,
              109,
              185,
              182,
              83
            ]
          },
          {
            "Ordinal": 2,
            "Kind": 1,
            "Flags": 5,
            "Alternatives": 2,
            "Selected": 0,
            "Data": 0,
            "SiteOffset": 0,
            "SelectedIdentity": [
              77,
              49,
              235,
              71,
              254,
              217,
              169,
              189,
              153,
              91,
              203,
              11,
              30,
              31,
              38,
              125,
              242,
              234,
              23,
              199,
              201,
              156,
              218,
              105,
              47,
              65,
              124,
              254,
              205,
              60,
              182,
              208
            ],
            "AlternativeSetDigest": [
              98,
              16,
              207,
              46,
              79,
              73,
              47,
              105,
              49,
              175,
              95,
              63,
              211,
              37,
              186,
              229,
              232,
              238,
              236,
              104,
              58,
              35,
              130,
              178,
              10,
              232,
              136,
              121,
              9,
              70,
              158,
              11
            ]
          },
          {
            "Ordinal": 3,
            "Kind": 1,
            "Flags": 5,
            "Alternatives": 4,
            "Selected": 1,
            "Data": 0,
            "SiteOffset": 0,
            "SelectedIdentity": [
              182,
              167,
              193,
              44,
              5,
              22,
              253,
              235,
              165,
              205,
              166,
              68,
              111,
              110,
              135,
              167,
              107,
              242,
              180,
              44,
              113,
              160,
              29,
              208,
              63,
              152,
              230,
              195,
              194,
              155,
              252,
              158
            ],
            "AlternativeSetDigest": [
              43,
              251,
              146,
              98,
              124,
              6,
              145,
              98,
              99,
              114,
              66,
              120,
              54,
              73,
              31,
              246,
              97,
              18,
              254,
              23,
              26,
              225,
              216,
              201,
              32,
              213,
              154,
              85,
              133,
              130,
              137,
              125
            ]
          },
          {
            "Ordinal": 4,
            "Kind": 1,
            "Flags": 5,
            "Alternatives": 4,
            "Selected": 2,
            "Data": 0,
            "SiteOffset": 0,
            "SelectedIdentity": [
              193,
              141,
              33,
              136,
              7,
              237,
              62,
              139,
              138,
              82,
              189,
              172,
              83,
              22,
              34,
              3,
              241,
              173,
              243,
              9,
              29,
              188,
              189,
              236,
              22,
              177,
              145,
              111,
              152,
              252,
              166,
              57
            ],
            "AlternativeSetDigest": [
              35,
              221,
              82,
              33,
              74,
              158,
              247,
              247,
              29,
              131,
              112,
              163,
              43,
              143,
              23,
              181,
              26,
              200,
              140,
              244,
              181,
              82,
              14,
              230,
              31,
              104,
              10,
              161,
              75,
              76,
              235,
              45
            ]
          },
          {
            "Ordinal": 5,
            "Kind": 1,
            "Flags": 5,
            "Alternatives": 3,
            "Selected": 2,
            "Data": 0,
            "SiteOffset": 0,
            "SelectedIdentity": [
              209,
              234,
              230,
              197,
              134,
              37,
              9,
              150,
              157,
              168,
              198,
              133,
              93,
              193,
              141,
              140,
              12,
              107,
              241,
              209,
              19,
              110,
              104,
              176,
              114,
              207,
              131,
              161,
              237,
              130,
              112,
              131
            ],
            "AlternativeSetDigest": [
              91,
              111,
              146,
              144,
              118,
              41,
              60,
              223,
              17,
              228,
              67,
              151,
              164,
              225,
              97,
              241,
              34,
              14,
              128,
              89,
              238,
              167,
              202,
              157,
              1,
              54,
              166,
              71,
              182,
              97,
              223,
              87
            ]
          },
          {
            "Ordinal": 6,
            "Kind": 1,
            "Flags": 5,
            "Alternatives": 2,
            "Selected": 1,
            "Data": 0,
            "SiteOffset": 0,
            "SelectedIdentity": [
              23,
              125,
              128,
              243,
              179,
              55,
              10,
              229,
              154,
              229,
              35,
              68,
              223,
              189,
              70,
              144,
              162,
              64,
              255,
              8,
              215,
              192,
              174,
              1,
              20,
              147,
              1,
              72,
              141,
              221,
              191,
              164
            ],
            "AlternativeSetDigest": [
              139,
              70,
              85,
              41,
              172,
              104,
              1,
              207,
              53,
              163,
              145,
              19,
              253,
              185,
              40,
              131,
              183,
              89,
              119,
              100,
              149,
              107,
              132,
              148,
              4,
              202,
              244,
              54,
              50,
              161,
              125,
              55
            ]
          },
          {
            "Ordinal": 7,
            "Kind": 1,
            "Flags": 5,
            "Alternatives": 2,
            "Selected": 0,
            "Data": 0,
            "SiteOffset": 0,
            "SelectedIdentity": [
              141,
              181,
              95,
              241,
              82,
              218,
              88,
              242,
              5,
              110,
              151,
              7,
              223,
              205,
              233,
              230,
              145,
              150,
              209,
              100,
              68,
              196,
              131,
              230,
              121,
              165,
              92,
              246,
              109,
              24,
              164,
              251
            ],
            "AlternativeSetDigest": [
              18,
              253,
              89,
              94,
              250,
              177,
              201,
              8,
              212,
              111,
              22,
              219,
              103,
              250,
              44,
              198,
              49,
              68,
              115,
              4,
              185,
              138,
              8,
              86,
              40,
              51,
              175,
              102,
              150,
              140,
              86,
              141
            ]
          },
          {
            "Ordinal": 8,
            "Kind": 1,
            "Flags": 5,
            "Alternatives": 2,
            "Selected": 0,
            "Data": 0,
            "SiteOffset": 0,
            "SelectedIdentity": [
              141,
              181,
              95,
              241,
              82,
              218,
              88,
              242,
              5,
              110,
              151,
              7,
              223,
              205,
              233,
              230,
              145,
              150,
              209,
              100,
              68,
              196,
              131,
              230,
              121,
              165,
              92,
              246,
              109,
              24,
              164,
              251
            ],
            "AlternativeSetDigest": [
              18,
              253,
              89,
              94,
              250,
              177,
              201,
              8,
              212,
              111,
              22,
              219,
              103,
              250,
              44,
              198,
              49,
              68,
              115,
              4,
              185,
              138,
              8,
              86,
              40,
              51,
              175,
              102,
              150,
              140,
              86,
              141
            ]
          },
          {
            "Ordinal": 9,
            "Kind": 2,
            "Flags": 1,
            "Alternatives": 2,
            "Selected": 0,
            "Data": 1,
            "SiteOffset": 766492,
            "SelectedIdentity": [
              79,
              226,
              240,
              156,
              113,
              78,
              145,
              121,
              78,
              58,
              116,
              204,
              77,
              237,
              203,
              192,
              208,
              200,
              63,
              70,
              15,
              221,
              129,
              64,
              240,
              21,
              114,
              166,
              255,
              128,
              82,
              117
            ],
            "AlternativeSetDigest": [
              233,
              142,
              96,
              82,
              3,
              197,
              17,
              53,
              66,
              51,
              148,
              24,
              116,
              143,
              56,
              245,
              185,
              229,
              38,
              54,
              236,
              128,
              4,
              31,
              98,
              133,
              15,
              125,
              90,
              9,
              17,
              170
            ]
          },
          {
            "Ordinal": 10,
            "Kind": 3,
            "Flags": 2,
            "Alternatives": 2,
            "Selected": 1,
            "Data": 2,
            "SiteOffset": 766492,
            "SelectedIdentity": [
              0,
              0,
              0,
              0,
              0,
              0,
              0,
              0,
              0,
              0,
              0,
              0,
              0,
              0,
              0,
              0,
              0,
              0,
              0,
              0,
              0,
              0,
              0,
              0,
              0,
              0,
              0,
              0,
              0,
              0,
              0,
              0
            ],
            "AlternativeSetDigest": [
              0,
              0,
              0,
              0,
              0,
              0,
              0,
              0,
              0,
              0,
              0,
              0,
              0,
              0,
              0,
              0,
              0,
              0,
              0,
              0,
              0,
              0,
              0,
              0,
              0,
              0,
              0,
              0,
              0,
              0,
              0,
              0
            ]
          },
          {
            "Ordinal": 11,
            "Kind": 1,
            "Flags": 5,
            "Alternatives": 2,
            "Selected": 0,
            "Data": 0,
            "SiteOffset": 0,
            "SelectedIdentity": [
              23,
              125,
              128,
              243,
              179,
              55,
              10,
              229,
              154,
              229,
              35,
              68,
              223,
              189,
              70,
              144,
              162,
              64,
              255,
              8,
              215,
              192,
              174,
              1,
              20,
              147,
              1,
              72,
              141,
              221,
              191,
              164
            ],
            "AlternativeSetDigest": [
              247,
              81,
              242,
              22,
              56,
              70,
              95,
              224,
              243,
              84,
              246,
              237,
              1,
              11,
              126,
              124,
              79,
              192,
              98,
              209,
              182,
              196,
              89,
              202,
              186,
              125,
              69,
              13,
              190,
              15,
              204,
              44
            ]
          },
          {
            "Ordinal": 12,
            "Kind": 2,
            "Flags": 1,
            "Alternatives": 2,
            "Selected": 0,
            "Data": 1,
            "SiteOffset": 766252,
            "SelectedIdentity": [
              30,
              225,
              164,
              6,
              16,
              149,
              40,
              178,
              176,
              68,
              149,
              155,
              129,
              246,
              104,
              184,
              51,
              28,
              97,
              53,
              229,
              31,
              93,
              97,
              10,
              34,
              71,
              120,
              67,
              205,
              163,
              148
            ],
            "AlternativeSetDigest": [
              115,
              173,
              147,
              10,
              145,
              229,
              144,
              59,
              179,
              96,
              129,
              216,
              120,
              76,
              155,
              117,
              104,
              50,
              198,
              117,
              5,
              48,
              121,
              142,
              29,
              20,
              40,
              194,
              42,
              129,
              219,
              214
            ]
          },
          {
            "Ordinal": 13,
            "Kind": 3,
            "Flags": 2,
            "Alternatives": 2,
            "Selected": 0,
            "Data": 2,
            "SiteOffset": 766252,
            "SelectedIdentity": [
              0,
              0,
              0,
              0,
              0,
              0,
              0,
              0,
              0,
              0,
              0,
              0,
              0,
              0,
              0,
              0,
              0,
              0,
              0,
              0,
              0,
              0,
              0,
              0,
              0,
              0,
              0,
              0,
              0,
              0,
              0,
              0
            ],
            "AlternativeSetDigest": [
              0,
              0,
              0,
              0,
              0,
              0,
              0,
              0,
              0,
              0,
              0,
              0,
              0,
              0,
              0,
              0,
              0,
              0,
              0,
              0,
              0,
              0,
              0,
              0,
              0,
              0,
              0,
              0,
              0,
              0,
              0,
              0
            ]
          }
        ]
    runtime_test.go:145: seed 9 output B A records [
          {
            "Ordinal": 0,
            "Kind": 1,
            "Flags": 5,
            "Alternatives": 3,
            "Selected": 2,
            "Data": 0,
            "SiteOffset": 0,
            "SelectedIdentity": [
              126,
              223,
              102,
              25,
              19,
              46,
              61,
              46,
              74,
              119,
              142,
              10,
              237,
              16,
              215,
              150,
              176,
              96,
              108,
              240,
              165,
              150,
              39,
              124,
              155,
              26,
              75,
              135,
              118,
              133,
              50,
              144
            ],
            "AlternativeSetDigest": [
              109,
              139,
              97,
              115,
              166,
              9,
              237,
              92,
              232,
              67,
              194,
              75,
              65,
              18,
              201,
              171,
              57,
              167,
              44,
              122,
              185,
              229,
              179,
              133,
              80,
              16,
              108,
              137,
              183,
              19,
              22,
              116
            ]
          },
          {
            "Ordinal": 1,
            "Kind": 1,
            "Flags": 5,
            "Alternatives": 3,
            "Selected": 0,
            "Data": 0,
            "SiteOffset": 0,
            "SelectedIdentity": [
              71,
              42,
              86,
              107,
              155,
              196,
              51,
              27,
              108,
              118,
              215,
              184,
              26,
              24,
              55,
              93,
              107,
              104,
              246,
              253,
              161,
              77,
              7,
              227,
              146,
              49,
              178,
              57,
              105,
              150,
              61,
              114
            ],
            "AlternativeSetDigest": [
              191,
              90,
              27,
              217,
              154,
              55,
              5,
              53,
              50,
              11,
              99,
              124,
              70,
              156,
              70,
              8,
              168,
              183,
              95,
              16,
              154,
              159,
              232,
              49,
              7,
              52,
              248,
              2,
              109,
              185,
              182,
              83
            ]
          },
          {
            "Ordinal": 2,
            "Kind": 1,
            "Flags": 5,
            "Alternatives": 2,
            "Selected": 0,
            "Data": 0,
            "SiteOffset": 0,
            "SelectedIdentity": [
              77,
              49,
              235,
              71,
              254,
              217,
              169,
              189,
              153,
              91,
              203,
              11,
              30,
              31,
              38,
              125,
              242,
              234,
              23,
              199,
              201,
              156,
              218,
              105,
              47,
              65,
              124,
              254,
              205,
              60,
              182,
              208
            ],
            "AlternativeSetDigest": [
              98,
              16,
              207,
              46,
              79,
              73,
              47,
              105,
              49,
              175,
              95,
              63,
              211,
              37,
              186,
              229,
              232,
              238,
              236,
              104,
              58,
              35,
              130,
              178,
              10,
              232,
              136,
              121,
              9,
              70,
              158,
              11
            ]
          },
          {
            "Ordinal": 3,
            "Kind": 1,
            "Flags": 5,
            "Alternatives": 4,
            "Selected": 1,
            "Data": 0,
            "SiteOffset": 0,
            "SelectedIdentity": [
              182,
              167,
              193,
              44,
              5,
              22,
              253,
              235,
              165,
              205,
              166,
              68,
              111,
              110,
              135,
              167,
              107,
              242,
              180,
              44,
              113,
              160,
              29,
              208,
              63,
              152,
              230,
              195,
              194,
              155,
              252,
              158
            ],
            "AlternativeSetDigest": [
              43,
              251,
              146,
              98,
              124,
              6,
              145,
              98,
              99,
              114,
              66,
              120,
              54,
              73,
              31,
              246,
              97,
              18,
              254,
              23,
              26,
              225,
              216,
              201,
              32,
              213,
              154,
              85,
              133,
              130,
              137,
              125
            ]
          },
          {
            "Ordinal": 4,
            "Kind": 1,
            "Flags": 5,
            "Alternatives": 4,
            "Selected": 2,
            "Data": 0,
            "SiteOffset": 0,
            "SelectedIdentity": [
              193,
              141,
              33,
              136,
              7,
              237,
              62,
              139,
              138,
              82,
              189,
              172,
              83,
              22,
              34,
              3,
              241,
              173,
              243,
              9,
              29,
              188,
              189,
              236,
              22,
              177,
              145,
              111,
              152,
              252,
              166,
              57
            ],
            "AlternativeSetDigest": [
              35,
              221,
              82,
              33,
              74,
              158,
              247,
              247,
              29,
              131,
              112,
              163,
              43,
              143,
              23,
              181,
              26,
              200,
              140,
              244,
              181,
              82,
              14,
              230,
              31,
              104,
              10,
              161,
              75,
              76,
              235,
              45
            ]
          },
          {
            "Ordinal": 5,
            "Kind": 1,
            "Flags": 5,
            "Alternatives": 3,
            "Selected": 2,
            "Data": 0,
            "SiteOffset": 0,
            "SelectedIdentity": [
              209,
              234,
              230,
              197,
              134,
              37,
              9,
              150,
              157,
              168,
              198,
              133,
              93,
              193,
              141,
              140,
              12,
              107,
              241,
              209,
              19,
              110,
              104,
              176,
              114,
              207,
              131,
              161,
              237,
              130,
              112,
              131
            ],
            "AlternativeSetDigest": [
              91,
              111,
              146,
              144,
              118,
              41,
              60,
              223,
              17,
              228,
              67,
              151,
              164,
              225,
              97,
              241,
              34,
              14,
              128,
              89,
              238,
              167,
              202,
              157,
              1,
              54,
              166,
              71,
              182,
              97,
              223,
              87
            ]
          },
          {
            "Ordinal": 6,
            "Kind": 1,
            "Flags": 5,
            "Alternatives": 2,
            "Selected": 0,
            "Data": 0,
            "SiteOffset": 0,
            "SelectedIdentity": [
              7,
              199,
              244,
              130,
              255,
              95,
              186,
              17,
              109,
              149,
              180,
              240,
              39,
              182,
              131,
              36,
              71,
              194,
              19,
              205,
              18,
              86,
              94,
              170,
              230,
              178,
              70,
              88,
              165,
              96,
              161,
              240
            ],
            "AlternativeSetDigest": [
              139,
              70,
              85,
              41,
              172,
              104,
              1,
              207,
              53,
              163,
              145,
              19,
              253,
              185,
              40,
              131,
              183,
              89,
              119,
              100,
              149,
              107,
              132,
              148,
              4,
              202,
              244,
              54,
              50,
              161,
              125,
              55
            ]
          },
          {
            "Ordinal": 7,
            "Kind": 1,
            "Flags": 5,
            "Alternatives": 2,
            "Selected": 0,
            "Data": 0,
            "SiteOffset": 0,
            "SelectedIdentity": [
              141,
              181,
              95,
              241,
              82,
              218,
              88,
              242,
              5,
              110,
              151,
              7,
              223,
              205,
              233,
              230,
              145,
              150,
              209,
              100,
              68,
              196,
              131,
              230,
              121,
              165,
              92,
              246,
              109,
              24,
              164,
              251
            ],
            "AlternativeSetDigest": [
              18,
              253,
              89,
              94,
              250,
              177,
              201,
              8,
              212,
              111,
              22,
              219,
              103,
              250,
              44,
              198,
              49,
              68,
              115,
              4,
              185,
              138,
              8,
              86,
              40,
              51,
              175,
              102,
              150,
              140,
              86,
              141
            ]
          },
          {
            "Ordinal": 8,
            "Kind": 1,
            "Flags": 5,
            "Alternatives": 2,
            "Selected": 1,
            "Data": 0,
            "SiteOffset": 0,
            "SelectedIdentity": [
              236,
              234,
              54,
              213,
              183,
              52,
              162,
              15,
              125,
              117,
              255,
              220,
              96,
              157,
              213,
              61,
              245,
              253,
              168,
              254,
              155,
              134,
              241,
              60,
              161,
              13,
              50,
              119,
              51,
              14,
              75,
              95
            ],
            "AlternativeSetDigest": [
              18,
              253,
              89,
              94,
              250,
              177,
              201,
              8,
              212,
              111,
              22,
              219,
              103,
              250,
              44,
              198,
              49,
              68,
              115,
              4,
              185,
              138,
              8,
              86,
              40,
              51,
              175,
              102,
              150,
              140,
              86,
              141
            ]
          },
          {
            "Ordinal": 9,
            "Kind": 2,
            "Flags": 1,
            "Alternatives": 2,
            "Selected": 1,
            "Data": 1,
            "SiteOffset": 766492,
            "SelectedIdentity": [
              162,
              137,
              214,
              12,
              186,
              251,
              217,
              234,
              244,
              239,
              245,
              16,
              117,
              229,
              192,
              53,
              207,
              46,
              159,
              219,
              136,
              175,
              128,
              52,
              30,
              158,
              172,
              54,
              79,
              100,
              168,
              23
            ],
            "AlternativeSetDigest": [
              233,
              142,
              96,
              82,
              3,
              197,
              17,
              53,
              66,
              51,
              148,
              24,
              116,
              143,
              56,
              245,
              185,
              229,
              38,
              54,
              236,
              128,
              4,
              31,
              98,
              133,
              15,
              125,
              90,
              9,
              17,
              170
            ]
          },
          {
            "Ordinal": 10,
            "Kind": 3,
            "Flags": 2,
            "Alternatives": 2,
            "Selected": 0,
            "Data": 2,
            "SiteOffset": 766492,
            "SelectedIdentity": [
              0,
              0,
              0,
              0,
              0,
              0,
              0,
              0,
              0,
              0,
              0,
              0,
              0,
              0,
              0,
              0,
              0,
              0,
              0,
              0,
              0,
              0,
              0,
              0,
              0,
              0,
              0,
              0,
              0,
              0,
              0,
              0
            ],
            "AlternativeSetDigest": [
              0,
              0,
              0,
              0,
              0,
              0,
              0,
              0,
              0,
              0,
              0,
              0,
              0,
              0,
              0,
              0,
              0,
              0,
              0,
              0,
              0,
              0,
              0,
              0,
              0,
              0,
              0,
              0,
              0,
              0,
              0,
              0
            ]
          },
          {
            "Ordinal": 11,
            "Kind": 1,
            "Flags": 5,
            "Alternatives": 2,
            "Selected": 1,
            "Data": 0,
            "SiteOffset": 0,
            "SelectedIdentity": [
              141,
              181,
              95,
              241,
              82,
              218,
              88,
              242,
              5,
              110,
              151,
              7,
              223,
              205,
              233,
              230,
              145,
              150,
              209,
              100,
              68,
              196,
              131,
              230,
              121,
              165,
              92,
              246,
              109,
              24,
              164,
              251
            ],
            "AlternativeSetDigest": [
              108,
              52,
              199,
              96,
              117,
              54,
              220,
              175,
              205,
              37,
              152,
              147,
              63,
              218,
              76,
              83,
              214,
              206,
              133,
              239,
              72,
              173,
              160,
              11,
              31,
              146,
              207,
              79,
              240,
              67,
              153,
              129
            ]
          },
          {
            "Ordinal": 12,
            "Kind": 2,
            "Flags": 1,
            "Alternatives": 2,
            "Selected": 1,
            "Data": 1,
            "SiteOffset": 766252,
            "SelectedIdentity": [
              87,
              33,
              143,
              45,
              157,
              55,
              233,
              38,
              7,
              182,
              50,
              252,
              173,
              250,
              17,
              36,
              69,
              118,
              7,
              205,
              150,
              232,
              204,
              194,
              80,
              232,
              192,
              21,
              102,
              178,
              240,
              249
            ],
            "AlternativeSetDigest": [
              115,
              173,
              147,
              10,
              145,
              229,
              144,
              59,
              179,
              96,
              129,
              216,
              120,
              76,
              155,
              117,
              104,
              50,
              198,
              117,
              5,
              48,
              121,
              142,
              29,
              20,
              40,
              194,
              42,
              129,
              219,
              214
            ]
          },
          {
            "Ordinal": 13,
            "Kind": 3,
            "Flags": 2,
            "Alternatives": 2,
            "Selected": 1,
            "Data": 2,
            "SiteOffset": 766252,
            "SelectedIdentity": [
              0,
              0,
              0,
              0,
              0,
              0,
              0,
              0,
              0,
              0,
              0,
              0,
              0,
              0,
              0,
              0,
              0,
              0,
              0,
              0,
              0,
              0,
              0,
              0,
              0,
              0,
              0,
              0,
              0,
              0,
              0,
              0
            ],
            "AlternativeSetDigest": [
              0,
              0,
              0,
              0,
              0,
              0,
              0,
              0,
              0,
              0,
              0,
              0,
              0,
              0,
              0,
              0,
              0,
              0,
              0,
              0,
              0,
              0,
              0,
              0,
              0,
              0,
              0,
              0,
              0,
              0,
              0,
              0
            ]
          }
        ]
    runtime_test.go:145: seed 10 output A B records [
          {
            "Ordinal": 0,
            "Kind": 1,
            "Flags": 5,
            "Alternatives": 3,
            "Selected": 2,
            "Data": 0,
            "SiteOffset": 0,
            "SelectedIdentity": [
              126,
              223,
              102,
              25,
              19,
              46,
              61,
              46,
              74,
              119,
              142,
              10,
              237,
              16,
              215,
              150,
              176,
              96,
              108,
              240,
              165,
              150,
              39,
              124,
              155,
              26,
              75,
              135,
              118,
              133,
              50,
              144
            ],
            "AlternativeSetDigest": [
              109,
              139,
              97,
              115,
              166,
              9,
              237,
              92,
              232,
              67,
              194,
              75,
              65,
              18,
              201,
              171,
              57,
              167,
              44,
              122,
              185,
              229,
              179,
              133,
              80,
              16,
              108,
              137,
              183,
              19,
              22,
              116
            ]
          },
          {
            "Ordinal": 1,
            "Kind": 1,
            "Flags": 5,
            "Alternatives": 3,
            "Selected": 0,
            "Data": 0,
            "SiteOffset": 0,
            "SelectedIdentity": [
              71,
              42,
              86,
              107,
              155,
              196,
              51,
              27,
              108,
              118,
              215,
              184,
              26,
              24,
              55,
              93,
              107,
              104,
              246,
              253,
              161,
              77,
              7,
              227,
              146,
              49,
              178,
              57,
              105,
              150,
              61,
              114
            ],
            "AlternativeSetDigest": [
              191,
              90,
              27,
              217,
              154,
              55,
              5,
              53,
              50,
              11,
              99,
              124,
              70,
              156,
              70,
              8,
              168,
              183,
              95,
              16,
              154,
              159,
              232,
              49,
              7,
              52,
              248,
              2,
              109,
              185,
              182,
              83
            ]
          },
          {
            "Ordinal": 2,
            "Kind": 1,
            "Flags": 5,
            "Alternatives": 2,
            "Selected": 1,
            "Data": 0,
            "SiteOffset": 0,
            "SelectedIdentity": [
              233,
              10,
              59,
              250,
              234,
              43,
              174,
              182,
              238,
              199,
              21,
              106,
              107,
              14,
              124,
              68,
              102,
              221,
              246,
              105,
              203,
              132,
              109,
              147,
              99,
              143,
              45,
              235,
              241,
              1,
              139,
              242
            ],
            "AlternativeSetDigest": [
              98,
              16,
              207,
              46,
              79,
              73,
              47,
              105,
              49,
              175,
              95,
              63,
              211,
              37,
              186,
              229,
              232,
              238,
              236,
              104,
              58,
              35,
              130,
              178,
              10,
              232,
              136,
              121,
              9,
              70,
              158,
              11
            ]
          },
          {
            "Ordinal": 3,
            "Kind": 1,
            "Flags": 5,
            "Alternatives": 5,
            "Selected": 4,
            "Data": 0,
            "SiteOffset": 0,
            "SelectedIdentity": [
              209,
              234,
              230,
              197,
              134,
              37,
              9,
              150,
              157,
              168,
              198,
              133,
              93,
              193,
              141,
              140,
              12,
              107,
              241,
              209,
              19,
              110,
              104,
              176,
              114,
              207,
              131,
              161,
              237,
              130,
              112,
              131
            ],
            "AlternativeSetDigest": [
              95,
              28,
              216,
              19,
              121,
              95,
              210,
              18,
              91,
              191,
              126,
              165,
              183,
              49,
              64,
              146,
              47,
              77,
              160,
              169,
              216,
              150,
              149,
              219,
              244,
              67,
              91,
              16,
              204,
              204,
              231,
              185
            ]
          },
          {
            "Ordinal": 4,
            "Kind": 1,
            "Flags": 5,
            "Alternatives": 5,
            "Selected": 4,
            "Data": 0,
            "SiteOffset": 0,
            "SelectedIdentity": [
              193,
              141,
              33,
              136,
              7,
              237,
              62,
              139,
              138,
              82,
              189,
              172,
              83,
              22,
              34,
              3,
              241,
              173,
              243,
              9,
              29,
              188,
              189,
              236,
              22,
              177,
              145,
              111,
              152,
              252,
              166,
              57
            ],
            "AlternativeSetDigest": [
              222,
              151,
              150,
              175,
              41,
              214,
              18,
              111,
              149,
              254,
              44,
              99,
              109,
              115,
              186,
              244,
              116,
              69,
              213,
              200,
              212,
              168,
              212,
              212,
              238,
              147,
              221,
              187,
              202,
              60,
              205,
              203
            ]
          },
          {
            "Ordinal": 5,
            "Kind": 1,
            "Flags": 5,
            "Alternatives": 4,
            "Selected": 3,
            "Data": 0,
            "SiteOffset": 0,
            "SelectedIdentity": [
              182,
              167,
              193,
              44,
              5,
              22,
              253,
              235,
              165,
              205,
              166,
              68,
              111,
              110,
              135,
              167,
              107,
              242,
              180,
              44,
              113,
              160,
              29,
              208,
              63,
              152,
              230,
              195,
              194,
              155,
              252,
              158
            ],
            "AlternativeSetDigest": [
              116,
              61,
              151,
              226,
              223,
              5,
              48,
              255,
              250,
              237,
              191,
              150,
              196,
              83,
              44,
              179,
              249,
              35,
              1,
              54,
              101,
              160,
              252,
              112,
              158,
              214,
              93,
              114,
              134,
              116,
              111,
              251
            ]
          },
          {
            "Ordinal": 6,
            "Kind": 1,
            "Flags": 5,
            "Alternatives": 3,
            "Selected": 0,
            "Data": 0,
            "SiteOffset": 0,
            "SelectedIdentity": [
              7,
              199,
              244,
              130,
              255,
              95,
              186,
              17,
              109,
              149,
              180,
              240,
              39,
              182,
              131,
              36,
              71,
              194,
              19,
              205,
              18,
              86,
              94,
              170,
              230,
              178,
              70,
              88,
              165,
              96,
              161,
              240
            ],
            "AlternativeSetDigest": [
              248,
              254,
              99,
              229,
              20,
              201,
              112,
              37,
              104,
              185,
              114,
              82,
              217,
              49,
              155,
              164,
              209,
              212,
              207,
              148,
              189,
              20,
              31,
              202,
              186,
              117,
              101,
              103,
              63,
              89,
              151,
              36
            ]
          },
          {
            "Ordinal": 7,
            "Kind": 1,
            "Flags": 5,
            "Alternatives": 2,
            "Selected": 1,
            "Data": 0,
            "SiteOffset": 0,
            "SelectedIdentity": [
              77,
              49,
              235,
              71,
              254,
              217,
              169,
              189,
              153,
              91,
              203,
              11,
              30,
              31,
              38,
              125,
              242,
              234,
              23,
              199,
              201,
              156,
              218,
              105,
              47,
              65,
              124,
              254,
              205,
              60,
              182,
              208
            ],
            "AlternativeSetDigest": [
              148,
              201,
              195,
              188,
              206,
              216,
              21,
              153,
              254,
              108,
              55,
              64,
              138,
              167,
              231,
              13,
              134,
              244,
              159,
              51,
              147,
              127,
              191,
              20,
              233,
              2,
              167,
              59,
              231,
              50,
              116,
              134
            ]
          },
          {
            "Ordinal": 8,
            "Kind": 1,
            "Flags": 5,
            "Alternatives": 2,
            "Selected": 0,
            "Data": 0,
            "SiteOffset": 0,
            "SelectedIdentity": [
              141,
              181,
              95,
              241,
              82,
              218,
              88,
              242,
              5,
              110,
              151,
              7,
              223,
              205,
              233,
              230,
              145,
              150,
              209,
              100,
              68,
              196,
              131,
              230,
              121,
              165,
              92,
              246,
              109,
              24,
              164,
              251
            ],
            "AlternativeSetDigest": [
              18,
              253,
              89,
              94,
              250,
              177,
              201,
              8,
              212,
              111,
              22,
              219,
              103,
              250,
              44,
              198,
              49,
              68,
              115,
              4,
              185,
              138,
              8,
              86,
              40,
              51,
              175,
              102,
              150,
              140,
              86,
              141
            ]
          },
          {
            "Ordinal": 9,
            "Kind": 1,
            "Flags": 5,
            "Alternatives": 2,
            "Selected": 0,
            "Data": 0,
            "SiteOffset": 0,
            "SelectedIdentity": [
              141,
              181,
              95,
              241,
              82,
              218,
              88,
              242,
              5,
              110,
              151,
              7,
              223,
              205,
              233,
              230,
              145,
              150,
              209,
              100,
              68,
              196,
              131,
              230,
              121,
              165,
              92,
              246,
              109,
              24,
              164,
              251
            ],
            "AlternativeSetDigest": [
              18,
              253,
              89,
              94,
              250,
              177,
              201,
              8,
              212,
              111,
              22,
              219,
              103,
              250,
              44,
              198,
              49,
              68,
              115,
              4,
              185,
              138,
              8,
              86,
              40,
              51,
              175,
              102,
              150,
              140,
              86,
              141
            ]
          },
          {
            "Ordinal": 10,
            "Kind": 2,
            "Flags": 1,
            "Alternatives": 2,
            "Selected": 1,
            "Data": 1,
            "SiteOffset": 766252,
            "SelectedIdentity": [
              87,
              33,
              143,
              45,
              157,
              55,
              233,
              38,
              7,
              182,
              50,
              252,
              173,
              250,
              17,
              36,
              69,
              118,
              7,
              205,
              150,
              232,
              204,
              194,
              80,
              232,
              192,
              21,
              102,
              178,
              240,
              249
            ],
            "AlternativeSetDigest": [
              115,
              173,
              147,
              10,
              145,
              229,
              144,
              59,
              179,
              96,
              129,
              216,
              120,
              76,
              155,
              117,
              104,
              50,
              198,
              117,
              5,
              48,
              121,
              142,
              29,
              20,
              40,
              194,
              42,
              129,
              219,
              214
            ]
          },
          {
            "Ordinal": 11,
            "Kind": 3,
            "Flags": 2,
            "Alternatives": 2,
            "Selected": 1,
            "Data": 2,
            "SiteOffset": 766252,
            "SelectedIdentity": [
              0,
              0,
              0,
              0,
              0,
              0,
              0,
              0,
              0,
              0,
              0,
              0,
              0,
              0,
              0,
              0,
              0,
              0,
              0,
              0,
              0,
              0,
              0,
              0,
              0,
              0,
              0,
              0,
              0,
              0,
              0,
              0
            ],
            "AlternativeSetDigest": [
              0,
              0,
              0,
              0,
              0,
              0,
              0,
              0,
              0,
              0,
              0,
              0,
              0,
              0,
              0,
              0,
              0,
              0,
              0,
              0,
              0,
              0,
              0,
              0,
              0,
              0,
              0,
              0,
              0,
              0,
              0,
              0
            ]
          },
          {
            "Ordinal": 12,
            "Kind": 1,
            "Flags": 5,
            "Alternatives": 2,
            "Selected": 0,
            "Data": 0,
            "SiteOffset": 0,
            "SelectedIdentity": [
              23,
              125,
              128,
              243,
              179,
              55,
              10,
              229,
              154,
              229,
              35,
              68,
              223,
              189,
              70,
              144,
              162,
              64,
              255,
              8,
              215,
              192,
              174,
              1,
              20,
              147,
              1,
              72,
              141,
              221,
              191,
              164
            ],
            "AlternativeSetDigest": [
              247,
              81,
              242,
              22,
              56,
              70,
              95,
              224,
              243,
              84,
              246,
              237,
              1,
              11,
              126,
              124,
              79,
              192,
              98,
              209,
              182,
              196,
              89,
              202,
              186,
              125,
              69,
              13,
              190,
              15,
              204,
              44
            ]
          },
          {
            "Ordinal": 13,
            "Kind": 2,
            "Flags": 1,
            "Alternatives": 2,
            "Selected": 1,
            "Data": 1,
            "SiteOffset": 766492,
            "SelectedIdentity": [
              162,
              137,
              214,
              12,
              186,
              251,
              217,
              234,
              244,
              239,
              245,
              16,
              117,
              229,
              192,
              53,
              207,
              46,
              159,
              219,
              136,
              175,
              128,
              52,
              30,
              158,
              172,
              54,
              79,
              100,
              168,
              23
            ],
            "AlternativeSetDigest": [
              233,
              142,
              96,
              82,
              3,
              197,
              17,
              53,
              66,
              51,
              148,
              24,
              116,
              143,
              56,
              245,
              185,
              229,
              38,
              54,
              236,
              128,
              4,
              31,
              98,
              133,
              15,
              125,
              90,
              9,
              17,
              170
            ]
          },
          {
            "Ordinal": 14,
            "Kind": 3,
            "Flags": 2,
            "Alternatives": 2,
            "Selected": 0,
            "Data": 2,
            "SiteOffset": 766492,
            "SelectedIdentity": [
              0,
              0,
              0,
              0,
              0,
              0,
              0,
              0,
              0,
              0,
              0,
              0,
              0,
              0,
              0,
              0,
              0,
              0,
              0,
              0,
              0,
              0,
              0,
              0,
              0,
              0,
              0,
              0,
              0,
              0,
              0,
              0
            ],
            "AlternativeSetDigest": [
              0,
              0,
              0,
              0,
              0,
              0,
              0,
              0,
              0,
              0,
              0,
              0,
              0,
              0,
              0,
              0,
              0,
              0,
              0,
              0,
              0,
              0,
              0,
              0,
              0,
              0,
              0,
              0,
              0,
              0,
              0,
              0
            ]
          }
        ]
    runtime_test.go:145: seed 11 output B A records [
          {
            "Ordinal": 0,
            "Kind": 1,
            "Flags": 5,
            "Alternatives": 3,
            "Selected": 1,
            "Data": 0,
            "SiteOffset": 0,
            "SelectedIdentity": [
              77,
              49,
              235,
              71,
              254,
              217,
              169,
              189,
              153,
              91,
              203,
              11,
              30,
              31,
              38,
              125,
              242,
              234,
              23,
              199,
              201,
              156,
              218,
              105,
              47,
              65,
              124,
              254,
              205,
              60,
              182,
              208
            ],
            "AlternativeSetDigest": [
              109,
              139,
              97,
              115,
              166,
              9,
              237,
              92,
              232,
              67,
              194,
              75,
              65,
              18,
              201,
              171,
              57,
              167,
              44,
              122,
              185,
              229,
              179,
              133,
              80,
              16,
              108,
              137,
              183,
              19,
              22,
              116
            ]
          },
          {
            "Ordinal": 1,
            "Kind": 1,
            "Flags": 5,
            "Alternatives": 2,
            "Selected": 1,
            "Data": 0,
            "SiteOffset": 0,
            "SelectedIdentity": [
              126,
              223,
              102,
              25,
              19,
              46,
              61,
              46,
              74,
              119,
              142,
              10,
              237,
              16,
              215,
              150,
              176,
              96,
              108,
              240,
              165,
              150,
              39,
              124,
              155,
              26,
              75,
              135,
              118,
              133,
              50,
              144
            ],
            "AlternativeSetDigest": [
              138,
              46,
              204,
              11,
              238,
              202,
              147,
              38,
              142,
              118,
              240,
              19,
              26,
              94,
              43,
              209,
              187,
              253,
              219,
              172,
              36,
              69,
              199,
              88,
              61,
              148,
              66,
              230,
              21,
              78,
              132,
              223
            ]
          },
          {
            "Ordinal": 2,
            "Kind": 1,
            "Flags": 5,
            "Alternatives": 2,
            "Selected": 0,
            "Data": 0,
            "SiteOffset": 0,
            "SelectedIdentity": [
              71,
              42,
              86,
              107,
              155,
              196,
              51,
              27,
              108,
              118,
              215,
              184,
              26,
              24,
              55,
              93,
              107,
              104,
              246,
              253,
              161,
              77,
              7,
              227,
              146,
              49,
              178,
              57,
              105,
              150,
              61,
              114
            ],
            "AlternativeSetDigest": [
              69,
              232,
              107,
              28,
              192,
              84,
              144,
              158,
              49,
              128,
              145,
              179,
              153,
              155,
              221,
              181,
              174,
              94,
              253,
              205,
              86,
              0,
              93,
              94,
              17,
              77,
              158,
              168,
              167,
              190,
              1,
              64
            ]
          },
          {
            "Ordinal": 3,
            "Kind": 1,
            "Flags": 5,
            "Alternatives": 4,
            "Selected": 0,
            "Data": 0,
            "SiteOffset": 0,
            "SelectedIdentity": [
              7,
              199,
              244,
              130,
              255,
              95,
              186,
              17,
              109,
              149,
              180,
              240,
              39,
              182,
              131,
              36,
              71,
              194,
              19,
              205,
              18,
              86,
              94,
              170,
              230,
              178,
              70,
              88,
              165,
              96,
              161,
              240
            ],
            "AlternativeSetDigest": [
              43,
              251,
              146,
              98,
              124,
              6,
              145,
              98,
              99,
              114,
              66,
              120,
              54,
              73,
              31,
              246,
              97,
              18,
              254,
              23,
              26,
              225,
              216,
              201,
              32,
              213,
              154,
              85,
              133,
              130,
              137,
              125
            ]
          },
          {
            "Ordinal": 4,
            "Kind": 1,
            "Flags": 5,
            "Alternatives": 3,
            "Selected": 0,
            "Data": 0,
            "SiteOffset": 0,
            "SelectedIdentity": [
              182,
              167,
              193,
              44,
              5,
              22,
              253,
              235,
              165,
              205,
              166,
              68,
              111,
              110,
              135,
              167,
              107,
              242,
              180,
              44,
              113,
              160,
              29,
              208,
              63,
              152,
              230,
              195,
              194,
              155,
              252,
              158
            ],
            "AlternativeSetDigest": [
              239,
              169,
              195,
              190,
              81,
              140,
              155,
              75,
              148,
              27,
              181,
              162,
              90,
              85,
              123,
              87,
              63,
              2,
              168,
              38,
              132,
              186,
              109,
              0,
              252,
              109,
              36,
              140,
              189,
              56,
              253,
              38
            ]
          },
          {
            "Ordinal": 5,
            "Kind": 1,
            "Flags": 5,
            "Alternatives": 3,
            "Selected": 2,
            "Data": 0,
            "SiteOffset": 0,
            "SelectedIdentity": [
              209,
              234,
              230,
              197,
              134,
              37,
              9,
              150,
              157,
              168,
              198,
              133,
              93,
              193,
              141,
              140,
              12,
              107,
              241,
              209,
              19,
              110,
              104,
              176,
              114,
              207,
              131,
              161,
              237,
              130,
              112,
              131
            ],
            "AlternativeSetDigest": [
              16,
              111,
              139,
              148,
              240,
              210,
              37,
              59,
              9,
              100,
              22,
              144,
              138,
              116,
              129,
              182,
              215,
              84,
              210,
              210,
              14,
              81,
              252,
              6,
              20,
              78,
              133,
              75,
              9,
              37,
              146,
              20
            ]
          },
          {
            "Ordinal": 6,
            "Kind": 1,
            "Flags": 5,
            "Alternatives": 2,
            "Selected": 0,
            "Data": 0,
            "SiteOffset": 0,
            "SelectedIdentity": [
              23,
              125,
              128,
              243,
              179,
              55,
              10,
              229,
              154,
              229,
              35,
              68,
              223,
              189,
              70,
              144,
              162,
              64,
              255,
              8,
              215,
              192,
              174,
              1,
              20,
              147,
              1,
              72,
              141,
              221,
              191,
              164
            ],
            "AlternativeSetDigest": [
              84,
              196,
              157,
              9,
              95,
              48,
              210,
              213,
              127,
              253,
              35,
              16,
              138,
              99,
              165,
              178,
              31,
              38,
              60,
              28,
              153,
              56,
              90,
              209,
              200,
              4,
              215,
              77,
              28,
              157,
              119,
              235
            ]
          },
          {
            "Ordinal": 7,
            "Kind": 1,
            "Flags": 5,
            "Alternatives": 2,
            "Selected": 0,
            "Data": 0,
            "SiteOffset": 0,
            "SelectedIdentity": [
              141,
              181,
              95,
              241,
              82,
              218,
              88,
              242,
              5,
              110,
              151,
              7,
              223,
              205,
              233,
              230,
              145,
              150,
              209,
              100,
              68,
              196,
              131,
              230,
              121,
              165,
              92,
              246,
              109,
              24,
              164,
              251
            ],
            "AlternativeSetDigest": [
              18,
              253,
              89,
              94,
              250,
              177,
              201,
              8,
              212,
              111,
              22,
              219,
              103,
              250,
              44,
              198,
              49,
              68,
              115,
              4,
              185,
              138,
              8,
              86,
              40,
              51,
              175,
              102,
              150,
              140,
              86,
              141
            ]
          },
          {
            "Ordinal": 8,
            "Kind": 1,
            "Flags": 5,
            "Alternatives": 2,
            "Selected": 1,
            "Data": 0,
            "SiteOffset": 0,
            "SelectedIdentity": [
              236,
              234,
              54,
              213,
              183,
              52,
              162,
              15,
              125,
              117,
              255,
              220,
              96,
              157,
              213,
              61,
              245,
              253,
              168,
              254,
              155,
              134,
              241,
              60,
              161,
              13,
              50,
              119,
              51,
              14,
              75,
              95
            ],
            "AlternativeSetDigest": [
              18,
              253,
              89,
              94,
              250,
              177,
              201,
              8,
              212,
              111,
              22,
              219,
              103,
              250,
              44,
              198,
              49,
              68,
              115,
              4,
              185,
              138,
              8,
              86,
              40,
              51,
              175,
              102,
              150,
              140,
              86,
              141
            ]
          },
          {
            "Ordinal": 9,
            "Kind": 2,
            "Flags": 1,
            "Alternatives": 2,
            "Selected": 1,
            "Data": 1,
            "SiteOffset": 766492,
            "SelectedIdentity": [
              162,
              137,
              214,
              12,
              186,
              251,
              217,
              234,
              244,
              239,
              245,
              16,
              117,
              229,
              192,
              53,
              207,
              46,
              159,
              219,
              136,
              175,
              128,
              52,
              30,
              158,
              172,
              54,
              79,
              100,
              168,
              23
            ],
            "AlternativeSetDigest": [
              233,
              142,
              96,
              82,
              3,
              197,
              17,
              53,
              66,
              51,
              148,
              24,
              116,
              143,
              56,
              245,
              185,
              229,
              38,
              54,
              236,
              128,
              4,
              31,
              98,
              133,
              15,
              125,
              90,
              9,
              17,
              170
            ]
          },
          {
            "Ordinal": 10,
            "Kind": 3,
            "Flags": 2,
            "Alternatives": 2,
            "Selected": 0,
            "Data": 2,
            "SiteOffset": 766492,
            "SelectedIdentity": [
              0,
              0,
              0,
              0,
              0,
              0,
              0,
              0,
              0,
              0,
              0,
              0,
              0,
              0,
              0,
              0,
              0,
              0,
              0,
              0,
              0,
              0,
              0,
              0,
              0,
              0,
              0,
              0,
              0,
              0,
              0,
              0
            ],
            "AlternativeSetDigest": [
              0,
              0,
              0,
              0,
              0,
              0,
              0,
              0,
              0,
              0,
              0,
              0,
              0,
              0,
              0,
              0,
              0,
              0,
              0,
              0,
              0,
              0,
              0,
              0,
              0,
              0,
              0,
              0,
              0,
              0,
              0,
              0
            ]
          },
          {
            "Ordinal": 11,
            "Kind": 1,
            "Flags": 5,
            "Alternatives": 2,
            "Selected": 0,
            "Data": 0,
            "SiteOffset": 0,
            "SelectedIdentity": [
              23,
              125,
              128,
              243,
              179,
              55,
              10,
              229,
              154,
              229,
              35,
              68,
              223,
              189,
              70,
              144,
              162,
              64,
              255,
              8,
              215,
              192,
              174,
              1,
              20,
              147,
              1,
              72,
              141,
              221,
              191,
              164
            ],
            "AlternativeSetDigest": [
              108,
              52,
              199,
              96,
              117,
              54,
              220,
              175,
              205,
              37,
              152,
              147,
              63,
              218,
              76,
              83,
              214,
              206,
              133,
              239,
              72,
              173,
              160,
              11,
              31,
              146,
              207,
              79,
              240,
              67,
              153,
              129
            ]
          },
          {
            "Ordinal": 12,
            "Kind": 2,
            "Flags": 1,
            "Alternatives": 2,
            "Selected": 0,
            "Data": 1,
            "SiteOffset": 766252,
            "SelectedIdentity": [
              30,
              225,
              164,
              6,
              16,
              149,
              40,
              178,
              176,
              68,
              149,
              155,
              129,
              246,
              104,
              184,
              51,
              28,
              97,
              53,
              229,
              31,
              93,
              97,
              10,
              34,
              71,
              120,
              67,
              205,
              163,
              148
            ],
            "AlternativeSetDigest": [
              115,
              173,
              147,
              10,
              145,
              229,
              144,
              59,
              179,
              96,
              129,
              216,
              120,
              76,
              155,
              117,
              104,
              50,
              198,
              117,
              5,
              48,
              121,
              142,
              29,
              20,
              40,
              194,
              42,
              129,
              219,
              214
            ]
          },
          {
            "Ordinal": 13,
            "Kind": 3,
            "Flags": 2,
            "Alternatives": 2,
            "Selected": 0,
            "Data": 2,
            "SiteOffset": 766252,
            "SelectedIdentity": [
              0,
              0,
              0,
              0,
              0,
              0,
              0,
              0,
              0,
              0,
              0,
              0,
              0,
              0,
              0,
              0,
              0,
              0,
              0,
              0,
              0,
              0,
              0,
              0,
              0,
              0,
              0,
              0,
              0,
              0,
              0,
              0
            ],
            "AlternativeSetDigest": [
              0,
              0,
              0,
              0,
              0,
              0,
              0,
              0,
              0,
              0,
              0,
              0,
              0,
              0,
              0,
              0,
              0,
              0,
              0,
              0,
              0,
              0,
              0,
              0,
              0,
              0,
              0,
              0,
              0,
              0,
              0,
              0
            ]
          }
        ]
    runtime_test.go:145: seed 12 output B A records [
          {
            "Ordinal": 0,
            "Kind": 1,
            "Flags": 5,
            "Alternatives": 3,
            "Selected": 2,
            "Data": 0,
            "SiteOffset": 0,
            "SelectedIdentity": [
              126,
              223,
              102,
              25,
              19,
              46,
              61,
              46,
              74,
              119,
              142,
              10,
              237,
              16,
              215,
              150,
              176,
              96,
              108,
              240,
              165,
              150,
              39,
              124,
              155,
              26,
              75,
              135,
              118,
              133,
              50,
              144
            ],
            "AlternativeSetDigest": [
              109,
              139,
              97,
              115,
              166,
              9,
              237,
              92,
              232,
              67,
              194,
              75,
              65,
              18,
              201,
              171,
              57,
              167,
              44,
              122,
              185,
              229,
              179,
              133,
              80,
              16,
              108,
              137,
              183,
              19,
              22,
              116
            ]
          },
          {
            "Ordinal": 1,
            "Kind": 1,
            "Flags": 5,
            "Alternatives": 3,
            "Selected": 1,
            "Data": 0,
            "SiteOffset": 0,
            "SelectedIdentity": [
              77,
              49,
              235,
              71,
              254,
              217,
              169,
              189,
              153,
              91,
              203,
              11,
              30,
              31,
              38,
              125,
              242,
              234,
              23,
              199,
              201,
              156,
              218,
              105,
              47,
              65,
              124,
              254,
              205,
              60,
              182,
              208
            ],
            "AlternativeSetDigest": [
              191,
              90,
              27,
              217,
              154,
              55,
              5,
              53,
              50,
              11,
              99,
              124,
              70,
              156,
              70,
              8,
              168,
              183,
              95,
              16,
              154,
              159,
              232,
              49,
              7,
              52,
              248,
              2,
              109,
              185,
              182,
              83
            ]
          },
          {
            "Ordinal": 2,
            "Kind": 1,
            "Flags": 5,
            "Alternatives": 2,
            "Selected": 1,
            "Data": 0,
            "SiteOffset": 0,
            "SelectedIdentity": [
              233,
              10,
              59,
              250,
              234,
              43,
              174,
              182,
              238,
              199,
              21,
              106,
              107,
              14,
              124,
              68,
              102,
              221,
              246,
              105,
              203,
              132,
              109,
              147,
              99,
              143,
              45,
              235,
              241,
              1,
              139,
              242
            ],
            "AlternativeSetDigest": [
              69,
              232,
              107,
              28,
              192,
              84,
              144,
              158,
              49,
              128,
              145,
              179,
              153,
              155,
              221,
              181,
              174,
              94,
              253,
              205,
              86,
              0,
              93,
              94,
              17,
              77,
              158,
              168,
              167,
              190,
              1,
              64
            ]
          },
          {
            "Ordinal": 3,
            "Kind": 1,
            "Flags": 5,
            "Alternatives": 4,
            "Selected": 3,
            "Data": 0,
            "SiteOffset": 0,
            "SelectedIdentity": [
              209,
              234,
              230,
              197,
              134,
              37,
              9,
              150,
              157,
              168,
              198,
              133,
              93,
              193,
              141,
              140,
              12,
              107,
              241,
              209,
              19,
              110,
              104,
              176,
              114,
              207,
              131,
              161,
              237,
              130,
              112,
              131
            ],
            "AlternativeSetDigest": [
              43,
              251,
              146,
              98,
              124,
              6,
              145,
              98,
              99,
              114,
              66,
              120,
              54,
              73,
              31,
              246,
              97,
              18,
              254,
              23,
              26,
              225,
              216,
              201,
              32,
              213,
              154,
              85,
              133,
              130,
              137,
              125
            ]
          },
          {
            "Ordinal": 4,
            "Kind": 1,
            "Flags": 5,
            "Alternatives": 4,
            "Selected": 0,
            "Data": 0,
            "SiteOffset": 0,
            "SelectedIdentity": [
              7,
              199,
              244,
              130,
              255,
              95,
              186,
              17,
              109,
              149,
              180,
              240,
              39,
              182,
              131,
              36,
              71,
              194,
              19,
              205,
              18,
              86,
              94,
              170,
              230,
              178,
              70,
              88,
              165,
              96,
              161,
              240
            ],
            "AlternativeSetDigest": [
              197,
              179,
              78,
              206,
              188,
              8,
              102,
              132,
              61,
              123,
              203,
              1,
              223,
              126,
              7,
              77,
              15,
              182,
              54,
              237,
              5,
              131,
              230,
              191,
              45,
              54,
              20,
              170,
              26,
              96,
              49,
              97
            ]
          },
          {
            "Ordinal": 5,
            "Kind": 1,
            "Flags": 5,
            "Alternatives": 3,
            "Selected": 0,
            "Data": 0,
            "SiteOffset": 0,
            "SelectedIdentity": [
              23,
              125,
              128,
              243,
              179,
              55,
              10,
              229,
              154,
              229,
              35,
              68,
              223,
              189,
              70,
              144,
              162,
              64,
              255,
              8,
              215,
              192,
              174,
              1,
              20,
              147,
              1,
              72,
              141,
              221,
              191,
              164
            ],
            "AlternativeSetDigest": [
              17,
              252,
              47,
              38,
              68,
              223,
              137,
              65,
              9,
              30,
              227,
              67,
              29,
              38,
              228,
              158,
              182,
              178,
              1,
              52,
              133,
              161,
              115,
              174,
              77,
              141,
              10,
              46,
              170,
              19,
              68,
              117
            ]
          },
          {
            "Ordinal": 6,
            "Kind": 1,
            "Flags": 5,
            "Alternatives": 2,
            "Selected": 1,
            "Data": 0,
            "SiteOffset": 0,
            "SelectedIdentity": [
              193,
              141,
              33,
              136,
              7,
              237,
              62,
              139,
              138,
              82,
              189,
              172,
              83,
              22,
              34,
              3,
              241,
              173,
              243,
              9,
              29,
              188,
              189,
              236,
              22,
              177,
              145,
              111,
              152,
              252,
              166,
              57
            ],
            "AlternativeSetDigest": [
              40,
              21,
              207,
              145,
              206,
              55,
              243,
              117,
              175,
              12,
              109,
              163,
              11,
              86,
              164,
              32,
              89,
              49,
              29,
              186,
              7,
              187,
              28,
              144,
              113,
              231,
              47,
              154,
              30,
              199,
              48,
              95
            ]
          },
          {
            "Ordinal": 7,
            "Kind": 1,
            "Flags": 5,
            "Alternatives": 2,
            "Selected": 0,
            "Data": 0,
            "SiteOffset": 0,
            "SelectedIdentity": [
              141,
              181,
              95,
              241,
              82,
              218,
              88,
              242,
              5,
              110,
              151,
              7,
              223,
              205,
              233,
              230,
              145,
              150,
              209,
              100,
              68,
              196,
              131,
              230,
              121,
              165,
              92,
              246,
              109,
              24,
              164,
              251
            ],
            "AlternativeSetDigest": [
              18,
              253,
              89,
              94,
              250,
              177,
              201,
              8,
              212,
              111,
              22,
              219,
              103,
              250,
              44,
              198,
              49,
              68,
              115,
              4,
              185,
              138,
              8,
              86,
              40,
              51,
              175,
              102,
              150,
              140,
              86,
              141
            ]
          },
          {
            "Ordinal": 8,
            "Kind": 1,
            "Flags": 5,
            "Alternatives": 2,
            "Selected": 1,
            "Data": 0,
            "SiteOffset": 0,
            "SelectedIdentity": [
              236,
              234,
              54,
              213,
              183,
              52,
              162,
              15,
              125,
              117,
              255,
              220,
              96,
              157,
              213,
              61,
              245,
              253,
              168,
              254,
              155,
              134,
              241,
              60,
              161,
              13,
              50,
              119,
              51,
              14,
              75,
              95
            ],
            "AlternativeSetDigest": [
              18,
              253,
              89,
              94,
              250,
              177,
              201,
              8,
              212,
              111,
              22,
              219,
              103,
              250,
              44,
              198,
              49,
              68,
              115,
              4,
              185,
              138,
              8,
              86,
              40,
              51,
              175,
              102,
              150,
              140,
              86,
              141
            ]
          },
          {
            "Ordinal": 9,
            "Kind": 2,
            "Flags": 1,
            "Alternatives": 2,
            "Selected": 0,
            "Data": 1,
            "SiteOffset": 766492,
            "SelectedIdentity": [
              79,
              226,
              240,
              156,
              113,
              78,
              145,
              121,
              78,
              58,
              116,
              204,
              77,
              237,
              203,
              192,
              208,
              200,
              63,
              70,
              15,
              221,
              129,
              64,
              240,
              21,
              114,
              166,
              255,
              128,
              82,
              117
            ],
            "AlternativeSetDigest": [
              233,
              142,
              96,
              82,
              3,
              197,
              17,
              53,
              66,
              51,
              148,
              24,
              116,
              143,
              56,
              245,
              185,
              229,
              38,
              54,
              236,
              128,
              4,
              31,
              98,
              133,
              15,
              125,
              90,
              9,
              17,
              170
            ]
          },
          {
            "Ordinal": 10,
            "Kind": 3,
            "Flags": 2,
            "Alternatives": 2,
            "Selected": 1,
            "Data": 2,
            "SiteOffset": 766492,
            "SelectedIdentity": [
              0,
              0,
              0,
              0,
              0,
              0,
              0,
              0,
              0,
              0,
              0,
              0,
              0,
              0,
              0,
              0,
              0,
              0,
              0,
              0,
              0,
              0,
              0,
              0,
              0,
              0,
              0,
              0,
              0,
              0,
              0,
              0
            ],
            "AlternativeSetDigest": [
              0,
              0,
              0,
              0,
              0,
              0,
              0,
              0,
              0,
              0,
              0,
              0,
              0,
              0,
              0,
              0,
              0,
              0,
              0,
              0,
              0,
              0,
              0,
              0,
              0,
              0,
              0,
              0,
              0,
              0,
              0,
              0
            ]
          },
          {
            "Ordinal": 11,
            "Kind": 1,
            "Flags": 5,
            "Alternatives": 2,
            "Selected": 1,
            "Data": 0,
            "SiteOffset": 0,
            "SelectedIdentity": [
              141,
              181,
              95,
              241,
              82,
              218,
              88,
              242,
              5,
              110,
              151,
              7,
              223,
              205,
              233,
              230,
              145,
              150,
              209,
              100,
              68,
              196,
              131,
              230,
              121,
              165,
              92,
              246,
              109,
              24,
              164,
              251
            ],
            "AlternativeSetDigest": [
              108,
              52,
              199,
              96,
              117,
              54,
              220,
              175,
              205,
              37,
              152,
              147,
              63,
              218,
              76,
              83,
              214,
              206,
              133,
              239,
              72,
              173,
              160,
              11,
              31,
              146,
              207,
              79,
              240,
              67,
              153,
              129
            ]
          },
          {
            "Ordinal": 12,
            "Kind": 2,
            "Flags": 1,
            "Alternatives": 2,
            "Selected": 1,
            "Data": 1,
            "SiteOffset": 766252,
            "SelectedIdentity": [
              87,
              33,
              143,
              45,
              157,
              55,
              233,
              38,
              7,
              182,
              50,
              252,
              173,
              250,
              17,
              36,
              69,
              118,
              7,
              205,
              150,
              232,
              204,
              194,
              80,
              232,
              192,
              21,
              102,
              178,
              240,
              249
            ],
            "AlternativeSetDigest": [
              115,
              173,
              147,
              10,
              145,
              229,
              144,
              59,
              179,
              96,
              129,
              216,
              120,
              76,
              155,
              117,
              104,
              50,
              198,
              117,
              5,
              48,
              121,
              142,
              29,
              20,
              40,
              194,
              42,
              129,
              219,
              214
            ]
          },
          {
            "Ordinal": 13,
            "Kind": 3,
            "Flags": 2,
            "Alternatives": 2,
            "Selected": 1,
            "Data": 2,
            "SiteOffset": 766252,
            "SelectedIdentity": [
              0,
              0,
              0,
              0,
              0,
              0,
              0,
              0,
              0,
              0,
              0,
              0,
              0,
              0,
              0,
              0,
              0,
              0,
              0,
              0,
              0,
              0,
              0,
              0,
              0,
              0,
              0,
              0,
              0,
              0,
              0,
              0
            ],
            "AlternativeSetDigest": [
              0,
              0,
              0,
              0,
              0,
              0,
              0,
              0,
              0,
              0,
              0,
              0,
              0,
              0,
              0,
              0,
              0,
              0,
              0,
              0,
              0,
              0,
              0,
              0,
              0,
              0,
              0,
              0,
              0,
              0,
              0,
              0
            ]
          }
        ]
    runtime_test.go:145: seed 13 output B A records [
          {
            "Ordinal": 0,
            "Kind": 1,
            "Flags": 5,
            "Alternatives": 3,
            "Selected": 2,
            "Data": 0,
            "SiteOffset": 0,
            "SelectedIdentity": [
              126,
              223,
              102,
              25,
              19,
              46,
              61,
              46,
              74,
              119,
              142,
              10,
              237,
              16,
              215,
              150,
              176,
              96,
              108,
              240,
              165,
              150,
              39,
              124,
              155,
              26,
              75,
              135,
              118,
              133,
              50,
              144
            ],
            "AlternativeSetDigest": [
              109,
              139,
              97,
              115,
              166,
              9,
              237,
              92,
              232,
              67,
              194,
              75,
              65,
              18,
              201,
              171,
              57,
              167,
              44,
              122,
              185,
              229,
              179,
              133,
              80,
              16,
              108,
              137,
              183,
              19,
              22,
              116
            ]
          },
          {
            "Ordinal": 1,
            "Kind": 1,
            "Flags": 5,
            "Alternatives": 3,
            "Selected": 2,
            "Data": 0,
            "SiteOffset": 0,
            "SelectedIdentity": [
              233,
              10,
              59,
              250,
              234,
              43,
              174,
              182,
              238,
              199,
              21,
              106,
              107,
              14,
              124,
              68,
              102,
              221,
              246,
              105,
              203,
              132,
              109,
              147,
              99,
              143,
              45,
              235,
              241,
              1,
              139,
              242
            ],
            "AlternativeSetDigest": [
              191,
              90,
              27,
              217,
              154,
              55,
              5,
              53,
              50,
              11,
              99,
              124,
              70,
              156,
              70,
              8,
              168,
              183,
              95,
              16,
              154,
              159,
              232,
              49,
              7,
              52,
              248,
              2,
              109,
              185,
              182,
              83
            ]
          },
          {
            "Ordinal": 2,
            "Kind": 1,
            "Flags": 5,
            "Alternatives": 2,
            "Selected": 0,
            "Data": 0,
            "SiteOffset": 0,
            "SelectedIdentity": [
              71,
              42,
              86,
              107,
              155,
              196,
              51,
              27,
              108,
              118,
              215,
              184,
              26,
              24,
              55,
              93,
              107,
              104,
              246,
              253,
              161,
              77,
              7,
              227,
              146,
              49,
              178,
              57,
              105,
              150,
              61,
              114
            ],
            "AlternativeSetDigest": [
              242,
              177,
              21,
              93,
              152,
              75,
              87,
              113,
              255,
              185,
              144,
              21,
              12,
              220,
              106,
              146,
              132,
              135,
              245,
              138,
              60,
              40,
              189,
              146,
              53,
              123,
              112,
              180,
              240,
              127,
              31,
              239
            ]
          },
          {
            "Ordinal": 3,
            "Kind": 1,
            "Flags": 5,
            "Alternatives": 2,
            "Selected": 0,
            "Data": 0,
            "SiteOffset": 0,
            "SelectedIdentity": [
              77,
              49,
              235,
              71,
              254,
              217,
              169,
              189,
              153,
              91,
              203,
              11,
              30,
              31,
              38,
              125,
              242,
              234,
              23,
              199,
              201,
              156,
              218,
              105,
              47,
              65,
              124,
              254,
              205,
              60,
              182,
              208
            ],
            "AlternativeSetDigest": [
              98,
              16,
              207,
              46,
              79,
              73,
              47,
              105,
              49,
              175,
              95,
              63,
              211,
              37,
              186,
              229,
              232,
              238,
              236,
              104,
              58,
              35,
              130,
              178,
              10,
              232,
              136,
              121,
              9,
              70,
              158,
              11
            ]
          },
          {
            "Ordinal": 4,
            "Kind": 1,
            "Flags": 5,
            "Alternatives": 4,
            "Selected": 3,
            "Data": 0,
            "SiteOffset": 0,
            "SelectedIdentity": [
              209,
              234,
              230,
              197,
              134,
              37,
              9,
              150,
              157,
              168,
              198,
              133,
              93,
              193,
              141,
              140,
              12,
              107,
              241,
              209,
              19,
              110,
              104,
              176,
              114,
              207,
              131,
              161,
              237,
              130,
              112,
              131
            ],
            "AlternativeSetDigest": [
              43,
              251,
              146,
              98,
              124,
              6,
              145,
              98,
              99,
              114,
              66,
              120,
              54,
              73,
              31,
              246,
              97,
              18,
              254,
              23,
              26,
              225,
              216,
              201,
              32,
              213,
              154,
              85,
              133,
              130,
              137,
              125
            ]
          },
          {
            "Ordinal": 5,
            "Kind": 1,
            "Flags": 5,
            "Alternatives": 4,
            "Selected": 1,
            "Data": 0,
            "SiteOffset": 0,
            "SelectedIdentity": [
              23,
              125,
              128,
              243,
              179,
              55,
              10,
              229,
              154,
              229,
              35,
              68,
              223,
              189,
              70,
              144,
              162,
              64,
              255,
              8,
              215,
              192,
              174,
              1,
              20,
              147,
              1,
              72,
              141,
              221,
              191,
              164
            ],
            "AlternativeSetDigest": [
              197,
              179,
              78,
              206,
              188,
              8,
              102,
              132,
              61,
              123,
              203,
              1,
              223,
              126,
              7,
              77,
              15,
              182,
              54,
              237,
              5,
              131,
              230,
              191,
              45,
              54,
              20,
              170,
              26,
              96,
              49,
              97
            ]
          },
          {
            "Ordinal": 6,
            "Kind": 1,
            "Flags": 5,
            "Alternatives": 3,
            "Selected": 2,
            "Data": 0,
            "SiteOffset": 0,
            "SelectedIdentity": [
              193,
              141,
              33,
              136,
              7,
              237,
              62,
              139,
              138,
              82,
              189,
              172,
              83,
              22,
              34,
              3,
              241,
              173,
              243,
              9,
              29,
              188,
              189,
              236,
              22,
              177,
              145,
              111,
              152,
              252,
              166,
              57
            ],
            "AlternativeSetDigest": [
              122,
              184,
              122,
              238,
              227,
              183,
              104,
              142,
              153,
              47,
              177,
              254,
              72,
              45,
              84,
              255,
              84,
              148,
              35,
              204,
              80,
              233,
              247,
              44,
              107,
              129,
              238,
              96,
              82,
              143,
              113,
              104
            ]
          },
          {
            "Ordinal": 7,
            "Kind": 1,
            "Flags": 5,
            "Alternatives": 2,
            "Selected": 1,
            "Data": 0,
            "SiteOffset": 0,
            "SelectedIdentity": [
              182,
              167,
              193,
              44,
              5,
              22,
              253,
              235,
              165,
              205,
              166,
              68,
              111,
              110,
              135,
              167,
              107,
              242,
              180,
              44,
              113,
              160,
              29,
              208,
              63,
              152,
              230,
              195,
              194,
              155,
              252,
              158
            ],
            "AlternativeSetDigest": [
              20,
              91,
              240,
              186,
              126,
              21,
              94,
              207,
              131,
              71,
              205,
              178,
              187,
              66,
              86,
              108,
              63,
              45,
              106,
              188,
              122,
              31,
              231,
              4,
              236,
              212,
              52,
              196,
              132,
              41,
              132,
              4
            ]
          },
          {
            "Ordinal": 8,
            "Kind": 1,
            "Flags": 5,
            "Alternatives": 2,
            "Selected": 0,
            "Data": 0,
            "SiteOffset": 0,
            "SelectedIdentity": [
              7,
              199,
              244,
              130,
              255,
              95,
              186,
              17,
              109,
              149,
              180,
              240,
              39,
              182,
              131,
              36,
              71,
              194,
              19,
              205,
              18,
              86,
              94,
              170,
              230,
              178,
              70,
              88,
              165,
              96,
              161,
              240
            ],
            "AlternativeSetDigest": [
              139,
              70,
              85,
              41,
              172,
              104,
              1,
              207,
              53,
              163,
              145,
              19,
              253,
              185,
              40,
              131,
              183,
              89,
              119,
              100,
              149,
              107,
              132,
              148,
              4,
              202,
              244,
              54,
              50,
              161,
              125,
              55
            ]
          },
          {
            "Ordinal": 9,
            "Kind": 1,
            "Flags": 5,
            "Alternatives": 2,
            "Selected": 0,
            "Data": 0,
            "SiteOffset": 0,
            "SelectedIdentity": [
              141,
              181,
              95,
              241,
              82,
              218,
              88,
              242,
              5,
              110,
              151,
              7,
              223,
              205,
              233,
              230,
              145,
              150,
              209,
              100,
              68,
              196,
              131,
              230,
              121,
              165,
              92,
              246,
              109,
              24,
              164,
              251
            ],
            "AlternativeSetDigest": [
              18,
              253,
              89,
              94,
              250,
              177,
              201,
              8,
              212,
              111,
              22,
              219,
              103,
              250,
              44,
              198,
              49,
              68,
              115,
              4,
              185,
              138,
              8,
              86,
              40,
              51,
              175,
              102,
              150,
              140,
              86,
              141
            ]
          },
          {
            "Ordinal": 10,
            "Kind": 1,
            "Flags": 5,
            "Alternatives": 2,
            "Selected": 0,
            "Data": 0,
            "SiteOffset": 0,
            "SelectedIdentity": [
              141,
              181,
              95,
              241,
              82,
              218,
              88,
              242,
              5,
              110,
              151,
              7,
              223,
              205,
              233,
              230,
              145,
              150,
              209,
              100,
              68,
              196,
              131,
              230,
              121,
              165,
              92,
              246,
              109,
              24,
              164,
              251
            ],
            "AlternativeSetDigest": [
              18,
              253,
              89,
              94,
              250,
              177,
              201,
              8,
              212,
              111,
              22,
              219,
              103,
              250,
              44,
              198,
              49,
              68,
              115,
              4,
              185,
              138,
              8,
              86,
              40,
              51,
              175,
              102,
              150,
              140,
              86,
              141
            ]
          },
          {
            "Ordinal": 11,
            "Kind": 2,
            "Flags": 1,
            "Alternatives": 2,
            "Selected": 1,
            "Data": 1,
            "SiteOffset": 766492,
            "SelectedIdentity": [
              162,
              137,
              214,
              12,
              186,
              251,
              217,
              234,
              244,
              239,
              245,
              16,
              117,
              229,
              192,
              53,
              207,
              46,
              159,
              219,
              136,
              175,
              128,
              52,
              30,
              158,
              172,
              54,
              79,
              100,
              168,
              23
            ],
            "AlternativeSetDigest": [
              233,
              142,
              96,
              82,
              3,
              197,
              17,
              53,
              66,
              51,
              148,
              24,
              116,
              143,
              56,
              245,
              185,
              229,
              38,
              54,
              236,
              128,
              4,
              31,
              98,
              133,
              15,
              125,
              90,
              9,
              17,
              170
            ]
          },
          {
            "Ordinal": 12,
            "Kind": 3,
            "Flags": 2,
            "Alternatives": 2,
            "Selected": 0,
            "Data": 2,
            "SiteOffset": 766492,
            "SelectedIdentity": [
              0,
              0,
              0,
              0,
              0,
              0,
              0,
              0,
              0,
              0,
              0,
              0,
              0,
              0,
              0,
              0,
              0,
              0,
              0,
              0,
              0,
              0,
              0,
              0,
              0,
              0,
              0,
              0,
              0,
              0,
              0,
              0
            ],
            "AlternativeSetDigest": [
              0,
              0,
              0,
              0,
              0,
              0,
              0,
              0,
              0,
              0,
              0,
              0,
              0,
              0,
              0,
              0,
              0,
              0,
              0,
              0,
              0,
              0,
              0,
              0,
              0,
              0,
              0,
              0,
              0,
              0,
              0,
              0
            ]
          },
          {
            "Ordinal": 13,
            "Kind": 1,
            "Flags": 5,
            "Alternatives": 2,
            "Selected": 0,
            "Data": 0,
            "SiteOffset": 0,
            "SelectedIdentity": [
              23,
              125,
              128,
              243,
              179,
              55,
              10,
              229,
              154,
              229,
              35,
              68,
              223,
              189,
              70,
              144,
              162,
              64,
              255,
              8,
              215,
              192,
              174,
              1,
              20,
              147,
              1,
              72,
              141,
              221,
              191,
              164
            ],
            "AlternativeSetDigest": [
              247,
              81,
              242,
              22,
              56,
              70,
              95,
              224,
              243,
              84,
              246,
              237,
              1,
              11,
              126,
              124,
              79,
              192,
              98,
              209,
              182,
              196,
              89,
              202,
              186,
              125,
              69,
              13,
              190,
              15,
              204,
              44
            ]
          },
          {
            "Ordinal": 14,
            "Kind": 2,
            "Flags": 1,
            "Alternatives": 2,
            "Selected": 0,
            "Data": 1,
            "SiteOffset": 766252,
            "SelectedIdentity": [
              30,
              225,
              164,
              6,
              16,
              149,
              40,
              178,
              176,
              68,
              149,
              155,
              129,
              246,
              104,
              184,
              51,
              28,
              97,
              53,
              229,
              31,
              93,
              97,
              10,
              34,
              71,
              120,
              67,
              205,
              163,
              148
            ],
            "AlternativeSetDigest": [
              115,
              173,
              147,
              10,
              145,
              229,
              144,
              59,
              179,
              96,
              129,
              216,
              120,
              76,
              155,
              117,
              104,
              50,
              198,
              117,
              5,
              48,
              121,
              142,
              29,
              20,
              40,
              194,
              42,
              129,
              219,
              214
            ]
          },
          {
            "Ordinal": 15,
            "Kind": 3,
            "Flags": 2,
            "Alternatives": 2,
            "Selected": 0,
            "Data": 2,
            "SiteOffset": 766252,
            "SelectedIdentity": [
              0,
              0,
              0,
              0,
              0,
              0,
              0,
              0,
              0,
              0,
              0,
              0,
              0,
              0,
              0,
              0,
              0,
              0,
              0,
              0,
              0,
              0,
              0,
              0,
              0,
              0,
              0,
              0,
              0,
              0,
              0,
              0
            ],
            "AlternativeSetDigest": [
              0,
              0,
              0,
              0,
              0,
              0,
              0,
              0,
              0,
              0,
              0,
              0,
              0,
              0,
              0,
              0,
              0,
              0,
              0,
              0,
              0,
              0,
              0,
              0,
              0,
              0,
              0,
              0,
              0,
              0,
              0,
              0
            ]
          }
        ]
    runtime_test.go:145: seed 14 output B A records [
          {
            "Ordinal": 0,
            "Kind": 1,
            "Flags": 5,
            "Alternatives": 3,
            "Selected": 0,
            "Data": 0,
            "SiteOffset": 0,
            "SelectedIdentity": [
              71,
              42,
              86,
              107,
              155,
              196,
              51,
              27,
              108,
              118,
              215,
              184,
              26,
              24,
              55,
              93,
              107,
              104,
              246,
              253,
              161,
              77,
              7,
              227,
              146,
              49,
              178,
              57,
              105,
              150,
              61,
              114
            ],
            "AlternativeSetDigest": [
              109,
              139,
              97,
              115,
              166,
              9,
              237,
              92,
              232,
              67,
              194,
              75,
              65,
              18,
              201,
              171,
              57,
              167,
              44,
              122,
              185,
              229,
              179,
              133,
              80,
              16,
              108,
              137,
              183,
              19,
              22,
              116
            ]
          },
          {
            "Ordinal": 1,
            "Kind": 1,
            "Flags": 5,
            "Alternatives": 3,
            "Selected": 2,
            "Data": 0,
            "SiteOffset": 0,
            "SelectedIdentity": [
              233,
              10,
              59,
              250,
              234,
              43,
              174,
              182,
              238,
              199,
              21,
              106,
              107,
              14,
              124,
              68,
              102,
              221,
              246,
              105,
              203,
              132,
              109,
              147,
              99,
              143,
              45,
              235,
              241,
              1,
              139,
              242
            ],
            "AlternativeSetDigest": [
              142,
              206,
              105,
              202,
              244,
              211,
              172,
              96,
              216,
              2,
              34,
              65,
              145,
              238,
              185,
              23,
              217,
              222,
              224,
              75,
              55,
              182,
              164,
              223,
              169,
              100,
              145,
              85,
              68,
              126,
              107,
              115
            ]
          },
          {
            "Ordinal": 2,
            "Kind": 1,
            "Flags": 5,
            "Alternatives": 2,
            "Selected": 1,
            "Data": 0,
            "SiteOffset": 0,
            "SelectedIdentity": [
              126,
              223,
              102,
              25,
              19,
              46,
              61,
              46,
              74,
              119,
              142,
              10,
              237,
              16,
              215,
              150,
              176,
              96,
              108,
              240,
              165,
              150,
              39,
              124,
              155,
              26,
              75,
              135,
              118,
              133,
              50,
              144
            ],
            "AlternativeSetDigest": [
              179,
              69,
              247,
              207,
              21,
              61,
              149,
              51,
              133,
              37,
              108,
              55,
              129,
              220,
              24,
              186,
              86,
              70,
              213,
              7,
              151,
              238,
              190,
              71,
              12,
              131,
              168,
              53,
              85,
              51,
              197,
              87
            ]
          },
          {
            "Ordinal": 3,
            "Kind": 1,
            "Flags": 5,
            "Alternatives": 2,
            "Selected": 1,
            "Data": 0,
            "SiteOffset": 0,
            "SelectedIdentity": [
              233,
              10,
              59,
              250,
              234,
              43,
              174,
              182,
              238,
              199,
              21,
              106,
              107,
              14,
              124,
              68,
              102,
              221,
              246,
              105,
              203,
              132,
              109,
              147,
              99,
              143,
              45,
              235,
              241,
              1,
              139,
              242
            ],
            "AlternativeSetDigest": [
              98,
              16,
              207,
              46,
              79,
              73,
              47,
              105,
              49,
              175,
              95,
              63,
              211,
              37,
              186,
              229,
              232,
              238,
              236,
              104,
              58,
              35,
              130,
              178,
              10,
              232,
              136,
              121,
              9,
              70,
              158,
              11
            ]
          },
          {
            "Ordinal": 4,
            "Kind": 1,
            "Flags": 5,
            "Alternatives": 5,
            "Selected": 4,
            "Data": 0,
            "SiteOffset": 0,
            "SelectedIdentity": [
              209,
              234,
              230,
              197,
              134,
              37,
              9,
              150,
              157,
              168,
              198,
              133,
              93,
              193,
              141,
              140,
              12,
              107,
              241,
              209,
              19,
              110,
              104,
              176,
              114,
              207,
              131,
              161,
              237,
              130,
              112,
              131
            ],
            "AlternativeSetDigest": [
              95,
              28,
              216,
              19,
              121,
              95,
              210,
              18,
              91,
              191,
              126,
              165,
              183,
              49,
              64,
              146,
              47,
              77,
              160,
              169,
              216,
              150,
              149,
              219,
              244,
              67,
              91,
              16,
              204,
              204,
              231,
              185
            ]
          },
          {
            "Ordinal": 5,
            "Kind": 1,
            "Flags": 5,
            "Alternatives": 5,
            "Selected": 1,
            "Data": 0,
            "SiteOffset": 0,
            "SelectedIdentity": [
              23,
              125,
              128,
              243,
              179,
              55,
              10,
              229,
              154,
              229,
              35,
              68,
              223,
              189,
              70,
              144,
              162,
              64,
              255,
              8,
              215,
              192,
              174,
              1,
              20,
              147,
              1,
              72,
              141,
              221,
              191,
              164
            ],
            "AlternativeSetDigest": [
              222,
              151,
              150,
              175,
              41,
              214,
              18,
              111,
              149,
              254,
              44,
              99,
              109,
              115,
              186,
              244,
              116,
              69,
              213,
              200,
              212,
              168,
              212,
              212,
              238,
              147,
              221,
              187,
              202,
              60,
              205,
              203
            ]
          },
          {
            "Ordinal": 6,
            "Kind": 1,
            "Flags": 5,
            "Alternatives": 4,
            "Selected": 3,
            "Data": 0,
            "SiteOffset": 0,
            "SelectedIdentity": [
              193,
              141,
              33,
              136,
              7,
              237,
              62,
              139,
              138,
              82,
              189,
              172,
              83,
              22,
              34,
              3,
              241,
              173,
              243,
              9,
              29,
              188,
              189,
              236,
              22,
              177,
              145,
              111,
              152,
              252,
              166,
              57
            ],
            "AlternativeSetDigest": [
              96,
              8,
              243,
              76,
              71,
              61,
              232,
              119,
              153,
              206,
              107,
              49,
              120,
              177,
              255,
              201,
              223,
              81,
              170,
              83,
              100,
              15,
              32,
              232,
              87,
              105,
              69,
              10,
              5,
              181,
              34,
              162
            ]
          },
          {
            "Ordinal": 7,
            "Kind": 1,
            "Flags": 5,
            "Alternatives": 3,
            "Selected": 0,
            "Data": 0,
            "SiteOffset": 0,
            "SelectedIdentity": [
              7,
              199,
              244,
              130,
              255,
              95,
              186,
              17,
              109,
              149,
              180,
              240,
              39,
              182,
              131,
              36,
              71,
              194,
              19,
              205,
              18,
              86,
              94,
              170,
              230,
              178,
              70,
              88,
              165,
              96,
              161,
              240
            ],
            "AlternativeSetDigest": [
              18,
              175,
              135,
              93,
              25,
              4,
              103,
              158,
              102,
              164,
              142,
              126,
              154,
              175,
              224,
              129,
              250,
              5,
              128,
              93,
              28,
              55,
              58,
              114,
              161,
              33,
              174,
              239,
              216,
              12,
              128,
              211
            ]
          },
          {
            "Ordinal": 8,
            "Kind": 1,
            "Flags": 5,
            "Alternatives": 2,
            "Selected": 0,
            "Data": 0,
            "SiteOffset": 0,
            "SelectedIdentity": [
              77,
              49,
              235,
              71,
              254,
              217,
              169,
              189,
              153,
              91,
              203,
              11,
              30,
              31,
              38,
              125,
              242,
              234,
              23,
              199,
              201,
              156,
              218,
              105,
              47,
              65,
              124,
              254,
              205,
              60,
              182,
              208
            ],
            "AlternativeSetDigest": [
              179,
              89,
              52,
              221,
              91,
              192,
              45,
              236,
              254,
              133,
              197,
              93,
              117,
              128,
              233,
              108,
              211,
              173,
              177,
              31,
              24,
              17,
              167,
              123,
              131,
              168,
              147,
              32,
              200,
              1,
              166,
              217
            ]
          },
          {
            "Ordinal": 9,
            "Kind": 1,
            "Flags": 5,
            "Alternatives": 2,
            "Selected": 1,
            "Data": 0,
            "SiteOffset": 0,
            "SelectedIdentity": [
              236,
              234,
              54,
              213,
              183,
              52,
              162,
              15,
              125,
              117,
              255,
              220,
              96,
              157,
              213,
              61,
              245,
              253,
              168,
              254,
              155,
              134,
              241,
              60,
              161,
              13,
              50,
              119,
              51,
              14,
              75,
              95
            ],
            "AlternativeSetDigest": [
              18,
              253,
              89,
              94,
              250,
              177,
              201,
              8,
              212,
              111,
              22,
              219,
              103,
              250,
              44,
              198,
              49,
              68,
              115,
              4,
              185,
              138,
              8,
              86,
              40,
              51,
              175,
              102,
              150,
              140,
              86,
              141
            ]
          },
          {
            "Ordinal": 10,
            "Kind": 1,
            "Flags": 5,
            "Alternatives": 2,
            "Selected": 0,
            "Data": 0,
            "SiteOffset": 0,
            "SelectedIdentity": [
              141,
              181,
              95,
              241,
              82,
              218,
              88,
              242,
              5,
              110,
              151,
              7,
              223,
              205,
              233,
              230,
              145,
              150,
              209,
              100,
              68,
              196,
              131,
              230,
              121,
              165,
              92,
              246,
              109,
              24,
              164,
              251
            ],
            "AlternativeSetDigest": [
              18,
              253,
              89,
              94,
              250,
              177,
              201,
              8,
              212,
              111,
              22,
              219,
              103,
              250,
              44,
              198,
              49,
              68,
              115,
              4,
              185,
              138,
              8,
              86,
              40,
              51,
              175,
              102,
              150,
              140,
              86,
              141
            ]
          },
          {
            "Ordinal": 11,
            "Kind": 2,
            "Flags": 1,
            "Alternatives": 2,
            "Selected": 1,
            "Data": 1,
            "SiteOffset": 766492,
            "SelectedIdentity": [
              162,
              137,
              214,
              12,
              186,
              251,
              217,
              234,
              244,
              239,
              245,
              16,
              117,
              229,
              192,
              53,
              207,
              46,
              159,
              219,
              136,
              175,
              128,
              52,
              30,
              158,
              172,
              54,
              79,
              100,
              168,
              23
            ],
            "AlternativeSetDigest": [
              233,
              142,
              96,
              82,
              3,
              197,
              17,
              53,
              66,
              51,
              148,
              24,
              116,
              143,
              56,
              245,
              185,
              229,
              38,
              54,
              236,
              128,
              4,
              31,
              98,
              133,
              15,
              125,
              90,
              9,
              17,
              170
            ]
          },
          {
            "Ordinal": 12,
            "Kind": 3,
            "Flags": 2,
            "Alternatives": 2,
            "Selected": 0,
            "Data": 2,
            "SiteOffset": 766492,
            "SelectedIdentity": [
              0,
              0,
              0,
              0,
              0,
              0,
              0,
              0,
              0,
              0,
              0,
              0,
              0,
              0,
              0,
              0,
              0,
              0,
              0,
              0,
              0,
              0,
              0,
              0,
              0,
              0,
              0,
              0,
              0,
              0,
              0,
              0
            ],
            "AlternativeSetDigest": [
              0,
              0,
              0,
              0,
              0,
              0,
              0,
              0,
              0,
              0,
              0,
              0,
              0,
              0,
              0,
              0,
              0,
              0,
              0,
              0,
              0,
              0,
              0,
              0,
              0,
              0,
              0,
              0,
              0,
              0,
              0,
              0
            ]
          },
          {
            "Ordinal": 13,
            "Kind": 1,
            "Flags": 5,
            "Alternatives": 2,
            "Selected": 0,
            "Data": 0,
            "SiteOffset": 0,
            "SelectedIdentity": [
              23,
              125,
              128,
              243,
              179,
              55,
              10,
              229,
              154,
              229,
              35,
              68,
              223,
              189,
              70,
              144,
              162,
              64,
              255,
              8,
              215,
              192,
              174,
              1,
              20,
              147,
              1,
              72,
              141,
              221,
              191,
              164
            ],
            "AlternativeSetDigest": [
              247,
              81,
              242,
              22,
              56,
              70,
              95,
              224,
              243,
              84,
              246,
              237,
              1,
              11,
              126,
              124,
              79,
              192,
              98,
              209,
              182,
              196,
              89,
              202,
              186,
              125,
              69,
              13,
              190,
              15,
              204,
              44
            ]
          },
          {
            "Ordinal": 14,
            "Kind": 2,
            "Flags": 1,
            "Alternatives": 2,
            "Selected": 0,
            "Data": 1,
            "SiteOffset": 766252,
            "SelectedIdentity": [
              30,
              225,
              164,
              6,
              16,
              149,
              40,
              178,
              176,
              68,
              149,
              155,
              129,
              246,
              104,
              184,
              51,
              28,
              97,
              53,
              229,
              31,
              93,
              97,
              10,
              34,
              71,
              120,
              67,
              205,
              163,
              148
            ],
            "AlternativeSetDigest": [
              115,
              173,
              147,
              10,
              145,
              229,
              144,
              59,
              179,
              96,
              129,
              216,
              120,
              76,
              155,
              117,
              104,
              50,
              198,
              117,
              5,
              48,
              121,
              142,
              29,
              20,
              40,
              194,
              42,
              129,
              219,
              214
            ]
          },
          {
            "Ordinal": 15,
            "Kind": 3,
            "Flags": 2,
            "Alternatives": 2,
            "Selected": 0,
            "Data": 2,
            "SiteOffset": 766252,
            "SelectedIdentity": [
              0,
              0,
              0,
              0,
              0,
              0,
              0,
              0,
              0,
              0,
              0,
              0,
              0,
              0,
              0,
              0,
              0,
              0,
              0,
              0,
              0,
              0,
              0,
              0,
              0,
              0,
              0,
              0,
              0,
              0,
              0,
              0
            ],
            "AlternativeSetDigest": [
              0,
              0,
              0,
              0,
              0,
              0,
              0,
              0,
              0,
              0,
              0,
              0,
              0,
              0,
              0,
              0,
              0,
              0,
              0,
              0,
              0,
              0,
              0,
              0,
              0,
              0,
              0,
              0,
              0,
              0,
              0,
              0
            ]
          }
        ]
    runtime_test.go:145: seed 15 output B A records [
          {
            "Ordinal": 0,
            "Kind": 1,
            "Flags": 5,
            "Alternatives": 3,
            "Selected": 0,
            "Data": 0,
            "SiteOffset": 0,
            "SelectedIdentity": [
              71,
              42,
              86,
              107,
              155,
              196,
              51,
              27,
              108,
              118,
              215,
              184,
              26,
              24,
              55,
              93,
              107,
              104,
              246,
              253,
              161,
              77,
              7,
              227,
              146,
              49,
              178,
              57,
              105,
              150,
              61,
              114
            ],
            "AlternativeSetDigest": [
              109,
              139,
              97,
              115,
              166,
              9,
              237,
              92,
              232,
              67,
              194,
              75,
              65,
              18,
              201,
              171,
              57,
              167,
              44,
              122,
              185,
              229,
              179,
              133,
              80,
              16,
              108,
              137,
              183,
              19,
              22,
              116
            ]
          },
          {
            "Ordinal": 1,
            "Kind": 1,
            "Flags": 5,
            "Alternatives": 3,
            "Selected": 1,
            "Data": 0,
            "SiteOffset": 0,
            "SelectedIdentity": [
              126,
              223,
              102,
              25,
              19,
              46,
              61,
              46,
              74,
              119,
              142,
              10,
              237,
              16,
              215,
              150,
              176,
              96,
              108,
              240,
              165,
              150,
              39,
              124,
              155,
              26,
              75,
              135,
              118,
              133,
              50,
              144
            ],
            "AlternativeSetDigest": [
              142,
              206,
              105,
              202,
              244,
              211,
              172,
              96,
              216,
              2,
              34,
              65,
              145,
              238,
              185,
              23,
              217,
              222,
              224,
              75,
              55,
              182,
              164,
              223,
              169,
              100,
              145,
              85,
              68,
              126,
              107,
              115
            ]
          },
          {
            "Ordinal": 2,
            "Kind": 1,
            "Flags": 5,
            "Alternatives": 2,
            "Selected": 1,
            "Data": 0,
            "SiteOffset": 0,
            "SelectedIdentity": [
              233,
              10,
              59,
              250,
              234,
              43,
              174,
              182,
              238,
              199,
              21,
              106,
              107,
              14,
              124,
              68,
              102,
              221,
              246,
              105,
              203,
              132,
              109,
              147,
              99,
              143,
              45,
              235,
              241,
              1,
              139,
              242
            ],
            "AlternativeSetDigest": [
              98,
              16,
              207,
              46,
              79,
              73,
              47,
              105,
              49,
              175,
              95,
              63,
              211,
              37,
              186,
              229,
              232,
              238,
              236,
              104,
              58,
              35,
              130,
              178,
              10,
              232,
              136,
              121,
              9,
              70,
              158,
              11
            ]
          },
          {
            "Ordinal": 3,
            "Kind": 1,
            "Flags": 5,
            "Alternatives": 5,
            "Selected": 3,
            "Data": 0,
            "SiteOffset": 0,
            "SelectedIdentity": [
              193,
              141,
              33,
              136,
              7,
              237,
              62,
              139,
              138,
              82,
              189,
              172,
              83,
              22,
              34,
              3,
              241,
              173,
              243,
              9,
              29,
              188,
              189,
              236,
              22,
              177,
              145,
              111,
              152,
              252,
              166,
              57
            ],
            "AlternativeSetDigest": [
              95,
              28,
              216,
              19,
              121,
              95,
              210,
              18,
              91,
              191,
              126,
              165,
              183,
              49,
              64,
              146,
              47,
              77,
              160,
              169,
              216,
              150,
              149,
              219,
              244,
              67,
              91,
              16,
              204,
              204,
              231,
              185
            ]
          },
          {
            "Ordinal": 4,
            "Kind": 1,
            "Flags": 5,
            "Alternatives": 4,
            "Selected": 1,
            "Data": 0,
            "SiteOffset": 0,
            "SelectedIdentity": [
              77,
              49,
              235,
              71,
              254,
              217,
              169,
              189,
              153,
              91,
              203,
              11,
              30,
              31,
              38,
              125,
              242,
              234,
              23,
              199,
              201,
              156,
              218,
              105,
              47,
              65,
              124,
              254,
              205,
              60,
              182,
              208
            ],
            "AlternativeSetDigest": [
              55,
              13,
              126,
              65,
              173,
              86,
              182,
              224,
              71,
              33,
              171,
              183,
              27,
              124,
              92,
              97,
              144,
              153,
              81,
              54,
              106,
              82,
              52,
              198,
              230,
              34,
              83,
              167,
              3,
              236,
              214,
              175
            ]
          },
          {
            "Ordinal": 5,
            "Kind": 1,
            "Flags": 5,
            "Alternatives": 3,
            "Selected": 1,
            "Data": 0,
            "SiteOffset": 0,
            "SelectedIdentity": [
              182,
              167,
              193,
              44,
              5,
              22,
              253,
              235,
              165,
              205,
              166,
              68,
              111,
              110,
              135,
              167,
              107,
              242,
              180,
              44,
              113,
              160,
              29,
              208,
              63,
              152,
              230,
              195,
              194,
              155,
              252,
              158
            ],
            "AlternativeSetDigest": [
              189,
              14,
              209,
              79,
              102,
              150,
              190,
              41,
              173,
              110,
              139,
              170,
              100,
              163,
              39,
              114,
              224,
              192,
              218,
              66,
              79,
              15,
              235,
              146,
              206,
              182,
              26,
              83,
              110,
              46,
              129,
              242
            ]
          },
          {
            "Ordinal": 6,
            "Kind": 1,
            "Flags": 5,
            "Alternatives": 3,
            "Selected": 1,
            "Data": 0,
            "SiteOffset": 0,
            "SelectedIdentity": [
              23,
              125,
              128,
              243,
              179,
              55,
              10,
              229,
              154,
              229,
              35,
              68,
              223,
              189,
              70,
              144,
              162,
              64,
              255,
              8,
              215,
              192,
              174,
              1,
              20,
              147,
              1,
              72,
              141,
              221,
              191,
              164
            ],
            "AlternativeSetDigest": [
              91,
              111,
              146,
              144,
              118,
              41,
              60,
              223,
              17,
              228,
              67,
              151,
              164,
              225,
              97,
              241,
              34,
              14,
              128,
              89,
              238,
              167,
              202,
              157,
              1,
              54,
              166,
              71,
              182,
              97,
              223,
              87
            ]
          },
          {
            "Ordinal": 7,
            "Kind": 1,
            "Flags": 5,
            "Alternatives": 2,
            "Selected": 0,
            "Data": 0,
            "SiteOffset": 0,
            "SelectedIdentity": [
              7,
              199,
              244,
              130,
              255,
              95,
              186,
              17,
              109,
              149,
              180,
              240,
              39,
              182,
              131,
              36,
              71,
              194,
              19,
              205,
              18,
              86,
              94,
              170,
              230,
              178,
              70,
              88,
              165,
              96,
              161,
              240
            ],
            "AlternativeSetDigest": [
              171,
              70,
              198,
              216,
              206,
              200,
              111,
              145,
              177,
              132,
              148,
              17,
              39,
              140,
              160,
              136,
              45,
              190,
              95,
              2,
              75,
              133,
              236,
              198,
              101,
              107,
              206,
              127,
              61,
              9,
              137,
              91
            ]
          },
          {
            "Ordinal": 8,
            "Kind": 1,
            "Flags": 5,
            "Alternatives": 2,
            "Selected": 0,
            "Data": 0,
            "SiteOffset": 0,
            "SelectedIdentity": [
              141,
              181,
              95,
              241,
              82,
              218,
              88,
              242,
              5,
              110,
              151,
              7,
              223,
              205,
              233,
              230,
              145,
              150,
              209,
              100,
              68,
              196,
              131,
              230,
              121,
              165,
              92,
              246,
              109,
              24,
              164,
              251
            ],
            "AlternativeSetDigest": [
              18,
              253,
              89,
              94,
              250,
              177,
              201,
              8,
              212,
              111,
              22,
              219,
              103,
              250,
              44,
              198,
              49,
              68,
              115,
              4,
              185,
              138,
              8,
              86,
              40,
              51,
              175,
              102,
              150,
              140,
              86,
              141
            ]
          },
          {
            "Ordinal": 9,
            "Kind": 1,
            "Flags": 5,
            "Alternatives": 2,
            "Selected": 1,
            "Data": 0,
            "SiteOffset": 0,
            "SelectedIdentity": [
              236,
              234,
              54,
              213,
              183,
              52,
              162,
              15,
              125,
              117,
              255,
              220,
              96,
              157,
              213,
              61,
              245,
              253,
              168,
              254,
              155,
              134,
              241,
              60,
              161,
              13,
              50,
              119,
              51,
              14,
              75,
              95
            ],
            "AlternativeSetDigest": [
              18,
              253,
              89,
              94,
              250,
              177,
              201,
              8,
              212,
              111,
              22,
              219,
              103,
              250,
              44,
              198,
              49,
              68,
              115,
              4,
              185,
              138,
              8,
              86,
              40,
              51,
              175,
              102,
              150,
              140,
              86,
              141
            ]
          },
          {
            "Ordinal": 10,
            "Kind": 2,
            "Flags": 1,
            "Alternatives": 2,
            "Selected": 1,
            "Data": 1,
            "SiteOffset": 766492,
            "SelectedIdentity": [
              162,
              137,
              214,
              12,
              186,
              251,
              217,
              234,
              244,
              239,
              245,
              16,
              117,
              229,
              192,
              53,
              207,
              46,
              159,
              219,
              136,
              175,
              128,
              52,
              30,
              158,
              172,
              54,
              79,
              100,
              168,
              23
            ],
            "AlternativeSetDigest": [
              233,
              142,
              96,
              82,
              3,
              197,
              17,
              53,
              66,
              51,
              148,
              24,
              116,
              143,
              56,
              245,
              185,
              229,
              38,
              54,
              236,
              128,
              4,
              31,
              98,
              133,
              15,
              125,
              90,
              9,
              17,
              170
            ]
          },
          {
            "Ordinal": 11,
            "Kind": 3,
            "Flags": 2,
            "Alternatives": 2,
            "Selected": 0,
            "Data": 2,
            "SiteOffset": 766492,
            "SelectedIdentity": [
              0,
              0,
              0,
              0,
              0,
              0,
              0,
              0,
              0,
              0,
              0,
              0,
              0,
              0,
              0,
              0,
              0,
              0,
              0,
              0,
              0,
              0,
              0,
              0,
              0,
              0,
              0,
              0,
              0,
              0,
              0,
              0
            ],
            "AlternativeSetDigest": [
              0,
              0,
              0,
              0,
              0,
              0,
              0,
              0,
              0,
              0,
              0,
              0,
              0,
              0,
              0,
              0,
              0,
              0,
              0,
              0,
              0,
              0,
              0,
              0,
              0,
              0,
              0,
              0,
              0,
              0,
              0,
              0
            ]
          },
          {
            "Ordinal": 12,
            "Kind": 1,
            "Flags": 5,
            "Alternatives": 2,
            "Selected": 1,
            "Data": 0,
            "SiteOffset": 0,
            "SelectedIdentity": [
              141,
              181,
              95,
              241,
              82,
              218,
              88,
              242,
              5,
              110,
              151,
              7,
              223,
              205,
              233,
              230,
              145,
              150,
              209,
              100,
              68,
              196,
              131,
              230,
              121,
              165,
              92,
              246,
              109,
              24,
              164,
              251
            ],
            "AlternativeSetDigest": [
              108,
              52,
              199,
              96,
              117,
              54,
              220,
              175,
              205,
              37,
              152,
              147,
              63,
              218,
              76,
              83,
              214,
              206,
              133,
              239,
              72,
              173,
              160,
              11,
              31,
              146,
              207,
              79,
              240,
              67,
              153,
              129
            ]
          },
          {
            "Ordinal": 13,
            "Kind": 2,
            "Flags": 1,
            "Alternatives": 2,
            "Selected": 1,
            "Data": 1,
            "SiteOffset": 766252,
            "SelectedIdentity": [
              87,
              33,
              143,
              45,
              157,
              55,
              233,
              38,
              7,
              182,
              50,
              252,
              173,
              250,
              17,
              36,
              69,
              118,
              7,
              205,
              150,
              232,
              204,
              194,
              80,
              232,
              192,
              21,
              102,
              178,
              240,
              249
            ],
            "AlternativeSetDigest": [
              115,
              173,
              147,
              10,
              145,
              229,
              144,
              59,
              179,
              96,
              129,
              216,
              120,
              76,
              155,
              117,
              104,
              50,
              198,
              117,
              5,
              48,
              121,
              142,
              29,
              20,
              40,
              194,
              42,
              129,
              219,
              214
            ]
          },
          {
            "Ordinal": 14,
            "Kind": 3,
            "Flags": 2,
            "Alternatives": 2,
            "Selected": 1,
            "Data": 2,
            "SiteOffset": 766252,
            "SelectedIdentity": [
              0,
              0,
              0,
              0,
              0,
              0,
              0,
              0,
              0,
              0,
              0,
              0,
              0,
              0,
              0,
              0,
              0,
              0,
              0,
              0,
              0,
              0,
              0,
              0,
              0,
              0,
              0,
              0,
              0,
              0,
              0,
              0
            ],
            "AlternativeSetDigest": [
              0,
              0,
              0,
              0,
              0,
              0,
              0,
              0,
              0,
              0,
              0,
              0,
              0,
              0,
              0,
              0,
              0,
              0,
              0,
              0,
              0,
              0,
              0,
              0,
              0,
              0,
              0,
              0,
              0,
              0,
              0,
              0
            ]
          }
        ]
    runtime_test.go:145: seed 16 output A B records [
          {
            "Ordinal": 0,
            "Kind": 1,
            "Flags": 5,
            "Alternatives": 3,
            "Selected": 0,
            "Data": 0,
            "SiteOffset": 0,
            "SelectedIdentity": [
              71,
              42,
              86,
              107,
              155,
              196,
              51,
              27,
              108,
              118,
              215,
              184,
              26,
              24,
              55,
              93,
              107,
              104,
              246,
              253,
              161,
              77,
              7,
              227,
              146,
              49,
              178,
              57,
              105,
              150,
              61,
              114
            ],
            "AlternativeSetDigest": [
              109,
              139,
              97,
              115,
              166,
              9,
              237,
              92,
              232,
              67,
              194,
              75,
              65,
              18,
              201,
              171,
              57,
              167,
              44,
              122,
              185,
              229,
              179,
              133,
              80,
              16,
              108,
              137,
              183,
              19,
              22,
              116
            ]
          },
          {
            "Ordinal": 1,
            "Kind": 1,
            "Flags": 5,
            "Alternatives": 3,
            "Selected": 2,
            "Data": 0,
            "SiteOffset": 0,
            "SelectedIdentity": [
              233,
              10,
              59,
              250,
              234,
              43,
              174,
              182,
              238,
              199,
              21,
              106,
              107,
              14,
              124,
              68,
              102,
              221,
              246,
              105,
              203,
              132,
              109,
              147,
              99,
              143,
              45,
              235,
              241,
              1,
              139,
              242
            ],
            "AlternativeSetDigest": [
              142,
              206,
              105,
              202,
              244,
              211,
              172,
              96,
              216,
              2,
              34,
              65,
              145,
              238,
              185,
              23,
              217,
              222,
              224,
              75,
              55,
              182,
              164,
              223,
              169,
              100,
              145,
              85,
              68,
              126,
              107,
              115
            ]
          },
          {
            "Ordinal": 2,
            "Kind": 1,
            "Flags": 5,
            "Alternatives": 2,
            "Selected": 1,
            "Data": 0,
            "SiteOffset": 0,
            "SelectedIdentity": [
              126,
              223,
              102,
              25,
              19,
              46,
              61,
              46,
              74,
              119,
              142,
              10,
              237,
              16,
              215,
              150,
              176,
              96,
              108,
              240,
              165,
              150,
              39,
              124,
              155,
              26,
              75,
              135,
              118,
              133,
              50,
              144
            ],
            "AlternativeSetDigest": [
              179,
              69,
              247,
              207,
              21,
              61,
              149,
              51,
              133,
              37,
              108,
              55,
              129,
              220,
              24,
              186,
              86,
              70,
              213,
              7,
              151,
              238,
              190,
              71,
              12,
              131,
              168,
              53,
              85,
              51,
              197,
              87
            ]
          },
          {
            "Ordinal": 3,
            "Kind": 1,
            "Flags": 5,
            "Alternatives": 2,
            "Selected": 1,
            "Data": 0,
            "SiteOffset": 0,
            "SelectedIdentity": [
              233,
              10,
              59,
              250,
              234,
              43,
              174,
              182,
              238,
              199,
              21,
              106,
              107,
              14,
              124,
              68,
              102,
              221,
              246,
              105,
              203,
              132,
              109,
              147,
              99,
              143,
              45,
              235,
              241,
              1,
              139,
              242
            ],
            "AlternativeSetDigest": [
              98,
              16,
              207,
              46,
              79,
              73,
              47,
              105,
              49,
              175,
              95,
              63,
              211,
              37,
              186,
              229,
              232,
              238,
              236,
              104,
              58,
              35,
              130,
              178,
              10,
              232,
              136,
              121,
              9,
              70,
              158,
              11
            ]
          },
          {
            "Ordinal": 4,
            "Kind": 1,
            "Flags": 5,
            "Alternatives": 5,
            "Selected": 0,
            "Data": 0,
            "SiteOffset": 0,
            "SelectedIdentity": [
              7,
              199,
              244,
              130,
              255,
              95,
              186,
              17,
              109,
              149,
              180,
              240,
              39,
              182,
              131,
              36,
              71,
              194,
              19,
              205,
              18,
              86,
              94,
              170,
              230,
              178,
              70,
              88,
              165,
              96,
              161,
              240
            ],
            "AlternativeSetDigest": [
              95,
              28,
              216,
              19,
              121,
              95,
              210,
              18,
              91,
              191,
              126,
              165,
              183,
              49,
              64,
              146,
              47,
              77,
              160,
              169,
              216,
              150,
              149,
              219,
              244,
              67,
              91,
              16,
              204,
              204,
              231,
              185
            ]
          },
          {
            "Ordinal": 5,
            "Kind": 1,
            "Flags": 5,
            "Alternatives": 4,
            "Selected": 1,
            "Data": 0,
            "SiteOffset": 0,
            "SelectedIdentity": [
              182,
              167,
              193,
              44,
              5,
              22,
              253,
              235,
              165,
              205,
              166,
              68,
              111,
              110,
              135,
              167,
              107,
              242,
              180,
              44,
              113,
              160,
              29,
              208,
              63,
              152,
              230,
              195,
              194,
              155,
              252,
              158
            ],
            "AlternativeSetDigest": [
              17,
              63,
              151,
              80,
              193,
              86,
              118,
              175,
              229,
              41,
              206,
              185,
              162,
              253,
              220,
              88,
              107,
              123,
              5,
              88,
              236,
              215,
              23,
              231,
              168,
              62,
              167,
              105,
              21,
              18,
              210,
              170
            ]
          },
          {
            "Ordinal": 6,
            "Kind": 1,
            "Flags": 5,
            "Alternatives": 4,
            "Selected": 3,
            "Data": 0,
            "SiteOffset": 0,
            "SelectedIdentity": [
              209,
              234,
              230,
              197,
              134,
              37,
              9,
              150,
              157,
              168,
              198,
              133,
              93,
              193,
              141,
              140,
              12,
              107,
              241,
              209,
              19,
              110,
              104,
              176,
              114,
              207,
              131,
              161,
              237,
              130,
              112,
              131
            ],
            "AlternativeSetDigest": [
              216,
              142,
              216,
              9,
              227,
              58,
              210,
              67,
              131,
              231,
              136,
              142,
              21,
              137,
              237,
              45,
              68,
              86,
              191,
              240,
              63,
              32,
              26,
              140,
              173,
              114,
              194,
              152,
              29,
              132,
              157,
              47
            ]
          },
          {
            "Ordinal": 7,
            "Kind": 1,
            "Flags": 5,
            "Alternatives": 3,
            "Selected": 0,
            "Data": 0,
            "SiteOffset": 0,
            "SelectedIdentity": [
              23,
              125,
              128,
              243,
              179,
              55,
              10,
              229,
              154,
              229,
              35,
              68,
              223,
              189,
              70,
              144,
              162,
              64,
              255,
              8,
              215,
              192,
              174,
              1,
              20,
              147,
              1,
              72,
              141,
              221,
              191,
              164
            ],
            "AlternativeSetDigest": [
              9,
              176,
              84,
              110,
              163,
              130,
              190,
              170,
              75,
              9,
              250,
              107,
              251,
              131,
              219,
              57,
              208,
              215,
              207,
              54,
              53,
              144,
              28,
              7,
              0,
              212,
              161,
              125,
              140,
              65,
              110,
              59
            ]
          },
          {
            "Ordinal": 8,
            "Kind": 1,
            "Flags": 5,
            "Alternatives": 2,
            "Selected": 0,
            "Data": 0,
            "SiteOffset": 0,
            "SelectedIdentity": [
              77,
              49,
              235,
              71,
              254,
              217,
              169,
              189,
              153,
              91,
              203,
              11,
              30,
              31,
              38,
              125,
              242,
              234,
              23,
              199,
              201,
              156,
              218,
              105,
              47,
              65,
              124,
              254,
              205,
              60,
              182,
              208
            ],
            "AlternativeSetDigest": [
              70,
              156,
              126,
              51,
              96,
              143,
              32,
              162,
              114,
              247,
              211,
              24,
              75,
              239,
              164,
              30,
              180,
              122,
              196,
              48,
              102,
              31,
              131,
              129,
              211,
              31,
              131,
              239,
              97,
              244,
              232,
              100
            ]
          },
          {
            "Ordinal": 9,
            "Kind": 1,
            "Flags": 5,
            "Alternatives": 2,
            "Selected": 1,
            "Data": 0,
            "SiteOffset": 0,
            "SelectedIdentity": [
              236,
              234,
              54,
              213,
              183,
              52,
              162,
              15,
              125,
              117,
              255,
              220,
              96,
              157,
              213,
              61,
              245,
              253,
              168,
              254,
              155,
              134,
              241,
              60,
              161,
              13,
              50,
              119,
              51,
              14,
              75,
              95
            ],
            "AlternativeSetDigest": [
              18,
              253,
              89,
              94,
              250,
              177,
              201,
              8,
              212,
              111,
              22,
              219,
              103,
              250,
              44,
              198,
              49,
              68,
              115,
              4,
              185,
              138,
              8,
              86,
              40,
              51,
              175,
              102,
              150,
              140,
              86,
              141
            ]
          },
          {
            "Ordinal": 10,
            "Kind": 1,
            "Flags": 5,
            "Alternatives": 2,
            "Selected": 1,
            "Data": 0,
            "SiteOffset": 0,
            "SelectedIdentity": [
              236,
              234,
              54,
              213,
              183,
              52,
              162,
              15,
              125,
              117,
              255,
              220,
              96,
              157,
              213,
              61,
              245,
              253,
              168,
              254,
              155,
              134,
              241,
              60,
              161,
              13,
              50,
              119,
              51,
              14,
              75,
              95
            ],
            "AlternativeSetDigest": [
              18,
              253,
              89,
              94,
              250,
              177,
              201,
              8,
              212,
              111,
              22,
              219,
              103,
              250,
              44,
              198,
              49,
              68,
              115,
              4,
              185,
              138,
              8,
              86,
              40,
              51,
              175,
              102,
              150,
              140,
              86,
              141
            ]
          },
          {
            "Ordinal": 11,
            "Kind": 2,
            "Flags": 1,
            "Alternatives": 2,
            "Selected": 1,
            "Data": 1,
            "SiteOffset": 766252,
            "SelectedIdentity": [
              87,
              33,
              143,
              45,
              157,
              55,
              233,
              38,
              7,
              182,
              50,
              252,
              173,
              250,
              17,
              36,
              69,
              118,
              7,
              205,
              150,
              232,
              204,
              194,
              80,
              232,
              192,
              21,
              102,
              178,
              240,
              249
            ],
            "AlternativeSetDigest": [
              115,
              173,
              147,
              10,
              145,
              229,
              144,
              59,
              179,
              96,
              129,
              216,
              120,
              76,
              155,
              117,
              104,
              50,
              198,
              117,
              5,
              48,
              121,
              142,
              29,
              20,
              40,
              194,
              42,
              129,
              219,
              214
            ]
          },
          {
            "Ordinal": 12,
            "Kind": 3,
            "Flags": 2,
            "Alternatives": 2,
            "Selected": 1,
            "Data": 2,
            "SiteOffset": 766252,
            "SelectedIdentity": [
              0,
              0,
              0,
              0,
              0,
              0,
              0,
              0,
              0,
              0,
              0,
              0,
              0,
              0,
              0,
              0,
              0,
              0,
              0,
              0,
              0,
              0,
              0,
              0,
              0,
              0,
              0,
              0,
              0,
              0,
              0,
              0
            ],
            "AlternativeSetDigest": [
              0,
              0,
              0,
              0,
              0,
              0,
              0,
              0,
              0,
              0,
              0,
              0,
              0,
              0,
              0,
              0,
              0,
              0,
              0,
              0,
              0,
              0,
              0,
              0,
              0,
              0,
              0,
              0,
              0,
              0,
              0,
              0
            ]
          },
          {
            "Ordinal": 13,
            "Kind": 1,
            "Flags": 5,
            "Alternatives": 2,
            "Selected": 1,
            "Data": 0,
            "SiteOffset": 0,
            "SelectedIdentity": [
              141,
              181,
              95,
              241,
              82,
              218,
              88,
              242,
              5,
              110,
              151,
              7,
              223,
              205,
              233,
              230,
              145,
              150,
              209,
              100,
              68,
              196,
              131,
              230,
              121,
              165,
              92,
              246,
              109,
              24,
              164,
              251
            ],
            "AlternativeSetDigest": [
              108,
              52,
              199,
              96,
              117,
              54,
              220,
              175,
              205,
              37,
              152,
              147,
              63,
              218,
              76,
              83,
              214,
              206,
              133,
              239,
              72,
              173,
              160,
              11,
              31,
              146,
              207,
              79,
              240,
              67,
              153,
              129
            ]
          },
          {
            "Ordinal": 14,
            "Kind": 2,
            "Flags": 1,
            "Alternatives": 2,
            "Selected": 1,
            "Data": 1,
            "SiteOffset": 766492,
            "SelectedIdentity": [
              162,
              137,
              214,
              12,
              186,
              251,
              217,
              234,
              244,
              239,
              245,
              16,
              117,
              229,
              192,
              53,
              207,
              46,
              159,
              219,
              136,
              175,
              128,
              52,
              30,
              158,
              172,
              54,
              79,
              100,
              168,
              23
            ],
            "AlternativeSetDigest": [
              233,
              142,
              96,
              82,
              3,
              197,
              17,
              53,
              66,
              51,
              148,
              24,
              116,
              143,
              56,
              245,
              185,
              229,
              38,
              54,
              236,
              128,
              4,
              31,
              98,
              133,
              15,
              125,
              90,
              9,
              17,
              170
            ]
          },
          {
            "Ordinal": 15,
            "Kind": 3,
            "Flags": 2,
            "Alternatives": 2,
            "Selected": 0,
            "Data": 2,
            "SiteOffset": 766492,
            "SelectedIdentity": [
              0,
              0,
              0,
              0,
              0,
              0,
              0,
              0,
              0,
              0,
              0,
              0,
              0,
              0,
              0,
              0,
              0,
              0,
              0,
              0,
              0,
              0,
              0,
              0,
              0,
              0,
              0,
              0,
              0,
              0,
              0,
              0
            ],
            "AlternativeSetDigest": [
              0,
              0,
              0,
              0,
              0,
              0,
              0,
              0,
              0,
              0,
              0,
              0,
              0,
              0,
              0,
              0,
              0,
              0,
              0,
              0,
              0,
              0,
              0,
              0,
              0,
              0,
              0,
              0,
              0,
              0,
              0,
              0
            ]
          }
        ]
    runtime_test.go:150: shape blocking-zero-ready output blocking-zero-ready first summary {Records:6 Branching:5 Runnable:4 SelectPoll:1 SelectResult:1 Terminal:1 PeakGoroutines:2}
    runtime_test.go:150: shape blocking-one-ready output blocking-one-ready first summary {Records:5 Branching:4 Runnable:3 SelectPoll:1 SelectResult:1 Terminal:1 PeakGoroutines:2}
    runtime_test.go:150: shape blocking-two-ready output blocking-two-ready first summary {Records:5 Branching:4 Runnable:3 SelectPoll:1 SelectResult:1 Terminal:1 PeakGoroutines:2}
    runtime_test.go:150: shape nonblocking-default output nonblocking-default default summary {Records:5 Branching:4 Runnable:3 SelectPoll:1 SelectResult:1 Terminal:1 PeakGoroutines:2}
    runtime_test.go:150: shape timer-channel output timer-channel timer summary {Records:6 Branching:5 Runnable:4 SelectPoll:1 SelectResult:1 Terminal:1 PeakGoroutines:2}
    runtime_test.go:150: shape closed-channel output closed-channel closed summary {Records:5 Branching:4 Runnable:3 SelectPoll:1 SelectResult:1 Terminal:1 PeakGoroutines:2}
    runtime_test.go:150: shape nil-channel output nil-channel first summary {Records:5 Branching:4 Runnable:3 SelectPoll:1 SelectResult:1 Terminal:1 PeakGoroutines:2}
--- PASS: TestRuntimeSearchFixtures (1.37s)
PASS
ok  	go.temporal.io/server/tools/gomad3/internal/gomadtool/conformance	1.769s
