{"Time":"2026-10-05T11:14:59.345272114Z","Action":"start","Package":"go.temporal.io/server/tools/gomad3/qualification/set"}
{"Time":"2026-10-05T11:14:59.34548403Z","Action":"start","Package":"go.temporal.io/server/tools/gomad3/qualification/soak"}
{"Time":"2026-10-05T11:14:59.347231614Z","Action":"run","Package":"go.temporal.io/server/tools/gomad3/qualification/set","Test":"TestPruneQualifiedCampaignsRemovesOnlyReplayedCampaigns"}
{"Time":"2026-10-05T11:14:59.347275405Z","Action":"output","Package":"go.temporal.io/server/tools/gomad3/qualification/set","Test":"TestPruneQualifiedCampaignsRemovesOnlyReplayedCampaigns","Output":"=== RUN   TestPruneQualifiedCampaignsRemovesOnlyReplayedCampaigns\n","OutputType":"frame"}
{"Time":"2026-10-05T11:14:59.347436739Z","Action":"run","Package":"go.temporal.io/server/tools/gomad3/qualification/soak","Test":"TestCohortBatchSequenceAAThenBBIsADivergence"}
{"Time":"2026-10-05T11:14:59.347451447Z","Action":"output","Package":"go.temporal.io/server/tools/gomad3/qualification/soak","Test":"TestCohortBatchSequenceAAThenBBIsADivergence","Output":"=== RUN   TestCohortBatchSequenceAAThenBBIsADivergence\n","OutputType":"frame"}
{"Time":"2026-10-05T11:14:59.347598822Z","Action":"output","Package":"go.temporal.io/server/tools/gomad3/qualification/soak","Test":"TestCohortBatchSequenceAAThenBBIsADivergence","Output":"--- PASS: TestCohortBatchSequenceAAThenBBIsADivergence (0.00s)\n","OutputType":"frame"}
{"Time":"2026-10-05T11:14:59.347603905Z","Action":"pass","Package":"go.temporal.io/server/tools/gomad3/qualification/soak","Test":"TestCohortBatchSequenceAAThenBBIsADivergence","Elapsed":0}
{"Time":"2026-10-05T11:14:59.347608489Z","Action":"run","Package":"go.temporal.io/server/tools/gomad3/qualification/soak","Test":"TestNewToolchainIdentityStartsANewCohort"}
{"Time":"2026-10-05T11:14:59.347609947Z","Action":"output","Package":"go.temporal.io/server/tools/gomad3/qualification/soak","Test":"TestNewToolchainIdentityStartsANewCohort","Output":"=== RUN   TestNewToolchainIdentityStartsANewCohort\n","OutputType":"frame"}
{"Time":"2026-10-05T11:14:59.347837322Z","Action":"output","Package":"go.temporal.io/server/tools/gomad3/qualification/soak","Test":"TestNewToolchainIdentityStartsANewCohort","Output":"--- PASS: TestNewToolchainIdentityStartsANewCohort (0.00s)\n","OutputType":"frame"}
{"Time":"2026-10-05T11:14:59.347845655Z","Action":"pass","Package":"go.temporal.io/server/tools/gomad3/qualification/soak","Test":"TestNewToolchainIdentityStartsANewCohort","Elapsed":0}
{"Time":"2026-10-05T11:14:59.347848155Z","Action":"run","Package":"go.temporal.io/server/tools/gomad3/qualification/soak","Test":"TestCumulativeCountsAccumulateAcrossRetainedRuns"}
{"Time":"2026-10-05T11:14:59.347849655Z","Action":"output","Package":"go.temporal.io/server/tools/gomad3/qualification/soak","Test":"TestCumulativeCountsAccumulateAcrossRetainedRuns","Output":"=== RUN   TestCumulativeCountsAccumulateAcrossRetainedRuns\n","OutputType":"frame"}
{"Time":"2026-10-05T11:14:59.347855655Z","Action":"output","Package":"go.temporal.io/server/tools/gomad3/qualification/set","Test":"TestPruneQualifiedCampaignsRemovesOnlyReplayedCampaigns","Output":"--- PASS: TestPruneQualifiedCampaignsRemovesOnlyReplayedCampaigns (0.00s)\n","OutputType":"frame"}
{"Time":"2026-10-05T11:14:59.347857614Z","Action":"pass","Package":"go.temporal.io/server/tools/gomad3/qualification/set","Test":"TestPruneQualifiedCampaignsRemovesOnlyReplayedCampaigns","Elapsed":0}
{"Time":"2026-10-05T11:14:59.34786028Z","Action":"run","Package":"go.temporal.io/server/tools/gomad3/qualification/set","Test":"TestPruneQualifiedCampaignsRemovesASharedTargetOnlyWithItsLastArtifact"}
{"Time":"2026-10-05T11:14:59.347861447Z","Action":"output","Package":"go.temporal.io/server/tools/gomad3/qualification/set","Test":"TestPruneQualifiedCampaignsRemovesASharedTargetOnlyWithItsLastArtifact","Output":"=== RUN   TestPruneQualifiedCampaignsRemovesASharedTargetOnlyWithItsLastArtifact\n","OutputType":"frame"}
{"Time":"2026-10-05T11:14:59.348177697Z","Action":"output","Package":"go.temporal.io/server/tools/gomad3/qualification/soak","Test":"TestCumulativeCountsAccumulateAcrossRetainedRuns","Output":"--- PASS: TestCumulativeCountsAccumulateAcrossRetainedRuns (0.00s)\n","OutputType":"frame"}
{"Time":"2026-10-05T11:14:59.34819128Z","Action":"pass","Package":"go.temporal.io/server/tools/gomad3/qualification/soak","Test":"TestCumulativeCountsAccumulateAcrossRetainedRuns","Elapsed":0}
{"Time":"2026-10-05T11:14:59.348194697Z","Action":"run","Package":"go.temporal.io/server/tools/gomad3/qualification/soak","Test":"TestLoadLedgerRejectsTamperedCohort"}
{"Time":"2026-10-05T11:14:59.348196155Z","Action":"output","Package":"go.temporal.io/server/tools/gomad3/qualification/soak","Test":"TestLoadLedgerRejectsTamperedCohort","Output":"=== RUN   TestLoadLedgerRejectsTamperedCohort\n","OutputType":"frame"}
{"Time":"2026-10-05T11:14:59.351224655Z","Action":"output","Package":"go.temporal.io/server/tools/gomad3/qualification/soak","Test":"TestLoadLedgerRejectsTamperedCohort","Output":"--- PASS: TestLoadLedgerRejectsTamperedCohort (0.00s)\n","OutputType":"frame"}
{"Time":"2026-10-05T11:14:59.351238489Z","Action":"pass","Package":"go.temporal.io/server/tools/gomad3/qualification/soak","Test":"TestLoadLedgerRejectsTamperedCohort","Elapsed":0}
{"Time":"2026-10-05T11:14:59.35124278Z","Action":"run","Package":"go.temporal.io/server/tools/gomad3/qualification/soak","Test":"TestClassifyBatchKeepsOverflowAndInfrastructureApartFromDivergence"}
{"Time":"2026-10-05T11:14:59.351244655Z","Action":"output","Package":"go.temporal.io/server/tools/gomad3/qualification/soak","Test":"TestClassifyBatchKeepsOverflowAndInfrastructureApartFromDivergence","Output":"=== RUN   TestClassifyBatchKeepsOverflowAndInfrastructureApartFromDivergence\n","OutputType":"frame"}
{"Time":"2026-10-05T11:14:59.351246697Z","Action":"run","Package":"go.temporal.io/server/tools/gomad3/qualification/soak","Test":"TestClassifyBatchKeepsOverflowAndInfrastructureApartFromDivergence/qualified"}
{"Time":"2026-10-05T11:14:59.351249947Z","Action":"output","Package":"go.temporal.io/server/tools/gomad3/qualification/soak","Test":"TestClassifyBatchKeepsOverflowAndInfrastructureApartFromDivergence/qualified","Output":"=== RUN   TestClassifyBatchKeepsOverflowAndInfrastructureApartFromDivergence/qualified\n","OutputType":"frame"}
{"Time":"2026-10-05T11:14:59.351257364Z","Action":"output","Package":"go.temporal.io/server/tools/gomad3/qualification/soak","Test":"TestClassifyBatchKeepsOverflowAndInfrastructureApartFromDivergence/qualified","Output":"--- PASS: TestClassifyBatchKeepsOverflowAndInfrastructureApartFromDivergence/qualified (0.00s)\n","OutputType":"frame"}
{"Time":"2026-10-05T11:14:59.351259322Z","Action":"pass","Package":"go.temporal.io/server/tools/gomad3/qualification/soak","Test":"TestClassifyBatchKeepsOverflowAndInfrastructureApartFromDivergence/qualified","Elapsed":0}
{"Time":"2026-10-05T11:14:59.351262989Z","Action":"run","Package":"go.temporal.io/server/tools/gomad3/qualification/soak","Test":"TestClassifyBatchKeepsOverflowAndInfrastructureApartFromDivergence/fresh_runs_disagree"}
{"Time":"2026-10-05T11:14:59.351264239Z","Action":"output","Package":"go.temporal.io/server/tools/gomad3/qualification/soak","Test":"TestClassifyBatchKeepsOverflowAndInfrastructureApartFromDivergence/fresh_runs_disagree","Output":"=== RUN   TestClassifyBatchKeepsOverflowAndInfrastructureApartFromDivergence/fresh_runs_disagree\n","OutputType":"frame"}
{"Time":"2026-10-05T11:14:59.351293822Z","Action":"output","Package":"go.temporal.io/server/tools/gomad3/qualification/soak","Test":"TestClassifyBatchKeepsOverflowAndInfrastructureApartFromDivergence/fresh_runs_disagree","Output":"--- PASS: TestClassifyBatchKeepsOverflowAndInfrastructureApartFromDivergence/fresh_runs_disagree (0.00s)\n","OutputType":"frame"}
{"Time":"2026-10-05T11:14:59.35130053Z","Action":"pass","Package":"go.temporal.io/server/tools/gomad3/qualification/soak","Test":"TestClassifyBatchKeepsOverflowAndInfrastructureApartFromDivergence/fresh_runs_disagree","Elapsed":0}
{"Time":"2026-10-05T11:14:59.351302822Z","Action":"run","Package":"go.temporal.io/server/tools/gomad3/qualification/soak","Test":"TestClassifyBatchKeepsOverflowAndInfrastructureApartFromDivergence/overflow_before_divergence"}
{"Time":"2026-10-05T11:14:59.351304905Z","Action":"output","Package":"go.temporal.io/server/tools/gomad3/qualification/soak","Test":"TestClassifyBatchKeepsOverflowAndInfrastructureApartFromDivergence/overflow_before_divergence","Output":"=== RUN   TestClassifyBatchKeepsOverflowAndInfrastructureApartFromDivergence/overflow_before_divergence\n","OutputType":"frame"}
{"Time":"2026-10-05T11:14:59.35130728Z","Action":"output","Package":"go.temporal.io/server/tools/gomad3/qualification/soak","Test":"TestClassifyBatchKeepsOverflowAndInfrastructureApartFromDivergence/overflow_before_divergence","Output":"--- PASS: TestClassifyBatchKeepsOverflowAndInfrastructureApartFromDivergence/overflow_before_divergence (0.00s)\n","OutputType":"frame"}
{"Time":"2026-10-05T11:14:59.351309864Z","Action":"pass","Package":"go.temporal.io/server/tools/gomad3/qualification/soak","Test":"TestClassifyBatchKeepsOverflowAndInfrastructureApartFromDivergence/overflow_before_divergence","Elapsed":0}
{"Time":"2026-10-05T11:14:59.35131128Z","Action":"run","Package":"go.temporal.io/server/tools/gomad3/qualification/soak","Test":"TestClassifyBatchKeepsOverflowAndInfrastructureApartFromDivergence/runner_failure"}
{"Time":"2026-10-05T11:14:59.351313239Z","Action":"output","Package":"go.temporal.io/server/tools/gomad3/qualification/soak","Test":"TestClassifyBatchKeepsOverflowAndInfrastructureApartFromDivergence/runner_failure","Output":"=== RUN   TestClassifyBatchKeepsOverflowAndInfrastructureApartFromDivergence/runner_failure\n","OutputType":"frame"}
{"Time":"2026-10-05T11:14:59.35131528Z","Action":"output","Package":"go.temporal.io/server/tools/gomad3/qualification/soak","Test":"TestClassifyBatchKeepsOverflowAndInfrastructureApartFromDivergence/runner_failure","Output":"--- PASS: TestClassifyBatchKeepsOverflowAndInfrastructureApartFromDivergence/runner_failure (0.00s)\n","OutputType":"frame"}
{"Time":"2026-10-05T11:14:59.351316822Z","Action":"pass","Package":"go.temporal.io/server/tools/gomad3/qualification/soak","Test":"TestClassifyBatchKeepsOverflowAndInfrastructureApartFromDivergence/runner_failure","Elapsed":0}
{"Time":"2026-10-05T11:14:59.351318197Z","Action":"run","Package":"go.temporal.io/server/tools/gomad3/qualification/soak","Test":"TestClassifyBatchKeepsOverflowAndInfrastructureApartFromDivergence/overall_timeout"}
{"Time":"2026-10-05T11:14:59.351319655Z","Action":"output","Package":"go.temporal.io/server/tools/gomad3/qualification/soak","Test":"TestClassifyBatchKeepsOverflowAndInfrastructureApartFromDivergence/overall_timeout","Output":"=== RUN   TestClassifyBatchKeepsOverflowAndInfrastructureApartFromDivergence/overall_timeout\n","OutputType":"frame"}
{"Time":"2026-10-05T11:14:59.351321989Z","Action":"output","Package":"go.temporal.io/server/tools/gomad3/qualification/soak","Test":"TestClassifyBatchKeepsOverflowAndInfrastructureApartFromDivergence/overall_timeout","Output":"--- PASS: TestClassifyBatchKeepsOverflowAndInfrastructureApartFromDivergence/overall_timeout (0.00s)\n","OutputType":"frame"}
{"Time":"2026-10-05T11:14:59.351323739Z","Action":"pass","Package":"go.temporal.io/server/tools/gomad3/qualification/soak","Test":"TestClassifyBatchKeepsOverflowAndInfrastructureApartFromDivergence/overall_timeout","Elapsed":0}
{"Time":"2026-10-05T11:14:59.351326822Z","Action":"run","Package":"go.temporal.io/server/tools/gomad3/qualification/soak","Test":"TestClassifyBatchKeepsOverflowAndInfrastructureApartFromDivergence/deterministic_target_failure"}
{"Time":"2026-10-05T11:14:59.351328405Z","Action":"output","Package":"go.temporal.io/server/tools/gomad3/qualification/soak","Test":"TestClassifyBatchKeepsOverflowAndInfrastructureApartFromDivergence/deterministic_target_failure","Output":"=== RUN   TestClassifyBatchKeepsOverflowAndInfrastructureApartFromDivergence/deterministic_target_failure\n","OutputType":"frame"}
{"Time":"2026-10-05T11:14:59.351330905Z","Action":"output","Package":"go.temporal.io/server/tools/gomad3/qualification/soak","Test":"TestClassifyBatchKeepsOverflowAndInfrastructureApartFromDivergence/deterministic_target_failure","Output":"--- PASS: TestClassifyBatchKeepsOverflowAndInfrastructureApartFromDivergence/deterministic_target_failure (0.00s)\n","OutputType":"frame"}
{"Time":"2026-10-05T11:14:59.351332864Z","Action":"pass","Package":"go.temporal.io/server/tools/gomad3/qualification/soak","Test":"TestClassifyBatchKeepsOverflowAndInfrastructureApartFromDivergence/deterministic_target_failure","Elapsed":0}
{"Time":"2026-10-05T11:14:59.35133578Z","Action":"output","Package":"go.temporal.io/server/tools/gomad3/qualification/soak","Test":"TestClassifyBatchKeepsOverflowAndInfrastructureApartFromDivergence","Output":"--- PASS: TestClassifyBatchKeepsOverflowAndInfrastructureApartFromDivergence (0.00s)\n","OutputType":"frame"}
{"Time":"2026-10-05T11:14:59.351340155Z","Action":"pass","Package":"go.temporal.io/server/tools/gomad3/qualification/soak","Test":"TestClassifyBatchKeepsOverflowAndInfrastructureApartFromDivergence","Elapsed":0}
{"Time":"2026-10-05T11:14:59.35134253Z","Action":"run","Package":"go.temporal.io/server/tools/gomad3/qualification/soak","Test":"TestRunRetainsBothTracesAndDifferOutputForACrossBatchDivergence"}
{"Time":"2026-10-05T11:14:59.351344114Z","Action":"output","Package":"go.temporal.io/server/tools/gomad3/qualification/soak","Test":"TestRunRetainsBothTracesAndDifferOutputForACrossBatchDivergence","Output":"=== RUN   TestRunRetainsBothTracesAndDifferOutputForACrossBatchDivergence\n","OutputType":"frame"}
{"Time":"2026-10-05T11:14:59.35213028Z","Action":"output","Package":"go.temporal.io/server/tools/gomad3/qualification/set","Test":"TestPruneQualifiedCampaignsRemovesASharedTargetOnlyWithItsLastArtifact","Output":"--- PASS: TestPruneQualifiedCampaignsRemovesASharedTargetOnlyWithItsLastArtifact (0.00s)\n","OutputType":"frame"}
{"Time":"2026-10-05T11:14:59.352139864Z","Action":"pass","Package":"go.temporal.io/server/tools/gomad3/qualification/set","Test":"TestPruneQualifiedCampaignsRemovesASharedTargetOnlyWithItsLastArtifact","Elapsed":0}
{"Time":"2026-10-05T11:14:59.35214378Z","Action":"run","Package":"go.temporal.io/server/tools/gomad3/qualification/set","Test":"TestPruneQualifiedCampaignsRefusesUnverifiedOrEscapingEvidence"}
{"Time":"2026-10-05T11:14:59.352145947Z","Action":"output","Package":"go.temporal.io/server/tools/gomad3/qualification/set","Test":"TestPruneQualifiedCampaignsRefusesUnverifiedOrEscapingEvidence","Output":"=== RUN   TestPruneQualifiedCampaignsRefusesUnverifiedOrEscapingEvidence\n","OutputType":"frame"}
{"Time":"2026-10-05T11:14:59.352226489Z","Action":"run","Package":"go.temporal.io/server/tools/gomad3/qualification/set","Test":"TestPruneQualifiedCampaignsRefusesUnverifiedOrEscapingEvidence/campaign_is_the_root_layout"}
{"Time":"2026-10-05T11:14:59.352232155Z","Action":"output","Package":"go.temporal.io/server/tools/gomad3/qualification/set","Test":"TestPruneQualifiedCampaignsRefusesUnverifiedOrEscapingEvidence/campaign_is_the_root_layout","Output":"=== RUN   TestPruneQualifiedCampaignsRefusesUnverifiedOrEscapingEvidence/campaign_is_the_root_layout\n","OutputType":"frame"}
{"Time":"2026-10-05T11:14:59.352487197Z","Action":"output","Package":"go.temporal.io/server/tools/gomad3/qualification/set","Test":"TestPruneQualifiedCampaignsRefusesUnverifiedOrEscapingEvidence/campaign_is_the_root_layout","Output":"--- PASS: TestPruneQualifiedCampaignsRefusesUnverifiedOrEscapingEvidence/campaign_is_the_root_layout (0.00s)\n","OutputType":"frame"}
{"Time":"2026-10-05T11:14:59.352492197Z","Action":"pass","Package":"go.temporal.io/server/tools/gomad3/qualification/set","Test":"TestPruneQualifiedCampaignsRefusesUnverifiedOrEscapingEvidence/campaign_is_the_root_layout","Elapsed":0}
{"Time":"2026-10-05T11:14:59.352494614Z","Action":"run","Package":"go.temporal.io/server/tools/gomad3/qualification/set","Test":"TestPruneQualifiedCampaignsRefusesUnverifiedOrEscapingEvidence/artifact_outside_campaign"}
{"Time":"2026-10-05T11:14:59.352496489Z","Action":"output","Package":"go.temporal.io/server/tools/gomad3/qualification/set","Test":"TestPruneQualifiedCampaignsRefusesUnverifiedOrEscapingEvidence/artifact_outside_campaign","Output":"=== RUN   TestPruneQualifiedCampaignsRefusesUnverifiedOrEscapingEvidence/artifact_outside_campaign\n","OutputType":"frame"}
{"Time":"2026-10-05T11:14:59.352867905Z","Action":"output","Package":"go.temporal.io/server/tools/gomad3/qualification/set","Test":"TestPruneQualifiedCampaignsRefusesUnverifiedOrEscapingEvidence/artifact_outside_campaign","Output":"--- PASS: TestPruneQualifiedCampaignsRefusesUnverifiedOrEscapingEvidence/artifact_outside_campaign (0.00s)\n","OutputType":"frame"}
{"Time":"2026-10-05T11:14:59.352875739Z","Action":"pass","Package":"go.temporal.io/server/tools/gomad3/qualification/set","Test":"TestPruneQualifiedCampaignsRefusesUnverifiedOrEscapingEvidence/artifact_outside_campaign","Elapsed":0}
{"Time":"2026-10-05T11:14:59.352878572Z","Action":"run","Package":"go.temporal.io/server/tools/gomad3/qualification/set","Test":"TestPruneQualifiedCampaignsRefusesUnverifiedOrEscapingEvidence/campaign_is_a_symlink"}
{"Time":"2026-10-05T11:14:59.352880197Z","Action":"output","Package":"go.temporal.io/server/tools/gomad3/qualification/set","Test":"TestPruneQualifiedCampaignsRefusesUnverifiedOrEscapingEvidence/campaign_is_a_symlink","Output":"=== RUN   TestPruneQualifiedCampaignsRefusesUnverifiedOrEscapingEvidence/campaign_is_a_symlink\n","OutputType":"frame"}
{"Time":"2026-10-05T11:14:59.35320753Z","Action":"output","Package":"go.temporal.io/server/tools/gomad3/qualification/set","Test":"TestPruneQualifiedCampaignsRefusesUnverifiedOrEscapingEvidence/campaign_is_a_symlink","Output":"--- PASS: TestPruneQualifiedCampaignsRefusesUnverifiedOrEscapingEvidence/campaign_is_a_symlink (0.00s)\n","OutputType":"frame"}
{"Time":"2026-10-05T11:14:59.353212655Z","Action":"pass","Package":"go.temporal.io/server/tools/gomad3/qualification/set","Test":"TestPruneQualifiedCampaignsRefusesUnverifiedOrEscapingEvidence/campaign_is_a_symlink","Elapsed":0}
{"Time":"2026-10-05T11:14:59.353215405Z","Action":"run","Package":"go.temporal.io/server/tools/gomad3/qualification/set","Test":"TestPruneQualifiedCampaignsRefusesUnverifiedOrEscapingEvidence/not_qualified"}
{"Time":"2026-10-05T11:14:59.353216947Z","Action":"output","Package":"go.temporal.io/server/tools/gomad3/qualification/set","Test":"TestPruneQualifiedCampaignsRefusesUnverifiedOrEscapingEvidence/not_qualified","Output":"=== RUN   TestPruneQualifiedCampaignsRefusesUnverifiedOrEscapingEvidence/not_qualified\n","OutputType":"frame"}
{"Time":"2026-10-05T11:14:59.353499572Z","Action":"output","Package":"go.temporal.io/server/tools/gomad3/qualification/set","Test":"TestPruneQualifiedCampaignsRefusesUnverifiedOrEscapingEvidence/not_qualified","Output":"--- PASS: TestPruneQualifiedCampaignsRefusesUnverifiedOrEscapingEvidence/not_qualified (0.00s)\n","OutputType":"frame"}
{"Time":"2026-10-05T11:14:59.353509114Z","Action":"pass","Package":"go.temporal.io/server/tools/gomad3/qualification/set","Test":"TestPruneQualifiedCampaignsRefusesUnverifiedOrEscapingEvidence/not_qualified","Elapsed":0}
{"Time":"2026-10-05T11:14:59.35351153Z","Action":"run","Package":"go.temporal.io/server/tools/gomad3/qualification/set","Test":"TestPruneQualifiedCampaignsRefusesUnverifiedOrEscapingEvidence/replay_not_attempted"}
{"Time":"2026-10-05T11:14:59.353513114Z","Action":"output","Package":"go.temporal.io/server/tools/gomad3/qualification/set","Test":"TestPruneQualifiedCampaignsRefusesUnverifiedOrEscapingEvidence/replay_not_attempted","Output":"=== RUN   TestPruneQualifiedCampaignsRefusesUnverifiedOrEscapingEvidence/replay_not_attempted\n","OutputType":"frame"}
{"Time":"2026-10-05T11:14:59.35374303Z","Action":"output","Package":"go.temporal.io/server/tools/gomad3/qualification/set","Test":"TestPruneQualifiedCampaignsRefusesUnverifiedOrEscapingEvidence/replay_not_attempted","Output":"--- PASS: TestPruneQualifiedCampaignsRefusesUnverifiedOrEscapingEvidence/replay_not_attempted (0.00s)\n","OutputType":"frame"}
{"Time":"2026-10-05T11:14:59.353751114Z","Action":"pass","Package":"go.temporal.io/server/tools/gomad3/qualification/set","Test":"TestPruneQualifiedCampaignsRefusesUnverifiedOrEscapingEvidence/replay_not_attempted","Elapsed":0}
{"Time":"2026-10-05T11:14:59.353753655Z","Action":"run","Package":"go.temporal.io/server/tools/gomad3/qualification/set","Test":"TestPruneQualifiedCampaignsRefusesUnverifiedOrEscapingEvidence/replay_diverged"}
{"Time":"2026-10-05T11:14:59.353755155Z","Action":"output","Package":"go.temporal.io/server/tools/gomad3/qualification/set","Test":"TestPruneQualifiedCampaignsRefusesUnverifiedOrEscapingEvidence/replay_diverged","Output":"=== RUN   TestPruneQualifiedCampaignsRefusesUnverifiedOrEscapingEvidence/replay_diverged\n","OutputType":"frame"}
{"Time":"2026-10-05T11:14:59.353960905Z","Action":"output","Package":"go.temporal.io/server/tools/gomad3/qualification/set","Test":"TestPruneQualifiedCampaignsRefusesUnverifiedOrEscapingEvidence/replay_diverged","Output":"--- PASS: TestPruneQualifiedCampaignsRefusesUnverifiedOrEscapingEvidence/replay_diverged (0.00s)\n","OutputType":"frame"}
{"Time":"2026-10-05T11:14:59.35396653Z","Action":"pass","Package":"go.temporal.io/server/tools/gomad3/qualification/set","Test":"TestPruneQualifiedCampaignsRefusesUnverifiedOrEscapingEvidence/replay_diverged","Elapsed":0}
{"Time":"2026-10-05T11:14:59.35396903Z","Action":"run","Package":"go.temporal.io/server/tools/gomad3/qualification/set","Test":"TestPruneQualifiedCampaignsRefusesUnverifiedOrEscapingEvidence/campaign_outside_root"}
{"Time":"2026-10-05T11:14:59.35397028Z","Action":"output","Package":"go.temporal.io/server/tools/gomad3/qualification/set","Test":"TestPruneQualifiedCampaignsRefusesUnverifiedOrEscapingEvidence/campaign_outside_root","Output":"=== RUN   TestPruneQualifiedCampaignsRefusesUnverifiedOrEscapingEvidence/campaign_outside_root\n","OutputType":"frame"}
{"Time":"2026-10-05T11:14:59.354290614Z","Action":"output","Package":"go.temporal.io/server/tools/gomad3/qualification/set","Test":"TestPruneQualifiedCampaignsRefusesUnverifiedOrEscapingEvidence/campaign_outside_root","Output":"--- PASS: TestPruneQualifiedCampaignsRefusesUnverifiedOrEscapingEvidence/campaign_outside_root (0.00s)\n","OutputType":"frame"}
{"Time":"2026-10-05T11:14:59.354295239Z","Action":"pass","Package":"go.temporal.io/server/tools/gomad3/qualification/set","Test":"TestPruneQualifiedCampaignsRefusesUnverifiedOrEscapingEvidence/campaign_outside_root","Elapsed":0}
{"Time":"2026-10-05T11:14:59.354344822Z","Action":"output","Package":"go.temporal.io/server/tools/gomad3/qualification/set","Test":"TestPruneQualifiedCampaignsRefusesUnverifiedOrEscapingEvidence","Output":"--- PASS: TestPruneQualifiedCampaignsRefusesUnverifiedOrEscapingEvidence (0.00s)\n","OutputType":"frame"}
{"Time":"2026-10-05T11:14:59.354348155Z","Action":"pass","Package":"go.temporal.io/server/tools/gomad3/qualification/set","Test":"TestPruneQualifiedCampaignsRefusesUnverifiedOrEscapingEvidence","Elapsed":0}
{"Time":"2026-10-05T11:14:59.354349905Z","Action":"run","Package":"go.temporal.io/server/tools/gomad3/qualification/set","Test":"TestRunRecordsPruningAndKeepsUnqualifiedSeedArtifacts"}
{"Time":"2026-10-05T11:14:59.354351155Z","Action":"output","Package":"go.temporal.io/server/tools/gomad3/qualification/set","Test":"TestRunRecordsPruningAndKeepsUnqualifiedSeedArtifacts","Output":"=== RUN   TestRunRecordsPruningAndKeepsUnqualifiedSeedArtifacts\n","OutputType":"frame"}
{"Time":"2026-10-05T11:14:59.367462947Z","Action":"output","Package":"go.temporal.io/server/tools/gomad3/qualification/set","Test":"TestRunRecordsPruningAndKeepsUnqualifiedSeedArtifacts","Output":"--- PASS: TestRunRecordsPruningAndKeepsUnqualifiedSeedArtifacts (0.01s)\n","OutputType":"frame"}
{"Time":"2026-10-05T11:14:59.367481405Z","Action":"pass","Package":"go.temporal.io/server/tools/gomad3/qualification/set","Test":"TestRunRecordsPruningAndKeepsUnqualifiedSeedArtifacts","Elapsed":0.01}
{"Time":"2026-10-05T11:14:59.367491739Z","Action":"run","Package":"go.temporal.io/server/tools/gomad3/qualification/set","Test":"TestRunKeepsCampaignsOfQualifiedSeedsWithoutReplay"}
{"Time":"2026-10-05T11:14:59.367497905Z","Action":"output","Package":"go.temporal.io/server/tools/gomad3/qualification/set","Test":"TestRunKeepsCampaignsOfQualifiedSeedsWithoutReplay","Output":"=== RUN   TestRunKeepsCampaignsOfQualifiedSeedsWithoutReplay\n","OutputType":"frame"}
{"Time":"2026-10-05T11:14:59.370430697Z","Action":"output","Package":"go.temporal.io/server/tools/gomad3/qualification/soak","Test":"TestRunRetainsBothTracesAndDifferOutputForACrossBatchDivergence","Output":"--- PASS: TestRunRetainsBothTracesAndDifferOutputForACrossBatchDivergence (0.02s)\n","OutputType":"frame"}
{"Time":"2026-10-05T11:14:59.37043953Z","Action":"pass","Package":"go.temporal.io/server/tools/gomad3/qualification/soak","Test":"TestRunRetainsBothTracesAndDifferOutputForACrossBatchDivergence","Elapsed":0.02}
{"Time":"2026-10-05T11:14:59.370442989Z","Action":"run","Package":"go.temporal.io/server/tools/gomad3/qualification/soak","Test":"TestRunGivesBatchesAbsolutePaths"}
{"Time":"2026-10-05T11:14:59.370444489Z","Action":"output","Package":"go.temporal.io/server/tools/gomad3/qualification/soak","Test":"TestRunGivesBatchesAbsolutePaths","Output":"=== RUN   TestRunGivesBatchesAbsolutePaths\n","OutputType":"frame"}
{"Time":"2026-10-05T11:14:59.375794947Z","Action":"output","Package":"go.temporal.io/server/tools/gomad3/qualification/set","Test":"TestRunKeepsCampaignsOfQualifiedSeedsWithoutReplay","Output":"--- PASS: TestRunKeepsCampaignsOfQualifiedSeedsWithoutReplay (0.01s)\n","OutputType":"frame"}
{"Time":"2026-10-05T11:14:59.37581028Z","Action":"pass","Package":"go.temporal.io/server/tools/gomad3/qualification/set","Test":"TestRunKeepsCampaignsOfQualifiedSeedsWithoutReplay","Elapsed":0.01}
{"Time":"2026-10-05T11:14:59.37581378Z","Action":"run","Package":"go.temporal.io/server/tools/gomad3/qualification/set","Test":"TestRecordSeedCheckpointsPruningBeforeDeletingCampaigns"}
{"Time":"2026-10-05T11:14:59.37581553Z","Action":"output","Package":"go.temporal.io/server/tools/gomad3/qualification/set","Test":"TestRecordSeedCheckpointsPruningBeforeDeletingCampaigns","Output":"=== RUN   TestRecordSeedCheckpointsPruningBeforeDeletingCampaigns\n","OutputType":"frame"}
{"Time":"2026-10-05T11:14:59.377127572Z","Action":"output","Package":"go.temporal.io/server/tools/gomad3/qualification/set","Test":"TestRecordSeedCheckpointsPruningBeforeDeletingCampaigns","Output":"--- PASS: TestRecordSeedCheckpointsPruningBeforeDeletingCampaigns (0.00s)\n","OutputType":"frame"}
{"Time":"2026-10-05T11:14:59.377137489Z","Action":"pass","Package":"go.temporal.io/server/tools/gomad3/qualification/set","Test":"TestRecordSeedCheckpointsPruningBeforeDeletingCampaigns","Elapsed":0}
{"Time":"2026-10-05T11:14:59.377139697Z","Action":"run","Package":"go.temporal.io/server/tools/gomad3/qualification/set","Test":"TestValidateSetReportRejectsPruningWithoutReplayedQualification"}
{"Time":"2026-10-05T11:14:59.377141114Z","Action":"output","Package":"go.temporal.io/server/tools/gomad3/qualification/set","Test":"TestValidateSetReportRejectsPruningWithoutReplayedQualification","Output":"=== RUN   TestValidateSetReportRejectsPruningWithoutReplayedQualification\n","OutputType":"frame"}
{"Time":"2026-10-05T11:14:59.377525114Z","Action":"output","Package":"go.temporal.io/server/tools/gomad3/qualification/soak","Test":"TestRunGivesBatchesAbsolutePaths","Output":"--- PASS: TestRunGivesBatchesAbsolutePaths (0.01s)\n","OutputType":"frame"}
{"Time":"2026-10-05T11:14:59.377532322Z","Action":"pass","Package":"go.temporal.io/server/tools/gomad3/qualification/soak","Test":"TestRunGivesBatchesAbsolutePaths","Elapsed":0.01}
{"Time":"2026-10-05T11:14:59.377535197Z","Action":"run","Package":"go.temporal.io/server/tools/gomad3/qualification/soak","Test":"TestRunComparesWithTheBaselineOfAnEarlierRetainedRun"}
{"Time":"2026-10-05T11:14:59.377536614Z","Action":"output","Package":"go.temporal.io/server/tools/gomad3/qualification/soak","Test":"TestRunComparesWithTheBaselineOfAnEarlierRetainedRun","Output":"=== RUN   TestRunComparesWithTheBaselineOfAnEarlierRetainedRun\n","OutputType":"frame"}
{"Time":"2026-10-05T11:14:59.381101197Z","Action":"run","Package":"go.temporal.io/server/tools/gomad3/qualification/set","Test":"TestValidateSetReportRejectsPruningWithoutReplayedQualification/mode_not_recorded"}
{"Time":"2026-10-05T11:14:59.38111053Z","Action":"output","Package":"go.temporal.io/server/tools/gomad3/qualification/set","Test":"TestValidateSetReportRejectsPruningWithoutReplayedQualification/mode_not_recorded","Output":"=== RUN   TestValidateSetReportRejectsPruningWithoutReplayedQualification/mode_not_recorded\n","OutputType":"frame"}
{"Time":"2026-10-05T11:14:59.385173572Z","Action":"output","Package":"go.temporal.io/server/tools/gomad3/qualification/set","Test":"TestValidateSetReportRejectsPruningWithoutReplayedQualification/mode_not_recorded","Output":"--- PASS: TestValidateSetReportRejectsPruningWithoutReplayedQualification/mode_not_recorded (0.00s)\n","OutputType":"frame"}
{"Time":"2026-10-05T11:14:59.385185947Z","Action":"pass","Package":"go.temporal.io/server/tools/gomad3/qualification/set","Test":"TestValidateSetReportRejectsPruningWithoutReplayedQualification/mode_not_recorded","Elapsed":0}
{"Time":"2026-10-05T11:14:59.385190405Z","Action":"run","Package":"go.temporal.io/server/tools/gomad3/qualification/set","Test":"TestValidateSetReportRejectsPruningWithoutReplayedQualification/not_replayed"}
{"Time":"2026-10-05T11:14:59.385192155Z","Action":"output","Package":"go.temporal.io/server/tools/gomad3/qualification/set","Test":"TestValidateSetReportRejectsPruningWithoutReplayedQualification/not_replayed","Output":"=== RUN   TestValidateSetReportRejectsPruningWithoutReplayedQualification/not_replayed\n","OutputType":"frame"}
{"Time":"2026-10-05T11:14:59.38936578Z","Action":"output","Package":"go.temporal.io/server/tools/gomad3/qualification/set","Test":"TestValidateSetReportRejectsPruningWithoutReplayedQualification/not_replayed","Output":"--- PASS: TestValidateSetReportRejectsPruningWithoutReplayedQualification/not_replayed (0.00s)\n","OutputType":"frame"}
{"Time":"2026-10-05T11:14:59.389373614Z","Action":"pass","Package":"go.temporal.io/server/tools/gomad3/qualification/set","Test":"TestValidateSetReportRejectsPruningWithoutReplayedQualification/not_replayed","Elapsed":0}
{"Time":"2026-10-05T11:14:59.389376364Z","Action":"run","Package":"go.temporal.io/server/tools/gomad3/qualification/set","Test":"TestValidateSetReportRejectsPruningWithoutReplayedQualification/replay_diverged"}
{"Time":"2026-10-05T11:14:59.389377697Z","Action":"output","Package":"go.temporal.io/server/tools/gomad3/qualification/set","Test":"TestValidateSetReportRejectsPruningWithoutReplayedQualification/replay_diverged","Output":"=== RUN   TestValidateSetReportRejectsPruningWithoutReplayedQualification/replay_diverged\n","OutputType":"frame"}
{"Time":"2026-10-05T11:14:59.393749114Z","Action":"output","Package":"go.temporal.io/server/tools/gomad3/qualification/set","Test":"TestValidateSetReportRejectsPruningWithoutReplayedQualification/replay_diverged","Output":"--- PASS: TestValidateSetReportRejectsPruningWithoutReplayedQualification/replay_diverged (0.00s)\n","OutputType":"frame"}
{"Time":"2026-10-05T11:14:59.393757489Z","Action":"pass","Package":"go.temporal.io/server/tools/gomad3/qualification/set","Test":"TestValidateSetReportRejectsPruningWithoutReplayedQualification/replay_diverged","Elapsed":0}
{"Time":"2026-10-05T11:14:59.394475197Z","Action":"output","Package":"go.temporal.io/server/tools/gomad3/qualification/soak","Test":"TestRunComparesWithTheBaselineOfAnEarlierRetainedRun","Output":"--- PASS: TestRunComparesWithTheBaselineOfAnEarlierRetainedRun (0.02s)\n","OutputType":"frame"}
{"Time":"2026-10-05T11:14:59.39469628Z","Action":"pass","Package":"go.temporal.io/server/tools/gomad3/qualification/soak","Test":"TestRunComparesWithTheBaselineOfAnEarlierRetainedRun","Elapsed":0.02}
{"Time":"2026-10-05T11:14:59.394708905Z","Action":"run","Package":"go.temporal.io/server/tools/gomad3/qualification/soak","Test":"TestRunRetainsTheLocalisedPairOfAWithinBatchDivergence"}
{"Time":"2026-10-05T11:14:59.39471103Z","Action":"output","Package":"go.temporal.io/server/tools/gomad3/qualification/soak","Test":"TestRunRetainsTheLocalisedPairOfAWithinBatchDivergence","Output":"=== RUN   TestRunRetainsTheLocalisedPairOfAWithinBatchDivergence\n","OutputType":"frame"}
{"Time":"2026-10-05T11:14:59.397873197Z","Action":"output","Package":"go.temporal.io/server/tools/gomad3/qualification/set","Test":"TestValidateSetReportRejectsPruningWithoutReplayedQualification","Output":"--- PASS: TestValidateSetReportRejectsPruningWithoutReplayedQualification (0.02s)\n","OutputType":"frame"}
{"Time":"2026-10-05T11:14:59.397879447Z","Action":"pass","Package":"go.temporal.io/server/tools/gomad3/qualification/set","Test":"TestValidateSetReportRejectsPruningWithoutReplayedQualification","Elapsed":0.02}
{"Time":"2026-10-05T11:14:59.397882822Z","Action":"run","Package":"go.temporal.io/server/tools/gomad3/qualification/set","Test":"TestRunPublishesCheckedExpectedBoundaryEvidence"}
{"Time":"2026-10-05T11:14:59.397884864Z","Action":"output","Package":"go.temporal.io/server/tools/gomad3/qualification/set","Test":"TestRunPublishesCheckedExpectedBoundaryEvidence","Output":"=== RUN   TestRunPublishesCheckedExpectedBoundaryEvidence\n","OutputType":"frame"}
{"Time":"2026-10-05T11:14:59.400458739Z","Action":"output","Package":"go.temporal.io/server/tools/gomad3/qualification/soak","Test":"TestRunRetainsTheLocalisedPairOfAWithinBatchDivergence","Output":"--- PASS: TestRunRetainsTheLocalisedPairOfAWithinBatchDivergence (0.01s)\n","OutputType":"frame"}
{"Time":"2026-10-05T11:14:59.400464989Z","Action":"pass","Package":"go.temporal.io/server/tools/gomad3/qualification/soak","Test":"TestRunRetainsTheLocalisedPairOfAWithinBatchDivergence","Elapsed":0.01}
{"Time":"2026-10-05T11:14:59.40046803Z","Action":"run","Package":"go.temporal.io/server/tools/gomad3/qualification/soak","Test":"TestInformationalPlatformReportsADivergenceWithoutFailing"}
{"Time":"2026-10-05T11:14:59.400469489Z","Action":"output","Package":"go.temporal.io/server/tools/gomad3/qualification/soak","Test":"TestInformationalPlatformReportsADivergenceWithoutFailing","Output":"=== RUN   TestInformationalPlatformReportsADivergenceWithoutFailing\n","OutputType":"frame"}
{"Time":"2026-10-05T11:14:59.400918572Z","Action":"output","Package":"go.temporal.io/server/tools/gomad3/qualification/set","Test":"TestRunPublishesCheckedExpectedBoundaryEvidence","Output":"--- PASS: TestRunPublishesCheckedExpectedBoundaryEvidence (0.00s)\n","OutputType":"frame"}
{"Time":"2026-10-05T11:14:59.400922572Z","Action":"pass","Package":"go.temporal.io/server/tools/gomad3/qualification/set","Test":"TestRunPublishesCheckedExpectedBoundaryEvidence","Elapsed":0}
{"Time":"2026-10-05T11:14:59.400924572Z","Action":"run","Package":"go.temporal.io/server/tools/gomad3/qualification/set","Test":"TestRunRetainsAllEvidenceWhenAnExpectationChanges"}
{"Time":"2026-10-05T11:14:59.400925822Z","Action":"output","Package":"go.temporal.io/server/tools/gomad3/qualification/set","Test":"TestRunRetainsAllEvidenceWhenAnExpectationChanges","Output":"=== RUN   TestRunRetainsAllEvidenceWhenAnExpectationChanges\n","OutputType":"frame"}
{"Time":"2026-10-05T11:14:59.403753697Z","Action":"output","Package":"go.temporal.io/server/tools/gomad3/qualification/set","Test":"TestRunRetainsAllEvidenceWhenAnExpectationChanges","Output":"--- PASS: TestRunRetainsAllEvidenceWhenAnExpectationChanges (0.00s)\n","OutputType":"frame"}
{"Time":"2026-10-05T11:14:59.403759989Z","Action":"pass","Package":"go.temporal.io/server/tools/gomad3/qualification/set","Test":"TestRunRetainsAllEvidenceWhenAnExpectationChanges","Elapsed":0}
{"Time":"2026-10-05T11:14:59.403762072Z","Action":"run","Package":"go.temporal.io/server/tools/gomad3/qualification/set","Test":"TestRunReportRetainsRequestedSeeds"}
{"Time":"2026-10-05T11:14:59.40376403Z","Action":"output","Package":"go.temporal.io/server/tools/gomad3/qualification/set","Test":"TestRunReportRetainsRequestedSeeds","Output":"=== RUN   TestRunReportRetainsRequestedSeeds\n","OutputType":"frame"}
{"Time":"2026-10-05T11:14:59.40595778Z","Action":"output","Package":"go.temporal.io/server/tools/gomad3/qualification/soak","Test":"TestInformationalPlatformReportsADivergenceWithoutFailing","Output":"--- PASS: TestInformationalPlatformReportsADivergenceWithoutFailing (0.01s)\n","OutputType":"frame"}
{"Time":"2026-10-05T11:14:59.405964447Z","Action":"pass","Package":"go.temporal.io/server/tools/gomad3/qualification/soak","Test":"TestInformationalPlatformReportsADivergenceWithoutFailing","Elapsed":0.01}
{"Time":"2026-10-05T11:14:59.405966572Z","Action":"run","Package":"go.temporal.io/server/tools/gomad3/qualification/soak","Test":"TestInfrastructureFailureIsNotAPassOrADivergence"}
{"Time":"2026-10-05T11:14:59.405968405Z","Action":"output","Package":"go.temporal.io/server/tools/gomad3/qualification/soak","Test":"TestInfrastructureFailureIsNotAPassOrADivergence","Output":"=== RUN   TestInfrastructureFailureIsNotAPassOrADivergence\n","OutputType":"frame"}
{"Time":"2026-10-05T11:14:59.406394739Z","Action":"output","Package":"go.temporal.io/server/tools/gomad3/qualification/set","Test":"TestRunReportRetainsRequestedSeeds","Output":"--- PASS: TestRunReportRetainsRequestedSeeds (0.00s)\n","OutputType":"frame"}
{"Time":"2026-10-05T11:14:59.406401822Z","Action":"pass","Package":"go.temporal.io/server/tools/gomad3/qualification/set","Test":"TestRunReportRetainsRequestedSeeds","Elapsed":0}
{"Time":"2026-10-05T11:14:59.406404239Z","Action":"run","Package":"go.temporal.io/server/tools/gomad3/qualification/set","Test":"TestOpenReportRejectsCountersThatDisagreeWithWorkloads"}
{"Time":"2026-10-05T11:14:59.40640578Z","Action":"output","Package":"go.temporal.io/server/tools/gomad3/qualification/set","Test":"TestOpenReportRejectsCountersThatDisagreeWithWorkloads","Output":"=== RUN   TestOpenReportRejectsCountersThatDisagreeWithWorkloads\n","OutputType":"frame"}
{"Time":"2026-10-05T11:14:59.406763239Z","Action":"output","Package":"go.temporal.io/server/tools/gomad3/qualification/soak","Test":"TestInfrastructureFailureIsNotAPassOrADivergence","Output":"--- PASS: TestInfrastructureFailureIsNotAPassOrADivergence (0.00s)\n","OutputType":"frame"}
{"Time":"2026-10-05T11:14:59.406767489Z","Action":"pass","Package":"go.temporal.io/server/tools/gomad3/qualification/soak","Test":"TestInfrastructureFailureIsNotAPassOrADivergence","Elapsed":0}
{"Time":"2026-10-05T11:14:59.406769155Z","Action":"run","Package":"go.temporal.io/server/tools/gomad3/qualification/soak","Test":"TestRunStopsAddingRoundsPastTheMinimumWhenTheBudgetIsShort"}
{"Time":"2026-10-05T11:14:59.406770614Z","Action":"output","Package":"go.temporal.io/server/tools/gomad3/qualification/soak","Test":"TestRunStopsAddingRoundsPastTheMinimumWhenTheBudgetIsShort","Output":"=== RUN   TestRunStopsAddingRoundsPastTheMinimumWhenTheBudgetIsShort\n","OutputType":"frame"}
{"Time":"2026-10-05T11:14:59.409840989Z","Action":"output","Package":"go.temporal.io/server/tools/gomad3/qualification/set","Test":"TestOpenReportRejectsCountersThatDisagreeWithWorkloads","Output":"--- PASS: TestOpenReportRejectsCountersThatDisagreeWithWorkloads (0.00s)\n","OutputType":"frame"}
{"Time":"2026-10-05T11:14:59.409856947Z","Action":"pass","Package":"go.temporal.io/server/tools/gomad3/qualification/set","Test":"TestOpenReportRejectsCountersThatDisagreeWithWorkloads","Elapsed":0}
{"Time":"2026-10-05T11:14:59.409860655Z","Action":"run","Package":"go.temporal.io/server/tools/gomad3/qualification/set","Test":"TestOpenReportRejectsInvalidModuleDigest"}
{"Time":"2026-10-05T11:14:59.409862739Z","Action":"output","Package":"go.temporal.io/server/tools/gomad3/qualification/set","Test":"TestOpenReportRejectsInvalidModuleDigest","Output":"=== RUN   TestOpenReportRejectsInvalidModuleDigest\n","OutputType":"frame"}
{"Time":"2026-10-05T11:14:59.412665197Z","Action":"output","Package":"go.temporal.io/server/tools/gomad3/qualification/soak","Test":"TestRunStopsAddingRoundsPastTheMinimumWhenTheBudgetIsShort","Output":"--- PASS: TestRunStopsAddingRoundsPastTheMinimumWhenTheBudgetIsShort (0.01s)\n","OutputType":"frame"}
{"Time":"2026-10-05T11:14:59.412675197Z","Action":"pass","Package":"go.temporal.io/server/tools/gomad3/qualification/soak","Test":"TestRunStopsAddingRoundsPastTheMinimumWhenTheBudgetIsShort","Elapsed":0.01}
{"Time":"2026-10-05T11:14:59.412678072Z","Action":"run","Package":"go.temporal.io/server/tools/gomad3/qualification/soak","Test":"TestExhaustedBudgetIsReportedAsInfrastructure"}
{"Time":"2026-10-05T11:14:59.412679864Z","Action":"output","Package":"go.temporal.io/server/tools/gomad3/qualification/soak","Test":"TestExhaustedBudgetIsReportedAsInfrastructure","Output":"=== RUN   TestExhaustedBudgetIsReportedAsInfrastructure\n","OutputType":"frame"}
{"Time":"2026-10-05T11:14:59.41316853Z","Action":"output","Package":"go.temporal.io/server/tools/gomad3/qualification/set","Test":"TestOpenReportRejectsInvalidModuleDigest","Output":"--- PASS: TestOpenReportRejectsInvalidModuleDigest (0.00s)\n","OutputType":"frame"}
{"Time":"2026-10-05T11:14:59.413175614Z","Action":"pass","Package":"go.temporal.io/server/tools/gomad3/qualification/set","Test":"TestOpenReportRejectsInvalidModuleDigest","Elapsed":0}
{"Time":"2026-10-05T11:14:59.413178239Z","Action":"run","Package":"go.temporal.io/server/tools/gomad3/qualification/set","Test":"TestOpenReportRejectsHardLinkedEvidence"}
{"Time":"2026-10-05T11:14:59.413179864Z","Action":"output","Package":"go.temporal.io/server/tools/gomad3/qualification/set","Test":"TestOpenReportRejectsHardLinkedEvidence","Output":"=== RUN   TestOpenReportRejectsHardLinkedEvidence\n","OutputType":"frame"}
{"Time":"2026-10-05T11:14:59.41338153Z","Action":"output","Package":"go.temporal.io/server/tools/gomad3/qualification/soak","Test":"TestExhaustedBudgetIsReportedAsInfrastructure","Output":"--- PASS: TestExhaustedBudgetIsReportedAsInfrastructure (0.00s)\n","OutputType":"frame"}
{"Time":"2026-10-05T11:14:59.41338753Z","Action":"pass","Package":"go.temporal.io/server/tools/gomad3/qualification/soak","Test":"TestExhaustedBudgetIsReportedAsInfrastructure","Elapsed":0}
{"Time":"2026-10-05T11:14:59.413390655Z","Action":"run","Package":"go.temporal.io/server/tools/gomad3/qualification/soak","Test":"TestSelectedManifestIsValid"}
{"Time":"2026-10-05T11:14:59.413392447Z","Action":"output","Package":"go.temporal.io/server/tools/gomad3/qualification/soak","Test":"TestSelectedManifestIsValid","Output":"=== RUN   TestSelectedManifestIsValid\n","OutputType":"frame"}
{"Time":"2026-10-05T11:14:59.415423697Z","Action":"output","Package":"go.temporal.io/server/tools/gomad3/qualification/soak","Test":"TestSelectedManifestIsValid","Output":"--- PASS: TestSelectedManifestIsValid (0.00s)\n","OutputType":"frame"}
{"Time":"2026-10-05T11:14:59.415429155Z","Action":"pass","Package":"go.temporal.io/server/tools/gomad3/qualification/soak","Test":"TestSelectedManifestIsValid","Elapsed":0}
{"Time":"2026-10-05T11:14:59.415432197Z","Action":"run","Package":"go.temporal.io/server/tools/gomad3/qualification/soak","Test":"TestOverflowRepetitionsDoNotEnterTheBound"}
{"Time":"2026-10-05T11:14:59.415433447Z","Action":"output","Package":"go.temporal.io/server/tools/gomad3/qualification/soak","Test":"TestOverflowRepetitionsDoNotEnterTheBound","Output":"=== RUN   TestOverflowRepetitionsDoNotEnterTheBound\n","OutputType":"frame"}
{"Time":"2026-10-05T11:14:59.415511989Z","Action":"output","Package":"go.temporal.io/server/tools/gomad3/qualification/soak","Test":"TestOverflowRepetitionsDoNotEnterTheBound","Output":"--- PASS: TestOverflowRepetitionsDoNotEnterTheBound (0.00s)\n","OutputType":"frame"}
{"Time":"2026-10-05T11:14:59.415514197Z","Action":"pass","Package":"go.temporal.io/server/tools/gomad3/qualification/soak","Test":"TestOverflowRepetitionsDoNotEnterTheBound","Elapsed":0}
{"Time":"2026-10-05T11:14:59.415516322Z","Action":"run","Package":"go.temporal.io/server/tools/gomad3/qualification/soak","Test":"TestFailedBaselineRetentionIsInfrastructureAndLeavesNoBaseline"}
{"Time":"2026-10-05T11:14:59.41551778Z","Action":"output","Package":"go.temporal.io/server/tools/gomad3/qualification/soak","Test":"TestFailedBaselineRetentionIsInfrastructureAndLeavesNoBaseline","Output":"=== RUN   TestFailedBaselineRetentionIsInfrastructureAndLeavesNoBaseline\n","OutputType":"frame"}
{"Time":"2026-10-05T11:14:59.41558453Z","Action":"output","Package":"go.temporal.io/server/tools/gomad3/qualification/soak","Test":"TestFailedBaselineRetentionIsInfrastructureAndLeavesNoBaseline","Output":"--- PASS: TestFailedBaselineRetentionIsInfrastructureAndLeavesNoBaseline (0.00s)\n","OutputType":"frame"}
{"Time":"2026-10-05T11:14:59.41558703Z","Action":"pass","Package":"go.temporal.io/server/tools/gomad3/qualification/soak","Test":"TestFailedBaselineRetentionIsInfrastructureAndLeavesNoBaseline","Elapsed":0}
{"Time":"2026-10-05T11:14:59.415588322Z","Action":"output","Package":"go.temporal.io/server/tools/gomad3/qualification/soak","Output":"PASS\n","OutputType":"frame"}
{"Time":"2026-10-05T11:14:59.415907739Z","Action":"output","Package":"go.temporal.io/server/tools/gomad3/qualification/soak","Output":"ok  \tgo.temporal.io/server/tools/gomad3/qualification/soak\t0.070s\n"}
{"Time":"2026-10-05T11:14:59.415914822Z","Action":"pass","Package":"go.temporal.io/server/tools/gomad3/qualification/soak","Elapsed":0.07}
{"Time":"2026-10-05T11:14:59.417021822Z","Action":"output","Package":"go.temporal.io/server/tools/gomad3/qualification/set","Test":"TestOpenReportRejectsHardLinkedEvidence","Output":"--- PASS: TestOpenReportRejectsHardLinkedEvidence (0.00s)\n","OutputType":"frame"}
{"Time":"2026-10-05T11:14:59.417026905Z","Action":"pass","Package":"go.temporal.io/server/tools/gomad3/qualification/set","Test":"TestOpenReportRejectsHardLinkedEvidence","Elapsed":0}
{"Time":"2026-10-05T11:14:59.417028697Z","Action":"run","Package":"go.temporal.io/server/tools/gomad3/qualification/set","Test":"TestRunCountsRetainedRunnerFailureAsInfrastructure"}
{"Time":"2026-10-05T11:14:59.417030155Z","Action":"output","Package":"go.temporal.io/server/tools/gomad3/qualification/set","Test":"TestRunCountsRetainedRunnerFailureAsInfrastructure","Output":"=== RUN   TestRunCountsRetainedRunnerFailureAsInfrastructure\n","OutputType":"frame"}
{"Time":"2026-10-05T11:14:59.423668114Z","Action":"output","Package":"go.temporal.io/server/tools/gomad3/qualification/set","Test":"TestRunCountsRetainedRunnerFailureAsInfrastructure","Output":"--- PASS: TestRunCountsRetainedRunnerFailureAsInfrastructure (0.01s)\n","OutputType":"frame"}
{"Time":"2026-10-05T11:14:59.423678947Z","Action":"pass","Package":"go.temporal.io/server/tools/gomad3/qualification/set","Test":"TestRunCountsRetainedRunnerFailureAsInfrastructure","Elapsed":0.01}
{"Time":"2026-10-05T11:14:59.42368153Z","Action":"run","Package":"go.temporal.io/server/tools/gomad3/qualification/set","Test":"TestRunPreservesRequestedSeedWhenEvidenceProjectionFails"}
{"Time":"2026-10-05T11:14:59.423683114Z","Action":"output","Package":"go.temporal.io/server/tools/gomad3/qualification/set","Test":"TestRunPreservesRequestedSeedWhenEvidenceProjectionFails","Output":"=== RUN   TestRunPreservesRequestedSeedWhenEvidenceProjectionFails\n","OutputType":"frame"}
{"Time":"2026-10-05T11:14:59.426839322Z","Action":"output","Package":"go.temporal.io/server/tools/gomad3/qualification/set","Test":"TestRunPreservesRequestedSeedWhenEvidenceProjectionFails","Output":"--- PASS: TestRunPreservesRequestedSeedWhenEvidenceProjectionFails (0.00s)\n","OutputType":"frame"}
{"Time":"2026-10-05T11:14:59.426844114Z","Action":"pass","Package":"go.temporal.io/server/tools/gomad3/qualification/set","Test":"TestRunPreservesRequestedSeedWhenEvidenceProjectionFails","Elapsed":0}
{"Time":"2026-10-05T11:14:59.426845905Z","Action":"run","Package":"go.temporal.io/server/tools/gomad3/qualification/set","Test":"TestRunKeepsNondeterministicSeedClassification"}
{"Time":"2026-10-05T11:14:59.426847239Z","Action":"output","Package":"go.temporal.io/server/tools/gomad3/qualification/set","Test":"TestRunKeepsNondeterministicSeedClassification","Output":"=== RUN   TestRunKeepsNondeterministicSeedClassification\n","OutputType":"frame"}
{"Time":"2026-10-05T11:14:59.429774072Z","Action":"output","Package":"go.temporal.io/server/tools/gomad3/qualification/set","Test":"TestRunKeepsNondeterministicSeedClassification","Output":"--- PASS: TestRunKeepsNondeterministicSeedClassification (0.00s)\n","OutputType":"frame"}
{"Time":"2026-10-05T11:14:59.42978728Z","Action":"pass","Package":"go.temporal.io/server/tools/gomad3/qualification/set","Test":"TestRunKeepsNondeterministicSeedClassification","Elapsed":0}
{"Time":"2026-10-05T11:14:59.429789655Z","Action":"run","Package":"go.temporal.io/server/tools/gomad3/qualification/set","Test":"TestProjectSeedReportDoesNotClaimExactReplayForDivergedReplay"}
{"Time":"2026-10-05T11:14:59.429791697Z","Action":"output","Package":"go.temporal.io/server/tools/gomad3/qualification/set","Test":"TestProjectSeedReportDoesNotClaimExactReplayForDivergedReplay","Output":"=== RUN   TestProjectSeedReportDoesNotClaimExactReplayForDivergedReplay\n","OutputType":"frame"}
{"Time":"2026-10-05T11:14:59.429794155Z","Action":"output","Package":"go.temporal.io/server/tools/gomad3/qualification/set","Test":"TestProjectSeedReportDoesNotClaimExactReplayForDivergedReplay","Output":"--- PASS: TestProjectSeedReportDoesNotClaimExactReplayForDivergedReplay (0.00s)\n","OutputType":"frame"}
{"Time":"2026-10-05T11:14:59.429795447Z","Action":"pass","Package":"go.temporal.io/server/tools/gomad3/qualification/set","Test":"TestProjectSeedReportDoesNotClaimExactReplayForDivergedReplay","Elapsed":0}
{"Time":"2026-10-05T11:14:59.429796739Z","Action":"run","Package":"go.temporal.io/server/tools/gomad3/qualification/set","Test":"TestProjectSeedReportDoesNotClaimExactReplayWithoutOneChoiceTape"}
{"Time":"2026-10-05T11:14:59.429797822Z","Action":"output","Package":"go.temporal.io/server/tools/gomad3/qualification/set","Test":"TestProjectSeedReportDoesNotClaimExactReplayWithoutOneChoiceTape","Output":"=== RUN   TestProjectSeedReportDoesNotClaimExactReplayWithoutOneChoiceTape\n","OutputType":"frame"}
{"Time":"2026-10-05T11:14:59.429799447Z","Action":"output","Package":"go.temporal.io/server/tools/gomad3/qualification/set","Test":"TestProjectSeedReportDoesNotClaimExactReplayWithoutOneChoiceTape","Output":"--- PASS: TestProjectSeedReportDoesNotClaimExactReplayWithoutOneChoiceTape (0.00s)\n","OutputType":"frame"}
{"Time":"2026-10-05T11:14:59.429800947Z","Action":"pass","Package":"go.temporal.io/server/tools/gomad3/qualification/set","Test":"TestProjectSeedReportDoesNotClaimExactReplayWithoutOneChoiceTape","Elapsed":0}
{"Time":"2026-10-05T11:14:59.429802655Z","Action":"run","Package":"go.temporal.io/server/tools/gomad3/qualification/set","Test":"TestProjectSeedReportClaimsNoReplayForAnUntracedWorkload"}
{"Time":"2026-10-05T11:14:59.429803739Z","Action":"output","Package":"go.temporal.io/server/tools/gomad3/qualification/set","Test":"TestProjectSeedReportClaimsNoReplayForAnUntracedWorkload","Output":"=== RUN   TestProjectSeedReportClaimsNoReplayForAnUntracedWorkload\n","OutputType":"frame"}
{"Time":"2026-10-05T11:14:59.42985278Z","Action":"output","Package":"go.temporal.io/server/tools/gomad3/qualification/set","Test":"TestProjectSeedReportClaimsNoReplayForAnUntracedWorkload","Output":"--- PASS: TestProjectSeedReportClaimsNoReplayForAnUntracedWorkload (0.00s)\n","OutputType":"frame"}
{"Time":"2026-10-05T11:14:59.429854739Z","Action":"pass","Package":"go.temporal.io/server/tools/gomad3/qualification/set","Test":"TestProjectSeedReportClaimsNoReplayForAnUntracedWorkload","Elapsed":0}
{"Time":"2026-10-05T11:14:59.429856072Z","Action":"run","Package":"go.temporal.io/server/tools/gomad3/qualification/set","Test":"TestRunMeetsUnrepeatableExpectationForEitherOutcome"}
{"Time":"2026-10-05T11:14:59.429857155Z","Action":"output","Package":"go.temporal.io/server/tools/gomad3/qualification/set","Test":"TestRunMeetsUnrepeatableExpectationForEitherOutcome","Output":"=== RUN   TestRunMeetsUnrepeatableExpectationForEitherOutcome\n","OutputType":"frame"}
{"Time":"2026-10-05T11:14:59.429860364Z","Action":"run","Package":"go.temporal.io/server/tools/gomad3/qualification/set","Test":"TestRunMeetsUnrepeatableExpectationForEitherOutcome/nondeterministic"}
{"Time":"2026-10-05T11:14:59.429862947Z","Action":"output","Package":"go.temporal.io/server/tools/gomad3/qualification/set","Test":"TestRunMeetsUnrepeatableExpectationForEitherOutcome/nondeterministic","Output":"=== RUN   TestRunMeetsUnrepeatableExpectationForEitherOutcome/nondeterministic\n","OutputType":"frame"}
{"Time":"2026-10-05T11:14:59.433138447Z","Action":"output","Package":"go.temporal.io/server/tools/gomad3/qualification/set","Test":"TestRunMeetsUnrepeatableExpectationForEitherOutcome/nondeterministic","Output":"--- PASS: TestRunMeetsUnrepeatableExpectationForEitherOutcome/nondeterministic (0.00s)\n","OutputType":"frame"}
{"Time":"2026-10-05T11:14:59.433143239Z","Action":"pass","Package":"go.temporal.io/server/tools/gomad3/qualification/set","Test":"TestRunMeetsUnrepeatableExpectationForEitherOutcome/nondeterministic","Elapsed":0}
{"Time":"2026-10-05T11:14:59.433144989Z","Action":"run","Package":"go.temporal.io/server/tools/gomad3/qualification/set","Test":"TestRunMeetsUnrepeatableExpectationForEitherOutcome/replay_divergence"}
{"Time":"2026-10-05T11:14:59.433146364Z","Action":"output","Package":"go.temporal.io/server/tools/gomad3/qualification/set","Test":"TestRunMeetsUnrepeatableExpectationForEitherOutcome/replay_divergence","Output":"=== RUN   TestRunMeetsUnrepeatableExpectationForEitherOutcome/replay_divergence\n","OutputType":"frame"}
{"Time":"2026-10-05T11:14:59.436001447Z","Action":"output","Package":"go.temporal.io/server/tools/gomad3/qualification/set","Test":"TestRunMeetsUnrepeatableExpectationForEitherOutcome/replay_divergence","Output":"--- PASS: TestRunMeetsUnrepeatableExpectationForEitherOutcome/replay_divergence (0.00s)\n","OutputType":"frame"}
{"Time":"2026-10-05T11:14:59.436007989Z","Action":"pass","Package":"go.temporal.io/server/tools/gomad3/qualification/set","Test":"TestRunMeetsUnrepeatableExpectationForEitherOutcome/replay_divergence","Elapsed":0}
{"Time":"2026-10-05T11:14:59.436010489Z","Action":"output","Package":"go.temporal.io/server/tools/gomad3/qualification/set","Test":"TestRunMeetsUnrepeatableExpectationForEitherOutcome","Output":"--- PASS: TestRunMeetsUnrepeatableExpectationForEitherOutcome (0.01s)\n","OutputType":"frame"}
{"Time":"2026-10-05T11:14:59.436012197Z","Action":"pass","Package":"go.temporal.io/server/tools/gomad3/qualification/set","Test":"TestRunMeetsUnrepeatableExpectationForEitherOutcome","Elapsed":0.01}
{"Time":"2026-10-05T11:14:59.436013864Z","Action":"run","Package":"go.temporal.io/server/tools/gomad3/qualification/set","Test":"TestUnrepeatableExpectationRejectsQualifiedSeeds"}
{"Time":"2026-10-05T11:14:59.436015697Z","Action":"output","Package":"go.temporal.io/server/tools/gomad3/qualification/set","Test":"TestUnrepeatableExpectationRejectsQualifiedSeeds","Output":"=== RUN   TestUnrepeatableExpectationRejectsQualifiedSeeds\n","OutputType":"frame"}
{"Time":"2026-10-05T11:14:59.436017655Z","Action":"output","Package":"go.temporal.io/server/tools/gomad3/qualification/set","Test":"TestUnrepeatableExpectationRejectsQualifiedSeeds","Output":"--- PASS: TestUnrepeatableExpectationRejectsQualifiedSeeds (0.00s)\n","OutputType":"frame"}
{"Time":"2026-10-05T11:14:59.43601903Z","Action":"pass","Package":"go.temporal.io/server/tools/gomad3/qualification/set","Test":"TestUnrepeatableExpectationRejectsQualifiedSeeds","Elapsed":0}
{"Time":"2026-10-05T11:14:59.436020322Z","Action":"run","Package":"go.temporal.io/server/tools/gomad3/qualification/set","Test":"TestIntermittentExpectationAcceptsQualifiedAndUnrepeatableSeeds"}
{"Time":"2026-10-05T11:14:59.436021447Z","Action":"output","Package":"go.temporal.io/server/tools/gomad3/qualification/set","Test":"TestIntermittentExpectationAcceptsQualifiedAndUnrepeatableSeeds","Output":"=== RUN   TestIntermittentExpectationAcceptsQualifiedAndUnrepeatableSeeds\n","OutputType":"frame"}
{"Time":"2026-10-05T11:14:59.436025864Z","Action":"output","Package":"go.temporal.io/server/tools/gomad3/qualification/set","Test":"TestIntermittentExpectationAcceptsQualifiedAndUnrepeatableSeeds","Output":"--- PASS: TestIntermittentExpectationAcceptsQualifiedAndUnrepeatableSeeds (0.00s)\n","OutputType":"frame"}
{"Time":"2026-10-05T11:14:59.436027155Z","Action":"pass","Package":"go.temporal.io/server/tools/gomad3/qualification/set","Test":"TestIntermittentExpectationAcceptsQualifiedAndUnrepeatableSeeds","Elapsed":0}
{"Time":"2026-10-05T11:14:59.436028655Z","Action":"run","Package":"go.temporal.io/server/tools/gomad3/qualification/set","Test":"TestRunMeetsIntermittentExpectationForQualifiedAndUnrepeatableOutcomes"}
{"Time":"2026-10-05T11:14:59.436029864Z","Action":"output","Package":"go.temporal.io/server/tools/gomad3/qualification/set","Test":"TestRunMeetsIntermittentExpectationForQualifiedAndUnrepeatableOutcomes","Output":"=== RUN   TestRunMeetsIntermittentExpectationForQualifiedAndUnrepeatableOutcomes\n","OutputType":"frame"}
{"Time":"2026-10-05T11:14:59.436031155Z","Action":"run","Package":"go.temporal.io/server/tools/gomad3/qualification/set","Test":"TestRunMeetsIntermittentExpectationForQualifiedAndUnrepeatableOutcomes/nondeterministic"}
{"Time":"2026-10-05T11:14:59.43603228Z","Action":"output","Package":"go.temporal.io/server/tools/gomad3/qualification/set","Test":"TestRunMeetsIntermittentExpectationForQualifiedAndUnrepeatableOutcomes/nondeterministic","Output":"=== RUN   TestRunMeetsIntermittentExpectationForQualifiedAndUnrepeatableOutcomes/nondeterministic\n","OutputType":"frame"}
{"Time":"2026-10-05T11:14:59.439292614Z","Action":"output","Package":"go.temporal.io/server/tools/gomad3/qualification/set","Test":"TestRunMeetsIntermittentExpectationForQualifiedAndUnrepeatableOutcomes/nondeterministic","Output":"--- PASS: TestRunMeetsIntermittentExpectationForQualifiedAndUnrepeatableOutcomes/nondeterministic (0.00s)\n","OutputType":"frame"}
{"Time":"2026-10-05T11:14:59.439313114Z","Action":"pass","Package":"go.temporal.io/server/tools/gomad3/qualification/set","Test":"TestRunMeetsIntermittentExpectationForQualifiedAndUnrepeatableOutcomes/nondeterministic","Elapsed":0}
{"Time":"2026-10-05T11:14:59.439317614Z","Action":"run","Package":"go.temporal.io/server/tools/gomad3/qualification/set","Test":"TestRunMeetsIntermittentExpectationForQualifiedAndUnrepeatableOutcomes/replay_divergence"}
{"Time":"2026-10-05T11:14:59.439319572Z","Action":"output","Package":"go.temporal.io/server/tools/gomad3/qualification/set","Test":"TestRunMeetsIntermittentExpectationForQualifiedAndUnrepeatableOutcomes/replay_divergence","Output":"=== RUN   TestRunMeetsIntermittentExpectationForQualifiedAndUnrepeatableOutcomes/replay_divergence\n","OutputType":"frame"}
{"Time":"2026-10-05T11:14:59.443602947Z","Action":"output","Package":"go.temporal.io/server/tools/gomad3/qualification/set","Test":"TestRunMeetsIntermittentExpectationForQualifiedAndUnrepeatableOutcomes/replay_divergence","Output":"--- PASS: TestRunMeetsIntermittentExpectationForQualifiedAndUnrepeatableOutcomes/replay_divergence (0.00s)\n","OutputType":"frame"}
{"Time":"2026-10-05T11:14:59.443614447Z","Action":"pass","Package":"go.temporal.io/server/tools/gomad3/qualification/set","Test":"TestRunMeetsIntermittentExpectationForQualifiedAndUnrepeatableOutcomes/replay_divergence","Elapsed":0}
{"Time":"2026-10-05T11:14:59.44361753Z","Action":"output","Package":"go.temporal.io/server/tools/gomad3/qualification/set","Test":"TestRunMeetsIntermittentExpectationForQualifiedAndUnrepeatableOutcomes","Output":"--- PASS: TestRunMeetsIntermittentExpectationForQualifiedAndUnrepeatableOutcomes (0.01s)\n","OutputType":"frame"}
{"Time":"2026-10-05T11:14:59.443619405Z","Action":"pass","Package":"go.temporal.io/server/tools/gomad3/qualification/set","Test":"TestRunMeetsIntermittentExpectationForQualifiedAndUnrepeatableOutcomes","Elapsed":0.01}
{"Time":"2026-10-05T11:14:59.443621614Z","Action":"run","Package":"go.temporal.io/server/tools/gomad3/qualification/set","Test":"TestLoadManifestRejectsDuplicateWorkloadNames"}
{"Time":"2026-10-05T11:14:59.443623197Z","Action":"output","Package":"go.temporal.io/server/tools/gomad3/qualification/set","Test":"TestLoadManifestRejectsDuplicateWorkloadNames","Output":"=== RUN   TestLoadManifestRejectsDuplicateWorkloadNames\n","OutputType":"frame"}
{"Time":"2026-10-05T11:14:59.443820822Z","Action":"output","Package":"go.temporal.io/server/tools/gomad3/qualification/set","Test":"TestLoadManifestRejectsDuplicateWorkloadNames","Output":"--- PASS: TestLoadManifestRejectsDuplicateWorkloadNames (0.00s)\n","OutputType":"frame"}
{"Time":"2026-10-05T11:14:59.443827864Z","Action":"pass","Package":"go.temporal.io/server/tools/gomad3/qualification/set","Test":"TestLoadManifestRejectsDuplicateWorkloadNames","Elapsed":0}
{"Time":"2026-10-05T11:14:59.443830322Z","Action":"run","Package":"go.temporal.io/server/tools/gomad3/qualification/set","Test":"TestLoadManifestRejectsUnknownRequiredProbes"}
{"Time":"2026-10-05T11:14:59.443831905Z","Action":"output","Package":"go.temporal.io/server/tools/gomad3/qualification/set","Test":"TestLoadManifestRejectsUnknownRequiredProbes","Output":"=== RUN   TestLoadManifestRejectsUnknownRequiredProbes\n","OutputType":"frame"}
{"Time":"2026-10-05T11:14:59.444022155Z","Action":"output","Package":"go.temporal.io/server/tools/gomad3/qualification/set","Test":"TestLoadManifestRejectsUnknownRequiredProbes","Output":"--- PASS: TestLoadManifestRejectsUnknownRequiredProbes (0.00s)\n","OutputType":"frame"}
{"Time":"2026-10-05T11:14:59.444025822Z","Action":"pass","Package":"go.temporal.io/server/tools/gomad3/qualification/set","Test":"TestLoadManifestRejectsUnknownRequiredProbes","Elapsed":0}
{"Time":"2026-10-05T11:14:59.444027322Z","Action":"run","Package":"go.temporal.io/server/tools/gomad3/qualification/set","Test":"TestLoadManifestRequiresFindingOnFailureExpectations"}
{"Time":"2026-10-05T11:14:59.444028572Z","Action":"output","Package":"go.temporal.io/server/tools/gomad3/qualification/set","Test":"TestLoadManifestRequiresFindingOnFailureExpectations","Output":"=== RUN   TestLoadManifestRequiresFindingOnFailureExpectations\n","OutputType":"frame"}
{"Time":"2026-10-05T11:14:59.444128989Z","Action":"run","Package":"go.temporal.io/server/tools/gomad3/qualification/set","Test":"TestLoadManifestRequiresFindingOnFailureExpectations/intermittent_with_finding"}
{"Time":"2026-10-05T11:14:59.44413153Z","Action":"output","Package":"go.temporal.io/server/tools/gomad3/qualification/set","Test":"TestLoadManifestRequiresFindingOnFailureExpectations/intermittent_with_finding","Output":"=== RUN   TestLoadManifestRequiresFindingOnFailureExpectations/intermittent_with_finding\n","OutputType":"frame"}
{"Time":"2026-10-05T11:14:59.444196114Z","Action":"output","Package":"go.temporal.io/server/tools/gomad3/qualification/set","Test":"TestLoadManifestRequiresFindingOnFailureExpectations/intermittent_with_finding","Output":"--- PASS: TestLoadManifestRequiresFindingOnFailureExpectations/intermittent_with_finding (0.00s)\n","OutputType":"frame"}
{"Time":"2026-10-05T11:14:59.444199697Z","Action":"pass","Package":"go.temporal.io/server/tools/gomad3/qualification/set","Test":"TestLoadManifestRequiresFindingOnFailureExpectations/intermittent_with_finding","Elapsed":0}
{"Time":"2026-10-05T11:14:59.444201072Z","Action":"run","Package":"go.temporal.io/server/tools/gomad3/qualification/set","Test":"TestLoadManifestRequiresFindingOnFailureExpectations/intermittent_without_finding"}
{"Time":"2026-10-05T11:14:59.444202364Z","Action":"output","Package":"go.temporal.io/server/tools/gomad3/qualification/set","Test":"TestLoadManifestRequiresFindingOnFailureExpectations/intermittent_without_finding","Output":"=== RUN   TestLoadManifestRequiresFindingOnFailureExpectations/intermittent_without_finding\n","OutputType":"frame"}
{"Time":"2026-10-05T11:14:59.444256614Z","Action":"output","Package":"go.temporal.io/server/tools/gomad3/qualification/set","Test":"TestLoadManifestRequiresFindingOnFailureExpectations/intermittent_without_finding","Output":"--- PASS: TestLoadManifestRequiresFindingOnFailureExpectations/intermittent_without_finding (0.00s)\n","OutputType":"frame"}
{"Time":"2026-10-05T11:14:59.44426028Z","Action":"pass","Package":"go.temporal.io/server/tools/gomad3/qualification/set","Test":"TestLoadManifestRequiresFindingOnFailureExpectations/intermittent_without_finding","Elapsed":0}
{"Time":"2026-10-05T11:14:59.444262114Z","Action":"run","Package":"go.temporal.io/server/tools/gomad3/qualification/set","Test":"TestLoadManifestRequiresFindingOnFailureExpectations/target_failure_blank_finding"}
{"Time":"2026-10-05T11:14:59.444265239Z","Action":"output","Package":"go.temporal.io/server/tools/gomad3/qualification/set","Test":"TestLoadManifestRequiresFindingOnFailureExpectations/target_failure_blank_finding","Output":"=== RUN   TestLoadManifestRequiresFindingOnFailureExpectations/target_failure_blank_finding\n","OutputType":"frame"}
{"Time":"2026-10-05T11:14:59.444321739Z","Action":"output","Package":"go.temporal.io/server/tools/gomad3/qualification/set","Test":"TestLoadManifestRequiresFindingOnFailureExpectations/target_failure_blank_finding","Output":"--- PASS: TestLoadManifestRequiresFindingOnFailureExpectations/target_failure_blank_finding (0.00s)\n","OutputType":"frame"}
{"Time":"2026-10-05T11:14:59.444327322Z","Action":"pass","Package":"go.temporal.io/server/tools/gomad3/qualification/set","Test":"TestLoadManifestRequiresFindingOnFailureExpectations/target_failure_blank_finding","Elapsed":0}
{"Time":"2026-10-05T11:14:59.444328947Z","Action":"run","Package":"go.temporal.io/server/tools/gomad3/qualification/set","Test":"TestLoadManifestRequiresFindingOnFailureExpectations/qualified_with_finding"}
{"Time":"2026-10-05T11:14:59.444330239Z","Action":"output","Package":"go.temporal.io/server/tools/gomad3/qualification/set","Test":"TestLoadManifestRequiresFindingOnFailureExpectations/qualified_with_finding","Output":"=== RUN   TestLoadManifestRequiresFindingOnFailureExpectations/qualified_with_finding\n","OutputType":"frame"}
{"Time":"2026-10-05T11:14:59.444391405Z","Action":"output","Package":"go.temporal.io/server/tools/gomad3/qualification/set","Test":"TestLoadManifestRequiresFindingOnFailureExpectations/qualified_with_finding","Output":"--- PASS: TestLoadManifestRequiresFindingOnFailureExpectations/qualified_with_finding (0.00s)\n","OutputType":"frame"}
{"Time":"2026-10-05T11:14:59.444394822Z","Action":"pass","Package":"go.temporal.io/server/tools/gomad3/qualification/set","Test":"TestLoadManifestRequiresFindingOnFailureExpectations/qualified_with_finding","Elapsed":0}
{"Time":"2026-10-05T11:14:59.444396072Z","Action":"run","Package":"go.temporal.io/server/tools/gomad3/qualification/set","Test":"TestLoadManifestRequiresFindingOnFailureExpectations/unsupported_with_finding"}
{"Time":"2026-10-05T11:14:59.44439803Z","Action":"output","Package":"go.temporal.io/server/tools/gomad3/qualification/set","Test":"TestLoadManifestRequiresFindingOnFailureExpectations/unsupported_with_finding","Output":"=== RUN   TestLoadManifestRequiresFindingOnFailureExpectations/unsupported_with_finding\n","OutputType":"frame"}
{"Time":"2026-10-05T11:14:59.44444478Z","Action":"output","Package":"go.temporal.io/server/tools/gomad3/qualification/set","Test":"TestLoadManifestRequiresFindingOnFailureExpectations/unsupported_with_finding","Output":"--- PASS: TestLoadManifestRequiresFindingOnFailureExpectations/unsupported_with_finding (0.00s)\n","OutputType":"frame"}
{"Time":"2026-10-05T11:14:59.44444778Z","Action":"pass","Package":"go.temporal.io/server/tools/gomad3/qualification/set","Test":"TestLoadManifestRequiresFindingOnFailureExpectations/unsupported_with_finding","Elapsed":0}
{"Time":"2026-10-05T11:14:59.444449114Z","Action":"run","Package":"go.temporal.io/server/tools/gomad3/qualification/set","Test":"TestLoadManifestRequiresFindingOnFailureExpectations/unsupported_without_finding"}
{"Time":"2026-10-05T11:14:59.444450489Z","Action":"output","Package":"go.temporal.io/server/tools/gomad3/qualification/set","Test":"TestLoadManifestRequiresFindingOnFailureExpectations/unsupported_without_finding","Output":"=== RUN   TestLoadManifestRequiresFindingOnFailureExpectations/unsupported_without_finding\n","OutputType":"frame"}
{"Time":"2026-10-05T11:14:59.444500322Z","Action":"output","Package":"go.temporal.io/server/tools/gomad3/qualification/set","Test":"TestLoadManifestRequiresFindingOnFailureExpectations/unsupported_without_finding","Output":"--- PASS: TestLoadManifestRequiresFindingOnFailureExpectations/unsupported_without_finding (0.00s)\n","OutputType":"frame"}
{"Time":"2026-10-05T11:14:59.444504697Z","Action":"pass","Package":"go.temporal.io/server/tools/gomad3/qualification/set","Test":"TestLoadManifestRequiresFindingOnFailureExpectations/unsupported_without_finding","Elapsed":0}
{"Time":"2026-10-05T11:14:59.44453828Z","Action":"output","Package":"go.temporal.io/server/tools/gomad3/qualification/set","Test":"TestLoadManifestRequiresFindingOnFailureExpectations","Output":"--- PASS: TestLoadManifestRequiresFindingOnFailureExpectations (0.00s)\n","OutputType":"frame"}
{"Time":"2026-10-05T11:14:59.444540822Z","Action":"pass","Package":"go.temporal.io/server/tools/gomad3/qualification/set","Test":"TestLoadManifestRequiresFindingOnFailureExpectations","Elapsed":0}
{"Time":"2026-10-05T11:14:59.444542739Z","Action":"run","Package":"go.temporal.io/server/tools/gomad3/qualification/set","Test":"TestIdentifyModuleRequiresExactSafeGoMod"}
{"Time":"2026-10-05T11:14:59.444543947Z","Action":"output","Package":"go.temporal.io/server/tools/gomad3/qualification/set","Test":"TestIdentifyModuleRequiresExactSafeGoMod","Output":"=== RUN   TestIdentifyModuleRequiresExactSafeGoMod\n","OutputType":"frame"}
{"Time":"2026-10-05T11:14:59.444700072Z","Action":"output","Package":"go.temporal.io/server/tools/gomad3/qualification/set","Test":"TestIdentifyModuleRequiresExactSafeGoMod","Output":"--- PASS: TestIdentifyModuleRequiresExactSafeGoMod (0.00s)\n","OutputType":"frame"}
{"Time":"2026-10-05T11:14:59.444702447Z","Action":"pass","Package":"go.temporal.io/server/tools/gomad3/qualification/set","Test":"TestIdentifyModuleRequiresExactSafeGoMod","Elapsed":0}
{"Time":"2026-10-05T11:14:59.444703905Z","Action":"run","Package":"go.temporal.io/server/tools/gomad3/qualification/set","Test":"TestRunAnalyzesEveryWorkloadBeforeTargetExecution"}
{"Time":"2026-10-05T11:14:59.444705114Z","Action":"output","Package":"go.temporal.io/server/tools/gomad3/qualification/set","Test":"TestRunAnalyzesEveryWorkloadBeforeTargetExecution","Output":"=== RUN   TestRunAnalyzesEveryWorkloadBeforeTargetExecution\n","OutputType":"frame"}
{"Time":"2026-10-05T11:14:59.448807322Z","Action":"output","Package":"go.temporal.io/server/tools/gomad3/qualification/set","Test":"TestRunAnalyzesEveryWorkloadBeforeTargetExecution","Output":"--- PASS: TestRunAnalyzesEveryWorkloadBeforeTargetExecution (0.00s)\n","OutputType":"frame"}
{"Time":"2026-10-05T11:14:59.448811822Z","Action":"pass","Package":"go.temporal.io/server/tools/gomad3/qualification/set","Test":"TestRunAnalyzesEveryWorkloadBeforeTargetExecution","Elapsed":0}
{"Time":"2026-10-05T11:14:59.448813239Z","Action":"run","Package":"go.temporal.io/server/tools/gomad3/qualification/set","Test":"TestAnalysisCommandBoundsAnalysisByWorkloadBudget"}
{"Time":"2026-10-05T11:14:59.44881453Z","Action":"output","Package":"go.temporal.io/server/tools/gomad3/qualification/set","Test":"TestAnalysisCommandBoundsAnalysisByWorkloadBudget","Output":"=== RUN   TestAnalysisCommandBoundsAnalysisByWorkloadBudget\n","OutputType":"frame"}
{"Time":"2026-10-05T11:14:59.44881703Z","Action":"run","Package":"go.temporal.io/server/tools/gomad3/qualification/set","Test":"TestAnalysisCommandBoundsAnalysisByWorkloadBudget/manifest"}
{"Time":"2026-10-05T11:14:59.44881828Z","Action":"output","Package":"go.temporal.io/server/tools/gomad3/qualification/set","Test":"TestAnalysisCommandBoundsAnalysisByWorkloadBudget/manifest","Output":"=== RUN   TestAnalysisCommandBoundsAnalysisByWorkloadBudget/manifest\n","OutputType":"frame"}
{"Time":"2026-10-05T11:14:59.448820364Z","Action":"output","Package":"go.temporal.io/server/tools/gomad3/qualification/set","Test":"TestAnalysisCommandBoundsAnalysisByWorkloadBudget/manifest","Output":"--- PASS: TestAnalysisCommandBoundsAnalysisByWorkloadBudget/manifest (0.00s)\n","OutputType":"frame"}
{"Time":"2026-10-05T11:14:59.44884053Z","Action":"pass","Package":"go.temporal.io/server/tools/gomad3/qualification/set","Test":"TestAnalysisCommandBoundsAnalysisByWorkloadBudget/manifest","Elapsed":0}
{"Time":"2026-10-05T11:14:59.448842447Z","Action":"run","Package":"go.temporal.io/server/tools/gomad3/qualification/set","Test":"TestAnalysisCommandBoundsAnalysisByWorkloadBudget/workload_override"}
{"Time":"2026-10-05T11:14:59.448844114Z","Action":"output","Package":"go.temporal.io/server/tools/gomad3/qualification/set","Test":"TestAnalysisCommandBoundsAnalysisByWorkloadBudget/workload_override","Output":"=== RUN   TestAnalysisCommandBoundsAnalysisByWorkloadBudget/workload_override\n","OutputType":"frame"}
{"Time":"2026-10-05T11:14:59.448846197Z","Action":"output","Package":"go.temporal.io/server/tools/gomad3/qualification/set","Test":"TestAnalysisCommandBoundsAnalysisByWorkloadBudget/workload_override","Output":"--- PASS: TestAnalysisCommandBoundsAnalysisByWorkloadBudget/workload_override (0.00s)\n","OutputType":"frame"}
{"Time":"2026-10-05T11:14:59.448851572Z","Action":"pass","Package":"go.temporal.io/server/tools/gomad3/qualification/set","Test":"TestAnalysisCommandBoundsAnalysisByWorkloadBudget/workload_override","Elapsed":0}
{"Time":"2026-10-05T11:14:59.448852947Z","Action":"run","Package":"go.temporal.io/server/tools/gomad3/qualification/set","Test":"TestAnalysisCommandBoundsAnalysisByWorkloadBudget/analyzer_maximum"}
{"Time":"2026-10-05T11:14:59.448854155Z","Action":"output","Package":"go.temporal.io/server/tools/gomad3/qualification/set","Test":"TestAnalysisCommandBoundsAnalysisByWorkloadBudget/analyzer_maximum","Output":"=== RUN   TestAnalysisCommandBoundsAnalysisByWorkloadBudget/analyzer_maximum\n","OutputType":"frame"}
{"Time":"2026-10-05T11:14:59.448855822Z","Action":"output","Package":"go.temporal.io/server/tools/gomad3/qualification/set","Test":"TestAnalysisCommandBoundsAnalysisByWorkloadBudget/analyzer_maximum","Output":"--- PASS: TestAnalysisCommandBoundsAnalysisByWorkloadBudget/analyzer_maximum (0.00s)\n","OutputType":"frame"}
{"Time":"2026-10-05T11:14:59.448857405Z","Action":"pass","Package":"go.temporal.io/server/tools/gomad3/qualification/set","Test":"TestAnalysisCommandBoundsAnalysisByWorkloadBudget/analyzer_maximum","Elapsed":0}
{"Time":"2026-10-05T11:14:59.448858905Z","Action":"output","Package":"go.temporal.io/server/tools/gomad3/qualification/set","Test":"TestAnalysisCommandBoundsAnalysisByWorkloadBudget","Output":"--- PASS: TestAnalysisCommandBoundsAnalysisByWorkloadBudget (0.00s)\n","OutputType":"frame"}
{"Time":"2026-10-05T11:14:59.448860239Z","Action":"pass","Package":"go.temporal.io/server/tools/gomad3/qualification/set","Test":"TestAnalysisCommandBoundsAnalysisByWorkloadBudget","Elapsed":0}
{"Time":"2026-10-05T11:14:59.448861572Z","Action":"run","Package":"go.temporal.io/server/tools/gomad3/qualification/set","Test":"TestWorkloadCommandCarriesTheClockTick"}
{"Time":"2026-10-05T11:14:59.44886278Z","Action":"output","Package":"go.temporal.io/server/tools/gomad3/qualification/set","Test":"TestWorkloadCommandCarriesTheClockTick","Output":"=== RUN   TestWorkloadCommandCarriesTheClockTick\n","OutputType":"frame"}
{"Time":"2026-10-05T11:14:59.44886453Z","Action":"output","Package":"go.temporal.io/server/tools/gomad3/qualification/set","Test":"TestWorkloadCommandCarriesTheClockTick","Output":"--- PASS: TestWorkloadCommandCarriesTheClockTick (0.00s)\n","OutputType":"frame"}
{"Time":"2026-10-05T11:14:59.448865697Z","Action":"pass","Package":"go.temporal.io/server/tools/gomad3/qualification/set","Test":"TestWorkloadCommandCarriesTheClockTick","Elapsed":0}
{"Time":"2026-10-05T11:14:59.448866739Z","Action":"run","Package":"go.temporal.io/server/tools/gomad3/qualification/set","Test":"TestRunClassifiesEveryWorkloadWhenAnalysisFails"}
{"Time":"2026-10-05T11:14:59.44886778Z","Action":"output","Package":"go.temporal.io/server/tools/gomad3/qualification/set","Test":"TestRunClassifiesEveryWorkloadWhenAnalysisFails","Output":"=== RUN   TestRunClassifiesEveryWorkloadWhenAnalysisFails\n","OutputType":"frame"}
{"Time":"2026-10-05T11:14:59.453189197Z","Action":"output","Package":"go.temporal.io/server/tools/gomad3/qualification/set","Test":"TestRunClassifiesEveryWorkloadWhenAnalysisFails","Output":"--- PASS: TestRunClassifiesEveryWorkloadWhenAnalysisFails (0.00s)\n","OutputType":"frame"}
{"Time":"2026-10-05T11:14:59.453195322Z","Action":"pass","Package":"go.temporal.io/server/tools/gomad3/qualification/set","Test":"TestRunClassifiesEveryWorkloadWhenAnalysisFails","Elapsed":0}
{"Time":"2026-10-05T11:14:59.453197989Z","Action":"run","Package":"go.temporal.io/server/tools/gomad3/qualification/set","Test":"TestAggregateChoiceCoverageRejectsIdentityMismatch"}
{"Time":"2026-10-05T11:14:59.453199572Z","Action":"output","Package":"go.temporal.io/server/tools/gomad3/qualification/set","Test":"TestAggregateChoiceCoverageRejectsIdentityMismatch","Output":"=== RUN   TestAggregateChoiceCoverageRejectsIdentityMismatch\n","OutputType":"frame"}
{"Time":"2026-10-05T11:14:59.453202322Z","Action":"output","Package":"go.temporal.io/server/tools/gomad3/qualification/set","Test":"TestAggregateChoiceCoverageRejectsIdentityMismatch","Output":"--- PASS: TestAggregateChoiceCoverageRejectsIdentityMismatch (0.00s)\n","OutputType":"frame"}
{"Time":"2026-10-05T11:14:59.453203697Z","Action":"pass","Package":"go.temporal.io/server/tools/gomad3/qualification/set","Test":"TestAggregateChoiceCoverageRejectsIdentityMismatch","Elapsed":0}
{"Time":"2026-10-05T11:14:59.453205114Z","Action":"run","Package":"go.temporal.io/server/tools/gomad3/qualification/set","Test":"TestRunLeavesPrivateCheckpointWhenInterrupted"}
{"Time":"2026-10-05T11:14:59.453206697Z","Action":"output","Package":"go.temporal.io/server/tools/gomad3/qualification/set","Test":"TestRunLeavesPrivateCheckpointWhenInterrupted","Output":"=== RUN   TestRunLeavesPrivateCheckpointWhenInterrupted\n","OutputType":"frame"}
{"Time":"2026-10-05T11:14:59.454701572Z","Action":"output","Package":"go.temporal.io/server/tools/gomad3/qualification/set","Test":"TestRunLeavesPrivateCheckpointWhenInterrupted","Output":"--- PASS: TestRunLeavesPrivateCheckpointWhenInterrupted (0.00s)\n","OutputType":"frame"}
{"Time":"2026-10-05T11:14:59.454705697Z","Action":"pass","Package":"go.temporal.io/server/tools/gomad3/qualification/set","Test":"TestRunLeavesPrivateCheckpointWhenInterrupted","Elapsed":0}
{"Time":"2026-10-05T11:14:59.45470728Z","Action":"run","Package":"go.temporal.io/server/tools/gomad3/qualification/set","Test":"TestLoadManifestResolvesPlatformExpectationsForTheHost"}
{"Time":"2026-10-05T11:14:59.454708614Z","Action":"output","Package":"go.temporal.io/server/tools/gomad3/qualification/set","Test":"TestLoadManifestResolvesPlatformExpectationsForTheHost","Output":"=== RUN   TestLoadManifestResolvesPlatformExpectationsForTheHost\n","OutputType":"frame"}
{"Time":"2026-10-05T11:14:59.454972072Z","Action":"output","Package":"go.temporal.io/server/tools/gomad3/qualification/set","Test":"TestLoadManifestResolvesPlatformExpectationsForTheHost","Output":"--- PASS: TestLoadManifestResolvesPlatformExpectationsForTheHost (0.00s)\n","OutputType":"frame"}
{"Time":"2026-10-05T11:14:59.45497603Z","Action":"pass","Package":"go.temporal.io/server/tools/gomad3/qualification/set","Test":"TestLoadManifestResolvesPlatformExpectationsForTheHost","Elapsed":0}
{"Time":"2026-10-05T11:14:59.454977614Z","Action":"run","Package":"go.temporal.io/server/tools/gomad3/qualification/set","Test":"TestShardSelectsOrdinalModuloWorkloadsOfTheManifest"}
{"Time":"2026-10-05T11:14:59.454980197Z","Action":"output","Package":"go.temporal.io/server/tools/gomad3/qualification/set","Test":"TestShardSelectsOrdinalModuloWorkloadsOfTheManifest","Output":"=== RUN   TestShardSelectsOrdinalModuloWorkloadsOfTheManifest\n","OutputType":"frame"}
{"Time":"2026-10-05T11:14:59.455116489Z","Action":"run","Package":"go.temporal.io/server/tools/gomad3/qualification/set","Test":"TestShardSelectsOrdinalModuloWorkloadsOfTheManifest/whole_manifest"}
{"Time":"2026-10-05T11:14:59.455122822Z","Action":"output","Package":"go.temporal.io/server/tools/gomad3/qualification/set","Test":"TestShardSelectsOrdinalModuloWorkloadsOfTheManifest/whole_manifest","Output":"=== RUN   TestShardSelectsOrdinalModuloWorkloadsOfTheManifest/whole_manifest\n","OutputType":"frame"}
{"Time":"2026-10-05T11:14:59.455127322Z","Action":"output","Package":"go.temporal.io/server/tools/gomad3/qualification/set","Test":"TestShardSelectsOrdinalModuloWorkloadsOfTheManifest/whole_manifest","Output":"--- PASS: TestShardSelectsOrdinalModuloWorkloadsOfTheManifest/whole_manifest (0.00s)\n","OutputType":"frame"}
{"Time":"2026-10-05T11:14:59.45513153Z","Action":"pass","Package":"go.temporal.io/server/tools/gomad3/qualification/set","Test":"TestShardSelectsOrdinalModuloWorkloadsOfTheManifest/whole_manifest","Elapsed":0}
{"Time":"2026-10-05T11:14:59.455133239Z","Action":"run","Package":"go.temporal.io/server/tools/gomad3/qualification/set","Test":"TestShardSelectsOrdinalModuloWorkloadsOfTheManifest/single_shard"}
{"Time":"2026-10-05T11:14:59.455135655Z","Action":"output","Package":"go.temporal.io/server/tools/gomad3/qualification/set","Test":"TestShardSelectsOrdinalModuloWorkloadsOfTheManifest/single_shard","Output":"=== RUN   TestShardSelectsOrdinalModuloWorkloadsOfTheManifest/single_shard\n","OutputType":"frame"}
{"Time":"2026-10-05T11:14:59.455138364Z","Action":"output","Package":"go.temporal.io/server/tools/gomad3/qualification/set","Test":"TestShardSelectsOrdinalModuloWorkloadsOfTheManifest/single_shard","Output":"--- PASS: TestShardSelectsOrdinalModuloWorkloadsOfTheManifest/single_shard (0.00s)\n","OutputType":"frame"}
{"Time":"2026-10-05T11:14:59.455139697Z","Action":"pass","Package":"go.temporal.io/server/tools/gomad3/qualification/set","Test":"TestShardSelectsOrdinalModuloWorkloadsOfTheManifest/single_shard","Elapsed":0}
{"Time":"2026-10-05T11:14:59.455141155Z","Action":"run","Package":"go.temporal.io/server/tools/gomad3/qualification/set","Test":"TestShardSelectsOrdinalModuloWorkloadsOfTheManifest/first_of_two"}
{"Time":"2026-10-05T11:14:59.455142405Z","Action":"output","Package":"go.temporal.io/server/tools/gomad3/qualification/set","Test":"TestShardSelectsOrdinalModuloWorkloadsOfTheManifest/first_of_two","Output":"=== RUN   TestShardSelectsOrdinalModuloWorkloadsOfTheManifest/first_of_two\n","OutputType":"frame"}
{"Time":"2026-10-05T11:14:59.455144655Z","Action":"output","Package":"go.temporal.io/server/tools/gomad3/qualification/set","Test":"TestShardSelectsOrdinalModuloWorkloadsOfTheManifest/first_of_two","Output":"--- PASS: TestShardSelectsOrdinalModuloWorkloadsOfTheManifest/first_of_two (0.00s)\n","OutputType":"frame"}
{"Time":"2026-10-05T11:14:59.455145989Z","Action":"pass","Package":"go.temporal.io/server/tools/gomad3/qualification/set","Test":"TestShardSelectsOrdinalModuloWorkloadsOfTheManifest/first_of_two","Elapsed":0}
{"Time":"2026-10-05T11:14:59.45514728Z","Action":"run","Package":"go.temporal.io/server/tools/gomad3/qualification/set","Test":"TestShardSelectsOrdinalModuloWorkloadsOfTheManifest/second_of_two"}
{"Time":"2026-10-05T11:14:59.455148489Z","Action":"output","Package":"go.temporal.io/server/tools/gomad3/qualification/set","Test":"TestShardSelectsOrdinalModuloWorkloadsOfTheManifest/second_of_two","Output":"=== RUN   TestShardSelectsOrdinalModuloWorkloadsOfTheManifest/second_of_two\n","OutputType":"frame"}
{"Time":"2026-10-05T11:14:59.455150322Z","Action":"output","Package":"go.temporal.io/server/tools/gomad3/qualification/set","Test":"TestShardSelectsOrdinalModuloWorkloadsOfTheManifest/second_of_two","Output":"--- PASS: TestShardSelectsOrdinalModuloWorkloadsOfTheManifest/second_of_two (0.00s)\n","OutputType":"frame"}
{"Time":"2026-10-05T11:14:59.45515153Z","Action":"pass","Package":"go.temporal.io/server/tools/gomad3/qualification/set","Test":"TestShardSelectsOrdinalModuloWorkloadsOfTheManifest/second_of_two","Elapsed":0}
{"Time":"2026-10-05T11:14:59.455152739Z","Action":"run","Package":"go.temporal.io/server/tools/gomad3/qualification/set","Test":"TestShardSelectsOrdinalModuloWorkloadsOfTheManifest/index_past_count"}
{"Time":"2026-10-05T11:14:59.455153822Z","Action":"output","Package":"go.temporal.io/server/tools/gomad3/qualification/set","Test":"TestShardSelectsOrdinalModuloWorkloadsOfTheManifest/index_past_count","Output":"=== RUN   TestShardSelectsOrdinalModuloWorkloadsOfTheManifest/index_past_count\n","OutputType":"frame"}
{"Time":"2026-10-05T11:14:59.455155739Z","Action":"output","Package":"go.temporal.io/server/tools/gomad3/qualification/set","Test":"TestShardSelectsOrdinalModuloWorkloadsOfTheManifest/index_past_count","Output":"--- PASS: TestShardSelectsOrdinalModuloWorkloadsOfTheManifest/index_past_count (0.00s)\n","OutputType":"frame"}
{"Time":"2026-10-05T11:14:59.45515753Z","Action":"pass","Package":"go.temporal.io/server/tools/gomad3/qualification/set","Test":"TestShardSelectsOrdinalModuloWorkloadsOfTheManifest/index_past_count","Elapsed":0}
{"Time":"2026-10-05T11:14:59.455158864Z","Action":"run","Package":"go.temporal.io/server/tools/gomad3/qualification/set","Test":"TestShardSelectsOrdinalModuloWorkloadsOfTheManifest/index_without_count"}
{"Time":"2026-10-05T11:14:59.45516003Z","Action":"output","Package":"go.temporal.io/server/tools/gomad3/qualification/set","Test":"TestShardSelectsOrdinalModuloWorkloadsOfTheManifest/index_without_count","Output":"=== RUN   TestShardSelectsOrdinalModuloWorkloadsOfTheManifest/index_without_count\n","OutputType":"frame"}
{"Time":"2026-10-05T11:14:59.455162114Z","Action":"output","Package":"go.temporal.io/server/tools/gomad3/qualification/set","Test":"TestShardSelectsOrdinalModuloWorkloadsOfTheManifest/index_without_count","Output":"--- PASS: TestShardSelectsOrdinalModuloWorkloadsOfTheManifest/index_without_count (0.00s)\n","OutputType":"frame"}
{"Time":"2026-10-05T11:14:59.455163364Z","Action":"pass","Package":"go.temporal.io/server/tools/gomad3/qualification/set","Test":"TestShardSelectsOrdinalModuloWorkloadsOfTheManifest/index_without_count","Elapsed":0}
{"Time":"2026-10-05T11:14:59.455164947Z","Action":"run","Package":"go.temporal.io/server/tools/gomad3/qualification/set","Test":"TestShardSelectsOrdinalModuloWorkloadsOfTheManifest/count_past_manifest"}
{"Time":"2026-10-05T11:14:59.45516678Z","Action":"output","Package":"go.temporal.io/server/tools/gomad3/qualification/set","Test":"TestShardSelectsOrdinalModuloWorkloadsOfTheManifest/count_past_manifest","Output":"=== RUN   TestShardSelectsOrdinalModuloWorkloadsOfTheManifest/count_past_manifest\n","OutputType":"frame"}
{"Time":"2026-10-05T11:14:59.455168614Z","Action":"output","Package":"go.temporal.io/server/tools/gomad3/qualification/set","Test":"TestShardSelectsOrdinalModuloWorkloadsOfTheManifest/count_past_manifest","Output":"--- PASS: TestShardSelectsOrdinalModuloWorkloadsOfTheManifest/count_past_manifest (0.00s)\n","OutputType":"frame"}
{"Time":"2026-10-05T11:14:59.455169864Z","Action":"pass","Package":"go.temporal.io/server/tools/gomad3/qualification/set","Test":"TestShardSelectsOrdinalModuloWorkloadsOfTheManifest/count_past_manifest","Elapsed":0}
{"Time":"2026-10-05T11:14:59.45519128Z","Action":"output","Package":"go.temporal.io/server/tools/gomad3/qualification/set","Test":"TestShardSelectsOrdinalModuloWorkloadsOfTheManifest","Output":"--- PASS: TestShardSelectsOrdinalModuloWorkloadsOfTheManifest (0.00s)\n","OutputType":"frame"}
{"Time":"2026-10-05T11:14:59.455194655Z","Action":"pass","Package":"go.temporal.io/server/tools/gomad3/qualification/set","Test":"TestShardSelectsOrdinalModuloWorkloadsOfTheManifest","Elapsed":0}
{"Time":"2026-10-05T11:14:59.455197655Z","Action":"run","Package":"go.temporal.io/server/tools/gomad3/qualification/set","Test":"TestRunShardReportsOnlyItsWorkloadsUnderTheWholeManifestDigest"}
{"Time":"2026-10-05T11:14:59.455198905Z","Action":"output","Package":"go.temporal.io/server/tools/gomad3/qualification/set","Test":"TestRunShardReportsOnlyItsWorkloadsUnderTheWholeManifestDigest","Output":"=== RUN   TestRunShardReportsOnlyItsWorkloadsUnderTheWholeManifestDigest\n","OutputType":"frame"}
{"Time":"2026-10-05T11:14:59.461778447Z","Action":"output","Package":"go.temporal.io/server/tools/gomad3/qualification/set","Test":"TestRunShardReportsOnlyItsWorkloadsUnderTheWholeManifestDigest","Output":"--- PASS: TestRunShardReportsOnlyItsWorkloadsUnderTheWholeManifestDigest (0.01s)\n","OutputType":"frame"}
{"Time":"2026-10-05T11:14:59.461787072Z","Action":"pass","Package":"go.temporal.io/server/tools/gomad3/qualification/set","Test":"TestRunShardReportsOnlyItsWorkloadsUnderTheWholeManifestDigest","Elapsed":0.01}
{"Time":"2026-10-05T11:14:59.461790197Z","Action":"run","Package":"go.temporal.io/server/tools/gomad3/qualification/set","Test":"TestMergeCombinesShardReportsIntoTheWholeManifestReport"}
{"Time":"2026-10-05T11:14:59.46179228Z","Action":"output","Package":"go.temporal.io/server/tools/gomad3/qualification/set","Test":"TestMergeCombinesShardReportsIntoTheWholeManifestReport","Output":"=== RUN   TestMergeCombinesShardReportsIntoTheWholeManifestReport\n","OutputType":"frame"}
{"Time":"2026-10-05T11:14:59.473068447Z","Action":"output","Package":"go.temporal.io/server/tools/gomad3/qualification/set","Test":"TestMergeCombinesShardReportsIntoTheWholeManifestReport","Output":"--- PASS: TestMergeCombinesShardReportsIntoTheWholeManifestReport (0.01s)\n","OutputType":"frame"}
{"Time":"2026-10-05T11:14:59.473081155Z","Action":"pass","Package":"go.temporal.io/server/tools/gomad3/qualification/set","Test":"TestMergeCombinesShardReportsIntoTheWholeManifestReport","Elapsed":0.01}
{"Time":"2026-10-05T11:14:59.473084405Z","Action":"run","Package":"go.temporal.io/server/tools/gomad3/qualification/set","Test":"TestMergeRejectsShardsThatDoNotCoverTheManifestExactlyOnce"}
{"Time":"2026-10-05T11:14:59.473085989Z","Action":"output","Package":"go.temporal.io/server/tools/gomad3/qualification/set","Test":"TestMergeRejectsShardsThatDoNotCoverTheManifestExactlyOnce","Output":"=== RUN   TestMergeRejectsShardsThatDoNotCoverTheManifestExactlyOnce\n","OutputType":"frame"}
{"Time":"2026-10-05T11:14:59.493482405Z","Action":"run","Package":"go.temporal.io/server/tools/gomad3/qualification/set","Test":"TestMergeRejectsShardsThatDoNotCoverTheManifestExactlyOnce/missing_shard"}
{"Time":"2026-10-05T11:14:59.49349728Z","Action":"output","Package":"go.temporal.io/server/tools/gomad3/qualification/set","Test":"TestMergeRejectsShardsThatDoNotCoverTheManifestExactlyOnce/missing_shard","Output":"=== RUN   TestMergeRejectsShardsThatDoNotCoverTheManifestExactlyOnce/missing_shard\n","OutputType":"frame"}
{"Time":"2026-10-05T11:14:59.494108239Z","Action":"output","Package":"go.temporal.io/server/tools/gomad3/qualification/set","Test":"TestMergeRejectsShardsThatDoNotCoverTheManifestExactlyOnce/missing_shard","Output":"--- PASS: TestMergeRejectsShardsThatDoNotCoverTheManifestExactlyOnce/missing_shard (0.00s)\n","OutputType":"frame"}
{"Time":"2026-10-05T11:14:59.494118614Z","Action":"pass","Package":"go.temporal.io/server/tools/gomad3/qualification/set","Test":"TestMergeRejectsShardsThatDoNotCoverTheManifestExactlyOnce/missing_shard","Elapsed":0}
{"Time":"2026-10-05T11:14:59.494121405Z","Action":"run","Package":"go.temporal.io/server/tools/gomad3/qualification/set","Test":"TestMergeRejectsShardsThatDoNotCoverTheManifestExactlyOnce/repeated_shard"}
{"Time":"2026-10-05T11:14:59.494122905Z","Action":"output","Package":"go.temporal.io/server/tools/gomad3/qualification/set","Test":"TestMergeRejectsShardsThatDoNotCoverTheManifestExactlyOnce/repeated_shard","Output":"=== RUN   TestMergeRejectsShardsThatDoNotCoverTheManifestExactlyOnce/repeated_shard\n","OutputType":"frame"}
{"Time":"2026-10-05T11:14:59.49589503Z","Action":"output","Package":"go.temporal.io/server/tools/gomad3/qualification/set","Test":"TestMergeRejectsShardsThatDoNotCoverTheManifestExactlyOnce/repeated_shard","Output":"--- PASS: TestMergeRejectsShardsThatDoNotCoverTheManifestExactlyOnce/repeated_shard (0.00s)\n","OutputType":"frame"}
{"Time":"2026-10-05T11:14:59.495900947Z","Action":"pass","Package":"go.temporal.io/server/tools/gomad3/qualification/set","Test":"TestMergeRejectsShardsThatDoNotCoverTheManifestExactlyOnce/repeated_shard","Elapsed":0}
{"Time":"2026-10-05T11:14:59.495903197Z","Action":"run","Package":"go.temporal.io/server/tools/gomad3/qualification/set","Test":"TestMergeRejectsShardsThatDoNotCoverTheManifestExactlyOnce/another_manifest"}
{"Time":"2026-10-05T11:14:59.495904697Z","Action":"output","Package":"go.temporal.io/server/tools/gomad3/qualification/set","Test":"TestMergeRejectsShardsThatDoNotCoverTheManifestExactlyOnce/another_manifest","Output":"=== RUN   TestMergeRejectsShardsThatDoNotCoverTheManifestExactlyOnce/another_manifest\n","OutputType":"frame"}
{"Time":"2026-10-05T11:14:59.49702353Z","Action":"output","Package":"go.temporal.io/server/tools/gomad3/qualification/set","Test":"TestMergeRejectsShardsThatDoNotCoverTheManifestExactlyOnce/another_manifest","Output":"--- PASS: TestMergeRejectsShardsThatDoNotCoverTheManifestExactlyOnce/another_manifest (0.00s)\n","OutputType":"frame"}
{"Time":"2026-10-05T11:14:59.497031905Z","Action":"pass","Package":"go.temporal.io/server/tools/gomad3/qualification/set","Test":"TestMergeRejectsShardsThatDoNotCoverTheManifestExactlyOnce/another_manifest","Elapsed":0}
{"Time":"2026-10-05T11:14:59.497034155Z","Action":"run","Package":"go.temporal.io/server/tools/gomad3/qualification/set","Test":"TestMergeRejectsShardsThatDoNotCoverTheManifestExactlyOnce/another_run_configuration"}
{"Time":"2026-10-05T11:14:59.497035614Z","Action":"output","Package":"go.temporal.io/server/tools/gomad3/qualification/set","Test":"TestMergeRejectsShardsThatDoNotCoverTheManifestExactlyOnce/another_run_configuration","Output":"=== RUN   TestMergeRejectsShardsThatDoNotCoverTheManifestExactlyOnce/another_run_configuration\n","OutputType":"frame"}
{"Time":"2026-10-05T11:14:59.498292114Z","Action":"output","Package":"go.temporal.io/server/tools/gomad3/qualification/set","Test":"TestMergeRejectsShardsThatDoNotCoverTheManifestExactlyOnce/another_run_configuration","Output":"--- PASS: TestMergeRejectsShardsThatDoNotCoverTheManifestExactlyOnce/another_run_configuration (0.00s)\n","OutputType":"frame"}
{"Time":"2026-10-05T11:14:59.49829703Z","Action":"pass","Package":"go.temporal.io/server/tools/gomad3/qualification/set","Test":"TestMergeRejectsShardsThatDoNotCoverTheManifestExactlyOnce/another_run_configuration","Elapsed":0}
{"Time":"2026-10-05T11:14:59.49829903Z","Action":"run","Package":"go.temporal.io/server/tools/gomad3/qualification/set","Test":"TestMergeRejectsShardsThatDoNotCoverTheManifestExactlyOnce/another_source_revision"}
{"Time":"2026-10-05T11:14:59.498300822Z","Action":"output","Package":"go.temporal.io/server/tools/gomad3/qualification/set","Test":"TestMergeRejectsShardsThatDoNotCoverTheManifestExactlyOnce/another_source_revision","Output":"=== RUN   TestMergeRejectsShardsThatDoNotCoverTheManifestExactlyOnce/another_source_revision\n","OutputType":"frame"}
{"Time":"2026-10-05T11:14:59.499214655Z","Action":"output","Package":"go.temporal.io/server/tools/gomad3/qualification/set","Test":"TestMergeRejectsShardsThatDoNotCoverTheManifestExactlyOnce/another_source_revision","Output":"--- PASS: TestMergeRejectsShardsThatDoNotCoverTheManifestExactlyOnce/another_source_revision (0.00s)\n","OutputType":"frame"}
{"Time":"2026-10-05T11:14:59.49923228Z","Action":"pass","Package":"go.temporal.io/server/tools/gomad3/qualification/set","Test":"TestMergeRejectsShardsThatDoNotCoverTheManifestExactlyOnce/another_source_revision","Elapsed":0}
{"Time":"2026-10-05T11:14:59.499235155Z","Action":"run","Package":"go.temporal.io/server/tools/gomad3/qualification/set","Test":"TestMergeRejectsShardsThatDoNotCoverTheManifestExactlyOnce/missing_report"}
{"Time":"2026-10-05T11:14:59.499236739Z","Action":"output","Package":"go.temporal.io/server/tools/gomad3/qualification/set","Test":"TestMergeRejectsShardsThatDoNotCoverTheManifestExactlyOnce/missing_report","Output":"=== RUN   TestMergeRejectsShardsThatDoNotCoverTheManifestExactlyOnce/missing_report\n","OutputType":"frame"}
{"Time":"2026-10-05T11:14:59.499802322Z","Action":"output","Package":"go.temporal.io/server/tools/gomad3/qualification/set","Test":"TestMergeRejectsShardsThatDoNotCoverTheManifestExactlyOnce/missing_report","Output":"--- PASS: TestMergeRejectsShardsThatDoNotCoverTheManifestExactlyOnce/missing_report (0.00s)\n","OutputType":"frame"}
{"Time":"2026-10-05T11:14:59.499807489Z","Action":"pass","Package":"go.temporal.io/server/tools/gomad3/qualification/set","Test":"TestMergeRejectsShardsThatDoNotCoverTheManifestExactlyOnce/missing_report","Elapsed":0}
{"Time":"2026-10-05T11:14:59.50000078Z","Action":"output","Package":"go.temporal.io/server/tools/gomad3/qualification/set","Test":"TestMergeRejectsShardsThatDoNotCoverTheManifestExactlyOnce","Output":"--- PASS: TestMergeRejectsShardsThatDoNotCoverTheManifestExactlyOnce (0.03s)\n","OutputType":"frame"}
{"Time":"2026-10-05T11:14:59.500007905Z","Action":"pass","Package":"go.temporal.io/server/tools/gomad3/qualification/set","Test":"TestMergeRejectsShardsThatDoNotCoverTheManifestExactlyOnce","Elapsed":0.03}
{"Time":"2026-10-05T11:14:59.500010364Z","Action":"run","Package":"go.temporal.io/server/tools/gomad3/qualification/set","Test":"TestMergeRetainsShardExpectationMismatches"}
{"Time":"2026-10-05T11:14:59.500011822Z","Action":"output","Package":"go.temporal.io/server/tools/gomad3/qualification/set","Test":"TestMergeRetainsShardExpectationMismatches","Output":"=== RUN   TestMergeRetainsShardExpectationMismatches\n","OutputType":"frame"}
{"Time":"2026-10-05T11:14:59.50967228Z","Action":"output","Package":"go.temporal.io/server/tools/gomad3/qualification/set","Test":"TestMergeRetainsShardExpectationMismatches","Output":"--- PASS: TestMergeRetainsShardExpectationMismatches (0.01s)\n","OutputType":"frame"}
{"Time":"2026-10-05T11:14:59.509687447Z","Action":"pass","Package":"go.temporal.io/server/tools/gomad3/qualification/set","Test":"TestMergeRetainsShardExpectationMismatches","Elapsed":0.01}
{"Time":"2026-10-05T11:14:59.50969053Z","Action":"run","Package":"go.temporal.io/server/tools/gomad3/qualification/set","Test":"TestTestArgumentsAnchorEverySkippedSubtestElement"}
{"Time":"2026-10-05T11:14:59.509691864Z","Action":"output","Package":"go.temporal.io/server/tools/gomad3/qualification/set","Test":"TestTestArgumentsAnchorEverySkippedSubtestElement","Output":"=== RUN   TestTestArgumentsAnchorEverySkippedSubtestElement\n","OutputType":"frame"}
{"Time":"2026-10-05T11:14:59.509697114Z","Action":"run","Package":"go.temporal.io/server/tools/gomad3/qualification/set","Test":"TestTestArgumentsAnchorEverySkippedSubtestElement/no_skips"}
{"Time":"2026-10-05T11:14:59.509698322Z","Action":"output","Package":"go.temporal.io/server/tools/gomad3/qualification/set","Test":"TestTestArgumentsAnchorEverySkippedSubtestElement/no_skips","Output":"=== RUN   TestTestArgumentsAnchorEverySkippedSubtestElement/no_skips\n","OutputType":"frame"}
{"Time":"2026-10-05T11:14:59.50970053Z","Action":"output","Package":"go.temporal.io/server/tools/gomad3/qualification/set","Test":"TestTestArgumentsAnchorEverySkippedSubtestElement/no_skips","Output":"--- PASS: TestTestArgumentsAnchorEverySkippedSubtestElement/no_skips (0.00s)\n","OutputType":"frame"}
{"Time":"2026-10-05T11:14:59.509702197Z","Action":"pass","Package":"go.temporal.io/server/tools/gomad3/qualification/set","Test":"TestTestArgumentsAnchorEverySkippedSubtestElement/no_skips","Elapsed":0}
{"Time":"2026-10-05T11:14:59.509703989Z","Action":"run","Package":"go.temporal.io/server/tools/gomad3/qualification/set","Test":"TestTestArgumentsAnchorEverySkippedSubtestElement/nested_and_sibling_subtests"}
{"Time":"2026-10-05T11:14:59.509705739Z","Action":"output","Package":"go.temporal.io/server/tools/gomad3/qualification/set","Test":"TestTestArgumentsAnchorEverySkippedSubtestElement/nested_and_sibling_subtests","Output":"=== RUN   TestTestArgumentsAnchorEverySkippedSubtestElement/nested_and_sibling_subtests\n","OutputType":"frame"}
{"Time":"2026-10-05T11:14:59.509707864Z","Action":"output","Package":"go.temporal.io/server/tools/gomad3/qualification/set","Test":"TestTestArgumentsAnchorEverySkippedSubtestElement/nested_and_sibling_subtests","Output":"--- PASS: TestTestArgumentsAnchorEverySkippedSubtestElement/nested_and_sibling_subtests (0.00s)\n","OutputType":"frame"}
{"Time":"2026-10-05T11:14:59.509709322Z","Action":"pass","Package":"go.temporal.io/server/tools/gomad3/qualification/set","Test":"TestTestArgumentsAnchorEverySkippedSubtestElement/nested_and_sibling_subtests","Elapsed":0}
{"Time":"2026-10-05T11:14:59.509710739Z","Action":"run","Package":"go.temporal.io/server/tools/gomad3/qualification/set","Test":"TestTestArgumentsAnchorEverySkippedSubtestElement/parallelism"}
{"Time":"2026-10-05T11:14:59.509712364Z","Action":"output","Package":"go.temporal.io/server/tools/gomad3/qualification/set","Test":"TestTestArgumentsAnchorEverySkippedSubtestElement/parallelism","Output":"=== RUN   TestTestArgumentsAnchorEverySkippedSubtestElement/parallelism\n","OutputType":"frame"}
{"Time":"2026-10-05T11:14:59.509715072Z","Action":"output","Package":"go.temporal.io/server/tools/gomad3/qualification/set","Test":"TestTestArgumentsAnchorEverySkippedSubtestElement/parallelism","Output":"--- PASS: TestTestArgumentsAnchorEverySkippedSubtestElement/parallelism (0.00s)\n","OutputType":"frame"}
{"Time":"2026-10-05T11:14:59.509716489Z","Action":"pass","Package":"go.temporal.io/server/tools/gomad3/qualification/set","Test":"TestTestArgumentsAnchorEverySkippedSubtestElement/parallelism","Elapsed":0}
{"Time":"2026-10-05T11:14:59.509718822Z","Action":"output","Package":"go.temporal.io/server/tools/gomad3/qualification/set","Test":"TestTestArgumentsAnchorEverySkippedSubtestElement","Output":"--- PASS: TestTestArgumentsAnchorEverySkippedSubtestElement (0.00s)\n","OutputType":"frame"}
{"Time":"2026-10-05T11:14:59.509720197Z","Action":"pass","Package":"go.temporal.io/server/tools/gomad3/qualification/set","Test":"TestTestArgumentsAnchorEverySkippedSubtestElement","Elapsed":0}
{"Time":"2026-10-05T11:14:59.50972128Z","Action":"run","Package":"go.temporal.io/server/tools/gomad3/qualification/set","Test":"TestRunPassesSkippedSubtestsToAnalysisAndQualification"}
{"Time":"2026-10-05T11:14:59.509722364Z","Action":"output","Package":"go.temporal.io/server/tools/gomad3/qualification/set","Test":"TestRunPassesSkippedSubtestsToAnalysisAndQualification","Output":"=== RUN   TestRunPassesSkippedSubtestsToAnalysisAndQualification\n","OutputType":"frame"}
{"Time":"2026-10-05T11:14:59.51266128Z","Action":"output","Package":"go.temporal.io/server/tools/gomad3/qualification/set","Test":"TestRunPassesSkippedSubtestsToAnalysisAndQualification","Output":"--- PASS: TestRunPassesSkippedSubtestsToAnalysisAndQualification (0.00s)\n","OutputType":"frame"}
{"Time":"2026-10-05T11:14:59.512673072Z","Action":"pass","Package":"go.temporal.io/server/tools/gomad3/qualification/set","Test":"TestRunPassesSkippedSubtestsToAnalysisAndQualification","Elapsed":0}
{"Time":"2026-10-05T11:14:59.512675572Z","Action":"run","Package":"go.temporal.io/server/tools/gomad3/qualification/set","Test":"TestRunStopsBeforeASeedWhenFreeSpaceIsUnderTheBound"}
{"Time":"2026-10-05T11:14:59.51267703Z","Action":"output","Package":"go.temporal.io/server/tools/gomad3/qualification/set","Test":"TestRunStopsBeforeASeedWhenFreeSpaceIsUnderTheBound","Output":"=== RUN   TestRunStopsBeforeASeedWhenFreeSpaceIsUnderTheBound\n","OutputType":"frame"}
{"Time":"2026-10-05T11:14:59.516629572Z","Action":"output","Package":"go.temporal.io/server/tools/gomad3/qualification/set","Test":"TestRunStopsBeforeASeedWhenFreeSpaceIsUnderTheBound","Output":"--- PASS: TestRunStopsBeforeASeedWhenFreeSpaceIsUnderTheBound (0.00s)\n","OutputType":"frame"}
{"Time":"2026-10-05T11:14:59.51663678Z","Action":"pass","Package":"go.temporal.io/server/tools/gomad3/qualification/set","Test":"TestRunStopsBeforeASeedWhenFreeSpaceIsUnderTheBound","Elapsed":0}
{"Time":"2026-10-05T11:14:59.516639364Z","Action":"run","Package":"go.temporal.io/server/tools/gomad3/qualification/set","Test":"TestRunAnalyzesEachAnalysisIdentityOnce"}
{"Time":"2026-10-05T11:14:59.516640905Z","Action":"output","Package":"go.temporal.io/server/tools/gomad3/qualification/set","Test":"TestRunAnalyzesEachAnalysisIdentityOnce","Output":"=== RUN   TestRunAnalyzesEachAnalysisIdentityOnce\n","OutputType":"frame"}
{"Time":"2026-10-05T11:14:59.533056572Z","Action":"output","Package":"go.temporal.io/server/tools/gomad3/qualification/set","Test":"TestRunAnalyzesEachAnalysisIdentityOnce","Output":"--- PASS: TestRunAnalyzesEachAnalysisIdentityOnce (0.02s)\n","OutputType":"frame"}
{"Time":"2026-10-05T11:14:59.53307278Z","Action":"pass","Package":"go.temporal.io/server/tools/gomad3/qualification/set","Test":"TestRunAnalyzesEachAnalysisIdentityOnce","Elapsed":0.02}
{"Time":"2026-10-05T11:14:59.533075947Z","Action":"output","Package":"go.temporal.io/server/tools/gomad3/qualification/set","Output":"PASS\n","OutputType":"frame"}
{"Time":"2026-10-05T11:14:59.533362864Z","Action":"output","Package":"go.temporal.io/server/tools/gomad3/qualification/set","Output":"ok  \tgo.temporal.io/server/tools/gomad3/qualification/set\t0.188s\n"}
{"Time":"2026-10-05T11:14:59.533371364Z","Action":"pass","Package":"go.temporal.io/server/tools/gomad3/qualification/set","Elapsed":0.188}
