{"Time":"2026-10-08T20:25:36.970622964Z","Action":"start","Package":"go.temporal.io/server/tools/gomad3"}
{"Time":"2026-10-08T20:25:36.974408673Z","Action":"run","Package":"go.temporal.io/server/tools/gomad3","Test":"TestArchitectureInventoryFixtures"}
{"Time":"2026-10-08T20:25:36.974465423Z","Action":"output","Package":"go.temporal.io/server/tools/gomad3","Test":"TestArchitectureInventoryFixtures","Output":"=== RUN   TestArchitectureInventoryFixtures\n","OutputType":"frame"}
{"Time":"2026-10-08T20:25:36.974489964Z","Action":"run","Package":"go.temporal.io/server/tools/gomad3","Test":"TestArchitectureInventoryFixtures/root-production"}
{"Time":"2026-10-08T20:25:36.974501464Z","Action":"output","Package":"go.temporal.io/server/tools/gomad3","Test":"TestArchitectureInventoryFixtures/root-production","Output":"=== RUN   TestArchitectureInventoryFixtures/root-production\n","OutputType":"frame"}
{"Time":"2026-10-08T20:25:36.998310298Z","Action":"output","Package":"go.temporal.io/server/tools/gomad3","Test":"TestArchitectureInventoryFixtures/root-production","Output":"--- PASS: TestArchitectureInventoryFixtures/root-production (0.02s)\n","OutputType":"frame"}
{"Time":"2026-10-08T20:25:36.998401839Z","Action":"pass","Package":"go.temporal.io/server/tools/gomad3","Test":"TestArchitectureInventoryFixtures/root-production","Elapsed":0.02}
{"Time":"2026-10-08T20:25:36.998430173Z","Action":"run","Package":"go.temporal.io/server/tools/gomad3","Test":"TestArchitectureInventoryFixtures/hidden-production"}
{"Time":"2026-10-08T20:25:36.998468214Z","Action":"output","Package":"go.temporal.io/server/tools/gomad3","Test":"TestArchitectureInventoryFixtures/hidden-production","Output":"=== RUN   TestArchitectureInventoryFixtures/hidden-production\n","OutputType":"frame"}
{"Time":"2026-10-08T20:25:37.025143714Z","Action":"output","Package":"go.temporal.io/server/tools/gomad3","Test":"TestArchitectureInventoryFixtures/hidden-production","Output":"--- PASS: TestArchitectureInventoryFixtures/hidden-production (0.03s)\n","OutputType":"frame"}
{"Time":"2026-10-08T20:25:37.025209423Z","Action":"pass","Package":"go.temporal.io/server/tools/gomad3","Test":"TestArchitectureInventoryFixtures/hidden-production","Elapsed":0.03}
{"Time":"2026-10-08T20:25:37.025275589Z","Action":"run","Package":"go.temporal.io/server/tools/gomad3","Test":"TestArchitectureInventoryFixtures/underscore-production"}
{"Time":"2026-10-08T20:25:37.025362923Z","Action":"output","Package":"go.temporal.io/server/tools/gomad3","Test":"TestArchitectureInventoryFixtures/underscore-production","Output":"=== RUN   TestArchitectureInventoryFixtures/underscore-production\n","OutputType":"frame"}
{"Time":"2026-10-08T20:25:37.051030298Z","Action":"output","Package":"go.temporal.io/server/tools/gomad3","Test":"TestArchitectureInventoryFixtures/underscore-production","Output":"--- PASS: TestArchitectureInventoryFixtures/underscore-production (0.03s)\n","OutputType":"frame"}
{"Time":"2026-10-08T20:25:37.051096923Z","Action":"pass","Package":"go.temporal.io/server/tools/gomad3","Test":"TestArchitectureInventoryFixtures/underscore-production","Elapsed":0.03}
{"Time":"2026-10-08T20:25:37.051117048Z","Action":"run","Package":"go.temporal.io/server/tools/gomad3","Test":"TestArchitectureInventoryFixtures/unclassified-testdata"}
{"Time":"2026-10-08T20:25:37.051135131Z","Action":"output","Package":"go.temporal.io/server/tools/gomad3","Test":"TestArchitectureInventoryFixtures/unclassified-testdata","Output":"=== RUN   TestArchitectureInventoryFixtures/unclassified-testdata\n","OutputType":"frame"}
{"Time":"2026-10-08T20:25:37.068410589Z","Action":"output","Package":"go.temporal.io/server/tools/gomad3","Test":"TestArchitectureInventoryFixtures/unclassified-testdata","Output":"--- PASS: TestArchitectureInventoryFixtures/unclassified-testdata (0.02s)\n","OutputType":"frame"}
{"Time":"2026-10-08T20:25:37.068457506Z","Action":"pass","Package":"go.temporal.io/server/tools/gomad3","Test":"TestArchitectureInventoryFixtures/unclassified-testdata","Elapsed":0.02}
{"Time":"2026-10-08T20:25:37.068492214Z","Action":"run","Package":"go.temporal.io/server/tools/gomad3","Test":"TestArchitectureInventoryFixtures/overlay-prefix"}
{"Time":"2026-10-08T20:25:37.068543089Z","Action":"output","Package":"go.temporal.io/server/tools/gomad3","Test":"TestArchitectureInventoryFixtures/overlay-prefix","Output":"=== RUN   TestArchitectureInventoryFixtures/overlay-prefix\n","OutputType":"frame"}
{"Time":"2026-10-08T20:25:37.089584798Z","Action":"output","Package":"go.temporal.io/server/tools/gomad3","Test":"TestArchitectureInventoryFixtures/overlay-prefix","Output":"--- PASS: TestArchitectureInventoryFixtures/overlay-prefix (0.02s)\n","OutputType":"frame"}
{"Time":"2026-10-08T20:25:37.089617173Z","Action":"pass","Package":"go.temporal.io/server/tools/gomad3","Test":"TestArchitectureInventoryFixtures/overlay-prefix","Elapsed":0.02}
{"Time":"2026-10-08T20:25:37.089635006Z","Action":"run","Package":"go.temporal.io/server/tools/gomad3","Test":"TestArchitectureInventoryFixtures/hidden-module"}
{"Time":"2026-10-08T20:25:37.089661839Z","Action":"output","Package":"go.temporal.io/server/tools/gomad3","Test":"TestArchitectureInventoryFixtures/hidden-module","Output":"=== RUN   TestArchitectureInventoryFixtures/hidden-module\n","OutputType":"frame"}
{"Time":"2026-10-08T20:25:37.110110173Z","Action":"output","Package":"go.temporal.io/server/tools/gomad3","Test":"TestArchitectureInventoryFixtures/hidden-module","Output":"--- PASS: TestArchitectureInventoryFixtures/hidden-module (0.02s)\n","OutputType":"frame"}
{"Time":"2026-10-08T20:25:37.110192131Z","Action":"pass","Package":"go.temporal.io/server/tools/gomad3","Test":"TestArchitectureInventoryFixtures/hidden-module","Elapsed":0.02}
{"Time":"2026-10-08T20:25:37.110220423Z","Action":"run","Package":"go.temporal.io/server/tools/gomad3","Test":"TestArchitectureInventoryFixtures/excluded-root-module"}
{"Time":"2026-10-08T20:25:37.110235839Z","Action":"output","Package":"go.temporal.io/server/tools/gomad3","Test":"TestArchitectureInventoryFixtures/excluded-root-module","Output":"=== RUN   TestArchitectureInventoryFixtures/excluded-root-module\n","OutputType":"frame"}
{"Time":"2026-10-08T20:25:37.131378173Z","Action":"output","Package":"go.temporal.io/server/tools/gomad3","Test":"TestArchitectureInventoryFixtures/excluded-root-module","Output":"--- PASS: TestArchitectureInventoryFixtures/excluded-root-module (0.02s)\n","OutputType":"frame"}
{"Time":"2026-10-08T20:25:37.131418131Z","Action":"pass","Package":"go.temporal.io/server/tools/gomad3","Test":"TestArchitectureInventoryFixtures/excluded-root-module","Elapsed":0.02}
{"Time":"2026-10-08T20:25:37.131450464Z","Action":"run","Package":"go.temporal.io/server/tools/gomad3","Test":"TestArchitectureInventoryFixtures/included-list-error"}
{"Time":"2026-10-08T20:25:37.131466798Z","Action":"output","Package":"go.temporal.io/server/tools/gomad3","Test":"TestArchitectureInventoryFixtures/included-list-error","Output":"=== RUN   TestArchitectureInventoryFixtures/included-list-error\n","OutputType":"frame"}
{"Time":"2026-10-08T20:25:37.153491381Z","Action":"output","Package":"go.temporal.io/server/tools/gomad3","Test":"TestArchitectureInventoryFixtures/included-list-error","Output":"--- PASS: TestArchitectureInventoryFixtures/included-list-error (0.02s)\n","OutputType":"frame"}
{"Time":"2026-10-08T20:25:37.153530256Z","Action":"pass","Package":"go.temporal.io/server/tools/gomad3","Test":"TestArchitectureInventoryFixtures/included-list-error","Elapsed":0.02}
{"Time":"2026-10-08T20:25:37.153571173Z","Action":"run","Package":"go.temporal.io/server/tools/gomad3","Test":"TestArchitectureInventoryFixtures/owner-edge"}
{"Time":"2026-10-08T20:25:37.153587756Z","Action":"output","Package":"go.temporal.io/server/tools/gomad3","Test":"TestArchitectureInventoryFixtures/owner-edge","Output":"=== RUN   TestArchitectureInventoryFixtures/owner-edge\n","OutputType":"frame"}
{"Time":"2026-10-08T20:25:37.173344381Z","Action":"output","Package":"go.temporal.io/server/tools/gomad3","Test":"TestArchitectureInventoryFixtures/owner-edge","Output":"--- PASS: TestArchitectureInventoryFixtures/owner-edge (0.02s)\n","OutputType":"frame"}
{"Time":"2026-10-08T20:25:37.173398798Z","Action":"pass","Package":"go.temporal.io/server/tools/gomad3","Test":"TestArchitectureInventoryFixtures/owner-edge","Elapsed":0.02}
{"Time":"2026-10-08T20:25:37.173425298Z","Action":"run","Package":"go.temporal.io/server/tools/gomad3","Test":"TestArchitectureInventoryFixtures/required-facade-edge"}
{"Time":"2026-10-08T20:25:37.173438548Z","Action":"output","Package":"go.temporal.io/server/tools/gomad3","Test":"TestArchitectureInventoryFixtures/required-facade-edge","Output":"=== RUN   TestArchitectureInventoryFixtures/required-facade-edge\n","OutputType":"frame"}
{"Time":"2026-10-08T20:25:37.193077798Z","Action":"output","Package":"go.temporal.io/server/tools/gomad3","Test":"TestArchitectureInventoryFixtures/required-facade-edge","Output":"--- PASS: TestArchitectureInventoryFixtures/required-facade-edge (0.02s)\n","OutputType":"frame"}
{"Time":"2026-10-08T20:25:37.193129339Z","Action":"pass","Package":"go.temporal.io/server/tools/gomad3","Test":"TestArchitectureInventoryFixtures/required-facade-edge","Elapsed":0.02}
{"Time":"2026-10-08T20:25:37.193163131Z","Action":"output","Package":"go.temporal.io/server/tools/gomad3","Test":"TestArchitectureInventoryFixtures","Output":"--- PASS: TestArchitectureInventoryFixtures (0.22s)\n","OutputType":"frame"}
{"Time":"2026-10-08T20:25:37.193187881Z","Action":"pass","Package":"go.temporal.io/server/tools/gomad3","Test":"TestArchitectureInventoryFixtures","Elapsed":0.22}
{"Time":"2026-10-08T20:25:37.193213881Z","Action":"run","Package":"go.temporal.io/server/tools/gomad3","Test":"TestArchitecturePublicSignatureFixtures"}
{"Time":"2026-10-08T20:25:37.193233673Z","Action":"output","Package":"go.temporal.io/server/tools/gomad3","Test":"TestArchitecturePublicSignatureFixtures","Output":"=== RUN   TestArchitecturePublicSignatureFixtures\n","OutputType":"frame"}
{"Time":"2026-10-08T20:25:37.193275798Z","Action":"run","Package":"go.temporal.io/server/tools/gomad3","Test":"TestArchitecturePublicSignatureFixtures/nested-container"}
{"Time":"2026-10-08T20:25:37.193295714Z","Action":"output","Package":"go.temporal.io/server/tools/gomad3","Test":"TestArchitecturePublicSignatureFixtures/nested-container","Output":"=== RUN   TestArchitecturePublicSignatureFixtures/nested-container\n","OutputType":"frame"}
{"Time":"2026-10-08T20:25:37.217892673Z","Action":"output","Package":"go.temporal.io/server/tools/gomad3","Test":"TestArchitecturePublicSignatureFixtures/nested-container","Output":"--- PASS: TestArchitecturePublicSignatureFixtures/nested-container (0.02s)\n","OutputType":"frame"}
{"Time":"2026-10-08T20:25:37.217932089Z","Action":"pass","Package":"go.temporal.io/server/tools/gomad3","Test":"TestArchitecturePublicSignatureFixtures/nested-container","Elapsed":0.02}
{"Time":"2026-10-08T20:25:37.217991798Z","Action":"run","Package":"go.temporal.io/server/tools/gomad3","Test":"TestArchitecturePublicSignatureFixtures/alias"}
{"Time":"2026-10-08T20:25:37.218005298Z","Action":"output","Package":"go.temporal.io/server/tools/gomad3","Test":"TestArchitecturePublicSignatureFixtures/alias","Output":"=== RUN   TestArchitecturePublicSignatureFixtures/alias\n","OutputType":"frame"}
{"Time":"2026-10-08T20:25:37.234428339Z","Action":"output","Package":"go.temporal.io/server/tools/gomad3","Test":"TestArchitecturePublicSignatureFixtures/alias","Output":"--- PASS: TestArchitecturePublicSignatureFixtures/alias (0.02s)\n","OutputType":"frame"}
{"Time":"2026-10-08T20:25:37.234529839Z","Action":"pass","Package":"go.temporal.io/server/tools/gomad3","Test":"TestArchitecturePublicSignatureFixtures/alias","Elapsed":0.02}
{"Time":"2026-10-08T20:25:37.234571589Z","Action":"run","Package":"go.temporal.io/server/tools/gomad3","Test":"TestArchitecturePublicSignatureFixtures/defined-rhs"}
{"Time":"2026-10-08T20:25:37.234601631Z","Action":"output","Package":"go.temporal.io/server/tools/gomad3","Test":"TestArchitecturePublicSignatureFixtures/defined-rhs","Output":"=== RUN   TestArchitecturePublicSignatureFixtures/defined-rhs\n","OutputType":"frame"}
{"Time":"2026-10-08T20:25:37.249004673Z","Action":"output","Package":"go.temporal.io/server/tools/gomad3","Test":"TestArchitecturePublicSignatureFixtures/defined-rhs","Output":"--- PASS: TestArchitecturePublicSignatureFixtures/defined-rhs (0.01s)\n","OutputType":"frame"}
{"Time":"2026-10-08T20:25:37.249042964Z","Action":"pass","Package":"go.temporal.io/server/tools/gomad3","Test":"TestArchitecturePublicSignatureFixtures/defined-rhs","Elapsed":0.01}
{"Time":"2026-10-08T20:25:37.249064214Z","Action":"run","Package":"go.temporal.io/server/tools/gomad3","Test":"TestArchitecturePublicSignatureFixtures/interface-result"}
{"Time":"2026-10-08T20:25:37.249097964Z","Action":"output","Package":"go.temporal.io/server/tools/gomad3","Test":"TestArchitecturePublicSignatureFixtures/interface-result","Output":"=== RUN   TestArchitecturePublicSignatureFixtures/interface-result\n","OutputType":"frame"}
{"Time":"2026-10-08T20:25:37.262994673Z","Action":"output","Package":"go.temporal.io/server/tools/gomad3","Test":"TestArchitecturePublicSignatureFixtures/interface-result","Output":"--- PASS: TestArchitecturePublicSignatureFixtures/interface-result (0.01s)\n","OutputType":"frame"}
{"Time":"2026-10-08T20:25:37.263032298Z","Action":"pass","Package":"go.temporal.io/server/tools/gomad3","Test":"TestArchitecturePublicSignatureFixtures/interface-result","Elapsed":0.01}
{"Time":"2026-10-08T20:25:37.263058964Z","Action":"run","Package":"go.temporal.io/server/tools/gomad3","Test":"TestArchitecturePublicSignatureFixtures/generic-constraint"}
{"Time":"2026-10-08T20:25:37.263076881Z","Action":"output","Package":"go.temporal.io/server/tools/gomad3","Test":"TestArchitecturePublicSignatureFixtures/generic-constraint","Output":"=== RUN   TestArchitecturePublicSignatureFixtures/generic-constraint\n","OutputType":"frame"}
{"Time":"2026-10-08T20:25:37.280481423Z","Action":"output","Package":"go.temporal.io/server/tools/gomad3","Test":"TestArchitecturePublicSignatureFixtures/generic-constraint","Output":"--- PASS: TestArchitecturePublicSignatureFixtures/generic-constraint (0.02s)\n","OutputType":"frame"}
{"Time":"2026-10-08T20:25:37.280539173Z","Action":"pass","Package":"go.temporal.io/server/tools/gomad3","Test":"TestArchitecturePublicSignatureFixtures/generic-constraint","Elapsed":0.02}
{"Time":"2026-10-08T20:25:37.280573423Z","Action":"run","Package":"go.temporal.io/server/tools/gomad3","Test":"TestArchitecturePublicSignatureFixtures/foreign-generic-argument"}
{"Time":"2026-10-08T20:25:37.280616506Z","Action":"output","Package":"go.temporal.io/server/tools/gomad3","Test":"TestArchitecturePublicSignatureFixtures/foreign-generic-argument","Output":"=== RUN   TestArchitecturePublicSignatureFixtures/foreign-generic-argument\n","OutputType":"frame"}
{"Time":"2026-10-08T20:25:37.298306256Z","Action":"output","Package":"go.temporal.io/server/tools/gomad3","Test":"TestArchitecturePublicSignatureFixtures/foreign-generic-argument","Output":"--- PASS: TestArchitecturePublicSignatureFixtures/foreign-generic-argument (0.02s)\n","OutputType":"frame"}
{"Time":"2026-10-08T20:25:37.298345006Z","Action":"pass","Package":"go.temporal.io/server/tools/gomad3","Test":"TestArchitecturePublicSignatureFixtures/foreign-generic-argument","Elapsed":0.02}
{"Time":"2026-10-08T20:25:37.298385881Z","Action":"run","Package":"go.temporal.io/server/tools/gomad3","Test":"TestArchitecturePublicSignatureFixtures/promoted-method"}
{"Time":"2026-10-08T20:25:37.298409881Z","Action":"output","Package":"go.temporal.io/server/tools/gomad3","Test":"TestArchitecturePublicSignatureFixtures/promoted-method","Output":"=== RUN   TestArchitecturePublicSignatureFixtures/promoted-method\n","OutputType":"frame"}
{"Time":"2026-10-08T20:25:37.315133548Z","Action":"output","Package":"go.temporal.io/server/tools/gomad3","Test":"TestArchitecturePublicSignatureFixtures/promoted-method","Output":"--- PASS: TestArchitecturePublicSignatureFixtures/promoted-method (0.02s)\n","OutputType":"frame"}
{"Time":"2026-10-08T20:25:37.315193256Z","Action":"pass","Package":"go.temporal.io/server/tools/gomad3","Test":"TestArchitecturePublicSignatureFixtures/promoted-method","Elapsed":0.02}
{"Time":"2026-10-08T20:25:37.315236839Z","Action":"run","Package":"go.temporal.io/server/tools/gomad3","Test":"TestArchitecturePublicSignatureFixtures/private-storage"}
{"Time":"2026-10-08T20:25:37.315265173Z","Action":"output","Package":"go.temporal.io/server/tools/gomad3","Test":"TestArchitecturePublicSignatureFixtures/private-storage","Output":"=== RUN   TestArchitecturePublicSignatureFixtures/private-storage\n","OutputType":"frame"}
{"Time":"2026-10-08T20:25:37.331789006Z","Action":"output","Package":"go.temporal.io/server/tools/gomad3","Test":"TestArchitecturePublicSignatureFixtures/private-storage","Output":"--- PASS: TestArchitecturePublicSignatureFixtures/private-storage (0.02s)\n","OutputType":"frame"}
{"Time":"2026-10-08T20:25:37.331829964Z","Action":"pass","Package":"go.temporal.io/server/tools/gomad3","Test":"TestArchitecturePublicSignatureFixtures/private-storage","Elapsed":0.02}
{"Time":"2026-10-08T20:25:37.331849756Z","Action":"run","Package":"go.temporal.io/server/tools/gomad3","Test":"TestArchitecturePublicSignatureFixtures/private-defined-graph"}
{"Time":"2026-10-08T20:25:37.331878006Z","Action":"output","Package":"go.temporal.io/server/tools/gomad3","Test":"TestArchitecturePublicSignatureFixtures/private-defined-graph","Output":"=== RUN   TestArchitecturePublicSignatureFixtures/private-defined-graph\n","OutputType":"frame"}
{"Time":"2026-10-08T20:25:37.347324339Z","Action":"output","Package":"go.temporal.io/server/tools/gomad3","Test":"TestArchitecturePublicSignatureFixtures/private-defined-graph","Output":"--- PASS: TestArchitecturePublicSignatureFixtures/private-defined-graph (0.02s)\n","OutputType":"frame"}
{"Time":"2026-10-08T20:25:37.347420881Z","Action":"pass","Package":"go.temporal.io/server/tools/gomad3","Test":"TestArchitecturePublicSignatureFixtures/private-defined-graph","Elapsed":0.02}
{"Time":"2026-10-08T20:25:37.347471298Z","Action":"run","Package":"go.temporal.io/server/tools/gomad3","Test":"TestArchitecturePublicSignatureFixtures/recursive-public-graph"}
{"Time":"2026-10-08T20:25:37.347505589Z","Action":"output","Package":"go.temporal.io/server/tools/gomad3","Test":"TestArchitecturePublicSignatureFixtures/recursive-public-graph","Output":"=== RUN   TestArchitecturePublicSignatureFixtures/recursive-public-graph\n","OutputType":"frame"}
{"Time":"2026-10-08T20:25:37.363274923Z","Action":"output","Package":"go.temporal.io/server/tools/gomad3","Test":"TestArchitecturePublicSignatureFixtures/recursive-public-graph","Output":"--- PASS: TestArchitecturePublicSignatureFixtures/recursive-public-graph (0.02s)\n","OutputType":"frame"}
{"Time":"2026-10-08T20:25:37.363357923Z","Action":"pass","Package":"go.temporal.io/server/tools/gomad3","Test":"TestArchitecturePublicSignatureFixtures/recursive-public-graph","Elapsed":0.02}
{"Time":"2026-10-08T20:25:37.363408589Z","Action":"output","Package":"go.temporal.io/server/tools/gomad3","Test":"TestArchitecturePublicSignatureFixtures","Output":"--- PASS: TestArchitecturePublicSignatureFixtures (0.17s)\n","OutputType":"frame"}
{"Time":"2026-10-08T20:25:37.363430423Z","Action":"pass","Package":"go.temporal.io/server/tools/gomad3","Test":"TestArchitecturePublicSignatureFixtures","Elapsed":0.17}
{"Time":"2026-10-08T20:25:37.363442173Z","Action":"run","Package":"go.temporal.io/server/tools/gomad3","Test":"TestArchitectureEffectFixtures"}
{"Time":"2026-10-08T20:25:37.363452964Z","Action":"output","Package":"go.temporal.io/server/tools/gomad3","Test":"TestArchitectureEffectFixtures","Output":"=== RUN   TestArchitectureEffectFixtures\n","OutputType":"frame"}
{"Time":"2026-10-08T20:25:37.363484214Z","Action":"run","Package":"go.temporal.io/server/tools/gomad3","Test":"TestArchitectureEffectFixtures/indirect-clock"}
{"Time":"2026-10-08T20:25:37.363503881Z","Action":"output","Package":"go.temporal.io/server/tools/gomad3","Test":"TestArchitectureEffectFixtures/indirect-clock","Output":"=== RUN   TestArchitectureEffectFixtures/indirect-clock\n","OutputType":"frame"}
{"Time":"2026-10-08T20:25:38.229884965Z","Action":"output","Package":"go.temporal.io/server/tools/gomad3","Test":"TestArchitectureEffectFixtures/indirect-clock","Output":"--- PASS: TestArchitectureEffectFixtures/indirect-clock (0.87s)\n","OutputType":"frame"}
{"Time":"2026-10-08T20:25:38.230063673Z","Action":"pass","Package":"go.temporal.io/server/tools/gomad3","Test":"TestArchitectureEffectFixtures/indirect-clock","Elapsed":0.87}
{"Time":"2026-10-08T20:25:38.230136048Z","Action":"run","Package":"go.temporal.io/server/tools/gomad3","Test":"TestArchitectureEffectFixtures/environment"}
{"Time":"2026-10-08T20:25:38.230214423Z","Action":"output","Package":"go.temporal.io/server/tools/gomad3","Test":"TestArchitectureEffectFixtures/environment","Output":"=== RUN   TestArchitectureEffectFixtures/environment\n","OutputType":"frame"}
{"Time":"2026-10-08T20:25:38.847006298Z","Action":"output","Package":"go.temporal.io/server/tools/gomad3","Test":"TestArchitectureEffectFixtures/environment","Output":"--- PASS: TestArchitectureEffectFixtures/environment (0.62s)\n","OutputType":"frame"}
{"Time":"2026-10-08T20:25:38.847137173Z","Action":"pass","Package":"go.temporal.io/server/tools/gomad3","Test":"TestArchitectureEffectFixtures/environment","Elapsed":0.62}
{"Time":"2026-10-08T20:25:38.84721309Z","Action":"run","Package":"go.temporal.io/server/tools/gomad3","Test":"TestArchitectureEffectFixtures/filesystem"}
{"Time":"2026-10-08T20:25:38.847271923Z","Action":"output","Package":"go.temporal.io/server/tools/gomad3","Test":"TestArchitectureEffectFixtures/filesystem","Output":"=== RUN   TestArchitectureEffectFixtures/filesystem\n","OutputType":"frame"}
{"Time":"2026-10-08T20:25:39.437146715Z","Action":"output","Package":"go.temporal.io/server/tools/gomad3","Test":"TestArchitectureEffectFixtures/filesystem","Output":"--- PASS: TestArchitectureEffectFixtures/filesystem (0.59s)\n","OutputType":"frame"}
{"Time":"2026-10-08T20:25:39.438104715Z","Action":"pass","Package":"go.temporal.io/server/tools/gomad3","Test":"TestArchitectureEffectFixtures/filesystem","Elapsed":0.59}
{"Time":"2026-10-08T20:25:39.438693549Z","Action":"run","Package":"go.temporal.io/server/tools/gomad3","Test":"TestArchitectureEffectFixtures/process"}
{"Time":"2026-10-08T20:25:39.440667924Z","Action":"output","Package":"go.temporal.io/server/tools/gomad3","Test":"TestArchitectureEffectFixtures/process","Output":"=== RUN   TestArchitectureEffectFixtures/process\n","OutputType":"frame"}
{"Time":"2026-10-08T20:25:40.188998549Z","Action":"output","Package":"go.temporal.io/server/tools/gomad3","Test":"TestArchitectureEffectFixtures/process","Output":"--- PASS: TestArchitectureEffectFixtures/process (0.75s)\n","OutputType":"frame"}
{"Time":"2026-10-08T20:25:40.189233507Z","Action":"pass","Package":"go.temporal.io/server/tools/gomad3","Test":"TestArchitectureEffectFixtures/process","Elapsed":0.75}
{"Time":"2026-10-08T20:25:40.189380132Z","Action":"run","Package":"go.temporal.io/server/tools/gomad3","Test":"TestArchitectureEffectFixtures/network"}
{"Time":"2026-10-08T20:25:40.189519591Z","Action":"output","Package":"go.temporal.io/server/tools/gomad3","Test":"TestArchitectureEffectFixtures/network","Output":"=== RUN   TestArchitectureEffectFixtures/network\n","OutputType":"frame"}
{"Time":"2026-10-08T20:25:40.770588008Z","Action":"output","Package":"go.temporal.io/server/tools/gomad3","Test":"TestArchitectureEffectFixtures/network","Output":"--- PASS: TestArchitectureEffectFixtures/network (0.58s)\n","OutputType":"frame"}
{"Time":"2026-10-08T20:25:40.770679049Z","Action":"pass","Package":"go.temporal.io/server/tools/gomad3","Test":"TestArchitectureEffectFixtures/network","Elapsed":0.58}
{"Time":"2026-10-08T20:25:40.770707633Z","Action":"run","Package":"go.temporal.io/server/tools/gomad3","Test":"TestArchitectureEffectFixtures/timer"}
{"Time":"2026-10-08T20:25:40.770731674Z","Action":"output","Package":"go.temporal.io/server/tools/gomad3","Test":"TestArchitectureEffectFixtures/timer","Output":"=== RUN   TestArchitectureEffectFixtures/timer\n","OutputType":"frame"}
{"Time":"2026-10-08T20:25:41.523662383Z","Action":"output","Package":"go.temporal.io/server/tools/gomad3","Test":"TestArchitectureEffectFixtures/timer","Output":"--- PASS: TestArchitectureEffectFixtures/timer (0.75s)\n","OutputType":"frame"}
{"Time":"2026-10-08T20:25:41.52582355Z","Action":"pass","Package":"go.temporal.io/server/tools/gomad3","Test":"TestArchitectureEffectFixtures/timer","Elapsed":0.75}
{"Time":"2026-10-08T20:25:41.525914383Z","Action":"run","Package":"go.temporal.io/server/tools/gomad3","Test":"TestArchitectureEffectFixtures/entropy"}
{"Time":"2026-10-08T20:25:41.525961508Z","Action":"output","Package":"go.temporal.io/server/tools/gomad3","Test":"TestArchitectureEffectFixtures/entropy","Output":"=== RUN   TestArchitectureEffectFixtures/entropy\n","OutputType":"frame"}
{"Time":"2026-10-08T20:25:42.316106258Z","Action":"output","Package":"go.temporal.io/server/tools/gomad3","Test":"TestArchitectureEffectFixtures/entropy","Output":"--- PASS: TestArchitectureEffectFixtures/entropy (0.79s)\n","OutputType":"frame"}
{"Time":"2026-10-08T20:25:42.316286217Z","Action":"pass","Package":"go.temporal.io/server/tools/gomad3","Test":"TestArchitectureEffectFixtures/entropy","Elapsed":0.79}
{"Time":"2026-10-08T20:25:42.316324675Z","Action":"run","Package":"go.temporal.io/server/tools/gomad3","Test":"TestArchitectureEffectFixtures/goroutine"}
{"Time":"2026-10-08T20:25:42.316346967Z","Action":"output","Package":"go.temporal.io/server/tools/gomad3","Test":"TestArchitectureEffectFixtures/goroutine","Output":"=== RUN   TestArchitectureEffectFixtures/goroutine\n","OutputType":"frame"}
{"Time":"2026-10-08T20:25:42.90434505Z","Action":"output","Package":"go.temporal.io/server/tools/gomad3","Test":"TestArchitectureEffectFixtures/goroutine","Output":"--- PASS: TestArchitectureEffectFixtures/goroutine (0.59s)\n","OutputType":"frame"}
{"Time":"2026-10-08T20:25:42.904516842Z","Action":"pass","Package":"go.temporal.io/server/tools/gomad3","Test":"TestArchitectureEffectFixtures/goroutine","Elapsed":0.59}
{"Time":"2026-10-08T20:25:42.9045723Z","Action":"run","Package":"go.temporal.io/server/tools/gomad3","Test":"TestArchitectureEffectFixtures/stored-callback"}
{"Time":"2026-10-08T20:25:42.904683759Z","Action":"output","Package":"go.temporal.io/server/tools/gomad3","Test":"TestArchitectureEffectFixtures/stored-callback","Output":"=== RUN   TestArchitectureEffectFixtures/stored-callback\n","OutputType":"frame"}
{"Time":"2026-10-08T20:25:43.629010842Z","Action":"output","Package":"go.temporal.io/server/tools/gomad3","Test":"TestArchitectureEffectFixtures/stored-callback","Output":"--- PASS: TestArchitectureEffectFixtures/stored-callback (0.72s)\n","OutputType":"frame"}
{"Time":"2026-10-08T20:25:43.629423509Z","Action":"pass","Package":"go.temporal.io/server/tools/gomad3","Test":"TestArchitectureEffectFixtures/stored-callback","Elapsed":0.72}
{"Time":"2026-10-08T20:25:43.629535092Z","Action":"run","Package":"go.temporal.io/server/tools/gomad3","Test":"TestArchitectureEffectFixtures/method-value"}
{"Time":"2026-10-08T20:25:43.630211342Z","Action":"output","Package":"go.temporal.io/server/tools/gomad3","Test":"TestArchitectureEffectFixtures/method-value","Output":"=== RUN   TestArchitectureEffectFixtures/method-value\n","OutputType":"frame"}
{"Time":"2026-10-08T20:25:44.496679176Z","Action":"output","Package":"go.temporal.io/server/tools/gomad3","Test":"TestArchitectureEffectFixtures/method-value","Output":"--- PASS: TestArchitectureEffectFixtures/method-value (0.87s)\n","OutputType":"frame"}
{"Time":"2026-10-08T20:25:44.497108885Z","Action":"pass","Package":"go.temporal.io/server/tools/gomad3","Test":"TestArchitectureEffectFixtures/method-value","Elapsed":0.87}
{"Time":"2026-10-08T20:25:44.49715001Z","Action":"run","Package":"go.temporal.io/server/tools/gomad3","Test":"TestArchitectureEffectFixtures/generic-callback"}
{"Time":"2026-10-08T20:25:44.497234968Z","Action":"output","Package":"go.temporal.io/server/tools/gomad3","Test":"TestArchitectureEffectFixtures/generic-callback","Output":"=== RUN   TestArchitectureEffectFixtures/generic-callback\n","OutputType":"frame"}
{"Time":"2026-10-08T20:25:45.075275051Z","Action":"output","Package":"go.temporal.io/server/tools/gomad3","Test":"TestArchitectureEffectFixtures/generic-callback","Output":"--- PASS: TestArchitectureEffectFixtures/generic-callback (0.58s)\n","OutputType":"frame"}
{"Time":"2026-10-08T20:25:45.075394926Z","Action":"pass","Package":"go.temporal.io/server/tools/gomad3","Test":"TestArchitectureEffectFixtures/generic-callback","Elapsed":0.58}
{"Time":"2026-10-08T20:25:45.075480135Z","Action":"run","Package":"go.temporal.io/server/tools/gomad3","Test":"TestArchitectureEffectFixtures/recursive-cycle"}
{"Time":"2026-10-08T20:25:45.07550376Z","Action":"output","Package":"go.temporal.io/server/tools/gomad3","Test":"TestArchitectureEffectFixtures/recursive-cycle","Output":"=== RUN   TestArchitectureEffectFixtures/recursive-cycle\n","OutputType":"frame"}
{"Time":"2026-10-08T20:25:45.767400677Z","Action":"output","Package":"go.temporal.io/server/tools/gomad3","Test":"TestArchitectureEffectFixtures/recursive-cycle","Output":"--- PASS: TestArchitectureEffectFixtures/recursive-cycle (0.69s)\n","OutputType":"frame"}
{"Time":"2026-10-08T20:25:45.76866126Z","Action":"pass","Package":"go.temporal.io/server/tools/gomad3","Test":"TestArchitectureEffectFixtures/recursive-cycle","Elapsed":0.69}
{"Time":"2026-10-08T20:25:45.768912135Z","Action":"run","Package":"go.temporal.io/server/tools/gomad3","Test":"TestArchitectureEffectFixtures/nested-json"}
{"Time":"2026-10-08T20:25:45.769164427Z","Action":"output","Package":"go.temporal.io/server/tools/gomad3","Test":"TestArchitectureEffectFixtures/nested-json","Output":"=== RUN   TestArchitectureEffectFixtures/nested-json\n","OutputType":"frame"}
{"Time":"2026-10-08T20:25:46.804788886Z","Action":"output","Package":"go.temporal.io/server/tools/gomad3","Test":"TestArchitectureEffectFixtures/nested-json","Output":"--- PASS: TestArchitectureEffectFixtures/nested-json (1.04s)\n","OutputType":"frame"}
{"Time":"2026-10-08T20:25:46.805284761Z","Action":"pass","Package":"go.temporal.io/server/tools/gomad3","Test":"TestArchitectureEffectFixtures/nested-json","Elapsed":1.04}
{"Time":"2026-10-08T20:25:46.805456011Z","Action":"run","Package":"go.temporal.io/server/tools/gomad3","Test":"TestArchitectureEffectFixtures/nested-text"}
{"Time":"2026-10-08T20:25:46.805505302Z","Action":"output","Package":"go.temporal.io/server/tools/gomad3","Test":"TestArchitectureEffectFixtures/nested-text","Output":"=== RUN   TestArchitectureEffectFixtures/nested-text\n","OutputType":"frame"}
{"Time":"2026-10-08T20:25:47.523875761Z","Action":"output","Package":"go.temporal.io/server/tools/gomad3","Test":"TestArchitectureEffectFixtures/nested-text","Output":"--- PASS: TestArchitectureEffectFixtures/nested-text (0.72s)\n","OutputType":"frame"}
{"Time":"2026-10-08T20:25:47.524537053Z","Action":"pass","Package":"go.temporal.io/server/tools/gomad3","Test":"TestArchitectureEffectFixtures/nested-text","Elapsed":0.72}
{"Time":"2026-10-08T20:25:47.524811636Z","Action":"run","Package":"go.temporal.io/server/tools/gomad3","Test":"TestArchitectureEffectFixtures/json-file-writer"}
{"Time":"2026-10-08T20:25:47.524862969Z","Action":"output","Package":"go.temporal.io/server/tools/gomad3","Test":"TestArchitectureEffectFixtures/json-file-writer","Output":"=== RUN   TestArchitectureEffectFixtures/json-file-writer\n","OutputType":"frame"}
{"Time":"2026-10-08T20:25:48.143022053Z","Action":"output","Package":"go.temporal.io/server/tools/gomad3","Test":"TestArchitectureEffectFixtures/json-file-writer","Output":"--- PASS: TestArchitectureEffectFixtures/json-file-writer (0.62s)\n","OutputType":"frame"}
{"Time":"2026-10-08T20:25:48.143248428Z","Action":"pass","Package":"go.temporal.io/server/tools/gomad3","Test":"TestArchitectureEffectFixtures/json-file-writer","Elapsed":0.62}
{"Time":"2026-10-08T20:25:48.14329822Z","Action":"run","Package":"go.temporal.io/server/tools/gomad3","Test":"TestArchitectureEffectFixtures/json-file-reader"}
{"Time":"2026-10-08T20:25:48.143330511Z","Action":"output","Package":"go.temporal.io/server/tools/gomad3","Test":"TestArchitectureEffectFixtures/json-file-reader","Output":"=== RUN   TestArchitectureEffectFixtures/json-file-reader\n","OutputType":"frame"}
{"Time":"2026-10-08T20:25:48.735282095Z","Action":"output","Package":"go.temporal.io/server/tools/gomad3","Test":"TestArchitectureEffectFixtures/json-file-reader","Output":"--- PASS: TestArchitectureEffectFixtures/json-file-reader (0.59s)\n","OutputType":"frame"}
{"Time":"2026-10-08T20:25:48.735490178Z","Action":"pass","Package":"go.temporal.io/server/tools/gomad3","Test":"TestArchitectureEffectFixtures/json-file-reader","Elapsed":0.59}
{"Time":"2026-10-08T20:25:48.735605845Z","Action":"run","Package":"go.temporal.io/server/tools/gomad3","Test":"TestArchitectureEffectFixtures/fmt-stringer"}
{"Time":"2026-10-08T20:25:48.735659178Z","Action":"output","Package":"go.temporal.io/server/tools/gomad3","Test":"TestArchitectureEffectFixtures/fmt-stringer","Output":"=== RUN   TestArchitectureEffectFixtures/fmt-stringer\n","OutputType":"frame"}
{"Time":"2026-10-08T20:25:50.068748262Z","Action":"output","Package":"go.temporal.io/server/tools/gomad3","Test":"TestArchitectureEffectFixtures/fmt-stringer","Output":"--- PASS: TestArchitectureEffectFixtures/fmt-stringer (1.33s)\n","OutputType":"frame"}
{"Time":"2026-10-08T20:25:50.072132971Z","Action":"pass","Package":"go.temporal.io/server/tools/gomad3","Test":"TestArchitectureEffectFixtures/fmt-stringer","Elapsed":1.33}
{"Time":"2026-10-08T20:25:50.073198221Z","Action":"run","Package":"go.temporal.io/server/tools/gomad3","Test":"TestArchitectureEffectFixtures/fmt-formatter"}
{"Time":"2026-10-08T20:25:50.073572387Z","Action":"output","Package":"go.temporal.io/server/tools/gomad3","Test":"TestArchitectureEffectFixtures/fmt-formatter","Output":"=== RUN   TestArchitectureEffectFixtures/fmt-formatter\n","OutputType":"frame"}
{"Time":"2026-10-08T20:25:50.953149721Z","Action":"output","Package":"go.temporal.io/server/tools/gomad3","Test":"TestArchitectureEffectFixtures/fmt-formatter","Output":"--- PASS: TestArchitectureEffectFixtures/fmt-formatter (0.89s)\n","OutputType":"frame"}
{"Time":"2026-10-08T20:25:50.953273721Z","Action":"pass","Package":"go.temporal.io/server/tools/gomad3","Test":"TestArchitectureEffectFixtures/fmt-formatter","Elapsed":0.89}
{"Time":"2026-10-08T20:25:50.953344596Z","Action":"run","Package":"go.temporal.io/server/tools/gomad3","Test":"TestArchitectureEffectFixtures/fmt-gostring"}
{"Time":"2026-10-08T20:25:50.953441388Z","Action":"output","Package":"go.temporal.io/server/tools/gomad3","Test":"TestArchitectureEffectFixtures/fmt-gostring","Output":"=== RUN   TestArchitectureEffectFixtures/fmt-gostring\n","OutputType":"frame"}
{"Time":"2026-10-08T20:25:51.636279721Z","Action":"output","Package":"go.temporal.io/server/tools/gomad3","Test":"TestArchitectureEffectFixtures/fmt-gostring","Output":"--- PASS: TestArchitectureEffectFixtures/fmt-gostring (0.68s)\n","OutputType":"frame"}
{"Time":"2026-10-08T20:25:51.636496096Z","Action":"pass","Package":"go.temporal.io/server/tools/gomad3","Test":"TestArchitectureEffectFixtures/fmt-gostring","Elapsed":0.68}
{"Time":"2026-10-08T20:25:51.63653968Z","Action":"run","Package":"go.temporal.io/server/tools/gomad3","Test":"TestArchitectureEffectFixtures/unknown-callback"}
{"Time":"2026-10-08T20:25:51.63656293Z","Action":"output","Package":"go.temporal.io/server/tools/gomad3","Test":"TestArchitectureEffectFixtures/unknown-callback","Output":"=== RUN   TestArchitectureEffectFixtures/unknown-callback\n","OutputType":"frame"}
{"Time":"2026-10-08T20:25:52.315911138Z","Action":"output","Package":"go.temporal.io/server/tools/gomad3","Test":"TestArchitectureEffectFixtures/unknown-callback","Output":"--- PASS: TestArchitectureEffectFixtures/unknown-callback (0.68s)\n","OutputType":"frame"}
{"Time":"2026-10-08T20:25:52.316047097Z","Action":"pass","Package":"go.temporal.io/server/tools/gomad3","Test":"TestArchitectureEffectFixtures/unknown-callback","Elapsed":0.68}
{"Time":"2026-10-08T20:25:52.316108013Z","Action":"run","Package":"go.temporal.io/server/tools/gomad3","Test":"TestArchitectureEffectFixtures/unknown-location"}
{"Time":"2026-10-08T20:25:52.316143347Z","Action":"output","Package":"go.temporal.io/server/tools/gomad3","Test":"TestArchitectureEffectFixtures/unknown-location","Output":"=== RUN   TestArchitectureEffectFixtures/unknown-location\n","OutputType":"frame"}
{"Time":"2026-10-08T20:25:52.907799597Z","Action":"output","Package":"go.temporal.io/server/tools/gomad3","Test":"TestArchitectureEffectFixtures/unknown-location","Output":"--- PASS: TestArchitectureEffectFixtures/unknown-location (0.59s)\n","OutputType":"frame"}
{"Time":"2026-10-08T20:25:52.908010222Z","Action":"pass","Package":"go.temporal.io/server/tools/gomad3","Test":"TestArchitectureEffectFixtures/unknown-location","Elapsed":0.59}
{"Time":"2026-10-08T20:25:52.908070764Z","Action":"run","Package":"go.temporal.io/server/tools/gomad3","Test":"TestArchitectureEffectFixtures/local-location"}
{"Time":"2026-10-08T20:25:52.908092472Z","Action":"output","Package":"go.temporal.io/server/tools/gomad3","Test":"TestArchitectureEffectFixtures/local-location","Output":"=== RUN   TestArchitectureEffectFixtures/local-location\n","OutputType":"frame"}
{"Time":"2026-10-08T20:25:53.705755514Z","Action":"output","Package":"go.temporal.io/server/tools/gomad3","Test":"TestArchitectureEffectFixtures/local-location","Output":"--- PASS: TestArchitectureEffectFixtures/local-location (0.80s)\n","OutputType":"frame"}
{"Time":"2026-10-08T20:25:53.706182556Z","Action":"pass","Package":"go.temporal.io/server/tools/gomad3","Test":"TestArchitectureEffectFixtures/local-location","Elapsed":0.8}
{"Time":"2026-10-08T20:25:53.706260389Z","Action":"run","Package":"go.temporal.io/server/tools/gomad3","Test":"TestArchitectureEffectFixtures/utc-location"}
{"Time":"2026-10-08T20:25:53.706392931Z","Action":"output","Package":"go.temporal.io/server/tools/gomad3","Test":"TestArchitectureEffectFixtures/utc-location","Output":"=== RUN   TestArchitectureEffectFixtures/utc-location\n","OutputType":"frame"}
{"Time":"2026-10-08T20:25:55.008386973Z","Action":"output","Package":"go.temporal.io/server/tools/gomad3","Test":"TestArchitectureEffectFixtures/utc-location","Output":"--- PASS: TestArchitectureEffectFixtures/utc-location (1.30s)\n","OutputType":"frame"}
{"Time":"2026-10-08T20:25:55.00894989Z","Action":"pass","Package":"go.temporal.io/server/tools/gomad3","Test":"TestArchitectureEffectFixtures/utc-location","Elapsed":1.3}
{"Time":"2026-10-08T20:25:55.009021723Z","Action":"run","Package":"go.temporal.io/server/tools/gomad3","Test":"TestArchitectureEffectFixtures/pure-callback"}
{"Time":"2026-10-08T20:25:55.009045765Z","Action":"output","Package":"go.temporal.io/server/tools/gomad3","Test":"TestArchitectureEffectFixtures/pure-callback","Output":"=== RUN   TestArchitectureEffectFixtures/pure-callback\n","OutputType":"frame"}
{"Time":"2026-10-08T20:25:55.73479289Z","Action":"output","Package":"go.temporal.io/server/tools/gomad3","Test":"TestArchitectureEffectFixtures/pure-callback","Output":"--- PASS: TestArchitectureEffectFixtures/pure-callback (0.73s)\n","OutputType":"frame"}
{"Time":"2026-10-08T20:25:55.735184015Z","Action":"pass","Package":"go.temporal.io/server/tools/gomad3","Test":"TestArchitectureEffectFixtures/pure-callback","Elapsed":0.73}
{"Time":"2026-10-08T20:25:55.73528989Z","Action":"run","Package":"go.temporal.io/server/tools/gomad3","Test":"TestArchitectureEffectFixtures/pure-recursive-cycle"}
{"Time":"2026-10-08T20:25:55.735336307Z","Action":"output","Package":"go.temporal.io/server/tools/gomad3","Test":"TestArchitectureEffectFixtures/pure-recursive-cycle","Output":"=== RUN   TestArchitectureEffectFixtures/pure-recursive-cycle\n","OutputType":"frame"}
{"Time":"2026-10-08T20:25:56.42933314Z","Action":"output","Package":"go.temporal.io/server/tools/gomad3","Test":"TestArchitectureEffectFixtures/pure-recursive-cycle","Output":"--- PASS: TestArchitectureEffectFixtures/pure-recursive-cycle (0.69s)\n","OutputType":"frame"}
{"Time":"2026-10-08T20:25:56.42971489Z","Action":"pass","Package":"go.temporal.io/server/tools/gomad3","Test":"TestArchitectureEffectFixtures/pure-recursive-cycle","Elapsed":0.69}
{"Time":"2026-10-08T20:25:56.429858724Z","Action":"run","Package":"go.temporal.io/server/tools/gomad3","Test":"TestArchitectureEffectFixtures/pure-nested-json"}
{"Time":"2026-10-08T20:25:56.43007389Z","Action":"output","Package":"go.temporal.io/server/tools/gomad3","Test":"TestArchitectureEffectFixtures/pure-nested-json","Output":"=== RUN   TestArchitectureEffectFixtures/pure-nested-json\n","OutputType":"frame"}
{"Time":"2026-10-08T20:25:57.098755766Z","Action":"output","Package":"go.temporal.io/server/tools/gomad3","Test":"TestArchitectureEffectFixtures/pure-nested-json","Output":"--- PASS: TestArchitectureEffectFixtures/pure-nested-json (0.67s)\n","OutputType":"frame"}
{"Time":"2026-10-08T20:25:57.099047349Z","Action":"pass","Package":"go.temporal.io/server/tools/gomad3","Test":"TestArchitectureEffectFixtures/pure-nested-json","Elapsed":0.67}
{"Time":"2026-10-08T20:25:57.099241141Z","Action":"run","Package":"go.temporal.io/server/tools/gomad3","Test":"TestArchitectureEffectFixtures/pure-memory-stream"}
{"Time":"2026-10-08T20:25:57.099301557Z","Action":"output","Package":"go.temporal.io/server/tools/gomad3","Test":"TestArchitectureEffectFixtures/pure-memory-stream","Output":"=== RUN   TestArchitectureEffectFixtures/pure-memory-stream\n","OutputType":"frame"}
{"Time":"2026-10-08T20:25:57.758076099Z","Action":"output","Package":"go.temporal.io/server/tools/gomad3","Test":"TestArchitectureEffectFixtures/pure-memory-stream","Output":"--- PASS: TestArchitectureEffectFixtures/pure-memory-stream (0.66s)\n","OutputType":"frame"}
{"Time":"2026-10-08T20:25:57.758258599Z","Action":"pass","Package":"go.temporal.io/server/tools/gomad3","Test":"TestArchitectureEffectFixtures/pure-memory-stream","Elapsed":0.66}
{"Time":"2026-10-08T20:25:57.758350141Z","Action":"run","Package":"go.temporal.io/server/tools/gomad3","Test":"TestArchitectureEffectFixtures/pure-fmt-type"}
{"Time":"2026-10-08T20:25:57.758369683Z","Action":"output","Package":"go.temporal.io/server/tools/gomad3","Test":"TestArchitectureEffectFixtures/pure-fmt-type","Output":"=== RUN   TestArchitectureEffectFixtures/pure-fmt-type\n","OutputType":"frame"}
{"Time":"2026-10-08T20:25:58.347489016Z","Action":"output","Package":"go.temporal.io/server/tools/gomad3","Test":"TestArchitectureEffectFixtures/pure-fmt-type","Output":"--- PASS: TestArchitectureEffectFixtures/pure-fmt-type (0.59s)\n","OutputType":"frame"}
{"Time":"2026-10-08T20:25:58.347610349Z","Action":"pass","Package":"go.temporal.io/server/tools/gomad3","Test":"TestArchitectureEffectFixtures/pure-fmt-type","Elapsed":0.59}
{"Time":"2026-10-08T20:25:58.347669516Z","Action":"run","Package":"go.temporal.io/server/tools/gomad3","Test":"TestArchitectureEffectFixtures/effectful-unrelated-sibling"}
{"Time":"2026-10-08T20:25:58.347696433Z","Action":"output","Package":"go.temporal.io/server/tools/gomad3","Test":"TestArchitectureEffectFixtures/effectful-unrelated-sibling","Output":"=== RUN   TestArchitectureEffectFixtures/effectful-unrelated-sibling\n","OutputType":"frame"}
{"Time":"2026-10-08T20:25:58.932868266Z","Action":"output","Package":"go.temporal.io/server/tools/gomad3","Test":"TestArchitectureEffectFixtures/effectful-unrelated-sibling","Output":"--- PASS: TestArchitectureEffectFixtures/effectful-unrelated-sibling (0.59s)\n","OutputType":"frame"}
{"Time":"2026-10-08T20:25:58.933567641Z","Action":"pass","Package":"go.temporal.io/server/tools/gomad3","Test":"TestArchitectureEffectFixtures/effectful-unrelated-sibling","Elapsed":0.59}
{"Time":"2026-10-08T20:25:58.933624975Z","Action":"run","Package":"go.temporal.io/server/tools/gomad3","Test":"TestArchitectureEffectFixtures/copy-callback"}
{"Time":"2026-10-08T20:25:58.933736891Z","Action":"output","Package":"go.temporal.io/server/tools/gomad3","Test":"TestArchitectureEffectFixtures/copy-callback","Output":"=== RUN   TestArchitectureEffectFixtures/copy-callback\n","OutputType":"frame"}
{"Time":"2026-10-08T20:25:59.429949017Z","Action":"output","Package":"go.temporal.io/server/tools/gomad3","Test":"TestArchitectureEffectFixtures/copy-callback","Output":"--- PASS: TestArchitectureEffectFixtures/copy-callback (0.50s)\n","OutputType":"frame"}
{"Time":"2026-10-08T20:25:59.431474892Z","Action":"pass","Package":"go.temporal.io/server/tools/gomad3","Test":"TestArchitectureEffectFixtures/copy-callback","Elapsed":0.5}
{"Time":"2026-10-08T20:25:59.431791475Z","Action":"run","Package":"go.temporal.io/server/tools/gomad3","Test":"TestArchitectureEffectFixtures/insert-callback"}
{"Time":"2026-10-08T20:25:59.431845892Z","Action":"output","Package":"go.temporal.io/server/tools/gomad3","Test":"TestArchitectureEffectFixtures/insert-callback","Output":"=== RUN   TestArchitectureEffectFixtures/insert-callback\n","OutputType":"frame"}
{"Time":"2026-10-08T20:26:00.233251059Z","Action":"output","Package":"go.temporal.io/server/tools/gomad3","Test":"TestArchitectureEffectFixtures/insert-callback","Output":"--- PASS: TestArchitectureEffectFixtures/insert-callback (0.80s)\n","OutputType":"frame"}
{"Time":"2026-10-08T20:26:00.234042642Z","Action":"pass","Package":"go.temporal.io/server/tools/gomad3","Test":"TestArchitectureEffectFixtures/insert-callback","Elapsed":0.8}
{"Time":"2026-10-08T20:26:00.234849059Z","Action":"run","Package":"go.temporal.io/server/tools/gomad3","Test":"TestArchitectureEffectFixtures/clone-callback"}
{"Time":"2026-10-08T20:26:00.235096267Z","Action":"output","Package":"go.temporal.io/server/tools/gomad3","Test":"TestArchitectureEffectFixtures/clone-callback","Output":"=== RUN   TestArchitectureEffectFixtures/clone-callback\n","OutputType":"frame"}
{"Time":"2026-10-08T20:26:01.062105517Z","Action":"output","Package":"go.temporal.io/server/tools/gomad3","Test":"TestArchitectureEffectFixtures/clone-callback","Output":"--- PASS: TestArchitectureEffectFixtures/clone-callback (0.83s)\n","OutputType":"frame"}
{"Time":"2026-10-08T20:26:01.062611851Z","Action":"pass","Package":"go.temporal.io/server/tools/gomad3","Test":"TestArchitectureEffectFixtures/clone-callback","Elapsed":0.83}
{"Time":"2026-10-08T20:26:01.062725934Z","Action":"run","Package":"go.temporal.io/server/tools/gomad3","Test":"TestArchitectureEffectFixtures/pointer-callback"}
{"Time":"2026-10-08T20:26:01.062779434Z","Action":"output","Package":"go.temporal.io/server/tools/gomad3","Test":"TestArchitectureEffectFixtures/pointer-callback","Output":"=== RUN   TestArchitectureEffectFixtures/pointer-callback\n","OutputType":"frame"}
{"Time":"2026-10-08T20:26:01.494886518Z","Action":"output","Package":"go.temporal.io/server/tools/gomad3","Test":"TestArchitectureEffectFixtures/pointer-callback","Output":"--- PASS: TestArchitectureEffectFixtures/pointer-callback (0.43s)\n","OutputType":"frame"}
{"Time":"2026-10-08T20:26:01.498027143Z","Action":"pass","Package":"go.temporal.io/server/tools/gomad3","Test":"TestArchitectureEffectFixtures/pointer-callback","Elapsed":0.43}
{"Time":"2026-10-08T20:26:01.498213934Z","Action":"run","Package":"go.temporal.io/server/tools/gomad3","Test":"TestArchitectureEffectFixtures/range-iterator"}
{"Time":"2026-10-08T20:26:01.498258184Z","Action":"output","Package":"go.temporal.io/server/tools/gomad3","Test":"TestArchitectureEffectFixtures/range-iterator","Output":"=== RUN   TestArchitectureEffectFixtures/range-iterator\n","OutputType":"frame"}
{"Time":"2026-10-08T20:26:01.817995476Z","Action":"output","Package":"go.temporal.io/server/tools/gomad3","Test":"TestArchitectureEffectFixtures/range-iterator","Output":"--- PASS: TestArchitectureEffectFixtures/range-iterator (0.32s)\n","OutputType":"frame"}
{"Time":"2026-10-08T20:26:01.818132559Z","Action":"pass","Package":"go.temporal.io/server/tools/gomad3","Test":"TestArchitectureEffectFixtures/range-iterator","Elapsed":0.32}
{"Time":"2026-10-08T20:26:01.818170101Z","Action":"run","Package":"go.temporal.io/server/tools/gomad3","Test":"TestArchitectureEffectFixtures/slice-pointer-json"}
{"Time":"2026-10-08T20:26:01.818197684Z","Action":"output","Package":"go.temporal.io/server/tools/gomad3","Test":"TestArchitectureEffectFixtures/slice-pointer-json","Output":"=== RUN   TestArchitectureEffectFixtures/slice-pointer-json\n","OutputType":"frame"}
{"Time":"2026-10-08T20:26:02.307171685Z","Action":"output","Package":"go.temporal.io/server/tools/gomad3","Test":"TestArchitectureEffectFixtures/slice-pointer-json","Output":"--- PASS: TestArchitectureEffectFixtures/slice-pointer-json (0.49s)\n","OutputType":"frame"}
{"Time":"2026-10-08T20:26:02.307314685Z","Action":"pass","Package":"go.temporal.io/server/tools/gomad3","Test":"TestArchitectureEffectFixtures/slice-pointer-json","Elapsed":0.49}
{"Time":"2026-10-08T20:26:02.307360726Z","Action":"run","Package":"go.temporal.io/server/tools/gomad3","Test":"TestArchitectureEffectFixtures/blank-import-init"}
{"Time":"2026-10-08T20:26:02.30741631Z","Action":"output","Package":"go.temporal.io/server/tools/gomad3","Test":"TestArchitectureEffectFixtures/blank-import-init","Output":"=== RUN   TestArchitectureEffectFixtures/blank-import-init\n","OutputType":"frame"}
{"Time":"2026-10-08T20:26:02.628923268Z","Action":"output","Package":"go.temporal.io/server/tools/gomad3","Test":"TestArchitectureEffectFixtures/blank-import-init","Output":"--- PASS: TestArchitectureEffectFixtures/blank-import-init (0.32s)\n","OutputType":"frame"}
{"Time":"2026-10-08T20:26:02.629126935Z","Action":"pass","Package":"go.temporal.io/server/tools/gomad3","Test":"TestArchitectureEffectFixtures/blank-import-init","Elapsed":0.32}
{"Time":"2026-10-08T20:26:02.629251685Z","Action":"output","Package":"go.temporal.io/server/tools/gomad3","Test":"TestArchitectureEffectFixtures","Output":"--- PASS: TestArchitectureEffectFixtures (25.27s)\n","OutputType":"frame"}
{"Time":"2026-10-08T20:26:02.62931706Z","Action":"pass","Package":"go.temporal.io/server/tools/gomad3","Test":"TestArchitectureEffectFixtures","Elapsed":25.27}
{"Time":"2026-10-08T20:26:02.629358893Z","Action":"run","Package":"go.temporal.io/server/tools/gomad3","Test":"TestPackageArchitecture"}
{"Time":"2026-10-08T20:26:02.629449726Z","Action":"output","Package":"go.temporal.io/server/tools/gomad3","Test":"TestPackageArchitecture","Output":"=== RUN   TestPackageArchitecture\n","OutputType":"frame"}
{"Time":"2026-10-08T20:26:04.289213602Z","Action":"output","Package":"go.temporal.io/server/tools/gomad3","Test":"TestPackageArchitecture","Output":"--- PASS: TestPackageArchitecture (1.66s)\n","OutputType":"frame"}
{"Time":"2026-10-08T20:26:04.289669311Z","Action":"pass","Package":"go.temporal.io/server/tools/gomad3","Test":"TestPackageArchitecture","Elapsed":1.66}
{"Time":"2026-10-08T20:26:04.289806394Z","Action":"run","Package":"go.temporal.io/server/tools/gomad3","Test":"TestPublicPackagesDoNotExportTypeAliases"}
{"Time":"2026-10-08T20:26:04.289852644Z","Action":"output","Package":"go.temporal.io/server/tools/gomad3","Test":"TestPublicPackagesDoNotExportTypeAliases","Output":"=== RUN   TestPublicPackagesDoNotExportTypeAliases\n","OutputType":"frame"}
{"Time":"2026-10-08T20:26:10.916984439Z","Action":"output","Package":"go.temporal.io/server/tools/gomad3","Test":"TestPublicPackagesDoNotExportTypeAliases","Output":"--- PASS: TestPublicPackagesDoNotExportTypeAliases (6.63s)\n","OutputType":"frame"}
{"Time":"2026-10-08T20:26:10.917819147Z","Action":"pass","Package":"go.temporal.io/server/tools/gomad3","Test":"TestPublicPackagesDoNotExportTypeAliases","Elapsed":6.63}
{"Time":"2026-10-08T20:26:10.918006522Z","Action":"run","Package":"go.temporal.io/server/tools/gomad3","Test":"TestPureModulesHaveNoHostEffects"}
{"Time":"2026-10-08T20:26:10.91808748Z","Action":"output","Package":"go.temporal.io/server/tools/gomad3","Test":"TestPureModulesHaveNoHostEffects","Output":"=== RUN   TestPureModulesHaveNoHostEffects\n","OutputType":"frame"}
{"Time":"2026-10-08T20:26:41.103170578Z","Action":"output","Package":"go.temporal.io/server/tools/gomad3","Test":"TestPureModulesHaveNoHostEffects","Output":"--- PASS: TestPureModulesHaveNoHostEffects (30.19s)\n","OutputType":"frame"}
{"Time":"2026-10-08T20:26:41.104050037Z","Action":"pass","Package":"go.temporal.io/server/tools/gomad3","Test":"TestPureModulesHaveNoHostEffects","Elapsed":30.19}
{"Time":"2026-10-08T20:26:41.10417587Z","Action":"run","Package":"go.temporal.io/server/tools/gomad3","Test":"TestHostPackageVet"}
{"Time":"2026-10-08T20:26:41.104231037Z","Action":"output","Package":"go.temporal.io/server/tools/gomad3","Test":"TestHostPackageVet","Output":"=== RUN   TestHostPackageVet\n","OutputType":"frame"}
{"Time":"2026-10-08T20:26:41.104426203Z","Action":"run","Package":"go.temporal.io/server/tools/gomad3","Test":"TestHostPackageVet/darwin/arm64"}
{"Time":"2026-10-08T20:26:41.104457828Z","Action":"output","Package":"go.temporal.io/server/tools/gomad3","Test":"TestHostPackageVet/darwin/arm64","Output":"=== RUN   TestHostPackageVet/darwin/arm64\n","OutputType":"frame"}
{"Time":"2026-10-08T20:26:41.92857462Z","Action":"output","Package":"go.temporal.io/server/tools/gomad3","Test":"TestHostPackageVet/darwin/arm64","Output":"    architecture_test.go:275: validated source inventory: {\"Packages\":[{\"ImportPath\":\"go.temporal.io/server/tools/gomad3\",\"Dir\":\"/Users/stephan/Workspace/skunkworks/gomad/temporal/tools/gomad3\",\"Imports\":null,\"ImportMap\":null,\"GoFiles\":null,\"CgoFiles\":null,\"CompiledGoFiles\":null,\"IgnoredGoFiles\":null,\"TestGoFiles\":null,\"XTestGoFiles\":[\"architecture_test.go\",\"filesystem_handles_ownership_test.go\",\"network_handles_ownership_test.go\",\"process_commands_ownership_test.go\",\"runner_consumer_test.go\",\"simulation_gate_selection_test.go\"],\"Standard\":false,\"Error\":null,\"DepsErrors\":null},{\"ImportPath\":\"go.temporal.io/server/tools/gomad3/artifact\",\"Dir\":\"/Users/stephan/Workspace/skunkworks/gomad/temporal/tools/gomad3/artifact\",\"Imports\":[\"bytes\",\"context\",\"crypto/sha256\",\"encoding/hex\",\"errors\",\"fmt\",\"go.temporal.io/server/tools/gomad3/choice\",\"go.temporal.io/server/tools/gomad3/deterministicio/readonlymount\",\"go.temporal.io/server/tools/gomad3/internal/hostfs\",\"go.temporal.io/server/tools/gomad3/record\",\"go.temporal.io/"}
{"Time":"2026-10-08T20:26:41.92886012Z","Action":"output","Package":"go.temporal.io/server/tools/gomad3","Test":"TestHostPackageVet/darwin/arm64","Output":"server/tools/gomad3/target\",\"hash\",\"io\",\"os\",\"path\",\"path/filepath\",\"reflect\",\"slices\",\"sort\",\"strings\",\"syscall\",\"unsafe\"],\"ImportMap\":null,\"GoFiles\":[\"link_count_unix.go\",\"manifest_copy.go\",\"open.go\",\"publication.go\",\"rename_noreplace.go\",\"rename_noreplace_darwin.go\",\"retained_bytes.go\",\"store.go\",\"target_pool.go\"],\"CgoFiles\":null,\"CompiledGoFiles\":null,\"IgnoredGoFiles\":[\"link_count_other.go\",\"rename_noreplace_linux.go\",\"rename_noreplace_linux_other.go\",\"rename_noreplace_other.go\",\"rename_noreplace_windows.go\",\"rename_sysnum_linux_amd64.go\",\"rename_sysnum_linux_arm64.go\"],\"TestGoFiles\":[\"opened_test.go\",\"publication_test.go\",\"retained_bytes_test.go\",\"store_mode_unix_test.go\",\"store_test.go\",\"target_pool_test.go\",\"target_pool_unix_test.go\"],\"XTestGoFiles\":null,\"Standard\":false,\"Error\":null,\"DepsErrors\":null},{\"ImportPath\":\"go.temporal.io/server/tools/gomad3/choice\",\"Dir\":\"/Users/stephan/Workspace/skunkworks/gomad/temporal/tools/gomad3/choice\",\"Imports\":[\"bytes\",\"crypto/sha256\",\"encoding/binary\",\"encoding/hex"}
{"Time":"2026-10-08T20:26:41.928960204Z","Action":"output","Package":"go.temporal.io/server/tools/gomad3","Test":"TestHostPackageVet/darwin/arm64","Output":"\",\"errors\",\"fmt\",\"go.temporal.io/server/tools/gomad3/choice/internal/wire\",\"io\",\"os\",\"slices\",\"sort\"],\"ImportMap\":null,\"GoFiles\":[\"diagnostic.go\",\"divergence.go\",\"legacy_v1.go\",\"no_op_select.go\",\"session.go\",\"tape.go\",\"trace.go\",\"wire.go\"],\"CgoFiles\":null,\"CompiledGoFiles\":null,\"IgnoredGoFiles\":null,\"TestGoFiles\":[\"diagnostic_test.go\",\"legacy_v1_test.go\",\"readiness_test.go\",\"session_test.go\",\"tape_test.go\",\"trace_test.go\"],\"XTestGoFiles\":null,\"Standard\":false,\"Error\":null,\"DepsErrors\":null},{\"ImportPath\":\"go.temporal.io/server/tools/gomad3/choice/internal/wire\",\"Dir\":\"/Users/stephan/Workspace/skunkworks/gomad/temporal/tools/gomad3/choice/internal/wire\",\"Imports\":[\"bytes\",\"encoding/binary\",\"errors\"],\"ImportMap\":null,\"GoFiles\":[\"wire_generated.go\"],\"CgoFiles\":null,\"CompiledGoFiles\":null,\"IgnoredGoFiles\":null,\"TestGoFiles\":[\"wire_generated_test.go\"],\"XTestGoFiles\":null,\"Standard\":false,\"Error\":null,\"DepsErrors\":null},{\"ImportPath\":\"go.temporal.io/server/tools/gomad3/cmd/gomad\",\"Dir\":\"/Users/stephan/Workspace/sku"}
{"Time":"2026-10-08T20:26:41.929038787Z","Action":"output","Package":"go.temporal.io/server/tools/gomad3","Test":"TestHostPackageVet/darwin/arm64","Output":"nkworks/gomad/temporal/tools/gomad3/cmd/gomad\",\"Imports\":[\"go.temporal.io/server/tools/gomad3/cmd/gomad/internal/cli\",\"os\"],\"ImportMap\":null,\"GoFiles\":[\"main.go\"],\"CgoFiles\":null,\"CompiledGoFiles\":null,\"IgnoredGoFiles\":null,\"TestGoFiles\":[\"e2e_test.go\",\"retained_success_e2e_test.go\",\"watchdog_e2e_test.go\",\"watchdog_replay_e2e_test.go\"],\"XTestGoFiles\":null,\"Standard\":false,\"Error\":null,\"DepsErrors\":null},{\"ImportPath\":\"go.temporal.io/server/tools/gomad3/cmd/gomad/internal/cli\",\"Dir\":\"/Users/stephan/Workspace/skunkworks/gomad/temporal/tools/gomad3/cmd/gomad/internal/cli\",\"Imports\":[\"context\",\"crypto/sha256\",\"encoding/json\",\"errors\",\"flag\",\"fmt\",\"go.temporal.io/server/tools/gomad3/deterministicio\",\"go.temporal.io/server/tools/gomad3/internal/canonicaljson\",\"go.temporal.io/server/tools/gomad3/internal/preparation\",\"go.temporal.io/server/tools/gomad3/qualification\",\"go.temporal.io/server/tools/gomad3/qualification/analysis\",\"go.temporal.io/server/tools/gomad3/qualification/comparison\",\"go.temporal.io/server/tools/"}
{"Time":"2026-10-08T20:26:41.93018612Z","Action":"output","Package":"go.temporal.io/server/tools/gomad3","Test":"TestHostPackageVet/darwin/arm64","Output":"gomad3/qualification/set\",\"go.temporal.io/server/tools/gomad3/qualification/workload\",\"go.temporal.io/server/tools/gomad3/record\",\"go.temporal.io/server/tools/gomad3/runner\",\"go.temporal.io/server/tools/gomad3/target\",\"go.temporal.io/server/tools/gomad3/toolchain\",\"go.temporal.io/server/tools/gomad3/toolchain/version\",\"io\",\"os\",\"path/filepath\",\"runtime\",\"strconv\",\"strings\",\"sync\",\"time\"],\"ImportMap\":null,\"GoFiles\":[\"analyze.go\",\"application.go\",\"campaign_shards.go\",\"cli.go\",\"compare_support.go\",\"doctor.go\",\"explore_output.go\",\"qualify.go\",\"qualify_set.go\",\"quote.go\",\"recover.go\",\"resume.go\",\"working_directory.go\"],\"CgoFiles\":null,\"CompiledGoFiles\":null,\"IgnoredGoFiles\":null,\"TestGoFiles\":[\"application_characterization_test.go\",\"application_test.go\",\"campaign_semantics_ownership_test.go\",\"campaign_shards_test.go\",\"characterization_support_test.go\",\"characterization_test.go\",\"cli_test.go\",\"diagnostics_test.go\",\"doctor_test.go\",\"exploration_divergence_test.go\",\"explore_failure_writer_test.go\",\"guidance_test.go\","}
{"Time":"2026-10-08T20:26:41.930229829Z","Action":"output","Package":"go.temporal.io/server/tools/gomad3","Test":"TestHostPackageVet/darwin/arm64","Output":"\"inspect_target_sharing_test.go\",\"plan_characterization_test.go\",\"quote_test.go\",\"working_directory_test.go\"],\"XTestGoFiles\":null,\"Standard\":false,\"Error\":null,\"DepsErrors\":null},{\"ImportPath\":\"go.temporal.io/server/tools/gomad3/cmd/gomadtool\",\"Dir\":\"/Users/stephan/Workspace/skunkworks/gomad/temporal/tools/gomad3/cmd/gomadtool\",\"Imports\":[\"bytes\",\"context\",\"crypto/sha256\",\"encoding/json\",\"errors\",\"flag\",\"fmt\",\"go.temporal.io/server/tools/gomad3/choice\",\"go.temporal.io/server/tools/gomad3/internal/compatibilitypack/authoring\",\"go.temporal.io/server/tools/gomad3/internal/gomadtool/conformance\",\"go.temporal.io/server/tools/gomad3/internal/gomadtool/generation/boundary\",\"go.temporal.io/server/tools/gomad3/internal/gomadtool/generation/protocol\",\"go.temporal.io/server/tools/gomad3/internal/gomadtool/validation\",\"go.temporal.io/server/tools/gomad3/internal/hostexec\",\"go.temporal.io/server/tools/gomad3/internal/hostfs\",\"go.temporal.io/server/tools/gomad3/qualification/analysis\",\"go.temporal.io/server/tools/gomad3/qu"}
{"Time":"2026-10-08T20:26:41.930260495Z","Action":"output","Package":"go.temporal.io/server/tools/gomad3","Test":"TestHostPackageVet/darwin/arm64","Output":"alification/set/manifestgen\",\"go.temporal.io/server/tools/gomad3/qualification/soak\",\"go.temporal.io/server/tools/gomad3/toolchain\",\"go.temporal.io/server/tools/gomad3/toolchain/version\",\"go.temporal.io/server/tools/gomad3/upgrade\",\"go.temporal.io/server/tools/gomad3/upgrade/adapterregen\",\"go.temporal.io/server/tools/gomad3/upgrade/pinimpact\",\"io\",\"os\",\"os/exec\",\"path/filepath\",\"runtime\",\"slices\",\"sort\",\"strconv\",\"strings\",\"time\"],\"ImportMap\":null,\"GoFiles\":[\"adapter_regenerate.go\",\"boundary.go\",\"compatibility_pack.go\",\"compatibility_pack_refresh.go\",\"diagnostic.go\",\"main.go\",\"pin_impact.go\",\"protocol.go\",\"qualification_manifest.go\",\"soak.go\",\"upgrade.go\",\"version.go\"],\"CgoFiles\":null,\"CompiledGoFiles\":null,\"IgnoredGoFiles\":null,\"TestGoFiles\":[\"adapter_regenerate_diagnostics_test.go\",\"adapter_regenerate_test.go\",\"compatibility_pack_refresh_diagnostics_test.go\",\"compatibility_pack_refresh_output_test.go\",\"compatibility_pack_refresh_resolved_test.go\",\"compatibility_pack_refresh_test.go\",\"compatibility_root_test"}
{"Time":"2026-10-08T20:26:41.930298037Z","Action":"output","Package":"go.temporal.io/server/tools/gomad3","Test":"TestHostPackageVet/darwin/arm64","Output":".go\",\"diagnostic_test.go\",\"main_test.go\",\"maintainer_output_patch_test.go\",\"maintainer_output_test.go\",\"pin_impact_diagnostics_test.go\",\"pin_impact_test.go\",\"soak_test.go\",\"upgrade_test.go\"],\"XTestGoFiles\":null,\"Standard\":false,\"Error\":null,\"DepsErrors\":null},{\"ImportPath\":\"go.temporal.io/server/tools/gomad3/deterministicio\",\"Dir\":\"/Users/stephan/Workspace/skunkworks/gomad/temporal/tools/gomad3/deterministicio\",\"Imports\":[\"bytes\",\"context\",\"crypto/sha256\",\"embed\",\"encoding/binary\",\"encoding/hex\",\"encoding/json\",\"errors\",\"fmt\",\"go.temporal.io/server/tools/gomad3/deterministicio/internal/wire\",\"go.temporal.io/server/tools/gomad3/internal/canonicaljson\",\"go.temporal.io/server/tools/gomad3/internal/hostfs\",\"go.temporal.io/server/tools/gomad3/internal/sourceinventory\",\"go.temporal.io/server/tools/gomad3/record\",\"go.temporal.io/server/tools/gomad3/target\",\"go.temporal.io/server/tools/gomad3/toolchain/installation\",\"go.temporal.io/server/tools/gomad3/toolchain/version\",\"go/ast\",\"go/format\",\"go/parser\",\"go/token\",\"go"}
{"Time":"2026-10-08T20:26:41.93056537Z","Action":"output","Package":"go.temporal.io/server/tools/gomad3","Test":"TestHostPackageVet/darwin/arm64","Output":"lang.org/x/mod/modfile\",\"io\",\"io/fs\",\"os\",\"path\",\"path/filepath\",\"runtime\",\"slices\",\"sort\",\"strconv\",\"strings\",\"unicode/utf8\"],\"ImportMap\":null,\"GoFiles\":[\"adapter_copy.go\",\"adapter_regenerate.go\",\"adapter_regenerate_source.go\",\"adapter_registry.go\",\"adapter_rewrite.go\",\"bootstrap.go\",\"boundary_generated.go\",\"cactusstatsd_adapter.go\",\"domain.go\",\"fx_adapter.go\",\"grpc_adapter.go\",\"hashicorpmetrics_adapter.go\",\"libc_adapter.go\",\"libc_regenerate.go\",\"memberlist_adapter.go\",\"memory_adapter.go\",\"otelsdk_adapter.go\",\"pebble_adapter.go\",\"profile.go\",\"requirements.go\",\"semantic_coverage.go\",\"sentry_adapter.go\",\"session.go\",\"sockaddr_adapter.go\",\"sprig_adapter.go\",\"temporalsdk_adapter.go\",\"transcript.go\",\"validator_adapter.go\",\"xnet_adapter.go\"],\"CgoFiles\":null,\"CompiledGoFiles\":null,\"IgnoredGoFiles\":null,\"TestGoFiles\":[\"adapter_cache_cleanup_test.go\",\"adapter_configuration_portable_test.go\",\"adapter_consumers_portable_test.go\",\"adapter_copy_test.go\",\"adapter_graph_portable_test.go\",\"adapter_pin_decisions_test.go\",\"ad"}
{"Time":"2026-10-08T20:26:41.930592329Z","Action":"output","Package":"go.temporal.io/server/tools/gomad3","Test":"TestHostPackageVet/darwin/arm64","Output":"apter_preservation_portable_test.go\",\"adapter_regenerate_portable_test.go\",\"adapter_regenerate_test.go\",\"adapter_registry_test.go\",\"adapter_rewrite_test.go\",\"adapter_verify_cleanup_test.go\",\"bootstrap_toolchain_test.go\",\"downstream_adapter_registry_test.go\",\"grpc_adapter_test.go\",\"grpc_dns_test.go\",\"hashicorpmetrics_adapter_test.go\",\"host_dispatch_patch_test.go\",\"libc_adapter_test.go\",\"libc_regenerate_test.go\",\"memberlist_adapter_test.go\",\"memory_adapter_test.go\",\"metrics_consumer_portable_test.go\",\"profile_portable_test.go\",\"profile_test.go\",\"requirements_test.go\",\"semantic_coverage_test.go\",\"session_test.go\",\"sockaddr_boundary_test.go\",\"xnet_adapter_test.go\"],\"XTestGoFiles\":null,\"Standard\":false,\"Error\":null,\"DepsErrors\":null},{\"ImportPath\":\"go.temporal.io/server/tools/gomad3/deterministicio/internal/wire\",\"Dir\":\"/Users/stephan/Workspace/skunkworks/gomad/temporal/tools/gomad3/deterministicio/internal/wire\",\"Imports\":[\"bytes\",\"encoding/binary\",\"errors\",\"io\"],\"ImportMap\":null,\"GoFiles\":[\"wire_generated.go\"],\""}
{"Time":"2026-10-08T20:26:41.93063537Z","Action":"output","Package":"go.temporal.io/server/tools/gomad3","Test":"TestHostPackageVet/darwin/arm64","Output":"CgoFiles\":null,\"CompiledGoFiles\":null,\"IgnoredGoFiles\":null,\"TestGoFiles\":[\"wire_generated_test.go\"],\"XTestGoFiles\":null,\"Standard\":false,\"Error\":null,\"DepsErrors\":null},{\"ImportPath\":\"go.temporal.io/server/tools/gomad3/deterministicio/readonlymount\",\"Dir\":\"/Users/stephan/Workspace/skunkworks/gomad/temporal/tools/gomad3/deterministicio/readonlymount\",\"Imports\":[\"errors\",\"fmt\",\"go.temporal.io/server/tools/gomad3/deterministicio/internal/wire\",\"go.temporal.io/server/tools/gomad3/internal/canonicaljson\",\"go.temporal.io/server/tools/gomad3/record\",\"io\",\"os\",\"path\",\"path/filepath\",\"sort\",\"strconv\",\"strings\",\"sync\",\"syscall\"],\"ImportMap\":null,\"GoFiles\":[\"capture.go\",\"config.go\",\"hardlink_unix.go\",\"inventory.go\",\"persistence.go\",\"wire.go\"],\"CgoFiles\":null,\"CompiledGoFiles\":null,\"IgnoredGoFiles\":[\"hardlink_other.go\"],\"TestGoFiles\":[\"capture_test.go\",\"config_test.go\",\"inventory_test.go\",\"persistence_test.go\",\"wire_test.go\"],\"XTestGoFiles\":null,\"Standard\":false,\"Error\":null,\"DepsErrors\":null},{\"ImportPath\":\"go.temporal"}
{"Time":"2026-10-08T20:26:41.930658412Z","Action":"output","Package":"go.temporal.io/server/tools/gomad3","Test":"TestHostPackageVet/darwin/arm64","Output":".io/server/tools/gomad3/internal/canonicaljson\",\"Dir\":\"/Users/stephan/Workspace/skunkworks/gomad/temporal/tools/gomad3/internal/canonicaljson\",\"Imports\":[\"bytes\",\"encoding/json\",\"errors\",\"fmt\",\"io\",\"reflect\",\"sort\",\"strconv\",\"strings\",\"unicode/utf8\"],\"ImportMap\":null,\"GoFiles\":[\"canonical.go\"],\"CgoFiles\":null,\"CompiledGoFiles\":null,\"IgnoredGoFiles\":null,\"TestGoFiles\":[\"canonical_characterization_test.go\",\"canonical_test.go\"],\"XTestGoFiles\":null,\"Standard\":false,\"Error\":null,\"DepsErrors\":null},{\"ImportPath\":\"go.temporal.io/server/tools/gomad3/internal/compatibilitypack\",\"Dir\":\"/Users/stephan/Workspace/skunkworks/gomad/temporal/tools/gomad3/internal/compatibilitypack\",\"Imports\":[\"crypto/sha256\",\"embed\",\"encoding/base64\",\"errors\",\"fmt\",\"go.temporal.io/server/tools/gomad3/internal/canonicaljson\",\"go.temporal.io/server/tools/gomad3/record\",\"golang.org/x/mod/module\",\"os\",\"path\",\"path/filepath\",\"regexp\",\"runtime\",\"slices\",\"sort\",\"strings\",\"time\"],\"ImportMap\":null,\"GoFiles\":[\"policy.go\",\"schema.go\",\"v2_selection.go\"]"}
{"Time":"2026-10-08T20:26:41.930690454Z","Action":"output","Package":"go.temporal.io/server/tools/gomad3","Test":"TestHostPackageVet/darwin/arm64","Output":",\"CgoFiles\":null,\"CompiledGoFiles\":null,\"IgnoredGoFiles\":null,\"TestGoFiles\":[\"evidence_test.go\",\"external_test.go\",\"mutation_test.go\",\"packs_generated_test.go\",\"policy_exhaustive_test.go\",\"policy_test.go\",\"schema_admission_test.go\",\"schema_timezone_test.go\"],\"XTestGoFiles\":[\"profile_binding_test.go\"],\"Standard\":false,\"Error\":null,\"DepsErrors\":null},{\"ImportPath\":\"go.temporal.io/server/tools/gomad3/internal/compatibilitypack/authoring\",\"Dir\":\"/Users/stephan/Workspace/skunkworks/gomad/temporal/tools/gomad3/internal/compatibilitypack/authoring\",\"Imports\":[\"bytes\",\"context\",\"errors\",\"fmt\",\"go.temporal.io/server/tools/gomad3/internal/canonicaljson\",\"go.temporal.io/server/tools/gomad3/internal/compatibilitypack\",\"go.temporal.io/server/tools/gomad3/internal/hostfs\",\"go.temporal.io/server/tools/gomad3/record\",\"go.temporal.io/server/tools/gomad3/target\",\"go/format\",\"golang.org/x/mod/module\",\"os\",\"path\",\"path/filepath\",\"slices\",\"sort\",\"strconv\",\"strings\"],\"ImportMap\":null,\"GoFiles\":[\"discover.go\",\"generate.go\",\"publica"}
{"Time":"2026-10-08T20:26:41.930723037Z","Action":"output","Package":"go.temporal.io/server/tools/gomad3","Test":"TestHostPackageVet/darwin/arm64","Output":"tion.go\",\"qualify.go\",\"refresh.go\",\"request.go\",\"review.go\",\"working_directories.go\"],\"CgoFiles\":null,\"CompiledGoFiles\":null,\"IgnoredGoFiles\":null,\"TestGoFiles\":[\"discover_test.go\",\"generate_test.go\",\"qualify_test.go\",\"refresh_test.go\",\"request_test.go\",\"review_test.go\",\"variant_selectors_test.go\"],\"XTestGoFiles\":null,\"Standard\":false,\"Error\":null,\"DepsErrors\":null},{\"ImportPath\":\"go.temporal.io/server/tools/gomad3/internal/gomadtool/architecture\",\"Dir\":\"/Users/stephan/Workspace/skunkworks/gomad/temporal/tools/gomad3/internal/gomadtool/architecture\",\"Imports\":[\"bytes\",\"crypto/sha256\",\"encoding/json\",\"fmt\",\"go/ast\",\"go/constant\",\"go/parser\",\"go/token\",\"go/types\",\"golang.org/x/mod/modfile\",\"io\",\"os\",\"os/exec\",\"path/filepath\",\"slices\",\"sort\",\"strconv\",\"strings\"],\"ImportMap\":null,\"GoFiles\":[\"architecture.go\",\"edges.go\",\"effects.go\",\"initialization.go\",\"memory_sources.go\",\"program.go\",\"standard.go\",\"startup_sources.go\"],\"CgoFiles\":null,\"CompiledGoFiles\":null,\"IgnoredGoFiles\":null,\"TestGoFiles\":[\"architecture_test."}
{"Time":"2026-10-08T20:26:41.930750162Z","Action":"output","Package":"go.temporal.io/server/tools/gomad3","Test":"TestHostPackageVet/darwin/arm64","Output":"go\",\"effects_test.go\",\"error_provenance_test.go\",\"initialization_test.go\",\"mutation_test.go\",\"range_test.go\",\"signature_test.go\"],\"XTestGoFiles\":null,\"Standard\":false,\"Error\":null,\"DepsErrors\":null},{\"ImportPath\":\"go.temporal.io/server/tools/gomad3/internal/gomadtool/conformance\",\"Dir\":\"/Users/stephan/Workspace/skunkworks/gomad/temporal/tools/gomad3/internal/gomadtool/conformance\",\"Imports\":[\"context\",\"crypto/sha256\",\"encoding/binary\",\"encoding/hex\",\"encoding/json\",\"errors\",\"fmt\",\"go.temporal.io/server/tools/gomad3/choice\",\"go.temporal.io/server/tools/gomad3/internal/gomadtool/generation/boundary\",\"go.temporal.io/server/tools/gomad3/internal/hostexec\",\"go.temporal.io/server/tools/gomad3/toolchain/version\",\"os\",\"os/exec\",\"path/filepath\",\"regexp\",\"runtime\",\"slices\",\"sort\",\"strconv\",\"strings\",\"sync\",\"time\"],\"ImportMap\":null,\"GoFiles\":[\"driver.go\",\"registry.go\",\"runtime_bootstrap.go\",\"runtime_campaign.go\",\"runtime_choice.go\",\"runtime_clock_tick.go\",\"runtime_clocks.go\",\"runtime_compatibility.go\",\"runtime_linking.g"}
{"Time":"2026-10-08T20:26:41.930774495Z","Action":"output","Package":"go.temporal.io/server/tools/gomad3","Test":"TestHostPackageVet/darwin/arm64","Output":"o\",\"runtime_load.go\",\"runtime_owned.go\",\"runtime_repeatability.go\",\"runtime_scheduling.go\"],\"CgoFiles\":null,\"CompiledGoFiles\":null,\"IgnoredGoFiles\":null,\"TestGoFiles\":[\"driver_test.go\",\"exec_wrapper_unix_test.go\",\"registry_test.go\",\"runtime_owned_test.go\",\"runtime_test.go\"],\"XTestGoFiles\":null,\"Standard\":false,\"Error\":null,\"DepsErrors\":null},{\"ImportPath\":\"go.temporal.io/server/tools/gomad3/internal/gomadtool/generation/boundary\",\"Dir\":\"/Users/stephan/Workspace/skunkworks/gomad/temporal/tools/gomad3/internal/gomadtool/generation/boundary\",\"Imports\":[\"bytes\",\"crypto/sha256\",\"encoding/binary\",\"encoding/json\",\"errors\",\"fmt\",\"go.temporal.io/server/tools/gomad3/internal/hostfs\",\"go/ast\",\"go/build\",\"go/format\",\"go/importer\",\"go/parser\",\"go/token\",\"go/types\",\"io\",\"maps\",\"os\",\"path\",\"path/filepath\",\"regexp\",\"runtime\",\"slices\",\"strings\"],\"ImportMap\":null,\"GoFiles\":[\"boundary_discovery.go\",\"boundary_manifest.go\",\"boundary_qualification.go\",\"projection.go\"],\"CgoFiles\":null,\"CompiledGoFiles\":null,\"IgnoredGoFiles\":null,\"T"}
{"Time":"2026-10-08T20:26:41.93080712Z","Action":"output","Package":"go.temporal.io/server/tools/gomad3","Test":"TestHostPackageVet/darwin/arm64","Output":"estGoFiles\":[\"boundary_manifest_test.go\"],\"XTestGoFiles\":null,\"Standard\":false,\"Error\":null,\"DepsErrors\":null},{\"ImportPath\":\"go.temporal.io/server/tools/gomad3/internal/gomadtool/generation/protocol\",\"Dir\":\"/Users/stephan/Workspace/skunkworks/gomad/temporal/tools/gomad3/internal/gomadtool/generation/protocol\",\"Imports\":[\"bytes\",\"crypto/sha256\",\"encoding/binary\",\"encoding/hex\",\"encoding/json\",\"errors\",\"fmt\",\"go.temporal.io/server/tools/gomad3/internal/gomadtool/generation/boundary\",\"go.temporal.io/server/tools/gomad3/internal/hostfs\",\"go/format\",\"io\",\"os\",\"path/filepath\",\"slices\",\"strconv\",\"strings\",\"text/template\"],\"ImportMap\":null,\"GoFiles\":[\"protocol.go\"],\"CgoFiles\":null,\"CompiledGoFiles\":null,\"IgnoredGoFiles\":null,\"TestGoFiles\":[\"protocol_test.go\"],\"XTestGoFiles\":null,\"Standard\":false,\"Error\":null,\"DepsErrors\":null},{\"ImportPath\":\"go.temporal.io/server/tools/gomad3/internal/gomadtool/validation\",\"Dir\":\"/Users/stephan/Workspace/skunkworks/gomad/temporal/tools/gomad3/internal/gomadtool/validation\",\"Imports\""}
{"Time":"2026-10-08T20:26:41.930836829Z","Action":"output","Package":"go.temporal.io/server/tools/gomad3","Test":"TestHostPackageVet/darwin/arm64","Output":":[\"errors\",\"fmt\",\"io/fs\",\"os\",\"path/filepath\",\"slices\",\"strings\"],\"ImportMap\":null,\"GoFiles\":[\"script_policy.go\"],\"CgoFiles\":null,\"CompiledGoFiles\":null,\"IgnoredGoFiles\":null,\"TestGoFiles\":[\"script_policy_test.go\"],\"XTestGoFiles\":null,\"Standard\":false,\"Error\":null,\"DepsErrors\":null},{\"ImportPath\":\"go.temporal.io/server/tools/gomad3/internal/hostexec\",\"Dir\":\"/Users/stephan/Workspace/skunkworks/gomad/temporal/tools/gomad3/internal/hostexec\",\"Imports\":[\"context\",\"crypto/sha256\",\"errors\",\"fmt\",\"hash\",\"io\",\"math\",\"os\",\"os/exec\",\"syscall\",\"time\"],\"ImportMap\":null,\"GoFiles\":[\"command.go\",\"command_unix.go\",\"output.go\"],\"CgoFiles\":null,\"CompiledGoFiles\":null,\"IgnoredGoFiles\":[\"command_other.go\"],\"TestGoFiles\":[\"command_unix_test.go\",\"output_test.go\"],\"XTestGoFiles\":null,\"Standard\":false,\"Error\":null,\"DepsErrors\":null},{\"ImportPath\":\"go.temporal.io/server/tools/gomad3/internal/hostfs\",\"Dir\":\"/Users/stephan/Workspace/skunkworks/gomad/temporal/tools/gomad3/internal/hostfs\",\"Imports\":[\"context\",\"errors\",\"fmt\",\"io\",\"os\",\"p"}
{"Time":"2026-10-08T20:26:41.930860162Z","Action":"output","Package":"go.temporal.io/server/tools/gomad3","Test":"TestHostPackageVet/darwin/arm64","Output":"ath/filepath\",\"syscall\"],\"ImportMap\":null,\"GoFiles\":[\"linkcount_unix.go\",\"lock.go\",\"lock_unix.go\",\"open.go\",\"open_nofollow_unix.go\",\"read.go\",\"replace.go\"],\"CgoFiles\":null,\"CompiledGoFiles\":null,\"IgnoredGoFiles\":[\"linkcount_other.go\",\"lock_other.go\",\"open_nofollow_other.go\"],\"TestGoFiles\":[\"lock_unix_test.go\",\"open_test.go\",\"open_unix_test.go\",\"read_test.go\",\"replace_test.go\"],\"XTestGoFiles\":null,\"Standard\":false,\"Error\":null,\"DepsErrors\":null},{\"ImportPath\":\"go.temporal.io/server/tools/gomad3/internal/preparation\",\"Dir\":\"/Users/stephan/Workspace/skunkworks/gomad/temporal/tools/gomad3/internal/preparation\",\"Imports\":[\"context\",\"errors\",\"fmt\",\"go.temporal.io/server/tools/gomad3/deterministicio\",\"go.temporal.io/server/tools/gomad3/record\",\"go.temporal.io/server/tools/gomad3/target\",\"os\"],\"ImportMap\":null,\"GoFiles\":[\"inspection.go\",\"preparation.go\"],\"CgoFiles\":null,\"CompiledGoFiles\":null,\"IgnoredGoFiles\":null,\"TestGoFiles\":[\"inspection_test.go\",\"preparation_test.go\"],\"XTestGoFiles\":null,\"Standard\":false,\"Error\":"}
{"Time":"2026-10-08T20:26:41.930885329Z","Action":"output","Package":"go.temporal.io/server/tools/gomad3","Test":"TestHostPackageVet/darwin/arm64","Output":"null,\"DepsErrors\":null},{\"ImportPath\":\"go.temporal.io/server/tools/gomad3/internal/sourceinventory\",\"Dir\":\"/Users/stephan/Workspace/skunkworks/gomad/temporal/tools/gomad3/internal/sourceinventory\",\"Imports\":[\"crypto/sha256\",\"errors\",\"fmt\",\"go.temporal.io/server/tools/gomad3/internal/hostfs\",\"io/fs\",\"path/filepath\",\"strings\"],\"ImportMap\":null,\"GoFiles\":[\"inventory.go\"],\"CgoFiles\":null,\"CompiledGoFiles\":null,\"IgnoredGoFiles\":null,\"TestGoFiles\":[\"inventory_test.go\"],\"XTestGoFiles\":null,\"Standard\":false,\"Error\":null,\"DepsErrors\":null},{\"ImportPath\":\"go.temporal.io/server/tools/gomad3/qualification\",\"Dir\":\"/Users/stephan/Workspace/skunkworks/gomad/temporal/tools/gomad3/qualification\",\"Imports\":[\"bytes\",\"encoding/json\",\"errors\",\"fmt\",\"go.temporal.io/server/tools/gomad3/choice\",\"go.temporal.io/server/tools/gomad3/internal/canonicaljson\",\"go.temporal.io/server/tools/gomad3/record\",\"go.temporal.io/server/tools/gomad3/runner\",\"io\",\"os\",\"path/filepath\",\"reflect\",\"strings\"],\"ImportMap\":null,\"GoFiles\":[\"events.go\",\"qualif"}
{"Time":"2026-10-08T20:26:41.930910495Z","Action":"output","Package":"go.temporal.io/server/tools/gomad3","Test":"TestHostPackageVet/darwin/arm64","Output":"ication.go\"],\"CgoFiles\":null,\"CompiledGoFiles\":null,\"IgnoredGoFiles\":null,\"TestGoFiles\":[\"diagnostics_test.go\",\"events_test.go\",\"qualification_test.go\"],\"XTestGoFiles\":null,\"Standard\":false,\"Error\":null,\"DepsErrors\":null},{\"ImportPath\":\"go.temporal.io/server/tools/gomad3/qualification/analysis\",\"Dir\":\"/Users/stephan/Workspace/skunkworks/gomad/temporal/tools/gomad3/qualification/analysis\",\"Imports\":[\"context\",\"errors\",\"fmt\",\"go.temporal.io/server/tools/gomad3/deterministicio\",\"go.temporal.io/server/tools/gomad3/internal/canonicaljson\",\"go.temporal.io/server/tools/gomad3/internal/preparation\",\"go.temporal.io/server/tools/gomad3/record\",\"go.temporal.io/server/tools/gomad3/target\",\"path/filepath\",\"runtime\",\"slices\",\"sort\",\"strings\"],\"ImportMap\":null,\"GoFiles\":[\"analysis.go\",\"prepared_review.go\"],\"CgoFiles\":null,\"CompiledGoFiles\":null,\"IgnoredGoFiles\":null,\"TestGoFiles\":[\"analysis_test.go\",\"prepared_review_test.go\"],\"XTestGoFiles\":null,\"Standard\":false,\"Error\":null,\"DepsErrors\":null},{\"ImportPath\":\"go.temporal.io/"}
{"Time":"2026-10-08T20:26:41.930976079Z","Action":"output","Package":"go.temporal.io/server/tools/gomad3","Test":"TestHostPackageVet/darwin/arm64","Output":"server/tools/gomad3/qualification/comparison\",\"Dir\":\"/Users/stephan/Workspace/skunkworks/gomad/temporal/tools/gomad3/qualification/comparison\",\"Imports\":[\"errors\",\"fmt\",\"go.temporal.io/server/tools/gomad3/choice\",\"go.temporal.io/server/tools/gomad3/internal/canonicaljson\",\"go.temporal.io/server/tools/gomad3/qualification/analysis\",\"go.temporal.io/server/tools/gomad3/qualification/set\",\"go.temporal.io/server/tools/gomad3/record\",\"sort\",\"strings\"],\"ImportMap\":null,\"GoFiles\":[\"comparison.go\"],\"CgoFiles\":null,\"CompiledGoFiles\":null,\"IgnoredGoFiles\":null,\"TestGoFiles\":[\"comparison_test.go\"],\"XTestGoFiles\":null,\"Standard\":false,\"Error\":null,\"DepsErrors\":null},{\"ImportPath\":\"go.temporal.io/server/tools/gomad3/qualification/set\",\"Dir\":\"/Users/stephan/Workspace/skunkworks/gomad/temporal/tools/gomad3/qualification/set\",\"Imports\":[\"bytes\",\"context\",\"encoding/json\",\"errors\",\"fmt\",\"go.temporal.io/server/tools/gomad3/artifact\",\"go.temporal.io/server/tools/gomad3/choice\",\"go.temporal.io/server/tools/gomad3/deterministicio\","}
{"Time":"2026-10-08T20:26:41.931002995Z","Action":"output","Package":"go.temporal.io/server/tools/gomad3","Test":"TestHostPackageVet/darwin/arm64","Output":"\"go.temporal.io/server/tools/gomad3/internal/canonicaljson\",\"go.temporal.io/server/tools/gomad3/internal/hostexec\",\"go.temporal.io/server/tools/gomad3/internal/hostfs\",\"go.temporal.io/server/tools/gomad3/qualification\",\"go.temporal.io/server/tools/gomad3/qualification/analysis\",\"go.temporal.io/server/tools/gomad3/record\",\"go.temporal.io/server/tools/gomad3/target\",\"golang.org/x/mod/modfile\",\"golang.org/x/mod/module\",\"io\",\"maps\",\"os\",\"path/filepath\",\"reflect\",\"regexp\",\"runtime\",\"slices\",\"sort\",\"strconv\",\"strings\",\"syscall\",\"time\"],\"ImportMap\":null,\"GoFiles\":[\"execution.go\",\"freespace.go\",\"merge.go\",\"module.go\",\"prune.go\",\"set.go\",\"soak.go\"],\"CgoFiles\":null,\"CompiledGoFiles\":null,\"IgnoredGoFiles\":null,\"TestGoFiles\":[\"prune_test.go\",\"set_test.go\"],\"XTestGoFiles\":null,\"Standard\":false,\"Error\":null,\"DepsErrors\":null},{\"ImportPath\":\"go.temporal.io/server/tools/gomad3/qualification/set/manifestgen\",\"Dir\":\"/Users/stephan/Workspace/skunkworks/gomad/temporal/tools/gomad3/qualification/set/manifestgen\",\"Imports\":[\"bytes"}
{"Time":"2026-10-08T20:26:41.931040745Z","Action":"output","Package":"go.temporal.io/server/tools/gomad3","Test":"TestHostPackageVet/darwin/arm64","Output":"\",\"encoding/json\",\"errors\",\"fmt\",\"go.temporal.io/server/tools/gomad3/internal/canonicaljson\",\"go.temporal.io/server/tools/gomad3/internal/hostfs\",\"go.temporal.io/server/tools/gomad3/qualification/set\",\"go.temporal.io/server/tools/gomad3/target\",\"go/ast\",\"go/build\",\"go/parser\",\"go/token\",\"io\",\"maps\",\"os\",\"path/filepath\",\"regexp\",\"slices\",\"strings\",\"time\",\"unicode\",\"unicode/utf8\"],\"ImportMap\":null,\"GoFiles\":[\"manifestgen.go\"],\"CgoFiles\":null,\"CompiledGoFiles\":null,\"IgnoredGoFiles\":null,\"TestGoFiles\":[\"manifestgen_test.go\"],\"XTestGoFiles\":null,\"Standard\":false,\"Error\":null,\"DepsErrors\":null},{\"ImportPath\":\"go.temporal.io/server/tools/gomad3/qualification/soak\",\"Dir\":\"/Users/stephan/Workspace/skunkworks/gomad/temporal/tools/gomad3/qualification/soak\",\"Imports\":[\"context\",\"crypto/sha256\",\"encoding/hex\",\"encoding/json\",\"errors\",\"fmt\",\"go.temporal.io/server/tools/gomad3/choice\",\"go.temporal.io/server/tools/gomad3/internal/canonicaljson\",\"go.temporal.io/server/tools/gomad3/internal/hostexec\",\"go.temporal.io/server/to"}
{"Time":"2026-10-08T20:26:41.931089537Z","Action":"output","Package":"go.temporal.io/server/tools/gomad3","Test":"TestHostPackageVet/darwin/arm64","Output":"ols/gomad3/qualification\",\"go.temporal.io/server/tools/gomad3/qualification/set\",\"go.temporal.io/server/tools/gomad3/record\",\"go.temporal.io/server/tools/gomad3/runner\",\"os\",\"path/filepath\",\"regexp\",\"runtime\",\"slices\",\"strconv\",\"strings\",\"sync\",\"sync/atomic\",\"time\"],\"ImportMap\":null,\"GoFiles\":[\"ledger.go\",\"manifest.go\",\"soak.go\"],\"CgoFiles\":null,\"CompiledGoFiles\":null,\"IgnoredGoFiles\":null,\"TestGoFiles\":[\"soak_test.go\"],\"XTestGoFiles\":null,\"Standard\":false,\"Error\":null,\"DepsErrors\":null},{\"ImportPath\":\"go.temporal.io/server/tools/gomad3/qualification/workload\",\"Dir\":\"/Users/stephan/Workspace/skunkworks/gomad/temporal/tools/gomad3/qualification/workload\",\"Imports\":[\"context\",\"errors\",\"fmt\",\"go.temporal.io/server/tools/gomad3/deterministicio\",\"go.temporal.io/server/tools/gomad3/qualification\",\"go.temporal.io/server/tools/gomad3/record\",\"go.temporal.io/server/tools/gomad3/runner\",\"go.temporal.io/server/tools/gomad3/target\"],\"ImportMap\":null,\"GoFiles\":[\"workload.go\"],\"CgoFiles\":null,\"CompiledGoFiles\":null,\"Ignore"}
{"Time":"2026-10-08T20:26:41.931108329Z","Action":"output","Package":"go.temporal.io/server/tools/gomad3","Test":"TestHostPackageVet/darwin/arm64","Output":"dGoFiles\":null,\"TestGoFiles\":[\"workload_test.go\"],\"XTestGoFiles\":null,\"Standard\":false,\"Error\":null,\"DepsErrors\":null},{\"ImportPath\":\"go.temporal.io/server/tools/gomad3/record\",\"Dir\":\"/Users/stephan/Workspace/skunkworks/gomad/temporal/tools/gomad3/record\",\"Imports\":[\"bytes\",\"crypto/sha256\",\"encoding/hex\",\"encoding/json\",\"errors\",\"fmt\",\"go.temporal.io/server/tools/gomad3/internal/canonicaljson\",\"path\",\"regexp\",\"sort\",\"strconv\",\"strings\",\"time\"],\"ImportMap\":null,\"GoFiles\":[\"identity.go\",\"record.go\",\"types.go\",\"uint64_string.go\",\"validation.go\"],\"CgoFiles\":null,\"CompiledGoFiles\":null,\"IgnoredGoFiles\":null,\"TestGoFiles\":[\"record_test.go\",\"uint64_string_test.go\",\"validation_timestamp_test.go\",\"world_terminal_identity_test.go\"],\"XTestGoFiles\":null,\"Standard\":false,\"Error\":null,\"DepsErrors\":null},{\"ImportPath\":\"go.temporal.io/server/tools/gomad3/runner\",\"Dir\":\"/Users/stephan/Workspace/skunkworks/gomad/temporal/tools/gomad3/runner\",\"Imports\":[\"bytes\",\"context\",\"crypto/rand\",\"crypto/sha256\",\"debug/buildinfo\",\"encoding"}
{"Time":"2026-10-08T20:26:41.93112612Z","Action":"output","Package":"go.temporal.io/server/tools/gomad3","Test":"TestHostPackageVet/darwin/arm64","Output":"/hex\",\"encoding/json\",\"errors\",\"fmt\",\"go.temporal.io/server/tools/gomad3/artifact\",\"go.temporal.io/server/tools/gomad3/choice\",\"go.temporal.io/server/tools/gomad3/deterministicio\",\"go.temporal.io/server/tools/gomad3/deterministicio/readonlymount\",\"go.temporal.io/server/tools/gomad3/internal/canonicaljson\",\"go.temporal.io/server/tools/gomad3/internal/hostexec\",\"go.temporal.io/server/tools/gomad3/internal/hostfs\",\"go.temporal.io/server/tools/gomad3/internal/preparation\",\"go.temporal.io/server/tools/gomad3/record\",\"go.temporal.io/server/tools/gomad3/runner/internal/campaign\",\"go.temporal.io/server/tools/gomad3/runner/internal/corpus\",\"go.temporal.io/server/tools/gomad3/runner/internal/execution\",\"go.temporal.io/server/tools/gomad3/runner/internal/exploration/choice\",\"go.temporal.io/server/tools/gomad3/runner/internal/exploration/simulation\",\"go.temporal.io/server/tools/gomad3/runner/internal/exploration/simulationrecord\",\"go.temporal.io/server/tools/gomad3/runner/internal/minimizer\",\"go.temporal.io/server/tools/"}
{"Time":"2026-10-08T20:26:41.931145412Z","Action":"output","Package":"go.temporal.io/server/tools/gomad3","Test":"TestHostPackageVet/darwin/arm64","Output":"gomad3/target\",\"go.temporal.io/server/tools/gomad3/world\",\"io\",\"math\",\"os\",\"os/exec\",\"path\",\"path/filepath\",\"regexp\",\"runtime\",\"runtime/debug\",\"slices\",\"sort\",\"strconv\",\"strings\",\"syscall\",\"time\"],\"ImportMap\":null,\"GoFiles\":[\"campaign.go\",\"campaign_merge.go\",\"campaign_options.go\",\"campaign_plan.go\",\"campaign_shard.go\",\"campaign_shard_execution.go\",\"choice_exploration_campaign.go\",\"completion.go\",\"coordinator.go\",\"coordinator_process_unix.go\",\"coverage.go\",\"deterministicio.go\",\"diagnostics.go\",\"errors.go\",\"evidence.go\",\"exploration_round.go\",\"guidance.go\",\"inspect.go\",\"inspect_capacity.go\",\"minimize_operation.go\",\"portable_plan.go\",\"portable_plan_mounts.go\",\"private.go\",\"recovery.go\",\"replay_operation.go\",\"resume.go\",\"retention.go\",\"runner.go\",\"seeds.go\",\"simulation_exploration_campaign.go\"],\"CgoFiles\":null,\"CompiledGoFiles\":null,\"IgnoredGoFiles\":[\"coordinator_process_other.go\"],\"TestGoFiles\":[\"campaign_options_characterization_test.go\",\"campaign_options_cli_test.go\",\"campaign_options_legacy_characterization_t"}
{"Time":"2026-10-08T20:26:41.931166662Z","Action":"output","Package":"go.temporal.io/server/tools/gomad3","Test":"TestHostPackageVet/darwin/arm64","Output":"est.go\",\"campaign_options_test.go\",\"campaign_shard_test.go\",\"campaign_test.go\",\"choice_exploration_divergence_test.go\",\"choice_exploration_divergence_unix_test.go\",\"clock_tick_test.go\",\"completion_characterization_test.go\",\"completion_test.go\",\"coordinator_process_unix_test.go\",\"coordinator_test.go\",\"coordinator_transport_test.go\",\"coverage_replay_test.go\",\"coverage_watchdog_test.go\",\"diagnostic_identity_test.go\",\"diagnostics_test.go\",\"environment_integration_test.go\",\"errors_test.go\",\"executor_injection_characterization_test.go\",\"exploration_round_test.go\",\"guidance_identity_test.go\",\"guided_selection_test.go\",\"inspect_projection_test.go\",\"inspect_test.go\",\"minimize_operation_test.go\",\"portable_plan_test.go\",\"preparation_equivalence_legacy_test.go\",\"preparation_owner_test.go\",\"replay_io_integration_test.go\",\"replay_operation_test.go\",\"retention_characterization_test.go\",\"retention_test.go\",\"runner_mode_unix_test.go\",\"runner_test.go\",\"seed_completion_characterization_test.go\",\"seeds_test.go\",\"simulation_explo"}
{"Time":"2026-10-08T20:26:41.931219079Z","Action":"output","Package":"go.temporal.io/server/tools/gomad3","Test":"TestHostPackageVet/darwin/arm64","Output":"ration_plan_test.go\",\"watchdog_replay_test.go\"],\"XTestGoFiles\":null,\"Standard\":false,\"Error\":null,\"DepsErrors\":null},{\"ImportPath\":\"go.temporal.io/server/tools/gomad3/runner/internal/campaign\",\"Dir\":\"/Users/stephan/Workspace/skunkworks/gomad/temporal/tools/gomad3/runner/internal/campaign\",\"Imports\":[\"bytes\",\"context\",\"crypto/sha256\",\"encoding/hex\",\"errors\",\"fmt\",\"go.temporal.io/server/tools/gomad3/artifact\",\"go.temporal.io/server/tools/gomad3/choice\",\"go.temporal.io/server/tools/gomad3/deterministicio\",\"go.temporal.io/server/tools/gomad3/internal/canonicaljson\",\"go.temporal.io/server/tools/gomad3/internal/hostfs\",\"go.temporal.io/server/tools/gomad3/record\",\"go.temporal.io/server/tools/gomad3/runner/internal/exploration/choice\",\"go.temporal.io/server/tools/gomad3/runner/internal/exploration/simulation\",\"go.temporal.io/server/tools/gomad3/world\",\"hash\",\"io\",\"os\",\"path/filepath\",\"reflect\",\"slices\",\"sort\",\"strconv\",\"strings\",\"sync\",\"unicode/utf8\"],\"ImportMap\":null,\"GoFiles\":[\"artifact_capacity.go\",\"campaign_journ"}
{"Time":"2026-10-08T20:26:41.931238537Z","Action":"output","Package":"go.temporal.io/server/tools/gomad3","Test":"TestHostPackageVet/darwin/arm64","Output":"al.go\",\"choice_exploration_journal.go\",\"controller.go\",\"errors.go\",\"files.go\",\"filesystem.go\",\"lifecycle.go\",\"merge.go\",\"open_campaign.go\",\"recovery.go\",\"resume_journal.go\",\"resume_lock.go\",\"resume_plan.go\",\"retained_evidence.go\",\"segmented_journal.go\",\"simulation_exploration_journal.go\"],\"CgoFiles\":null,\"CompiledGoFiles\":null,\"IgnoredGoFiles\":null,\"TestGoFiles\":[\"artifact_helper_test.go\",\"campaign_journal_test.go\",\"choice_exploration_divergence_test.go\",\"choice_exploration_journal_test.go\",\"choice_exploration_start_test.go\",\"controller_completion_test.go\",\"controller_test.go\",\"filesystem_fault_test.go\",\"lifecycle_test.go\",\"merge_capacity_test.go\",\"retained_evidence_test.go\",\"segmented_journal_test.go\",\"simulation_exploration_journal_test.go\"],\"XTestGoFiles\":null,\"Standard\":false,\"Error\":null,\"DepsErrors\":null},{\"ImportPath\":\"go.temporal.io/server/tools/gomad3/runner/internal/corpus\",\"Dir\":\"/Users/stephan/Workspace/skunkworks/gomad/temporal/tools/gomad3/runner/internal/corpus\",\"Imports\":[\"bytes\",\"context\",\"en"}
{"Time":"2026-10-08T20:26:41.931265912Z","Action":"output","Package":"go.temporal.io/server/tools/gomad3","Test":"TestHostPackageVet/darwin/arm64","Output":"coding/json\",\"errors\",\"fmt\",\"go.temporal.io/server/tools/gomad3/artifact\",\"go.temporal.io/server/tools/gomad3/choice\",\"go.temporal.io/server/tools/gomad3/deterministicio\",\"go.temporal.io/server/tools/gomad3/internal/canonicaljson\",\"go.temporal.io/server/tools/gomad3/internal/hostfs\",\"go.temporal.io/server/tools/gomad3/record\",\"go.temporal.io/server/tools/gomad3/world\",\"io\",\"os\",\"path/filepath\",\"slices\",\"sort\",\"strings\"],\"ImportMap\":null,\"GoFiles\":[\"admission.go\",\"corpus.go\",\"features.go\",\"lock.go\",\"model.go\"],\"CgoFiles\":null,\"CompiledGoFiles\":null,\"IgnoredGoFiles\":null,\"TestGoFiles\":[\"corpus_test.go\",\"guide_test.go\"],\"XTestGoFiles\":null,\"Standard\":false,\"Error\":null,\"DepsErrors\":null},{\"ImportPath\":\"go.temporal.io/server/tools/gomad3/runner/internal/execution\",\"Dir\":\"/Users/stephan/Workspace/skunkworks/gomad/temporal/tools/gomad3/runner/internal/execution\",\"Imports\":[\"bytes\",\"context\",\"crypto/sha256\",\"encoding/binary\",\"encoding/json\",\"errors\",\"fmt\",\"go.temporal.io/server/tools/gomad3/choice\",\"go.temporal.io/s"}
{"Time":"2026-10-08T20:26:41.932043162Z","Action":"output","Package":"go.temporal.io/server/tools/gomad3","Test":"TestHostPackageVet/darwin/arm64","Output":"erver/tools/gomad3/deterministicio\",\"go.temporal.io/server/tools/gomad3/deterministicio/readonlymount\",\"go.temporal.io/server/tools/gomad3/internal/canonicaljson\",\"go.temporal.io/server/tools/gomad3/internal/hostexec\",\"go.temporal.io/server/tools/gomad3/record\",\"go.temporal.io/server/tools/gomad3/world\",\"go.temporal.io/server/tools/gomad3/world/mailbox\",\"go.temporal.io/server/tools/gomad3/world/process\",\"io\",\"math\",\"os\",\"os/exec\",\"os/signal\",\"slices\",\"sort\",\"strings\",\"sync\",\"syscall\",\"time\"],\"ImportMap\":null,\"GoFiles\":[\"bootstrap_unix.go\",\"choicetrace.go\",\"descriptor_dup_other_unix.go\",\"launch_plan_unix.go\",\"outcome.go\",\"process.go\",\"process_unix.go\",\"simulation.go\",\"simulation_model.go\",\"simulation_model_wire_generated.go\",\"simulation_progress.go\",\"simulation_time.go\",\"simulation_time_wire_generated.go\",\"simulation_unix.go\",\"supervisor_unix.go\",\"worldrecord.go\"],\"CgoFiles\":null,\"CompiledGoFiles\":null,\"IgnoredGoFiles\":[\"bootstrap_other.go\",\"descriptor_dup_linux.go\",\"descriptor_dup_linux_test.go\",\"process_unsu"}
{"Time":"2026-10-08T20:26:41.932068662Z","Action":"output","Package":"go.temporal.io/server/tools/gomad3","Test":"TestHostPackageVet/darwin/arm64","Output":"pported.go\",\"simulation_root_integration_test.go\"],\"TestGoFiles\":[\"choicetrace_test.go\",\"diagnostics_toolchain_test.go\",\"draw_check_toolchain_test.go\",\"outcome_test.go\",\"process_test.go\",\"process_unix_test.go\",\"simulation_progress_fixture_test.go\",\"simulation_progress_lifecycle_test.go\",\"simulation_progress_test.go\",\"simulation_test.go\",\"simulation_time_test.go\",\"simulation_time_wire_generated_test.go\",\"simulation_unix_test.go\",\"watchdog_io_test.go\",\"worldrecord_test.go\"],\"XTestGoFiles\":[\"io_boundary_toolchain_test.go\",\"io_entropy_toolchain_test.go\",\"io_filesystem_toolchain_test.go\",\"io_handoff_toolchain_test.go\",\"io_libc_toolchain_test.go\",\"io_net_bind_toolchain_test.go\",\"io_network_toolchain_test.go\",\"io_sandbox_toolchain_test.go\",\"io_sqlite_toolchain_test.go\",\"io_test_helpers_test.go\",\"model_conformance_compare_test.go\",\"model_conformance_test.go\"],\"Standard\":false,\"Error\":null,\"DepsErrors\":null},{\"ImportPath\":\"go.temporal.io/server/tools/gomad3/runner/internal/exploration\",\"Dir\":\"/Users/stephan/Workspace/"}
{"Time":"2026-10-08T20:26:41.932088162Z","Action":"output","Package":"go.temporal.io/server/tools/gomad3","Test":"TestHostPackageVet/darwin/arm64","Output":"skunkworks/gomad/temporal/tools/gomad3/runner/internal/exploration\",\"Imports\":[\"errors\",\"go.temporal.io/server/tools/gomad3/record\",\"slices\"],\"ImportMap\":null,\"GoFiles\":[\"engine.go\"],\"CgoFiles\":null,\"CompiledGoFiles\":null,\"IgnoredGoFiles\":null,\"TestGoFiles\":[\"engine_test.go\"],\"XTestGoFiles\":null,\"Standard\":false,\"Error\":null,\"DepsErrors\":null},{\"ImportPath\":\"go.temporal.io/server/tools/gomad3/runner/internal/exploration/choice\",\"Dir\":\"/Users/stephan/Workspace/skunkworks/gomad/temporal/tools/gomad3/runner/internal/exploration/choice\",\"Imports\":[\"bytes\",\"crypto/sha256\",\"errors\",\"fmt\",\"go.temporal.io/server/tools/gomad3/choice\",\"go.temporal.io/server/tools/gomad3/internal/canonicaljson\",\"go.temporal.io/server/tools/gomad3/record\",\"go.temporal.io/server/tools/gomad3/runner/internal/exploration\",\"slices\"],\"ImportMap\":null,\"GoFiles\":[\"engine.go\",\"select_readiness.go\"],\"CgoFiles\":null,\"CompiledGoFiles\":null,\"IgnoredGoFiles\":null,\"TestGoFiles\":[\"engine_divergence_test.go\",\"engine_test.go\"],\"XTestGoFiles\":null,\"Standa"}
{"Time":"2026-10-08T20:26:41.932281079Z","Action":"output","Package":"go.temporal.io/server/tools/gomad3","Test":"TestHostPackageVet/darwin/arm64","Output":"rd\":false,\"Error\":null,\"DepsErrors\":null},{\"ImportPath\":\"go.temporal.io/server/tools/gomad3/runner/internal/exploration/simulation\",\"Dir\":\"/Users/stephan/Workspace/skunkworks/gomad/temporal/tools/gomad3/runner/internal/exploration/simulation\",\"Imports\":[\"bytes\",\"errors\",\"fmt\",\"go.temporal.io/server/tools/gomad3/internal/canonicaljson\",\"go.temporal.io/server/tools/gomad3/record\",\"go.temporal.io/server/tools/gomad3/runner/internal/exploration\",\"slices\",\"sort\"],\"ImportMap\":null,\"GoFiles\":[\"frontier.go\"],\"CgoFiles\":null,\"CompiledGoFiles\":null,\"IgnoredGoFiles\":null,\"TestGoFiles\":[\"frontier_test.go\"],\"XTestGoFiles\":null,\"Standard\":false,\"Error\":null,\"DepsErrors\":null},{\"ImportPath\":\"go.temporal.io/server/tools/gomad3/runner/internal/exploration/simulationrecord\",\"Dir\":\"/Users/stephan/Workspace/skunkworks/gomad/temporal/tools/gomad3/runner/internal/exploration/simulationrecord\",\"Imports\":[\"bytes\",\"crypto/sha256\",\"encoding/json\",\"errors\",\"fmt\",\"go.temporal.io/server/tools/gomad3/choice\",\"go.temporal.io/server/tools/g"}
{"Time":"2026-10-08T20:26:41.932320245Z","Action":"output","Package":"go.temporal.io/server/tools/gomad3","Test":"TestHostPackageVet/darwin/arm64","Output":"omad3/internal/canonicaljson\",\"go.temporal.io/server/tools/gomad3/record\",\"go.temporal.io/server/tools/gomad3/runner/internal/exploration/simulation\",\"slices\"],\"ImportMap\":null,\"GoFiles\":[\"record.go\",\"wire.go\"],\"CgoFiles\":null,\"CompiledGoFiles\":null,\"IgnoredGoFiles\":null,\"TestGoFiles\":[\"record_test.go\",\"wire_test.go\"],\"XTestGoFiles\":null,\"Standard\":false,\"Error\":null,\"DepsErrors\":null},{\"ImportPath\":\"go.temporal.io/server/tools/gomad3/runner/internal/minimizer\",\"Dir\":\"/Users/stephan/Workspace/skunkworks/gomad/temporal/tools/gomad3/runner/internal/minimizer\",\"Imports\":[\"bytes\",\"context\",\"errors\",\"fmt\",\"go.temporal.io/server/tools/gomad3/internal/canonicaljson\",\"go.temporal.io/server/tools/gomad3/internal/hostfs\",\"go.temporal.io/server/tools/gomad3/record\",\"go.temporal.io/server/tools/gomad3/runner/internal/exploration/simulation\",\"io\",\"os\",\"path/filepath\",\"slices\",\"strings\"],\"ImportMap\":null,\"GoFiles\":[\"minimizer.go\",\"workspace.go\"],\"CgoFiles\":null,\"CompiledGoFiles\":null,\"IgnoredGoFiles\":null,\"TestGoFiles\":[\"m"}
{"Time":"2026-10-08T20:26:41.932345787Z","Action":"output","Package":"go.temporal.io/server/tools/gomad3","Test":"TestHostPackageVet/darwin/arm64","Output":"inimizer_test.go\",\"workspace_unix_test.go\"],\"XTestGoFiles\":null,\"Standard\":false,\"Error\":null,\"DepsErrors\":null},{\"ImportPath\":\"go.temporal.io/server/tools/gomad3/target\",\"Dir\":\"/Users/stephan/Workspace/skunkworks/gomad/temporal/tools/gomad3/target\",\"Imports\":[\"bytes\",\"cmp\",\"context\",\"crypto/sha256\",\"debug/buildinfo\",\"encoding/hex\",\"encoding/json\",\"errors\",\"fmt\",\"go.temporal.io/server/tools/gomad3/internal/canonicaljson\",\"go.temporal.io/server/tools/gomad3/internal/compatibilitypack\",\"go.temporal.io/server/tools/gomad3/internal/hostfs\",\"go.temporal.io/server/tools/gomad3/internal/sourceinventory\",\"go.temporal.io/server/tools/gomad3/record\",\"go.temporal.io/server/tools/gomad3/target/internal/build\",\"go.temporal.io/server/tools/gomad3/target/internal/capabilitypolicy\",\"go.temporal.io/server/tools/gomad3/target/internal/capabilityreview\",\"go.temporal.io/server/tools/gomad3/target/internal/gocommand\",\"go.temporal.io/server/tools/gomad3/target/internal/livecap\",\"go.temporal.io/server/tools/gomad3/target/internal/p"}
{"Time":"2026-10-08T20:26:41.932419787Z","Action":"output","Package":"go.temporal.io/server/tools/gomad3","Test":"TestHostPackageVet/darwin/arm64","Output":"rovenance\",\"go.temporal.io/server/tools/gomad3/toolchain/installation\",\"io\",\"maps\",\"os\",\"path/filepath\",\"regexp\",\"runtime\",\"runtime/debug\",\"slices\",\"sort\",\"strconv\",\"strings\",\"time\",\"unicode\"],\"ImportMap\":null,\"GoFiles\":[\"adapter_source_set.go\",\"capability.go\",\"capability_capacity.go\",\"capability_collection.go\",\"capability_evaluation.go\",\"capability_linked.go\",\"module_directory.go\",\"prepared_cache.go\",\"target.go\"],\"CgoFiles\":null,\"CompiledGoFiles\":null,\"IgnoredGoFiles\":null,\"TestGoFiles\":[\"adapter_source_set_test.go\",\"capability_golden_test.go\",\"capability_projection_test.go\",\"capability_review_test.go\",\"capability_test.go\",\"cleanup_test.go\",\"coverage_test.go\",\"go_command_test.go\",\"installation_test.go\",\"module_directory_test.go\",\"prepared_cache_digest_test.go\",\"prepared_cache_test.go\",\"target_test.go\"],\"XTestGoFiles\":null,\"Standard\":false,\"Error\":null,\"DepsErrors\":null},{\"ImportPath\":\"go.temporal.io/server/tools/gomad3/target/internal/build\",\"Dir\":\"/Users/stephan/Workspace/skunkworks/gomad/temporal/tools/gom"}
{"Time":"2026-10-08T20:26:41.932480912Z","Action":"output","Package":"go.temporal.io/server/tools/gomad3","Test":"TestHostPackageVet/darwin/arm64","Output":"ad3/target/internal/build\",\"Imports\":[\"errors\",\"fmt\",\"go.temporal.io/server/tools/gomad3/internal/hostfs\",\"os\",\"path/filepath\",\"sort\",\"strings\",\"unicode\"],\"ImportMap\":null,\"GoFiles\":[\"context.go\",\"trim.go\"],\"CgoFiles\":null,\"CompiledGoFiles\":null,\"IgnoredGoFiles\":null,\"TestGoFiles\":[\"context_test.go\",\"trim_test.go\"],\"XTestGoFiles\":null,\"Standard\":false,\"Error\":null,\"DepsErrors\":null},{\"ImportPath\":\"go.temporal.io/server/tools/gomad3/target/internal/capabilitypolicy\",\"Dir\":\"/Users/stephan/Workspace/skunkworks/gomad/temporal/tools/gomad3/target/internal/capabilitypolicy\",\"Imports\":[\"go.temporal.io/server/tools/gomad3/internal/compatibilitypack\",\"slices\",\"sort\",\"strings\"],\"ImportMap\":null,\"GoFiles\":[\"policy.go\",\"simulation_bridge.go\"],\"CgoFiles\":null,\"CompiledGoFiles\":null,\"IgnoredGoFiles\":null,\"TestGoFiles\":[\"policy_test.go\"],\"XTestGoFiles\":null,\"Standard\":false,\"Error\":null,\"DepsErrors\":null},{\"ImportPath\":\"go.temporal.io/server/tools/gomad3/target/internal/capabilityreview\",\"Dir\":\"/Users/stephan/Workspace/skun"}
{"Time":"2026-10-08T20:26:41.932522204Z","Action":"output","Package":"go.temporal.io/server/tools/gomad3","Test":"TestHostPackageVet/darwin/arm64","Output":"kworks/gomad/temporal/tools/gomad3/target/internal/capabilityreview\",\"Imports\":[\"bytes\",\"context\",\"encoding/json\",\"errors\",\"fmt\",\"go.temporal.io/server/tools/gomad3/target/internal/gocommand\",\"io\",\"strings\"],\"ImportMap\":null,\"GoFiles\":[\"list.go\"],\"CgoFiles\":null,\"CompiledGoFiles\":null,\"IgnoredGoFiles\":null,\"TestGoFiles\":[\"list_test.go\"],\"XTestGoFiles\":null,\"Standard\":false,\"Error\":null,\"DepsErrors\":null},{\"ImportPath\":\"go.temporal.io/server/tools/gomad3/target/internal/gocommand\",\"Dir\":\"/Users/stephan/Workspace/skunkworks/gomad/temporal/tools/gomad3/target/internal/gocommand\",\"Imports\":[\"context\",\"fmt\",\"go.temporal.io/server/tools/gomad3/internal/hostexec\",\"time\"],\"ImportMap\":null,\"GoFiles\":[\"command.go\"],\"CgoFiles\":null,\"CompiledGoFiles\":null,\"IgnoredGoFiles\":null,\"TestGoFiles\":[\"command_test.go\"],\"XTestGoFiles\":null,\"Standard\":false,\"Error\":null,\"DepsErrors\":null},{\"ImportPath\":\"go.temporal.io/server/tools/gomad3/target/internal/livecap\",\"Dir\":\"/Users/stephan/Workspace/skunkworks/gomad/temporal/tools/gomad3"}
{"Time":"2026-10-08T20:26:41.932545287Z","Action":"output","Package":"go.temporal.io/server/tools/gomad3","Test":"TestHostPackageVet/darwin/arm64","Output":"/target/internal/livecap\",\"Imports\":[\"bytes\",\"crypto/sha256\",\"debug/elf\",\"debug/macho\",\"encoding/binary\",\"errors\",\"fmt\",\"go.temporal.io/server/tools/gomad3/internal/canonicaljson\",\"go.temporal.io/server/tools/gomad3/record\",\"io\",\"os\",\"strings\"],\"ImportMap\":null,\"GoFiles\":[\"extract.go\",\"livecap.go\",\"project.go\",\"protocol_generated.go\"],\"CgoFiles\":null,\"CompiledGoFiles\":null,\"IgnoredGoFiles\":null,\"TestGoFiles\":[\"livecap_test.go\",\"project_test.go\",\"toolchain_test.go\"],\"XTestGoFiles\":null,\"Standard\":false,\"Error\":null,\"DepsErrors\":null},{\"ImportPath\":\"go.temporal.io/server/tools/gomad3/target/internal/provenance\",\"Dir\":\"/Users/stephan/Workspace/skunkworks/gomad/temporal/tools/gomad3/target/internal/provenance\",\"Imports\":[\"errors\",\"fmt\",\"go.temporal.io/server/tools/gomad3/internal/canonicaljson\",\"go.temporal.io/server/tools/gomad3/internal/hostfs\",\"io\",\"os\"],\"ImportMap\":null,\"GoFiles\":[\"store.go\"],\"CgoFiles\":null,\"CompiledGoFiles\":null,\"IgnoredGoFiles\":null,\"TestGoFiles\":[\"store_test.go\"],\"XTestGoFiles\":null,\"Stan"}
{"Time":"2026-10-08T20:26:41.932586704Z","Action":"output","Package":"go.temporal.io/server/tools/gomad3","Test":"TestHostPackageVet/darwin/arm64","Output":"dard\":false,\"Error\":null,\"DepsErrors\":null},{\"ImportPath\":\"go.temporal.io/server/tools/gomad3/toolchain\",\"Dir\":\"/Users/stephan/Workspace/skunkworks/gomad/temporal/tools/gomad3/toolchain\",\"Imports\":[\"archive/tar\",\"bytes\",\"compress/gzip\",\"context\",\"crypto/sha256\",\"encoding/json\",\"errors\",\"fmt\",\"go.temporal.io/server/tools/gomad3/internal/hostexec\",\"go.temporal.io/server/tools/gomad3/internal/hostfs\",\"go.temporal.io/server/tools/gomad3/toolchain/installation\",\"go.temporal.io/server/tools/gomad3/toolchain/version\",\"io\",\"io/fs\",\"net/http\",\"os\",\"path\",\"path/filepath\",\"regexp\",\"runtime\",\"slices\",\"sort\",\"strings\",\"time\"],\"ImportMap\":null,\"GoFiles\":[\"build.go\",\"buildkey.go\",\"installation.go\",\"lock.go\",\"patch.go\",\"patch_regenerate.go\",\"source.go\"],\"CgoFiles\":null,\"CompiledGoFiles\":null,\"IgnoredGoFiles\":null,\"TestGoFiles\":[\"build_test.go\",\"buildkey_test.go\",\"clock_inventory_test.go\",\"draw_inventory_test.go\",\"goroutine_inventory_test.go\",\"installation_test.go\",\"patch_cleanup_test.go\",\"patch_test.go\",\"source_cleanup_test."}
{"Time":"2026-10-08T20:26:41.932621454Z","Action":"output","Package":"go.temporal.io/server/tools/gomad3","Test":"TestHostPackageVet/darwin/arm64","Output":"go\",\"source_test.go\"],\"XTestGoFiles\":null,\"Standard\":false,\"Error\":null,\"DepsErrors\":null},{\"ImportPath\":\"go.temporal.io/server/tools/gomad3/toolchain/installation\",\"Dir\":\"/Users/stephan/Workspace/skunkworks/gomad/temporal/tools/gomad3/toolchain/installation\",\"Imports\":[\"crypto/sha256\",\"fmt\",\"os\",\"path/filepath\",\"strings\"],\"ImportMap\":null,\"GoFiles\":[\"installation.go\"],\"CgoFiles\":null,\"CompiledGoFiles\":null,\"IgnoredGoFiles\":null,\"TestGoFiles\":[\"installation_test.go\"],\"XTestGoFiles\":null,\"Standard\":false,\"Error\":null,\"DepsErrors\":null},{\"ImportPath\":\"go.temporal.io/server/tools/gomad3/toolchain/version\",\"Dir\":\"/Users/stephan/Workspace/skunkworks/gomad/temporal/tools/gomad3/toolchain/version\",\"Imports\":[\"bytes\",\"encoding/json\",\"errors\",\"fmt\",\"go.temporal.io/server/tools/gomad3/internal/hostfs\",\"go/format\",\"golang.org/x/mod/module\",\"io\",\"os\",\"path/filepath\",\"regexp\",\"slices\",\"strings\"],\"ImportMap\":null,\"GoFiles\":[\"descriptor.go\",\"generated.go\"],\"CgoFiles\":null,\"CompiledGoFiles\":null,\"IgnoredGoFiles\":null,\"TestGo"}
{"Time":"2026-10-08T20:26:41.932678162Z","Action":"output","Package":"go.temporal.io/server/tools/gomad3","Test":"TestHostPackageVet/darwin/arm64","Output":"Files\":[\"descriptor_test.go\"],\"XTestGoFiles\":null,\"Standard\":false,\"Error\":null,\"DepsErrors\":null},{\"ImportPath\":\"go.temporal.io/server/tools/gomad3/upgrade\",\"Dir\":\"/Users/stephan/Workspace/skunkworks/gomad/temporal/tools/gomad3/upgrade\",\"Imports\":[\"archive/tar\",\"bytes\",\"compress/gzip\",\"context\",\"crypto/sha256\",\"encoding/json\",\"errors\",\"fmt\",\"go.temporal.io/server/tools/gomad3/internal/canonicaljson\",\"go.temporal.io/server/tools/gomad3/internal/hostexec\",\"go.temporal.io/server/tools/gomad3/internal/hostfs\",\"go.temporal.io/server/tools/gomad3/qualification/set\",\"go.temporal.io/server/tools/gomad3/toolchain/version\",\"go.temporal.io/server/tools/gomad3/upgrade/adapterregen\",\"go.temporal.io/server/tools/gomad3/upgrade/pinimpact\",\"io\",\"os\",\"os/exec\",\"path/filepath\",\"runtime\",\"slices\",\"strings\",\"time\"],\"ImportMap\":null,\"GoFiles\":[\"maintenance_compat.go\",\"upgrade.go\"],\"CgoFiles\":null,\"CompiledGoFiles\":null,\"IgnoredGoFiles\":null,\"TestGoFiles\":[\"upgrade_io_test.go\",\"upgrade_test.go\",\"upgrade_unix_test.go\"],\"XTestGoFil"}
{"Time":"2026-10-08T20:26:41.932698662Z","Action":"output","Package":"go.temporal.io/server/tools/gomad3","Test":"TestHostPackageVet/darwin/arm64","Output":"es\":null,\"Standard\":false,\"Error\":null,\"DepsErrors\":null},{\"ImportPath\":\"go.temporal.io/server/tools/gomad3/upgrade/adapterregen\",\"Dir\":\"/Users/stephan/Workspace/skunkworks/gomad/temporal/tools/gomad3/upgrade/adapterregen\",\"Imports\":[\"bytes\",\"context\",\"crypto/sha256\",\"encoding/json\",\"errors\",\"fmt\",\"go.temporal.io/server/tools/gomad3/deterministicio\",\"go.temporal.io/server/tools/gomad3/internal/compatibilitypack\",\"go.temporal.io/server/tools/gomad3/internal/hostexec\",\"go.temporal.io/server/tools/gomad3/internal/hostfs\",\"go.temporal.io/server/tools/gomad3/toolchain/version\",\"golang.org/x/mod/modfile\",\"io\",\"io/fs\",\"maps\",\"os\",\"path\",\"path/filepath\",\"slices\",\"sort\",\"strconv\",\"strings\",\"time\"],\"ImportMap\":null,\"GoFiles\":[\"adapterregen.go\",\"diff.go\",\"render.go\",\"transaction.go\"],\"CgoFiles\":null,\"CompiledGoFiles\":null,\"IgnoredGoFiles\":null,\"TestGoFiles\":[\"adapterregen_test.go\",\"checkout_revalidation_test.go\",\"default_pipeline_test.go\",\"lock_release_test.go\",\"publication_cleanup_test.go\"],\"XTestGoFiles\":null,\"Standar"}
{"Time":"2026-10-08T20:26:41.932748537Z","Action":"output","Package":"go.temporal.io/server/tools/gomad3","Test":"TestHostPackageVet/darwin/arm64","Output":"d\":false,\"Error\":null,\"DepsErrors\":null},{\"ImportPath\":\"go.temporal.io/server/tools/gomad3/upgrade/pinimpact\",\"Dir\":\"/Users/stephan/Workspace/skunkworks/gomad/temporal/tools/gomad3/upgrade/pinimpact\",\"Imports\":[\"bytes\",\"context\",\"crypto/sha256\",\"encoding/json\",\"errors\",\"fmt\",\"go.temporal.io/server/tools/gomad3/deterministicio\",\"go.temporal.io/server/tools/gomad3/internal/canonicaljson\",\"go.temporal.io/server/tools/gomad3/internal/compatibilitypack\",\"go.temporal.io/server/tools/gomad3/internal/hostexec\",\"go.temporal.io/server/tools/gomad3/toolchain/version\",\"go/ast\",\"go/parser\",\"go/token\",\"go/version\",\"golang.org/x/mod/modfile\",\"golang.org/x/mod/module\",\"io\",\"io/fs\",\"maps\",\"os\",\"path/filepath\",\"regexp\",\"slices\",\"strconv\",\"strings\",\"time\"],\"ImportMap\":null,\"GoFiles\":[\"modules.go\",\"pinimpact.go\",\"render.go\",\"toolchain.go\"],\"CgoFiles\":null,\"CompiledGoFiles\":null,\"IgnoredGoFiles\":null,\"TestGoFiles\":null,\"XTestGoFiles\":[\"pack_sums_test.go\",\"packs_directory_test.go\",\"pinimpact_test.go\",\"portable_fixtures_test.go\",\"r"}
{"Time":"2026-10-08T20:26:41.932769245Z","Action":"output","Package":"go.temporal.io/server/tools/gomad3","Test":"TestHostPackageVet/darwin/arm64","Output":"esolver_test.go\",\"rule_sums_test.go\"],\"Standard\":false,\"Error\":null,\"DepsErrors\":null},{\"ImportPath\":\"go.temporal.io/server/tools/gomad3/world\",\"Dir\":\"/Users/stephan/Workspace/skunkworks/gomad/temporal/tools/gomad3/world\",\"Imports\":[\"bytes\",\"container/heap\",\"crypto/hmac\",\"crypto/sha256\",\"encoding/binary\",\"encoding/hex\",\"encoding/json\",\"fmt\",\"go.temporal.io/server/tools/gomad3/internal/canonicaljson\",\"io\",\"math\",\"regexp\",\"sort\",\"strconv\",\"sync\",\"unicode/utf8\"],\"ImportMap\":null,\"GoFiles\":[\"choice.go\",\"codec.go\",\"doc.go\",\"errors.go\",\"queue.go\",\"recording.go\",\"replay.go\",\"snapshot.go\",\"types.go\",\"world.go\"],\"CgoFiles\":null,\"CompiledGoFiles\":null,\"IgnoredGoFiles\":null,\"TestGoFiles\":[\"benchmark_test.go\",\"capacity_test.go\",\"codec_test.go\",\"concurrency_test.go\",\"recording_terminal_test.go\",\"recording_test.go\",\"replay_test.go\",\"snapshot_test.go\",\"world_test.go\"],\"XTestGoFiles\":null,\"Standard\":false,\"Error\":null,\"DepsErrors\":null},{\"ImportPath\":\"go.temporal.io/server/tools/gomad3/world/mailbox\",\"Dir\":\"/Users/stephan/Wo"}
{"Time":"2026-10-08T20:26:41.932833454Z","Action":"output","Package":"go.temporal.io/server/tools/gomad3","Test":"TestHostPackageVet/darwin/arm64","Output":"rkspace/skunkworks/gomad/temporal/tools/gomad3/world/mailbox\",\"Imports\":[\"crypto/sha256\",\"encoding/binary\",\"encoding/hex\",\"fmt\",\"go.temporal.io/server/tools/gomad3/world\",\"slices\",\"sort\",\"unicode/utf8\"],\"ImportMap\":null,\"GoFiles\":[\"mailbox.go\"],\"CgoFiles\":null,\"CompiledGoFiles\":null,\"IgnoredGoFiles\":null,\"TestGoFiles\":[\"mailbox_test.go\"],\"XTestGoFiles\":null,\"Standard\":false,\"Error\":null,\"DepsErrors\":null},{\"ImportPath\":\"go.temporal.io/server/tools/gomad3/world/process\",\"Dir\":\"/Users/stephan/Workspace/skunkworks/gomad/temporal/tools/gomad3/world/process\",\"Imports\":[\"bytes\",\"encoding/binary\",\"errors\",\"fmt\",\"go.temporal.io/server/tools/gomad3/world\",\"io\",\"os\"],\"ImportMap\":null,\"GoFiles\":[\"config.go\",\"session.go\"],\"CgoFiles\":null,\"CompiledGoFiles\":null,\"IgnoredGoFiles\":null,\"TestGoFiles\":[\"config_test.go\",\"session_terminal_test.go\"],\"XTestGoFiles\":null,\"Standard\":false,\"Error\":null,\"DepsErrors\":null}],\"Sources\":[\"architecture_test.go\",\"artifact/link_count_other.go\",\"artifact/link_count_unix.go\",\"artifact/manifest"}
{"Time":"2026-10-08T20:26:41.932886787Z","Action":"output","Package":"go.temporal.io/server/tools/gomad3","Test":"TestHostPackageVet/darwin/arm64","Output":"_copy.go\",\"artifact/open.go\",\"artifact/opened_test.go\",\"artifact/publication.go\",\"artifact/publication_test.go\",\"artifact/rename_noreplace.go\",\"artifact/rename_noreplace_darwin.go\",\"artifact/rename_noreplace_linux.go\",\"artifact/rename_noreplace_linux_other.go\",\"artifact/rename_noreplace_other.go\",\"artifact/rename_noreplace_windows.go\",\"artifact/rename_sysnum_linux_amd64.go\",\"artifact/rename_sysnum_linux_arm64.go\",\"artifact/retained_bytes.go\",\"artifact/retained_bytes_test.go\",\"artifact/store.go\",\"artifact/store_mode_unix_test.go\",\"artifact/store_test.go\",\"artifact/target_pool.go\",\"artifact/target_pool_test.go\",\"artifact/target_pool_unix_test.go\",\"choice/diagnostic.go\",\"choice/diagnostic_test.go\",\"choice/divergence.go\",\"choice/internal/wire/wire_generated.go\",\"choice/internal/wire/wire_generated_test.go\",\"choice/legacy_v1.go\",\"choice/legacy_v1_test.go\",\"choice/no_op_select.go\",\"choice/readiness_test.go\",\"choice/session.go\",\"choice/session_test.go\",\"choice/tape.go\",\"choice/tape_test.go\",\"choice/trace.go\",\"choice"}
{"Time":"2026-10-08T20:26:41.932908079Z","Action":"output","Package":"go.temporal.io/server/tools/gomad3","Test":"TestHostPackageVet/darwin/arm64","Output":"/trace_test.go\",\"choice/wire.go\",\"cmd/gomad/e2e_test.go\",\"cmd/gomad/internal/cli/analyze.go\",\"cmd/gomad/internal/cli/application.go\",\"cmd/gomad/internal/cli/application_characterization_test.go\",\"cmd/gomad/internal/cli/application_test.go\",\"cmd/gomad/internal/cli/campaign_semantics_ownership_test.go\",\"cmd/gomad/internal/cli/campaign_shards.go\",\"cmd/gomad/internal/cli/campaign_shards_test.go\",\"cmd/gomad/internal/cli/characterization_support_test.go\",\"cmd/gomad/internal/cli/characterization_test.go\",\"cmd/gomad/internal/cli/cli.go\",\"cmd/gomad/internal/cli/cli_test.go\",\"cmd/gomad/internal/cli/compare_support.go\",\"cmd/gomad/internal/cli/diagnostics_test.go\",\"cmd/gomad/internal/cli/doctor.go\",\"cmd/gomad/internal/cli/doctor_test.go\",\"cmd/gomad/internal/cli/exploration_divergence_test.go\",\"cmd/gomad/internal/cli/explore_failure_writer_test.go\",\"cmd/gomad/internal/cli/explore_output.go\",\"cmd/gomad/internal/cli/guidance_test.go\",\"cmd/gomad/internal/cli/inspect_target_sharing_test.go\",\"cmd/gomad/internal/cli/plan_charac"}
{"Time":"2026-10-08T20:26:41.932977079Z","Action":"output","Package":"go.temporal.io/server/tools/gomad3","Test":"TestHostPackageVet/darwin/arm64","Output":"terization_test.go\",\"cmd/gomad/internal/cli/qualify.go\",\"cmd/gomad/internal/cli/qualify_set.go\",\"cmd/gomad/internal/cli/quote.go\",\"cmd/gomad/internal/cli/quote_test.go\",\"cmd/gomad/internal/cli/recover.go\",\"cmd/gomad/internal/cli/resume.go\",\"cmd/gomad/internal/cli/working_directory.go\",\"cmd/gomad/internal/cli/working_directory_test.go\",\"cmd/gomad/main.go\",\"cmd/gomad/retained_success_e2e_test.go\",\"cmd/gomad/testdata/campaign/main.go\",\"cmd/gomad/testdata/seedfree/main.go\",\"cmd/gomad/testdata/watchdog/main.go\",\"cmd/gomad/watchdog_e2e_test.go\",\"cmd/gomad/watchdog_replay_e2e_test.go\",\"cmd/gomadtool/adapter_regenerate.go\",\"cmd/gomadtool/adapter_regenerate_diagnostics_test.go\",\"cmd/gomadtool/adapter_regenerate_test.go\",\"cmd/gomadtool/boundary.go\",\"cmd/gomadtool/compatibility_pack.go\",\"cmd/gomadtool/compatibility_pack_refresh.go\",\"cmd/gomadtool/compatibility_pack_refresh_diagnostics_test.go\",\"cmd/gomadtool/compatibility_pack_refresh_output_test.go\",\"cmd/gomadtool/compatibility_pack_refresh_resolved_test.go\",\"cmd/gomad"}
{"Time":"2026-10-08T20:26:41.933015704Z","Action":"output","Package":"go.temporal.io/server/tools/gomad3","Test":"TestHostPackageVet/darwin/arm64","Output":"tool/compatibility_pack_refresh_test.go\",\"cmd/gomadtool/compatibility_root_test.go\",\"cmd/gomadtool/diagnostic.go\",\"cmd/gomadtool/diagnostic_test.go\",\"cmd/gomadtool/main.go\",\"cmd/gomadtool/main_test.go\",\"cmd/gomadtool/maintainer_output_patch_test.go\",\"cmd/gomadtool/maintainer_output_test.go\",\"cmd/gomadtool/pin_impact.go\",\"cmd/gomadtool/pin_impact_diagnostics_test.go\",\"cmd/gomadtool/pin_impact_test.go\",\"cmd/gomadtool/protocol.go\",\"cmd/gomadtool/qualification_manifest.go\",\"cmd/gomadtool/soak.go\",\"cmd/gomadtool/soak_test.go\",\"cmd/gomadtool/upgrade.go\",\"cmd/gomadtool/upgrade_test.go\",\"cmd/gomadtool/version.go\",\"deterministicio/adapter_cache_cleanup_test.go\",\"deterministicio/adapter_configuration_portable_test.go\",\"deterministicio/adapter_consumers_portable_test.go\",\"deterministicio/adapter_copy.go\",\"deterministicio/adapter_copy_test.go\",\"deterministicio/adapter_graph_portable_test.go\",\"deterministicio/adapter_pin_decisions_test.go\",\"deterministicio/adapter_preservation_portable_test.go\",\"deterministicio/adapter_re"}
{"Time":"2026-10-08T20:26:41.933074412Z","Action":"output","Package":"go.temporal.io/server/tools/gomad3","Test":"TestHostPackageVet/darwin/arm64","Output":"generate.go\",\"deterministicio/adapter_regenerate_portable_test.go\",\"deterministicio/adapter_regenerate_source.go\",\"deterministicio/adapter_regenerate_test.go\",\"deterministicio/adapter_registry.go\",\"deterministicio/adapter_registry_test.go\",\"deterministicio/adapter_rewrite.go\",\"deterministicio/adapter_rewrite_test.go\",\"deterministicio/adapter_verify_cleanup_test.go\",\"deterministicio/bootstrap.go\",\"deterministicio/bootstrap_toolchain_test.go\",\"deterministicio/boundary_generated.go\",\"deterministicio/cactusstatsd_adapter.go\",\"deterministicio/domain.go\",\"deterministicio/downstream_adapter_registry_test.go\",\"deterministicio/fx_adapter.go\",\"deterministicio/grpc_adapter.go\",\"deterministicio/grpc_adapter_test.go\",\"deterministicio/grpc_dns_test.go\",\"deterministicio/hashicorpmetrics_adapter.go\",\"deterministicio/hashicorpmetrics_adapter_test.go\",\"deterministicio/host_dispatch_patch_test.go\",\"deterministicio/internal/wire/wire_generated.go\",\"deterministicio/internal/wire/wire_generated_test.go\",\"deterministicio/libc_adapt"}
{"Time":"2026-10-08T20:26:41.933097954Z","Action":"output","Package":"go.temporal.io/server/tools/gomad3","Test":"TestHostPackageVet/darwin/arm64","Output":"er.go\",\"deterministicio/libc_adapter_test.go\",\"deterministicio/libc_regenerate.go\",\"deterministicio/libc_regenerate_test.go\",\"deterministicio/memberlist_adapter.go\",\"deterministicio/memberlist_adapter_test.go\",\"deterministicio/memory_adapter.go\",\"deterministicio/memory_adapter_test.go\",\"deterministicio/metrics_consumer_portable_test.go\",\"deterministicio/otelsdk_adapter.go\",\"deterministicio/pebble_adapter.go\",\"deterministicio/profile.go\",\"deterministicio/profile_portable_test.go\",\"deterministicio/profile_test.go\",\"deterministicio/readonlymount/capture.go\",\"deterministicio/readonlymount/capture_test.go\",\"deterministicio/readonlymount/config.go\",\"deterministicio/readonlymount/config_test.go\",\"deterministicio/readonlymount/hardlink_other.go\",\"deterministicio/readonlymount/hardlink_unix.go\",\"deterministicio/readonlymount/inventory.go\",\"deterministicio/readonlymount/inventory_test.go\",\"deterministicio/readonlymount/persistence.go\",\"deterministicio/readonlymount/persistence_test.go\",\"deterministicio/readonlymount/wi"}
{"Time":"2026-10-08T20:26:41.933128079Z","Action":"output","Package":"go.temporal.io/server/tools/gomad3","Test":"TestHostPackageVet/darwin/arm64","Output":"re.go\",\"deterministicio/readonlymount/wire_test.go\",\"deterministicio/requirements.go\",\"deterministicio/requirements_test.go\",\"deterministicio/semantic_coverage.go\",\"deterministicio/semantic_coverage_test.go\",\"deterministicio/sentry_adapter.go\",\"deterministicio/session.go\",\"deterministicio/session_test.go\",\"deterministicio/sockaddr_adapter.go\",\"deterministicio/sockaddr_boundary_test.go\",\"deterministicio/sprig_adapter.go\",\"deterministicio/temporalsdk_adapter.go\",\"deterministicio/testdata/cactusstatsd/cactusstatsd_test.go\",\"deterministicio/testdata/grpcdns/dns_test.go\",\"deterministicio/testdata/hashicorpmetrics/metrics_test.go\",\"deterministicio/testdata/memberlist/memberlist_test.go\",\"deterministicio/testdata/pebble/pebble_test.go\",\"deterministicio/testdata/sentry/sentry_test.go\",\"deterministicio/testdata/sockaddr/boundary_test.go\",\"deterministicio/testdata/sockaddr/main.go\",\"deterministicio/testdata/sprig/sprig_test.go\",\"deterministicio/testdata/validator/validator_test.go\",\"deterministicio/transcript.go\",\"dete"}
{"Time":"2026-10-08T20:26:41.933150412Z","Action":"output","Package":"go.temporal.io/server/tools/gomad3","Test":"TestHostPackageVet/darwin/arm64","Output":"rministicio/validator_adapter.go\",\"deterministicio/xnet_adapter.go\",\"deterministicio/xnet_adapter_test.go\",\"filesystem_handles_ownership_test.go\",\"internal/canonicaljson/canonical.go\",\"internal/canonicaljson/canonical_characterization_test.go\",\"internal/canonicaljson/canonical_test.go\",\"internal/compatibilitypack/authoring/discover.go\",\"internal/compatibilitypack/authoring/discover_test.go\",\"internal/compatibilitypack/authoring/generate.go\",\"internal/compatibilitypack/authoring/generate_test.go\",\"internal/compatibilitypack/authoring/publication.go\",\"internal/compatibilitypack/authoring/qualify.go\",\"internal/compatibilitypack/authoring/qualify_test.go\",\"internal/compatibilitypack/authoring/refresh.go\",\"internal/compatibilitypack/authoring/refresh_test.go\",\"internal/compatibilitypack/authoring/request.go\",\"internal/compatibilitypack/authoring/request_test.go\",\"internal/compatibilitypack/authoring/review.go\",\"internal/compatibilitypack/authoring/review_test.go\",\"internal/compatibilitypack/authoring/variant_selec"}
{"Time":"2026-10-08T20:26:41.933170037Z","Action":"output","Package":"go.temporal.io/server/tools/gomad3","Test":"TestHostPackageVet/darwin/arm64","Output":"tors_test.go\",\"internal/compatibilitypack/authoring/working_directories.go\",\"internal/compatibilitypack/evidence_test.go\",\"internal/compatibilitypack/external_test.go\",\"internal/compatibilitypack/mutation_test.go\",\"internal/compatibilitypack/packs_generated_test.go\",\"internal/compatibilitypack/policy.go\",\"internal/compatibilitypack/policy_exhaustive_test.go\",\"internal/compatibilitypack/policy_test.go\",\"internal/compatibilitypack/profile_binding_test.go\",\"internal/compatibilitypack/schema.go\",\"internal/compatibilitypack/schema_admission_test.go\",\"internal/compatibilitypack/schema_timezone_test.go\",\"internal/compatibilitypack/testdata/v041/libc_test.go\",\"internal/compatibilitypack/testdata/xsys/xsys_test.go\",\"internal/compatibilitypack/v2_selection.go\",\"internal/gomadtool/architecture/architecture.go\",\"internal/gomadtool/architecture/architecture_test.go\",\"internal/gomadtool/architecture/edges.go\",\"internal/gomadtool/architecture/effects.go\",\"internal/gomadtool/architecture/effects_test.go\",\"internal/gomadtool/"}
{"Time":"2026-10-08T20:26:41.933200245Z","Action":"output","Package":"go.temporal.io/server/tools/gomad3","Test":"TestHostPackageVet/darwin/arm64","Output":"architecture/error_provenance_test.go\",\"internal/gomadtool/architecture/initialization.go\",\"internal/gomadtool/architecture/initialization_test.go\",\"internal/gomadtool/architecture/memory_sources.go\",\"internal/gomadtool/architecture/mutation_test.go\",\"internal/gomadtool/architecture/program.go\",\"internal/gomadtool/architecture/range_test.go\",\"internal/gomadtool/architecture/signature_test.go\",\"internal/gomadtool/architecture/standard.go\",\"internal/gomadtool/architecture/startup_sources.go\",\"internal/gomadtool/conformance/driver.go\",\"internal/gomadtool/conformance/driver_test.go\",\"internal/gomadtool/conformance/exec_wrapper_unix_test.go\",\"internal/gomadtool/conformance/registry.go\",\"internal/gomadtool/conformance/registry_test.go\",\"internal/gomadtool/conformance/runtime_bootstrap.go\",\"internal/gomadtool/conformance/runtime_campaign.go\",\"internal/gomadtool/conformance/runtime_choice.go\",\"internal/gomadtool/conformance/runtime_clock_tick.go\",\"internal/gomadtool/conformance/runtime_clocks.go\",\"internal/gomadtool/"}
{"Time":"2026-10-08T20:26:41.933215079Z","Action":"output","Package":"go.temporal.io/server/tools/gomad3","Test":"TestHostPackageVet/darwin/arm64","Output":"conformance/runtime_compatibility.go\",\"internal/gomadtool/conformance/runtime_linking.go\",\"internal/gomadtool/conformance/runtime_load.go\",\"internal/gomadtool/conformance/runtime_owned.go\",\"internal/gomadtool/conformance/runtime_owned_test.go\",\"internal/gomadtool/conformance/runtime_repeatability.go\",\"internal/gomadtool/conformance/runtime_scheduling.go\",\"internal/gomadtool/conformance/runtime_test.go\",\"internal/gomadtool/conformance/testdata/activation/main.go\",\"internal/gomadtool/conformance/testdata/activation_io/main.go\",\"internal/gomadtool/conformance/testdata/automatic_gc/main.go\",\"internal/gomadtool/conformance/testdata/channels/main.go\",\"internal/gomadtool/conformance/testdata/choice_exploration/main.go\",\"internal/gomadtool/conformance/testdata/choice_replay/main.go\",\"internal/gomadtool/conformance/testdata/clock/main.go\",\"internal/gomadtool/conformance/testdata/clock_audit/main.go\",\"internal/gomadtool/conformance/testdata/clock_bench/clock_bench_test.go\",\"internal/gomadtool/conformance/testdata/clock"}
{"Time":"2026-10-08T20:26:41.933234204Z","Action":"output","Package":"go.temporal.io/server/tools/gomad3","Test":"TestHostPackageVet/darwin/arm64","Output":"_cgo/main.go\",\"internal/gomadtool/conformance/testdata/clock_deadlock/main.go\",\"internal/gomadtool/conformance/testdata/clock_gotest/clock_gotest_test.go\",\"internal/gomadtool/conformance/testdata/clock_io/main.go\",\"internal/gomadtool/conformance/testdata/clock_race/main.go\",\"internal/gomadtool/conformance/testdata/clock_spin/main.go\",\"internal/gomadtool/conformance/testdata/clock_synctest/clock_synctest_test.go\",\"internal/gomadtool/conformance/testdata/clock_tick/main.go\",\"internal/gomadtool/conformance/testdata/clock_tick_deadline/main.go\",\"internal/gomadtool/conformance/testdata/clock_tick_due/main.go\",\"internal/gomadtool/conformance/testdata/diagnostic_fault/main.go\",\"internal/gomadtool/conformance/testdata/draw_check/main.go\",\"internal/gomadtool/conformance/testdata/environment/main.go\",\"internal/gomadtool/conformance/testdata/gotest/gotest_test.go\",\"internal/gomadtool/conformance/testdata/intercept/intercept.go\",\"internal/gomadtool/conformance/testdata/intercept/intercept_test.go\",\"internal/gomadtool/con"}
{"Time":"2026-10-08T20:26:41.93331262Z","Action":"output","Package":"go.temporal.io/server/tools/gomad3","Test":"TestHostPackageVet/darwin/arm64","Output":"formance/testdata/interceptfail/bad_handled/fixture.go\",\"internal/gomadtool/conformance/testdata/interceptfail/bad_handled/fixture_test.go\",\"internal/gomadtool/conformance/testdata/interceptfail/bad_parameter/fixture.go\",\"internal/gomadtool/conformance/testdata/interceptfail/bad_parameter/fixture_test.go\",\"internal/gomadtool/conformance/testdata/interceptfail/bad_result/fixture.go\",\"internal/gomadtool/conformance/testdata/interceptfail/bad_result/fixture_test.go\",\"internal/gomadtool/conformance/testdata/interceptfail/body_mismatch/fixture.go\",\"internal/gomadtool/conformance/testdata/interceptfail/body_mismatch/fixture_test.go\",\"internal/gomadtool/conformance/testdata/interceptfail/bodyless_target/fixture.go\",\"internal/gomadtool/conformance/testdata/interceptfail/bodyless_target/fixture_test.go\",\"internal/gomadtool/conformance/testdata/interceptfail/duplicate_target/fixture.go\",\"internal/gomadtool/conformance/testdata/interceptfail/duplicate_target/fixture_test.go\",\"internal/gomadtool/conformance/testdata/inte"}
{"Time":"2026-10-08T20:26:41.933363079Z","Action":"output","Package":"go.temporal.io/server/tools/gomad3","Test":"TestHostPackageVet/darwin/arm64","Output":"rceptfail/missing_hook/fixture.go\",\"internal/gomadtool/conformance/testdata/interceptfail/missing_hook/fixture_test.go\",\"internal/gomadtool/conformance/testdata/interceptfail/missing_target/fixture.go\",\"internal/gomadtool/conformance/testdata/interceptfail/missing_target/fixture_test.go\",\"internal/gomadtool/conformance/testdata/interceptfail/variadic/fixture.go\",\"internal/gomadtool/conformance/testdata/interceptfail/variadic/fixture_test.go\",\"internal/gomadtool/conformance/testdata/internal/perturb/perturb.go\",\"internal/gomadtool/conformance/testdata/io_entropy/main.go\",\"internal/gomadtool/conformance/testdata/io_failure/io_failure_test.go\",\"internal/gomadtool/conformance/testdata/io_fd5/main.go\",\"internal/gomadtool/conformance/testdata/io_filesystem/main.go\",\"internal/gomadtool/conformance/testdata/io_handoff_contention/main.go\",\"internal/gomadtool/conformance/testdata/io_net/main.go\",\"internal/gomadtool/conformance/testdata/io_net_races/main.go\",\"internal/gomadtool/conformance/testdata/io_ro_mount/main.go\","}
{"Time":"2026-10-08T20:26:41.933378745Z","Action":"output","Package":"go.temporal.io/server/tools/gomad3","Test":"TestHostPackageVet/darwin/arm64","Output":"\"internal/gomadtool/conformance/testdata/io_ro_mount_failure/main.go\",\"internal/gomadtool/conformance/testdata/io_signal/main.go\",\"internal/gomadtool/conformance/testdata/io_user/main.go\",\"internal/gomadtool/conformance/testdata/libc_adapter/main.go\",\"internal/gomadtool/conformance/testdata/libc_adapter/stat_darwin.go\",\"internal/gomadtool/conformance/testdata/libc_adapter/stat_linux.go\",\"internal/gomadtool/conformance/testdata/locked_syscall/main.go\",\"internal/gomadtool/conformance/testdata/maps/main.go\",\"internal/gomadtool/conformance/testdata/model_fs/main.go\",\"internal/gomadtool/conformance/testdata/model_net/main.go\",\"internal/gomadtool/conformance/testdata/net_bind/main.go\",\"internal/gomadtool/conformance/testdata/preemption/main.go\",\"internal/gomadtool/conformance/testdata/random/main.go\",\"internal/gomadtool/conformance/testdata/runner_external/consumer.go\",\"internal/gomadtool/conformance/testdata/runq_shuffle/main.go\",\"internal/gomadtool/conformance/testdata/runq_user_choice/main.go\",\"internal/gomadtoo"}
{"Time":"2026-10-08T20:26:41.933500495Z","Action":"output","Package":"go.temporal.io/server/tools/gomad3","Test":"TestHostPackageVet/darwin/arm64","Output":"l/conformance/testdata/runqueue/main.go\",\"internal/gomadtool/conformance/testdata/runtime_owned/main.go\",\"internal/gomadtool/conformance/testdata/scheduler/main.go\",\"internal/gomadtool/conformance/testdata/scheduler_min/main.go\",\"internal/gomadtool/conformance/testdata/select/main.go\",\"internal/gomadtool/conformance/testdata/select_readiness/main.go\",\"internal/gomadtool/conformance/testdata/sqlite_adapter/main.go\",\"internal/gomadtool/conformance/testdata/static_addresses/main.go\",\"internal/gomadtool/conformance/testdata/sync/main.go\",\"internal/gomadtool/conformance/testdata/timer_callback_identity/main.go\",\"internal/gomadtool/conformance/testdata/timer_creator_identity/main.go\",\"internal/gomadtool/conformance/testdata/timer_reset_identity/main.go\",\"internal/gomadtool/conformance/testdata/timer_ties/main.go\",\"internal/gomadtool/generation/boundary/boundary_discovery.go\",\"internal/gomadtool/generation/boundary/boundary_manifest.go\",\"internal/gomadtool/generation/boundary/boundary_manifest_test.go\",\"internal/gom"}
{"Time":"2026-10-08T20:26:41.933550787Z","Action":"output","Package":"go.temporal.io/server/tools/gomad3","Test":"TestHostPackageVet/darwin/arm64","Output":"adtool/generation/boundary/boundary_qualification.go\",\"internal/gomadtool/generation/boundary/projection.go\",\"internal/gomadtool/generation/protocol/protocol.go\",\"internal/gomadtool/generation/protocol/protocol_test.go\",\"internal/gomadtool/validation/script_policy.go\",\"internal/gomadtool/validation/script_policy_test.go\",\"internal/hostexec/command.go\",\"internal/hostexec/command_other.go\",\"internal/hostexec/command_unix.go\",\"internal/hostexec/command_unix_test.go\",\"internal/hostexec/output.go\",\"internal/hostexec/output_test.go\",\"internal/hostfs/linkcount_other.go\",\"internal/hostfs/linkcount_unix.go\",\"internal/hostfs/lock.go\",\"internal/hostfs/lock_other.go\",\"internal/hostfs/lock_unix.go\",\"internal/hostfs/lock_unix_test.go\",\"internal/hostfs/open.go\",\"internal/hostfs/open_nofollow_other.go\",\"internal/hostfs/open_nofollow_unix.go\",\"internal/hostfs/open_test.go\",\"internal/hostfs/open_unix_test.go\",\"internal/hostfs/read.go\",\"internal/hostfs/read_test.go\",\"internal/hostfs/replace.go\",\"internal/hostfs/replace_test.go\""}
{"Time":"2026-10-08T20:26:41.933590579Z","Action":"output","Package":"go.temporal.io/server/tools/gomad3","Test":"TestHostPackageVet/darwin/arm64","Output":",\"internal/preparation/inspection.go\",\"internal/preparation/inspection_test.go\",\"internal/preparation/preparation.go\",\"internal/preparation/preparation_test.go\",\"internal/sourceinventory/inventory.go\",\"internal/sourceinventory/inventory_test.go\",\"network_handles_ownership_test.go\",\"process_commands_ownership_test.go\",\"qualification/analysis/analysis.go\",\"qualification/analysis/analysis_test.go\",\"qualification/analysis/prepared_review.go\",\"qualification/analysis/prepared_review_test.go\",\"qualification/comparison/comparison.go\",\"qualification/comparison/comparison_test.go\",\"qualification/corpus/basic/concurrency/concurrency_test.go\",\"qualification/corpus/basic/filesystem/filesystem_test.go\",\"qualification/corpus/basic/mount/mount_test.go\",\"qualification/corpus/basic/network/network_test.go\",\"qualification/corpus/thirdparty/libc/libc_test.go\",\"qualification/corpus/thirdparty/persistence/sqlite_test.go\",\"qualification/diagnostics_test.go\",\"qualification/events.go\",\"qualification/events_test.go\",\"qualification/qua"}
{"Time":"2026-10-08T20:26:41.933609412Z","Action":"output","Package":"go.temporal.io/server/tools/gomad3","Test":"TestHostPackageVet/darwin/arm64","Output":"lification.go\",\"qualification/qualification_test.go\",\"qualification/set/execution.go\",\"qualification/set/freespace.go\",\"qualification/set/manifestgen/manifestgen.go\",\"qualification/set/manifestgen/manifestgen_test.go\",\"qualification/set/merge.go\",\"qualification/set/module.go\",\"qualification/set/prune.go\",\"qualification/set/prune_test.go\",\"qualification/set/set.go\",\"qualification/set/set_test.go\",\"qualification/set/soak.go\",\"qualification/soak/ledger.go\",\"qualification/soak/manifest.go\",\"qualification/soak/soak.go\",\"qualification/soak/soak_test.go\",\"qualification/workload/workload.go\",\"qualification/workload/workload_test.go\",\"record/identity.go\",\"record/record.go\",\"record/record_test.go\",\"record/types.go\",\"record/uint64_string.go\",\"record/uint64_string_test.go\",\"record/validation.go\",\"record/validation_timestamp_test.go\",\"record/world_terminal_identity_test.go\",\"runner/campaign.go\",\"runner/campaign_merge.go\",\"runner/campaign_options.go\",\"runner/campaign_options_characterization_test.go\",\"runner/campaign_optio"}
{"Time":"2026-10-08T20:26:41.93363387Z","Action":"output","Package":"go.temporal.io/server/tools/gomad3","Test":"TestHostPackageVet/darwin/arm64","Output":"ns_cli_test.go\",\"runner/campaign_options_legacy_characterization_test.go\",\"runner/campaign_options_test.go\",\"runner/campaign_plan.go\",\"runner/campaign_shard.go\",\"runner/campaign_shard_execution.go\",\"runner/campaign_shard_test.go\",\"runner/campaign_test.go\",\"runner/choice_exploration_campaign.go\",\"runner/choice_exploration_divergence_test.go\",\"runner/choice_exploration_divergence_unix_test.go\",\"runner/clock_tick_test.go\",\"runner/completion.go\",\"runner/completion_characterization_test.go\",\"runner/completion_test.go\",\"runner/coordinator.go\",\"runner/coordinator_process_other.go\",\"runner/coordinator_process_unix.go\",\"runner/coordinator_process_unix_test.go\",\"runner/coordinator_test.go\",\"runner/coordinator_transport_test.go\",\"runner/coverage.go\",\"runner/coverage_replay_test.go\",\"runner/coverage_watchdog_test.go\",\"runner/deterministicio.go\",\"runner/diagnostic_identity_test.go\",\"runner/diagnostics.go\",\"runner/diagnostics_test.go\",\"runner/environment_integration_test.go\",\"runner/errors.go\",\"runner/errors_test.go\",\"runn"}
{"Time":"2026-10-08T20:26:41.933660412Z","Action":"output","Package":"go.temporal.io/server/tools/gomad3","Test":"TestHostPackageVet/darwin/arm64","Output":"er/evidence.go\",\"runner/executor_injection_characterization_test.go\",\"runner/exploration_round.go\",\"runner/exploration_round_test.go\",\"runner/guidance.go\",\"runner/guidance_identity_test.go\",\"runner/guided_selection_test.go\",\"runner/inspect.go\",\"runner/inspect_capacity.go\",\"runner/inspect_projection_test.go\",\"runner/inspect_test.go\",\"runner/internal/campaign/artifact_capacity.go\",\"runner/internal/campaign/artifact_helper_test.go\",\"runner/internal/campaign/campaign_journal.go\",\"runner/internal/campaign/campaign_journal_test.go\",\"runner/internal/campaign/choice_exploration_divergence_test.go\",\"runner/internal/campaign/choice_exploration_journal.go\",\"runner/internal/campaign/choice_exploration_journal_test.go\",\"runner/internal/campaign/choice_exploration_start_test.go\",\"runner/internal/campaign/controller.go\",\"runner/internal/campaign/controller_completion_test.go\",\"runner/internal/campaign/controller_test.go\",\"runner/internal/campaign/errors.go\",\"runner/internal/campaign/files.go\",\"runner/internal/campaign/files"}
{"Time":"2026-10-08T20:26:41.933690745Z","Action":"output","Package":"go.temporal.io/server/tools/gomad3","Test":"TestHostPackageVet/darwin/arm64","Output":"ystem.go\",\"runner/internal/campaign/filesystem_fault_test.go\",\"runner/internal/campaign/lifecycle.go\",\"runner/internal/campaign/lifecycle_test.go\",\"runner/internal/campaign/merge.go\",\"runner/internal/campaign/merge_capacity_test.go\",\"runner/internal/campaign/open_campaign.go\",\"runner/internal/campaign/recovery.go\",\"runner/internal/campaign/resume_journal.go\",\"runner/internal/campaign/resume_lock.go\",\"runner/internal/campaign/resume_plan.go\",\"runner/internal/campaign/retained_evidence.go\",\"runner/internal/campaign/retained_evidence_test.go\",\"runner/internal/campaign/segmented_journal.go\",\"runner/internal/campaign/segmented_journal_test.go\",\"runner/internal/campaign/simulation_exploration_journal.go\",\"runner/internal/campaign/simulation_exploration_journal_test.go\",\"runner/internal/corpus/admission.go\",\"runner/internal/corpus/corpus.go\",\"runner/internal/corpus/corpus_test.go\",\"runner/internal/corpus/features.go\",\"runner/internal/corpus/guide_test.go\",\"runner/internal/corpus/lock.go\",\"runner/internal/corpus/mode"}
{"Time":"2026-10-08T20:26:41.933724412Z","Action":"output","Package":"go.temporal.io/server/tools/gomad3","Test":"TestHostPackageVet/darwin/arm64","Output":"l.go\",\"runner/internal/execution/bootstrap_other.go\",\"runner/internal/execution/bootstrap_unix.go\",\"runner/internal/execution/choicetrace.go\",\"runner/internal/execution/choicetrace_test.go\",\"runner/internal/execution/descriptor_dup_linux.go\",\"runner/internal/execution/descriptor_dup_linux_test.go\",\"runner/internal/execution/descriptor_dup_other_unix.go\",\"runner/internal/execution/diagnostics_toolchain_test.go\",\"runner/internal/execution/draw_check_toolchain_test.go\",\"runner/internal/execution/io_boundary_toolchain_test.go\",\"runner/internal/execution/io_entropy_toolchain_test.go\",\"runner/internal/execution/io_filesystem_toolchain_test.go\",\"runner/internal/execution/io_handoff_toolchain_test.go\",\"runner/internal/execution/io_libc_toolchain_test.go\",\"runner/internal/execution/io_net_bind_toolchain_test.go\",\"runner/internal/execution/io_network_toolchain_test.go\",\"runner/internal/execution/io_sandbox_toolchain_test.go\",\"runner/internal/execution/io_sqlite_toolchain_test.go\",\"runner/internal/execution/io_test_help"}
{"Time":"2026-10-08T20:26:41.933754579Z","Action":"output","Package":"go.temporal.io/server/tools/gomad3","Test":"TestHostPackageVet/darwin/arm64","Output":"ers_test.go\",\"runner/internal/execution/launch_plan_unix.go\",\"runner/internal/execution/model_conformance_compare_test.go\",\"runner/internal/execution/model_conformance_test.go\",\"runner/internal/execution/outcome.go\",\"runner/internal/execution/outcome_test.go\",\"runner/internal/execution/process.go\",\"runner/internal/execution/process_test.go\",\"runner/internal/execution/process_unix.go\",\"runner/internal/execution/process_unix_test.go\",\"runner/internal/execution/process_unsupported.go\",\"runner/internal/execution/simulation.go\",\"runner/internal/execution/simulation_model.go\",\"runner/internal/execution/simulation_model_wire_generated.go\",\"runner/internal/execution/simulation_progress.go\",\"runner/internal/execution/simulation_progress_fixture_test.go\",\"runner/internal/execution/simulation_progress_lifecycle_test.go\",\"runner/internal/execution/simulation_progress_test.go\",\"runner/internal/execution/simulation_root_integration_test.go\",\"runner/internal/execution/simulation_test.go\",\"runner/internal/execution/simulatio"}
{"Time":"2026-10-08T20:26:41.933838662Z","Action":"output","Package":"go.temporal.io/server/tools/gomad3","Test":"TestHostPackageVet/darwin/arm64","Output":"n_time.go\",\"runner/internal/execution/simulation_time_test.go\",\"runner/internal/execution/simulation_time_wire_generated.go\",\"runner/internal/execution/simulation_time_wire_generated_test.go\",\"runner/internal/execution/simulation_unix.go\",\"runner/internal/execution/simulation_unix_test.go\",\"runner/internal/execution/supervisor_unix.go\",\"runner/internal/execution/watchdog_io_test.go\",\"runner/internal/execution/worldrecord.go\",\"runner/internal/execution/worldrecord_test.go\",\"runner/internal/exploration/choice/engine.go\",\"runner/internal/exploration/choice/engine_divergence_test.go\",\"runner/internal/exploration/choice/engine_test.go\",\"runner/internal/exploration/choice/select_readiness.go\",\"runner/internal/exploration/engine.go\",\"runner/internal/exploration/engine_test.go\",\"runner/internal/exploration/simulation/frontier.go\",\"runner/internal/exploration/simulation/frontier_test.go\",\"runner/internal/exploration/simulationrecord/record.go\",\"runner/internal/exploration/simulationrecord/record_test.go\",\"runner/inter"}
{"Time":"2026-10-08T20:26:41.933854745Z","Action":"output","Package":"go.temporal.io/server/tools/gomad3","Test":"TestHostPackageVet/darwin/arm64","Output":"nal/exploration/simulationrecord/wire.go\",\"runner/internal/exploration/simulationrecord/wire_test.go\",\"runner/internal/minimizer/minimizer.go\",\"runner/internal/minimizer/minimizer_test.go\",\"runner/internal/minimizer/workspace.go\",\"runner/internal/minimizer/workspace_unix_test.go\",\"runner/minimize_operation.go\",\"runner/minimize_operation_test.go\",\"runner/portable_plan.go\",\"runner/portable_plan_mounts.go\",\"runner/portable_plan_test.go\",\"runner/preparation_equivalence_legacy_test.go\",\"runner/preparation_owner_test.go\",\"runner/private.go\",\"runner/recovery.go\",\"runner/replay_io_integration_test.go\",\"runner/replay_operation.go\",\"runner/replay_operation_test.go\",\"runner/resume.go\",\"runner/retention.go\",\"runner/retention_characterization_test.go\",\"runner/retention_test.go\",\"runner/runner.go\",\"runner/runner_mode_unix_test.go\",\"runner/runner_test.go\",\"runner/seed_completion_characterization_test.go\",\"runner/seeds.go\",\"runner/seeds_test.go\",\"runner/simulation_exploration_campaign.go\",\"runner/simulation_exploration_plan_"}
{"Time":"2026-10-08T20:26:41.933892787Z","Action":"output","Package":"go.temporal.io/server/tools/gomad3","Test":"TestHostPackageVet/darwin/arm64","Output":"test.go\",\"runner/watchdog_replay_test.go\",\"runner_consumer_test.go\",\"simulation_gate_selection_test.go\",\"target/adapter_source_set.go\",\"target/adapter_source_set_test.go\",\"target/capability.go\",\"target/capability_capacity.go\",\"target/capability_collection.go\",\"target/capability_evaluation.go\",\"target/capability_golden_test.go\",\"target/capability_linked.go\",\"target/capability_projection_test.go\",\"target/capability_review_test.go\",\"target/capability_test.go\",\"target/cleanup_test.go\",\"target/coverage_test.go\",\"target/go_command_test.go\",\"target/installation_test.go\",\"target/internal/build/context.go\",\"target/internal/build/context_test.go\",\"target/internal/build/trim.go\",\"target/internal/build/trim_test.go\",\"target/internal/capabilitypolicy/policy.go\",\"target/internal/capabilitypolicy/policy_test.go\",\"target/internal/capabilitypolicy/simulation_bridge.go\",\"target/internal/capabilityreview/list.go\",\"target/internal/capabilityreview/list_test.go\",\"target/internal/gocommand/command.go\",\"target/internal/gocommand/co"}
{"Time":"2026-10-08T20:26:41.933910579Z","Action":"output","Package":"go.temporal.io/server/tools/gomad3","Test":"TestHostPackageVet/darwin/arm64","Output":"mmand_test.go\",\"target/internal/livecap/extract.go\",\"target/internal/livecap/livecap.go\",\"target/internal/livecap/livecap_test.go\",\"target/internal/livecap/project.go\",\"target/internal/livecap/project_test.go\",\"target/internal/livecap/protocol_generated.go\",\"target/internal/livecap/toolchain_test.go\",\"target/internal/provenance/store.go\",\"target/internal/provenance/store_test.go\",\"target/module_directory.go\",\"target/module_directory_test.go\",\"target/prepared_cache.go\",\"target/prepared_cache_digest_test.go\",\"target/prepared_cache_test.go\",\"target/target.go\",\"target/target_test.go\",\"testdata/runnerconsumer/consumer.go\",\"toolchain/build.go\",\"toolchain/build_test.go\",\"toolchain/buildkey.go\",\"toolchain/buildkey_test.go\",\"toolchain/clock_inventory_test.go\",\"toolchain/draw_inventory_test.go\",\"toolchain/goroutine_inventory_test.go\",\"toolchain/installation.go\",\"toolchain/installation/installation.go\",\"toolchain/installation/installation_test.go\",\"toolchain/installation_test.go\",\"toolchain/lock.go\",\"toolchain/patch.go\""}
{"Time":"2026-10-08T20:26:41.933939204Z","Action":"output","Package":"go.temporal.io/server/tools/gomad3","Test":"TestHostPackageVet/darwin/arm64","Output":",\"toolchain/patch_cleanup_test.go\",\"toolchain/patch_regenerate.go\",\"toolchain/patch_test.go\",\"toolchain/runtime/overlay/src/cmd/compile/internal/base/gomadcap.go\",\"toolchain/runtime/overlay/src/cmd/compile/internal/base/gomadguard.go\",\"toolchain/runtime/overlay/src/cmd/compile/internal/gomadguard/guard.go\",\"toolchain/runtime/overlay/src/cmd/compile/internal/gomadintercept/intercept.go\",\"toolchain/runtime/overlay/src/cmd/compile/internal/gomadintercept/simulation_specs.go\",\"toolchain/runtime/overlay/src/cmd/compile/internal/gomadintercept/spec_go127.go\",\"toolchain/runtime/overlay/src/cmd/internal/gomadcap/encode.go\",\"toolchain/runtime/overlay/src/cmd/internal/gomadcap/encode_test.go\",\"toolchain/runtime/overlay/src/cmd/internal/gomadcap/protocol_generated.go\",\"toolchain/runtime/overlay/src/cmd/link/internal/ld/gomadcap.go\",\"toolchain/runtime/overlay/src/crypto/rand/gomad.go\",\"toolchain/runtime/overlay/src/internal/gomadchoicewire/diagnostic_runtime_test.go\",\"toolchain/runtime/overlay/src/internal/gomadchoicewir"}
{"Time":"2026-10-08T20:26:41.933974704Z","Action":"output","Package":"go.temporal.io/server/tools/gomad3","Test":"TestHostPackageVet/darwin/arm64","Output":"e/hash.go\",\"toolchain/runtime/overlay/src/internal/gomadchoicewire/hash_test.go\",\"toolchain/runtime/overlay/src/internal/gomadchoicewire/wire_generated.go\",\"toolchain/runtime/overlay/src/internal/gomadchoicewire/wire_generated_test.go\",\"toolchain/runtime/overlay/src/internal/gomadfs/export_test.go\",\"toolchain/runtime/overlay/src/internal/gomadfs/fs.go\",\"toolchain/runtime/overlay/src/internal/gomadfs/fs_test.go\",\"toolchain/runtime/overlay/src/internal/gomadfs/handles.go\",\"toolchain/runtime/overlay/src/internal/gomadfs/handles_test.go\",\"toolchain/runtime/overlay/src/internal/gomadfs/local_handles.go\",\"toolchain/runtime/overlay/src/internal/gomadfs/process_commands.go\",\"toolchain/runtime/overlay/src/internal/gomadfs/process_commands_export_test.go\",\"toolchain/runtime/overlay/src/internal/gomadfs/process_commands_test.go\",\"toolchain/runtime/overlay/src/internal/gomadfs/process_handles_test.go\",\"toolchain/runtime/overlay/src/internal/gomadfs/process_volume.go\",\"toolchain/runtime/overlay/src/internal/gomadfs/proces"}
{"Time":"2026-10-08T20:26:41.933994995Z","Action":"output","Package":"go.temporal.io/server/tools/gomad3","Test":"TestHostPackageVet/darwin/arm64","Output":"s_volume_host.go\",\"toolchain/runtime/overlay/src/internal/gomadfs/runtime.go\",\"toolchain/runtime/overlay/src/internal/gomadfs/simulation_volume.go\",\"toolchain/runtime/overlay/src/internal/gomadfs/simulation_volume_wire.go\",\"toolchain/runtime/overlay/src/internal/gomadfs/volume.go\",\"toolchain/runtime/overlay/src/internal/gomadio/anonymous.go\",\"toolchain/runtime/overlay/src/internal/gomadio/anonymous_test.go\",\"toolchain/runtime/overlay/src/internal/gomadio/gomadio.go\",\"toolchain/runtime/overlay/src/internal/gomadio/libc.go\",\"toolchain/runtime/overlay/src/internal/gomadio/mount/client.go\",\"toolchain/runtime/overlay/src/internal/gomadio/mount/client_test.go\",\"toolchain/runtime/overlay/src/internal/gomadio/network.go\",\"toolchain/runtime/overlay/src/internal/gomadio/network_handles_test.go\",\"toolchain/runtime/overlay/src/internal/gomadio/process_commands.go\",\"toolchain/runtime/overlay/src/internal/gomadio/process_commands_export_test.go\",\"toolchain/runtime/overlay/src/internal/gomadio/process_commands_test.go\",\"too"}
{"Time":"2026-10-08T20:26:41.934018037Z","Action":"output","Package":"go.temporal.io/server/tools/gomad3","Test":"TestHostPackageVet/darwin/arm64","Output":"lchain/runtime/overlay/src/internal/gomadio/process_network.go\",\"toolchain/runtime/overlay/src/internal/gomadio/simulation_handles.go\",\"toolchain/runtime/overlay/src/internal/gomadio/simulation_network.go\",\"toolchain/runtime/overlay/src/internal/gomadio/simulation_wire.go\",\"toolchain/runtime/overlay/src/internal/gomadio/transcript.go\",\"toolchain/runtime/overlay/src/internal/gomadmodelwire/wire_generated.go\",\"toolchain/runtime/overlay/src/internal/gomadmodelwire/wire_generated_test.go\",\"toolchain/runtime/overlay/src/internal/gomadsim/export_test.go\",\"toolchain/runtime/overlay/src/internal/gomadsim/model_transport_generated.go\",\"toolchain/runtime/overlay/src/internal/gomadsim/process.go\",\"toolchain/runtime/overlay/src/internal/gomadsim/process_model.go\",\"toolchain/runtime/overlay/src/internal/gomadsim/process_model_test.go\",\"toolchain/runtime/overlay/src/internal/gomadsim/process_time_test.go\",\"toolchain/runtime/overlay/src/internal/gomadsim/simulation.go\",\"toolchain/runtime/overlay/src/internal/gomadsim/simula"}
{"Time":"2026-10-08T20:26:41.934036412Z","Action":"output","Package":"go.temporal.io/server/tools/gomad3","Test":"TestHostPackageVet/darwin/arm64","Output":"tion_test.go\",\"toolchain/runtime/overlay/src/internal/gomadtrace/trace.go\",\"toolchain/runtime/overlay/src/internal/gomadwire/wire_generated.go\",\"toolchain/runtime/overlay/src/internal/gomadwire/wire_generated_test.go\",\"toolchain/runtime/overlay/src/net/gomad.go\",\"toolchain/runtime/overlay/src/net/gomad_unsupported_generated.go\",\"toolchain/runtime/overlay/src/os/gomad.go\",\"toolchain/runtime/overlay/src/os/gomad_model_conformance_test.go\",\"toolchain/runtime/overlay/src/os/gomad_simulation_test.go\",\"toolchain/runtime/overlay/src/os/signal/gomad.go\",\"toolchain/runtime/overlay/src/os/user/gomad.go\",\"toolchain/runtime/overlay/src/runtime/gomad.go\",\"toolchain/runtime/overlay/src/runtime/gomad_aslr_darwin.go\",\"toolchain/runtime/overlay/src/runtime/gomad_aslr_other.go\",\"toolchain/runtime/overlay/src/runtime/gomad_choicewire_generated.go\",\"toolchain/runtime/overlay/src/runtime/gomad_iowire_generated.go\",\"toolchain/runtime/overlay/src/runtime/gomad_timewire_export_generated_test.go\",\"toolchain/runtime/overlay/src/runtim"}
{"Time":"2026-10-08T20:26:41.934052995Z","Action":"output","Package":"go.temporal.io/server/tools/gomad3","Test":"TestHostPackageVet/darwin/arm64","Output":"e/gomad_timewire_generated.go\",\"toolchain/runtime/overlay/src/runtime/gomad_timewire_generated_test.go\",\"toolchain/runtime/overlay/src/syscall/gomad_env_unix.go\",\"toolchain/runtime/overlay/src/syscall/gomad_unix.go\",\"toolchain/source.go\",\"toolchain/source_cleanup_test.go\",\"toolchain/source_test.go\",\"toolchain/version/descriptor.go\",\"toolchain/version/descriptor_test.go\",\"toolchain/version/generated.go\",\"upgrade/adapterregen/adapterregen.go\",\"upgrade/adapterregen/adapterregen_test.go\",\"upgrade/adapterregen/checkout_revalidation_test.go\",\"upgrade/adapterregen/default_pipeline_test.go\",\"upgrade/adapterregen/diff.go\",\"upgrade/adapterregen/lock_release_test.go\",\"upgrade/adapterregen/publication_cleanup_test.go\",\"upgrade/adapterregen/render.go\",\"upgrade/adapterregen/transaction.go\",\"upgrade/maintenance_compat.go\",\"upgrade/pinimpact/modules.go\",\"upgrade/pinimpact/pack_sums_test.go\",\"upgrade/pinimpact/packs_directory_test.go\",\"upgrade/pinimpact/pinimpact.go\",\"upgrade/pinimpact/pinimpact_test.go\",\"upgrade/pinimpact/po"}
{"Time":"2026-10-08T20:26:41.93406912Z","Action":"output","Package":"go.temporal.io/server/tools/gomad3","Test":"TestHostPackageVet/darwin/arm64","Output":"rtable_fixtures_test.go\",\"upgrade/pinimpact/render.go\",\"upgrade/pinimpact/resolver_test.go\",\"upgrade/pinimpact/rule_sums_test.go\",\"upgrade/pinimpact/toolchain.go\",\"upgrade/upgrade.go\",\"upgrade/upgrade_io_test.go\",\"upgrade/upgrade_test.go\",\"upgrade/upgrade_unix_test.go\",\"world/benchmark_test.go\",\"world/capacity_test.go\",\"world/choice.go\",\"world/codec.go\",\"world/codec_test.go\",\"world/concurrency_test.go\",\"world/doc.go\",\"world/errors.go\",\"world/mailbox/mailbox.go\",\"world/mailbox/mailbox_test.go\",\"world/process/config.go\",\"world/process/config_test.go\",\"world/process/session.go\",\"world/process/session_terminal_test.go\",\"world/queue.go\",\"world/recording.go\",\"world/recording_terminal_test.go\",\"world/recording_test.go\",\"world/replay.go\",\"world/replay_test.go\",\"world/snapshot.go\",\"world/snapshot_test.go\",\"world/types.go\",\"world/world.go\",\"world/world_test.go\"],\"Modules\":[\"deterministicio/testdata/cactusstatsd/go.mod\",\"deterministicio/testdata/hashicorpmetrics/go.mod\",\"deterministicio/testdata/memberlist/go.mod\",\"dete"}
{"Time":"2026-10-08T20:26:41.934086204Z","Action":"output","Package":"go.temporal.io/server/tools/gomad3","Test":"TestHostPackageVet/darwin/arm64","Output":"rministicio/testdata/pebble/go.mod\",\"deterministicio/testdata/sentry/go.mod\",\"deterministicio/testdata/sockaddr/go.mod\",\"deterministicio/testdata/sprig/go.mod\",\"deterministicio/testdata/validator/go.mod\",\"internal/compatibilitypack/testdata/v041/go.mod\",\"internal/compatibilitypack/testdata/xsys/go.mod\",\"internal/gomadtool/conformance/testdata/go.mod\",\"internal/gomadtool/conformance/testdata/libc_adapter/go.mod\",\"internal/gomadtool/conformance/testdata/sqlite_adapter/go.mod\",\"qualification/corpus/go.mod\"]}\n"}
{"Time":"2026-10-08T20:26:43.769579579Z","Action":"output","Package":"go.temporal.io/server/tools/gomad3","Test":"TestHostPackageVet/darwin/arm64","Output":"    architecture_test.go:282: vetted 55 complete host packages\n"}
{"Time":"2026-10-08T20:26:43.769748121Z","Action":"output","Package":"go.temporal.io/server/tools/gomad3","Test":"TestHostPackageVet/darwin/arm64","Output":"--- PASS: TestHostPackageVet/darwin/arm64 (2.67s)\n","OutputType":"frame"}
{"Time":"2026-10-08T20:26:43.769799954Z","Action":"pass","Package":"go.temporal.io/server/tools/gomad3","Test":"TestHostPackageVet/darwin/arm64","Elapsed":2.67}
{"Time":"2026-10-08T20:26:43.770252329Z","Action":"run","Package":"go.temporal.io/server/tools/gomad3","Test":"TestHostPackageVet/linux/amd64"}
{"Time":"2026-10-08T20:26:43.770279871Z","Action":"output","Package":"go.temporal.io/server/tools/gomad3","Test":"TestHostPackageVet/linux/amd64","Output":"=== RUN   TestHostPackageVet/linux/amd64\n","OutputType":"frame"}
{"Time":"2026-10-08T20:26:44.446800746Z","Action":"output","Package":"go.temporal.io/server/tools/gomad3","Test":"TestHostPackageVet/linux/amd64","Output":"    architecture_test.go:275: validated source inventory: {\"Packages\":[{\"ImportPath\":\"go.temporal.io/server/tools/gomad3\",\"Dir\":\"/Users/stephan/Workspace/skunkworks/gomad/temporal/tools/gomad3\",\"Imports\":null,\"ImportMap\":null,\"GoFiles\":null,\"CgoFiles\":null,\"CompiledGoFiles\":null,\"IgnoredGoFiles\":null,\"TestGoFiles\":null,\"XTestGoFiles\":[\"architecture_test.go\",\"filesystem_handles_ownership_test.go\",\"network_handles_ownership_test.go\",\"process_commands_ownership_test.go\",\"runner_consumer_test.go\",\"simulation_gate_selection_test.go\"],\"Standard\":false,\"Error\":null,\"DepsErrors\":null},{\"ImportPath\":\"go.temporal.io/server/tools/gomad3/artifact\",\"Dir\":\"/Users/stephan/Workspace/skunkworks/gomad/temporal/tools/gomad3/artifact\",\"Imports\":[\"bytes\",\"context\",\"crypto/sha256\",\"encoding/hex\",\"errors\",\"fmt\",\"go.temporal.io/server/tools/gomad3/choice\",\"go.temporal.io/server/tools/gomad3/deterministicio/readonlymount\",\"go.temporal.io/server/tools/gomad3/internal/hostfs\",\"go.temporal.io/server/tools/gomad3/record\",\"go.temporal.io/"}
{"Time":"2026-10-08T20:26:44.446964996Z","Action":"output","Package":"go.temporal.io/server/tools/gomad3","Test":"TestHostPackageVet/linux/amd64","Output":"server/tools/gomad3/target\",\"hash\",\"io\",\"os\",\"path\",\"path/filepath\",\"reflect\",\"slices\",\"sort\",\"strings\",\"syscall\",\"unsafe\"],\"ImportMap\":null,\"GoFiles\":[\"link_count_unix.go\",\"manifest_copy.go\",\"open.go\",\"publication.go\",\"rename_noreplace.go\",\"rename_noreplace_linux.go\",\"rename_sysnum_linux_amd64.go\",\"retained_bytes.go\",\"store.go\",\"target_pool.go\"],\"CgoFiles\":null,\"CompiledGoFiles\":null,\"IgnoredGoFiles\":[\"link_count_other.go\",\"rename_noreplace_darwin.go\",\"rename_noreplace_linux_other.go\",\"rename_noreplace_other.go\",\"rename_noreplace_windows.go\",\"rename_sysnum_linux_arm64.go\"],\"TestGoFiles\":[\"opened_test.go\",\"publication_test.go\",\"retained_bytes_test.go\",\"store_mode_unix_test.go\",\"store_test.go\",\"target_pool_test.go\",\"target_pool_unix_test.go\"],\"XTestGoFiles\":null,\"Standard\":false,\"Error\":null,\"DepsErrors\":null},{\"ImportPath\":\"go.temporal.io/server/tools/gomad3/choice\",\"Dir\":\"/Users/stephan/Workspace/skunkworks/gomad/temporal/tools/gomad3/choice\",\"Imports\":[\"bytes\",\"crypto/sha256\",\"encoding/binary\",\"encoding/hex"}
{"Time":"2026-10-08T20:26:44.447003955Z","Action":"output","Package":"go.temporal.io/server/tools/gomad3","Test":"TestHostPackageVet/linux/amd64","Output":"\",\"errors\",\"fmt\",\"go.temporal.io/server/tools/gomad3/choice/internal/wire\",\"io\",\"os\",\"slices\",\"sort\"],\"ImportMap\":null,\"GoFiles\":[\"diagnostic.go\",\"divergence.go\",\"legacy_v1.go\",\"no_op_select.go\",\"session.go\",\"tape.go\",\"trace.go\",\"wire.go\"],\"CgoFiles\":null,\"CompiledGoFiles\":null,\"IgnoredGoFiles\":null,\"TestGoFiles\":[\"diagnostic_test.go\",\"legacy_v1_test.go\",\"readiness_test.go\",\"session_test.go\",\"tape_test.go\",\"trace_test.go\"],\"XTestGoFiles\":null,\"Standard\":false,\"Error\":null,\"DepsErrors\":null},{\"ImportPath\":\"go.temporal.io/server/tools/gomad3/choice/internal/wire\",\"Dir\":\"/Users/stephan/Workspace/skunkworks/gomad/temporal/tools/gomad3/choice/internal/wire\",\"Imports\":[\"bytes\",\"encoding/binary\",\"errors\"],\"ImportMap\":null,\"GoFiles\":[\"wire_generated.go\"],\"CgoFiles\":null,\"CompiledGoFiles\":null,\"IgnoredGoFiles\":null,\"TestGoFiles\":[\"wire_generated_test.go\"],\"XTestGoFiles\":null,\"Standard\":false,\"Error\":null,\"DepsErrors\":null},{\"ImportPath\":\"go.temporal.io/server/tools/gomad3/cmd/gomad\",\"Dir\":\"/Users/stephan/Workspace/sku"}
{"Time":"2026-10-08T20:26:44.447054621Z","Action":"output","Package":"go.temporal.io/server/tools/gomad3","Test":"TestHostPackageVet/linux/amd64","Output":"nkworks/gomad/temporal/tools/gomad3/cmd/gomad\",\"Imports\":[\"go.temporal.io/server/tools/gomad3/cmd/gomad/internal/cli\",\"os\"],\"ImportMap\":null,\"GoFiles\":[\"main.go\"],\"CgoFiles\":null,\"CompiledGoFiles\":null,\"IgnoredGoFiles\":null,\"TestGoFiles\":[\"e2e_test.go\",\"retained_success_e2e_test.go\",\"watchdog_e2e_test.go\",\"watchdog_replay_e2e_test.go\"],\"XTestGoFiles\":null,\"Standard\":false,\"Error\":null,\"DepsErrors\":null},{\"ImportPath\":\"go.temporal.io/server/tools/gomad3/cmd/gomad/internal/cli\",\"Dir\":\"/Users/stephan/Workspace/skunkworks/gomad/temporal/tools/gomad3/cmd/gomad/internal/cli\",\"Imports\":[\"context\",\"crypto/sha256\",\"encoding/json\",\"errors\",\"flag\",\"fmt\",\"go.temporal.io/server/tools/gomad3/deterministicio\",\"go.temporal.io/server/tools/gomad3/internal/canonicaljson\",\"go.temporal.io/server/tools/gomad3/internal/preparation\",\"go.temporal.io/server/tools/gomad3/qualification\",\"go.temporal.io/server/tools/gomad3/qualification/analysis\",\"go.temporal.io/server/tools/gomad3/qualification/comparison\",\"go.temporal.io/server/tools/"}
{"Time":"2026-10-08T20:26:44.447089121Z","Action":"output","Package":"go.temporal.io/server/tools/gomad3","Test":"TestHostPackageVet/linux/amd64","Output":"gomad3/qualification/set\",\"go.temporal.io/server/tools/gomad3/qualification/workload\",\"go.temporal.io/server/tools/gomad3/record\",\"go.temporal.io/server/tools/gomad3/runner\",\"go.temporal.io/server/tools/gomad3/target\",\"go.temporal.io/server/tools/gomad3/toolchain\",\"go.temporal.io/server/tools/gomad3/toolchain/version\",\"io\",\"os\",\"path/filepath\",\"runtime\",\"strconv\",\"strings\",\"sync\",\"time\"],\"ImportMap\":null,\"GoFiles\":[\"analyze.go\",\"application.go\",\"campaign_shards.go\",\"cli.go\",\"compare_support.go\",\"doctor.go\",\"explore_output.go\",\"qualify.go\",\"qualify_set.go\",\"quote.go\",\"recover.go\",\"resume.go\",\"working_directory.go\"],\"CgoFiles\":null,\"CompiledGoFiles\":null,\"IgnoredGoFiles\":null,\"TestGoFiles\":[\"application_characterization_test.go\",\"application_test.go\",\"campaign_semantics_ownership_test.go\",\"campaign_shards_test.go\",\"characterization_support_test.go\",\"characterization_test.go\",\"cli_test.go\",\"diagnostics_test.go\",\"doctor_test.go\",\"exploration_divergence_test.go\",\"explore_failure_writer_test.go\",\"guidance_test.go\","}
{"Time":"2026-10-08T20:26:44.447133705Z","Action":"output","Package":"go.temporal.io/server/tools/gomad3","Test":"TestHostPackageVet/linux/amd64","Output":"\"inspect_target_sharing_test.go\",\"plan_characterization_test.go\",\"quote_test.go\",\"working_directory_test.go\"],\"XTestGoFiles\":null,\"Standard\":false,\"Error\":null,\"DepsErrors\":null},{\"ImportPath\":\"go.temporal.io/server/tools/gomad3/cmd/gomadtool\",\"Dir\":\"/Users/stephan/Workspace/skunkworks/gomad/temporal/tools/gomad3/cmd/gomadtool\",\"Imports\":[\"bytes\",\"context\",\"crypto/sha256\",\"encoding/json\",\"errors\",\"flag\",\"fmt\",\"go.temporal.io/server/tools/gomad3/choice\",\"go.temporal.io/server/tools/gomad3/internal/compatibilitypack/authoring\",\"go.temporal.io/server/tools/gomad3/internal/gomadtool/conformance\",\"go.temporal.io/server/tools/gomad3/internal/gomadtool/generation/boundary\",\"go.temporal.io/server/tools/gomad3/internal/gomadtool/generation/protocol\",\"go.temporal.io/server/tools/gomad3/internal/gomadtool/validation\",\"go.temporal.io/server/tools/gomad3/internal/hostexec\",\"go.temporal.io/server/tools/gomad3/internal/hostfs\",\"go.temporal.io/server/tools/gomad3/qualification/analysis\",\"go.temporal.io/server/tools/gomad3/qu"}
{"Time":"2026-10-08T20:26:44.447153413Z","Action":"output","Package":"go.temporal.io/server/tools/gomad3","Test":"TestHostPackageVet/linux/amd64","Output":"alification/set/manifestgen\",\"go.temporal.io/server/tools/gomad3/qualification/soak\",\"go.temporal.io/server/tools/gomad3/toolchain\",\"go.temporal.io/server/tools/gomad3/toolchain/version\",\"go.temporal.io/server/tools/gomad3/upgrade\",\"go.temporal.io/server/tools/gomad3/upgrade/adapterregen\",\"go.temporal.io/server/tools/gomad3/upgrade/pinimpact\",\"io\",\"os\",\"os/exec\",\"path/filepath\",\"runtime\",\"slices\",\"sort\",\"strconv\",\"strings\",\"time\"],\"ImportMap\":null,\"GoFiles\":[\"adapter_regenerate.go\",\"boundary.go\",\"compatibility_pack.go\",\"compatibility_pack_refresh.go\",\"diagnostic.go\",\"main.go\",\"pin_impact.go\",\"protocol.go\",\"qualification_manifest.go\",\"soak.go\",\"upgrade.go\",\"version.go\"],\"CgoFiles\":null,\"CompiledGoFiles\":null,\"IgnoredGoFiles\":null,\"TestGoFiles\":[\"adapter_regenerate_diagnostics_test.go\",\"adapter_regenerate_test.go\",\"compatibility_pack_refresh_diagnostics_test.go\",\"compatibility_pack_refresh_output_test.go\",\"compatibility_pack_refresh_resolved_test.go\",\"compatibility_pack_refresh_test.go\",\"compatibility_root_test"}
{"Time":"2026-10-08T20:26:44.447182205Z","Action":"output","Package":"go.temporal.io/server/tools/gomad3","Test":"TestHostPackageVet/linux/amd64","Output":".go\",\"diagnostic_test.go\",\"main_test.go\",\"maintainer_output_patch_test.go\",\"maintainer_output_test.go\",\"pin_impact_diagnostics_test.go\",\"pin_impact_test.go\",\"soak_test.go\",\"upgrade_test.go\"],\"XTestGoFiles\":null,\"Standard\":false,\"Error\":null,\"DepsErrors\":null},{\"ImportPath\":\"go.temporal.io/server/tools/gomad3/deterministicio\",\"Dir\":\"/Users/stephan/Workspace/skunkworks/gomad/temporal/tools/gomad3/deterministicio\",\"Imports\":[\"bytes\",\"context\",\"crypto/sha256\",\"embed\",\"encoding/binary\",\"encoding/hex\",\"encoding/json\",\"errors\",\"fmt\",\"go.temporal.io/server/tools/gomad3/deterministicio/internal/wire\",\"go.temporal.io/server/tools/gomad3/internal/canonicaljson\",\"go.temporal.io/server/tools/gomad3/internal/hostfs\",\"go.temporal.io/server/tools/gomad3/internal/sourceinventory\",\"go.temporal.io/server/tools/gomad3/record\",\"go.temporal.io/server/tools/gomad3/target\",\"go.temporal.io/server/tools/gomad3/toolchain/installation\",\"go.temporal.io/server/tools/gomad3/toolchain/version\",\"go/ast\",\"go/format\",\"go/parser\",\"go/token\",\"go"}
{"Time":"2026-10-08T20:26:44.44722333Z","Action":"output","Package":"go.temporal.io/server/tools/gomad3","Test":"TestHostPackageVet/linux/amd64","Output":"lang.org/x/mod/modfile\",\"io\",\"io/fs\",\"os\",\"path\",\"path/filepath\",\"runtime\",\"slices\",\"sort\",\"strconv\",\"strings\",\"unicode/utf8\"],\"ImportMap\":null,\"GoFiles\":[\"adapter_copy.go\",\"adapter_regenerate.go\",\"adapter_regenerate_source.go\",\"adapter_registry.go\",\"adapter_rewrite.go\",\"bootstrap.go\",\"boundary_generated.go\",\"cactusstatsd_adapter.go\",\"domain.go\",\"fx_adapter.go\",\"grpc_adapter.go\",\"hashicorpmetrics_adapter.go\",\"libc_adapter.go\",\"libc_regenerate.go\",\"memberlist_adapter.go\",\"memory_adapter.go\",\"otelsdk_adapter.go\",\"pebble_adapter.go\",\"profile.go\",\"requirements.go\",\"semantic_coverage.go\",\"sentry_adapter.go\",\"session.go\",\"sockaddr_adapter.go\",\"sprig_adapter.go\",\"temporalsdk_adapter.go\",\"transcript.go\",\"validator_adapter.go\",\"xnet_adapter.go\"],\"CgoFiles\":null,\"CompiledGoFiles\":null,\"IgnoredGoFiles\":null,\"TestGoFiles\":[\"adapter_cache_cleanup_test.go\",\"adapter_configuration_portable_test.go\",\"adapter_consumers_portable_test.go\",\"adapter_copy_test.go\",\"adapter_graph_portable_test.go\",\"adapter_pin_decisions_test.go\",\"ad"}
{"Time":"2026-10-08T20:26:44.447311996Z","Action":"output","Package":"go.temporal.io/server/tools/gomad3","Test":"TestHostPackageVet/linux/amd64","Output":"apter_preservation_portable_test.go\",\"adapter_regenerate_portable_test.go\",\"adapter_regenerate_test.go\",\"adapter_registry_test.go\",\"adapter_rewrite_test.go\",\"adapter_verify_cleanup_test.go\",\"bootstrap_toolchain_test.go\",\"downstream_adapter_registry_test.go\",\"grpc_adapter_test.go\",\"grpc_dns_test.go\",\"hashicorpmetrics_adapter_test.go\",\"host_dispatch_patch_test.go\",\"libc_adapter_test.go\",\"libc_regenerate_test.go\",\"memberlist_adapter_test.go\",\"memory_adapter_test.go\",\"metrics_consumer_portable_test.go\",\"profile_portable_test.go\",\"profile_test.go\",\"requirements_test.go\",\"semantic_coverage_test.go\",\"session_test.go\",\"sockaddr_boundary_test.go\",\"xnet_adapter_test.go\"],\"XTestGoFiles\":null,\"Standard\":false,\"Error\":null,\"DepsErrors\":null},{\"ImportPath\":\"go.temporal.io/server/tools/gomad3/deterministicio/internal/wire\",\"Dir\":\"/Users/stephan/Workspace/skunkworks/gomad/temporal/tools/gomad3/deterministicio/internal/wire\",\"Imports\":[\"bytes\",\"encoding/binary\",\"errors\",\"io\"],\"ImportMap\":null,\"GoFiles\":[\"wire_generated.go\"],\""}
{"Time":"2026-10-08T20:26:44.447335621Z","Action":"output","Package":"go.temporal.io/server/tools/gomad3","Test":"TestHostPackageVet/linux/amd64","Output":"CgoFiles\":null,\"CompiledGoFiles\":null,\"IgnoredGoFiles\":null,\"TestGoFiles\":[\"wire_generated_test.go\"],\"XTestGoFiles\":null,\"Standard\":false,\"Error\":null,\"DepsErrors\":null},{\"ImportPath\":\"go.temporal.io/server/tools/gomad3/deterministicio/readonlymount\",\"Dir\":\"/Users/stephan/Workspace/skunkworks/gomad/temporal/tools/gomad3/deterministicio/readonlymount\",\"Imports\":[\"errors\",\"fmt\",\"go.temporal.io/server/tools/gomad3/deterministicio/internal/wire\",\"go.temporal.io/server/tools/gomad3/internal/canonicaljson\",\"go.temporal.io/server/tools/gomad3/record\",\"io\",\"os\",\"path\",\"path/filepath\",\"sort\",\"strconv\",\"strings\",\"sync\",\"syscall\"],\"ImportMap\":null,\"GoFiles\":[\"capture.go\",\"config.go\",\"hardlink_unix.go\",\"inventory.go\",\"persistence.go\",\"wire.go\"],\"CgoFiles\":null,\"CompiledGoFiles\":null,\"IgnoredGoFiles\":[\"hardlink_other.go\"],\"TestGoFiles\":[\"capture_test.go\",\"config_test.go\",\"inventory_test.go\",\"persistence_test.go\",\"wire_test.go\"],\"XTestGoFiles\":null,\"Standard\":false,\"Error\":null,\"DepsErrors\":null},{\"ImportPath\":\"go.temporal"}
{"Time":"2026-10-08T20:26:44.447525663Z","Action":"output","Package":"go.temporal.io/server/tools/gomad3","Test":"TestHostPackageVet/linux/amd64","Output":".io/server/tools/gomad3/internal/canonicaljson\",\"Dir\":\"/Users/stephan/Workspace/skunkworks/gomad/temporal/tools/gomad3/internal/canonicaljson\",\"Imports\":[\"bytes\",\"encoding/json\",\"errors\",\"fmt\",\"io\",\"reflect\",\"sort\",\"strconv\",\"strings\",\"unicode/utf8\"],\"ImportMap\":null,\"GoFiles\":[\"canonical.go\"],\"CgoFiles\":null,\"CompiledGoFiles\":null,\"IgnoredGoFiles\":null,\"TestGoFiles\":[\"canonical_characterization_test.go\",\"canonical_test.go\"],\"XTestGoFiles\":null,\"Standard\":false,\"Error\":null,\"DepsErrors\":null},{\"ImportPath\":\"go.temporal.io/server/tools/gomad3/internal/compatibilitypack\",\"Dir\":\"/Users/stephan/Workspace/skunkworks/gomad/temporal/tools/gomad3/internal/compatibilitypack\",\"Imports\":[\"crypto/sha256\",\"embed\",\"encoding/base64\",\"errors\",\"fmt\",\"go.temporal.io/server/tools/gomad3/internal/canonicaljson\",\"go.temporal.io/server/tools/gomad3/record\",\"golang.org/x/mod/module\",\"os\",\"path\",\"path/filepath\",\"regexp\",\"runtime\",\"slices\",\"sort\",\"strings\",\"time\"],\"ImportMap\":null,\"GoFiles\":[\"policy.go\",\"schema.go\",\"v2_selection.go\"]"}
{"Time":"2026-10-08T20:26:44.447581038Z","Action":"output","Package":"go.temporal.io/server/tools/gomad3","Test":"TestHostPackageVet/linux/amd64","Output":",\"CgoFiles\":null,\"CompiledGoFiles\":null,\"IgnoredGoFiles\":null,\"TestGoFiles\":[\"evidence_test.go\",\"external_test.go\",\"mutation_test.go\",\"packs_generated_test.go\",\"policy_exhaustive_test.go\",\"policy_test.go\",\"schema_admission_test.go\",\"schema_timezone_test.go\"],\"XTestGoFiles\":[\"profile_binding_test.go\"],\"Standard\":false,\"Error\":null,\"DepsErrors\":null},{\"ImportPath\":\"go.temporal.io/server/tools/gomad3/internal/compatibilitypack/authoring\",\"Dir\":\"/Users/stephan/Workspace/skunkworks/gomad/temporal/tools/gomad3/internal/compatibilitypack/authoring\",\"Imports\":[\"bytes\",\"context\",\"errors\",\"fmt\",\"go.temporal.io/server/tools/gomad3/internal/canonicaljson\",\"go.temporal.io/server/tools/gomad3/internal/compatibilitypack\",\"go.temporal.io/server/tools/gomad3/internal/hostfs\",\"go.temporal.io/server/tools/gomad3/record\",\"go.temporal.io/server/tools/gomad3/target\",\"go/format\",\"golang.org/x/mod/module\",\"os\",\"path\",\"path/filepath\",\"slices\",\"sort\",\"strconv\",\"strings\"],\"ImportMap\":null,\"GoFiles\":[\"discover.go\",\"generate.go\",\"publica"}
{"Time":"2026-10-08T20:26:44.447628621Z","Action":"output","Package":"go.temporal.io/server/tools/gomad3","Test":"TestHostPackageVet/linux/amd64","Output":"tion.go\",\"qualify.go\",\"refresh.go\",\"request.go\",\"review.go\",\"working_directories.go\"],\"CgoFiles\":null,\"CompiledGoFiles\":null,\"IgnoredGoFiles\":null,\"TestGoFiles\":[\"discover_test.go\",\"generate_test.go\",\"qualify_test.go\",\"refresh_test.go\",\"request_test.go\",\"review_test.go\",\"variant_selectors_test.go\"],\"XTestGoFiles\":null,\"Standard\":false,\"Error\":null,\"DepsErrors\":null},{\"ImportPath\":\"go.temporal.io/server/tools/gomad3/internal/gomadtool/architecture\",\"Dir\":\"/Users/stephan/Workspace/skunkworks/gomad/temporal/tools/gomad3/internal/gomadtool/architecture\",\"Imports\":[\"bytes\",\"crypto/sha256\",\"encoding/json\",\"fmt\",\"go/ast\",\"go/constant\",\"go/parser\",\"go/token\",\"go/types\",\"golang.org/x/mod/modfile\",\"io\",\"os\",\"os/exec\",\"path/filepath\",\"slices\",\"sort\",\"strconv\",\"strings\"],\"ImportMap\":null,\"GoFiles\":[\"architecture.go\",\"edges.go\",\"effects.go\",\"initialization.go\",\"memory_sources.go\",\"program.go\",\"standard.go\",\"startup_sources.go\"],\"CgoFiles\":null,\"CompiledGoFiles\":null,\"IgnoredGoFiles\":null,\"TestGoFiles\":[\"architecture_test."}
{"Time":"2026-10-08T20:26:44.447662871Z","Action":"output","Package":"go.temporal.io/server/tools/gomad3","Test":"TestHostPackageVet/linux/amd64","Output":"go\",\"effects_test.go\",\"error_provenance_test.go\",\"initialization_test.go\",\"mutation_test.go\",\"range_test.go\",\"signature_test.go\"],\"XTestGoFiles\":null,\"Standard\":false,\"Error\":null,\"DepsErrors\":null},{\"ImportPath\":\"go.temporal.io/server/tools/gomad3/internal/gomadtool/conformance\",\"Dir\":\"/Users/stephan/Workspace/skunkworks/gomad/temporal/tools/gomad3/internal/gomadtool/conformance\",\"Imports\":[\"context\",\"crypto/sha256\",\"encoding/binary\",\"encoding/hex\",\"encoding/json\",\"errors\",\"fmt\",\"go.temporal.io/server/tools/gomad3/choice\",\"go.temporal.io/server/tools/gomad3/internal/gomadtool/generation/boundary\",\"go.temporal.io/server/tools/gomad3/internal/hostexec\",\"go.temporal.io/server/tools/gomad3/toolchain/version\",\"os\",\"os/exec\",\"path/filepath\",\"regexp\",\"runtime\",\"slices\",\"sort\",\"strconv\",\"strings\",\"sync\",\"time\"],\"ImportMap\":null,\"GoFiles\":[\"driver.go\",\"registry.go\",\"runtime_bootstrap.go\",\"runtime_campaign.go\",\"runtime_choice.go\",\"runtime_clock_tick.go\",\"runtime_clocks.go\",\"runtime_compatibility.go\",\"runtime_linking.g"}
{"Time":"2026-10-08T20:26:44.44770058Z","Action":"output","Package":"go.temporal.io/server/tools/gomad3","Test":"TestHostPackageVet/linux/amd64","Output":"o\",\"runtime_load.go\",\"runtime_owned.go\",\"runtime_repeatability.go\",\"runtime_scheduling.go\"],\"CgoFiles\":null,\"CompiledGoFiles\":null,\"IgnoredGoFiles\":null,\"TestGoFiles\":[\"driver_test.go\",\"exec_wrapper_unix_test.go\",\"registry_test.go\",\"runtime_owned_test.go\",\"runtime_test.go\"],\"XTestGoFiles\":null,\"Standard\":false,\"Error\":null,\"DepsErrors\":null},{\"ImportPath\":\"go.temporal.io/server/tools/gomad3/internal/gomadtool/generation/boundary\",\"Dir\":\"/Users/stephan/Workspace/skunkworks/gomad/temporal/tools/gomad3/internal/gomadtool/generation/boundary\",\"Imports\":[\"bytes\",\"crypto/sha256\",\"encoding/binary\",\"encoding/json\",\"errors\",\"fmt\",\"go.temporal.io/server/tools/gomad3/internal/hostfs\",\"go/ast\",\"go/build\",\"go/format\",\"go/importer\",\"go/parser\",\"go/token\",\"go/types\",\"io\",\"maps\",\"os\",\"path\",\"path/filepath\",\"regexp\",\"runtime\",\"slices\",\"strings\"],\"ImportMap\":null,\"GoFiles\":[\"boundary_discovery.go\",\"boundary_manifest.go\",\"boundary_qualification.go\",\"projection.go\"],\"CgoFiles\":null,\"CompiledGoFiles\":null,\"IgnoredGoFiles\":null,\"T"}
{"Time":"2026-10-08T20:26:44.44774733Z","Action":"output","Package":"go.temporal.io/server/tools/gomad3","Test":"TestHostPackageVet/linux/amd64","Output":"estGoFiles\":[\"boundary_manifest_test.go\"],\"XTestGoFiles\":null,\"Standard\":false,\"Error\":null,\"DepsErrors\":null},{\"ImportPath\":\"go.temporal.io/server/tools/gomad3/internal/gomadtool/generation/protocol\",\"Dir\":\"/Users/stephan/Workspace/skunkworks/gomad/temporal/tools/gomad3/internal/gomadtool/generation/protocol\",\"Imports\":[\"bytes\",\"crypto/sha256\",\"encoding/binary\",\"encoding/hex\",\"encoding/json\",\"errors\",\"fmt\",\"go.temporal.io/server/tools/gomad3/internal/gomadtool/generation/boundary\",\"go.temporal.io/server/tools/gomad3/internal/hostfs\",\"go/format\",\"io\",\"os\",\"path/filepath\",\"slices\",\"strconv\",\"strings\",\"text/template\"],\"ImportMap\":null,\"GoFiles\":[\"protocol.go\"],\"CgoFiles\":null,\"CompiledGoFiles\":null,\"IgnoredGoFiles\":null,\"TestGoFiles\":[\"protocol_test.go\"],\"XTestGoFiles\":null,\"Standard\":false,\"Error\":null,\"DepsErrors\":null},{\"ImportPath\":\"go.temporal.io/server/tools/gomad3/internal/gomadtool/validation\",\"Dir\":\"/Users/stephan/Workspace/skunkworks/gomad/temporal/tools/gomad3/internal/gomadtool/validation\",\"Imports\""}
{"Time":"2026-10-08T20:26:44.447794371Z","Action":"output","Package":"go.temporal.io/server/tools/gomad3","Test":"TestHostPackageVet/linux/amd64","Output":":[\"errors\",\"fmt\",\"io/fs\",\"os\",\"path/filepath\",\"slices\",\"strings\"],\"ImportMap\":null,\"GoFiles\":[\"script_policy.go\"],\"CgoFiles\":null,\"CompiledGoFiles\":null,\"IgnoredGoFiles\":null,\"TestGoFiles\":[\"script_policy_test.go\"],\"XTestGoFiles\":null,\"Standard\":false,\"Error\":null,\"DepsErrors\":null},{\"ImportPath\":\"go.temporal.io/server/tools/gomad3/internal/hostexec\",\"Dir\":\"/Users/stephan/Workspace/skunkworks/gomad/temporal/tools/gomad3/internal/hostexec\",\"Imports\":[\"context\",\"crypto/sha256\",\"errors\",\"fmt\",\"hash\",\"io\",\"math\",\"os\",\"os/exec\",\"syscall\",\"time\"],\"ImportMap\":null,\"GoFiles\":[\"command.go\",\"command_unix.go\",\"output.go\"],\"CgoFiles\":null,\"CompiledGoFiles\":null,\"IgnoredGoFiles\":[\"command_other.go\"],\"TestGoFiles\":[\"command_unix_test.go\",\"output_test.go\"],\"XTestGoFiles\":null,\"Standard\":false,\"Error\":null,\"DepsErrors\":null},{\"ImportPath\":\"go.temporal.io/server/tools/gomad3/internal/hostfs\",\"Dir\":\"/Users/stephan/Workspace/skunkworks/gomad/temporal/tools/gomad3/internal/hostfs\",\"Imports\":[\"context\",\"errors\",\"fmt\",\"io\",\"os\",\"p"}
{"Time":"2026-10-08T20:26:44.447845621Z","Action":"output","Package":"go.temporal.io/server/tools/gomad3","Test":"TestHostPackageVet/linux/amd64","Output":"ath/filepath\",\"syscall\"],\"ImportMap\":null,\"GoFiles\":[\"linkcount_unix.go\",\"lock.go\",\"lock_unix.go\",\"open.go\",\"open_nofollow_unix.go\",\"read.go\",\"replace.go\"],\"CgoFiles\":null,\"CompiledGoFiles\":null,\"IgnoredGoFiles\":[\"linkcount_other.go\",\"lock_other.go\",\"open_nofollow_other.go\"],\"TestGoFiles\":[\"lock_unix_test.go\",\"open_test.go\",\"open_unix_test.go\",\"read_test.go\",\"replace_test.go\"],\"XTestGoFiles\":null,\"Standard\":false,\"Error\":null,\"DepsErrors\":null},{\"ImportPath\":\"go.temporal.io/server/tools/gomad3/internal/preparation\",\"Dir\":\"/Users/stephan/Workspace/skunkworks/gomad/temporal/tools/gomad3/internal/preparation\",\"Imports\":[\"context\",\"errors\",\"fmt\",\"go.temporal.io/server/tools/gomad3/deterministicio\",\"go.temporal.io/server/tools/gomad3/record\",\"go.temporal.io/server/tools/gomad3/target\",\"os\"],\"ImportMap\":null,\"GoFiles\":[\"inspection.go\",\"preparation.go\"],\"CgoFiles\":null,\"CompiledGoFiles\":null,\"IgnoredGoFiles\":null,\"TestGoFiles\":[\"inspection_test.go\",\"preparation_test.go\"],\"XTestGoFiles\":null,\"Standard\":false,\"Error\":"}
{"Time":"2026-10-08T20:26:44.447898163Z","Action":"output","Package":"go.temporal.io/server/tools/gomad3","Test":"TestHostPackageVet/linux/amd64","Output":"null,\"DepsErrors\":null},{\"ImportPath\":\"go.temporal.io/server/tools/gomad3/internal/sourceinventory\",\"Dir\":\"/Users/stephan/Workspace/skunkworks/gomad/temporal/tools/gomad3/internal/sourceinventory\",\"Imports\":[\"crypto/sha256\",\"errors\",\"fmt\",\"go.temporal.io/server/tools/gomad3/internal/hostfs\",\"io/fs\",\"path/filepath\",\"strings\"],\"ImportMap\":null,\"GoFiles\":[\"inventory.go\"],\"CgoFiles\":null,\"CompiledGoFiles\":null,\"IgnoredGoFiles\":null,\"TestGoFiles\":[\"inventory_test.go\"],\"XTestGoFiles\":null,\"Standard\":false,\"Error\":null,\"DepsErrors\":null},{\"ImportPath\":\"go.temporal.io/server/tools/gomad3/qualification\",\"Dir\":\"/Users/stephan/Workspace/skunkworks/gomad/temporal/tools/gomad3/qualification\",\"Imports\":[\"bytes\",\"encoding/json\",\"errors\",\"fmt\",\"go.temporal.io/server/tools/gomad3/choice\",\"go.temporal.io/server/tools/gomad3/internal/canonicaljson\",\"go.temporal.io/server/tools/gomad3/record\",\"go.temporal.io/server/tools/gomad3/runner\",\"io\",\"os\",\"path/filepath\",\"reflect\",\"strings\"],\"ImportMap\":null,\"GoFiles\":[\"events.go\",\"qualif"}
{"Time":"2026-10-08T20:26:44.44792808Z","Action":"output","Package":"go.temporal.io/server/tools/gomad3","Test":"TestHostPackageVet/linux/amd64","Output":"ication.go\"],\"CgoFiles\":null,\"CompiledGoFiles\":null,\"IgnoredGoFiles\":null,\"TestGoFiles\":[\"diagnostics_test.go\",\"events_test.go\",\"qualification_test.go\"],\"XTestGoFiles\":null,\"Standard\":false,\"Error\":null,\"DepsErrors\":null},{\"ImportPath\":\"go.temporal.io/server/tools/gomad3/qualification/analysis\",\"Dir\":\"/Users/stephan/Workspace/skunkworks/gomad/temporal/tools/gomad3/qualification/analysis\",\"Imports\":[\"context\",\"errors\",\"fmt\",\"go.temporal.io/server/tools/gomad3/deterministicio\",\"go.temporal.io/server/tools/gomad3/internal/canonicaljson\",\"go.temporal.io/server/tools/gomad3/internal/preparation\",\"go.temporal.io/server/tools/gomad3/record\",\"go.temporal.io/server/tools/gomad3/target\",\"path/filepath\",\"runtime\",\"slices\",\"sort\",\"strings\"],\"ImportMap\":null,\"GoFiles\":[\"analysis.go\",\"prepared_review.go\"],\"CgoFiles\":null,\"CompiledGoFiles\":null,\"IgnoredGoFiles\":null,\"TestGoFiles\":[\"analysis_test.go\",\"prepared_review_test.go\"],\"XTestGoFiles\":null,\"Standard\":false,\"Error\":null,\"DepsErrors\":null},{\"ImportPath\":\"go.temporal.io/"}
{"Time":"2026-10-08T20:26:44.447942913Z","Action":"output","Package":"go.temporal.io/server/tools/gomad3","Test":"TestHostPackageVet/linux/amd64","Output":"server/tools/gomad3/qualification/comparison\",\"Dir\":\"/Users/stephan/Workspace/skunkworks/gomad/temporal/tools/gomad3/qualification/comparison\",\"Imports\":[\"errors\",\"fmt\",\"go.temporal.io/server/tools/gomad3/choice\",\"go.temporal.io/server/tools/gomad3/internal/canonicaljson\",\"go.temporal.io/server/tools/gomad3/qualification/analysis\",\"go.temporal.io/server/tools/gomad3/qualification/set\",\"go.temporal.io/server/tools/gomad3/record\",\"sort\",\"strings\"],\"ImportMap\":null,\"GoFiles\":[\"comparison.go\"],\"CgoFiles\":null,\"CompiledGoFiles\":null,\"IgnoredGoFiles\":null,\"TestGoFiles\":[\"comparison_test.go\"],\"XTestGoFiles\":null,\"Standard\":false,\"Error\":null,\"DepsErrors\":null},{\"ImportPath\":\"go.temporal.io/server/tools/gomad3/qualification/set\",\"Dir\":\"/Users/stephan/Workspace/skunkworks/gomad/temporal/tools/gomad3/qualification/set\",\"Imports\":[\"bytes\",\"context\",\"encoding/json\",\"errors\",\"fmt\",\"go.temporal.io/server/tools/gomad3/artifact\",\"go.temporal.io/server/tools/gomad3/choice\",\"go.temporal.io/server/tools/gomad3/deterministicio\","}
{"Time":"2026-10-08T20:26:44.447977955Z","Action":"output","Package":"go.temporal.io/server/tools/gomad3","Test":"TestHostPackageVet/linux/amd64","Output":"\"go.temporal.io/server/tools/gomad3/internal/canonicaljson\",\"go.temporal.io/server/tools/gomad3/internal/hostexec\",\"go.temporal.io/server/tools/gomad3/internal/hostfs\",\"go.temporal.io/server/tools/gomad3/qualification\",\"go.temporal.io/server/tools/gomad3/qualification/analysis\",\"go.temporal.io/server/tools/gomad3/record\",\"go.temporal.io/server/tools/gomad3/target\",\"golang.org/x/mod/modfile\",\"golang.org/x/mod/module\",\"io\",\"maps\",\"os\",\"path/filepath\",\"reflect\",\"regexp\",\"runtime\",\"slices\",\"sort\",\"strconv\",\"strings\",\"syscall\",\"time\"],\"ImportMap\":null,\"GoFiles\":[\"execution.go\",\"freespace.go\",\"merge.go\",\"module.go\",\"prune.go\",\"set.go\",\"soak.go\"],\"CgoFiles\":null,\"CompiledGoFiles\":null,\"IgnoredGoFiles\":null,\"TestGoFiles\":[\"prune_test.go\",\"set_test.go\"],\"XTestGoFiles\":null,\"Standard\":false,\"Error\":null,\"DepsErrors\":null},{\"ImportPath\":\"go.temporal.io/server/tools/gomad3/qualification/set/manifestgen\",\"Dir\":\"/Users/stephan/Workspace/skunkworks/gomad/temporal/tools/gomad3/qualification/set/manifestgen\",\"Imports\":[\"bytes"}
{"Time":"2026-10-08T20:26:44.44800608Z","Action":"output","Package":"go.temporal.io/server/tools/gomad3","Test":"TestHostPackageVet/linux/amd64","Output":"\",\"encoding/json\",\"errors\",\"fmt\",\"go.temporal.io/server/tools/gomad3/internal/canonicaljson\",\"go.temporal.io/server/tools/gomad3/internal/hostfs\",\"go.temporal.io/server/tools/gomad3/qualification/set\",\"go.temporal.io/server/tools/gomad3/target\",\"go/ast\",\"go/build\",\"go/parser\",\"go/token\",\"io\",\"maps\",\"os\",\"path/filepath\",\"regexp\",\"slices\",\"strings\",\"time\",\"unicode\",\"unicode/utf8\"],\"ImportMap\":null,\"GoFiles\":[\"manifestgen.go\"],\"CgoFiles\":null,\"CompiledGoFiles\":null,\"IgnoredGoFiles\":null,\"TestGoFiles\":[\"manifestgen_test.go\"],\"XTestGoFiles\":null,\"Standard\":false,\"Error\":null,\"DepsErrors\":null},{\"ImportPath\":\"go.temporal.io/server/tools/gomad3/qualification/soak\",\"Dir\":\"/Users/stephan/Workspace/skunkworks/gomad/temporal/tools/gomad3/qualification/soak\",\"Imports\":[\"context\",\"crypto/sha256\",\"encoding/hex\",\"encoding/json\",\"errors\",\"fmt\",\"go.temporal.io/server/tools/gomad3/choice\",\"go.temporal.io/server/tools/gomad3/internal/canonicaljson\",\"go.temporal.io/server/tools/gomad3/internal/hostexec\",\"go.temporal.io/server/to"}
{"Time":"2026-10-08T20:26:44.448031705Z","Action":"output","Package":"go.temporal.io/server/tools/gomad3","Test":"TestHostPackageVet/linux/amd64","Output":"ols/gomad3/qualification\",\"go.temporal.io/server/tools/gomad3/qualification/set\",\"go.temporal.io/server/tools/gomad3/record\",\"go.temporal.io/server/tools/gomad3/runner\",\"os\",\"path/filepath\",\"regexp\",\"runtime\",\"slices\",\"strconv\",\"strings\",\"sync\",\"sync/atomic\",\"time\"],\"ImportMap\":null,\"GoFiles\":[\"ledger.go\",\"manifest.go\",\"soak.go\"],\"CgoFiles\":null,\"CompiledGoFiles\":null,\"IgnoredGoFiles\":null,\"TestGoFiles\":[\"soak_test.go\"],\"XTestGoFiles\":null,\"Standard\":false,\"Error\":null,\"DepsErrors\":null},{\"ImportPath\":\"go.temporal.io/server/tools/gomad3/qualification/workload\",\"Dir\":\"/Users/stephan/Workspace/skunkworks/gomad/temporal/tools/gomad3/qualification/workload\",\"Imports\":[\"context\",\"errors\",\"fmt\",\"go.temporal.io/server/tools/gomad3/deterministicio\",\"go.temporal.io/server/tools/gomad3/qualification\",\"go.temporal.io/server/tools/gomad3/record\",\"go.temporal.io/server/tools/gomad3/runner\",\"go.temporal.io/server/tools/gomad3/target\"],\"ImportMap\":null,\"GoFiles\":[\"workload.go\"],\"CgoFiles\":null,\"CompiledGoFiles\":null,\"Ignore"}
{"Time":"2026-10-08T20:26:44.448062538Z","Action":"output","Package":"go.temporal.io/server/tools/gomad3","Test":"TestHostPackageVet/linux/amd64","Output":"dGoFiles\":null,\"TestGoFiles\":[\"workload_test.go\"],\"XTestGoFiles\":null,\"Standard\":false,\"Error\":null,\"DepsErrors\":null},{\"ImportPath\":\"go.temporal.io/server/tools/gomad3/record\",\"Dir\":\"/Users/stephan/Workspace/skunkworks/gomad/temporal/tools/gomad3/record\",\"Imports\":[\"bytes\",\"crypto/sha256\",\"encoding/hex\",\"encoding/json\",\"errors\",\"fmt\",\"go.temporal.io/server/tools/gomad3/internal/canonicaljson\",\"path\",\"regexp\",\"sort\",\"strconv\",\"strings\",\"time\"],\"ImportMap\":null,\"GoFiles\":[\"identity.go\",\"record.go\",\"types.go\",\"uint64_string.go\",\"validation.go\"],\"CgoFiles\":null,\"CompiledGoFiles\":null,\"IgnoredGoFiles\":null,\"TestGoFiles\":[\"record_test.go\",\"uint64_string_test.go\",\"validation_timestamp_test.go\",\"world_terminal_identity_test.go\"],\"XTestGoFiles\":null,\"Standard\":false,\"Error\":null,\"DepsErrors\":null},{\"ImportPath\":\"go.temporal.io/server/tools/gomad3/runner\",\"Dir\":\"/Users/stephan/Workspace/skunkworks/gomad/temporal/tools/gomad3/runner\",\"Imports\":[\"bytes\",\"context\",\"crypto/rand\",\"crypto/sha256\",\"debug/buildinfo\",\"encoding"}
{"Time":"2026-10-08T20:26:44.448086496Z","Action":"output","Package":"go.temporal.io/server/tools/gomad3","Test":"TestHostPackageVet/linux/amd64","Output":"/hex\",\"encoding/json\",\"errors\",\"fmt\",\"go.temporal.io/server/tools/gomad3/artifact\",\"go.temporal.io/server/tools/gomad3/choice\",\"go.temporal.io/server/tools/gomad3/deterministicio\",\"go.temporal.io/server/tools/gomad3/deterministicio/readonlymount\",\"go.temporal.io/server/tools/gomad3/internal/canonicaljson\",\"go.temporal.io/server/tools/gomad3/internal/hostexec\",\"go.temporal.io/server/tools/gomad3/internal/hostfs\",\"go.temporal.io/server/tools/gomad3/internal/preparation\",\"go.temporal.io/server/tools/gomad3/record\",\"go.temporal.io/server/tools/gomad3/runner/internal/campaign\",\"go.temporal.io/server/tools/gomad3/runner/internal/corpus\",\"go.temporal.io/server/tools/gomad3/runner/internal/execution\",\"go.temporal.io/server/tools/gomad3/runner/internal/exploration/choice\",\"go.temporal.io/server/tools/gomad3/runner/internal/exploration/simulation\",\"go.temporal.io/server/tools/gomad3/runner/internal/exploration/simulationrecord\",\"go.temporal.io/server/tools/gomad3/runner/internal/minimizer\",\"go.temporal.io/server/tools/"}
{"Time":"2026-10-08T20:26:44.448108871Z","Action":"output","Package":"go.temporal.io/server/tools/gomad3","Test":"TestHostPackageVet/linux/amd64","Output":"gomad3/target\",\"go.temporal.io/server/tools/gomad3/world\",\"io\",\"math\",\"os\",\"os/exec\",\"path\",\"path/filepath\",\"regexp\",\"runtime\",\"runtime/debug\",\"slices\",\"sort\",\"strconv\",\"strings\",\"syscall\",\"time\"],\"ImportMap\":null,\"GoFiles\":[\"campaign.go\",\"campaign_merge.go\",\"campaign_options.go\",\"campaign_plan.go\",\"campaign_shard.go\",\"campaign_shard_execution.go\",\"choice_exploration_campaign.go\",\"completion.go\",\"coordinator.go\",\"coordinator_process_unix.go\",\"coverage.go\",\"deterministicio.go\",\"diagnostics.go\",\"errors.go\",\"evidence.go\",\"exploration_round.go\",\"guidance.go\",\"inspect.go\",\"inspect_capacity.go\",\"minimize_operation.go\",\"portable_plan.go\",\"portable_plan_mounts.go\",\"private.go\",\"recovery.go\",\"replay_operation.go\",\"resume.go\",\"retention.go\",\"runner.go\",\"seeds.go\",\"simulation_exploration_campaign.go\"],\"CgoFiles\":null,\"CompiledGoFiles\":null,\"IgnoredGoFiles\":[\"coordinator_process_other.go\"],\"TestGoFiles\":[\"campaign_options_characterization_test.go\",\"campaign_options_cli_test.go\",\"campaign_options_legacy_characterization_t"}
{"Time":"2026-10-08T20:26:44.448169288Z","Action":"output","Package":"go.temporal.io/server/tools/gomad3","Test":"TestHostPackageVet/linux/amd64","Output":"est.go\",\"campaign_options_test.go\",\"campaign_shard_test.go\",\"campaign_test.go\",\"choice_exploration_divergence_test.go\",\"choice_exploration_divergence_unix_test.go\",\"clock_tick_test.go\",\"completion_characterization_test.go\",\"completion_test.go\",\"coordinator_process_unix_test.go\",\"coordinator_test.go\",\"coordinator_transport_test.go\",\"coverage_replay_test.go\",\"coverage_watchdog_test.go\",\"diagnostic_identity_test.go\",\"diagnostics_test.go\",\"environment_integration_test.go\",\"errors_test.go\",\"executor_injection_characterization_test.go\",\"exploration_round_test.go\",\"guidance_identity_test.go\",\"guided_selection_test.go\",\"inspect_projection_test.go\",\"inspect_test.go\",\"minimize_operation_test.go\",\"portable_plan_test.go\",\"preparation_equivalence_legacy_test.go\",\"preparation_owner_test.go\",\"replay_io_integration_test.go\",\"replay_operation_test.go\",\"retention_characterization_test.go\",\"retention_test.go\",\"runner_mode_unix_test.go\",\"runner_test.go\",\"seed_completion_characterization_test.go\",\"seeds_test.go\",\"simulation_explo"}
{"Time":"2026-10-08T20:26:44.448195413Z","Action":"output","Package":"go.temporal.io/server/tools/gomad3","Test":"TestHostPackageVet/linux/amd64","Output":"ration_plan_test.go\",\"watchdog_replay_test.go\"],\"XTestGoFiles\":null,\"Standard\":false,\"Error\":null,\"DepsErrors\":null},{\"ImportPath\":\"go.temporal.io/server/tools/gomad3/runner/internal/campaign\",\"Dir\":\"/Users/stephan/Workspace/skunkworks/gomad/temporal/tools/gomad3/runner/internal/campaign\",\"Imports\":[\"bytes\",\"context\",\"crypto/sha256\",\"encoding/hex\",\"errors\",\"fmt\",\"go.temporal.io/server/tools/gomad3/artifact\",\"go.temporal.io/server/tools/gomad3/choice\",\"go.temporal.io/server/tools/gomad3/deterministicio\",\"go.temporal.io/server/tools/gomad3/internal/canonicaljson\",\"go.temporal.io/server/tools/gomad3/internal/hostfs\",\"go.temporal.io/server/tools/gomad3/record\",\"go.temporal.io/server/tools/gomad3/runner/internal/exploration/choice\",\"go.temporal.io/server/tools/gomad3/runner/internal/exploration/simulation\",\"go.temporal.io/server/tools/gomad3/world\",\"hash\",\"io\",\"os\",\"path/filepath\",\"reflect\",\"slices\",\"sort\",\"strconv\",\"strings\",\"sync\",\"unicode/utf8\"],\"ImportMap\":null,\"GoFiles\":[\"artifact_capacity.go\",\"campaign_journ"}
{"Time":"2026-10-08T20:26:44.448221538Z","Action":"output","Package":"go.temporal.io/server/tools/gomad3","Test":"TestHostPackageVet/linux/amd64","Output":"al.go\",\"choice_exploration_journal.go\",\"controller.go\",\"errors.go\",\"files.go\",\"filesystem.go\",\"lifecycle.go\",\"merge.go\",\"open_campaign.go\",\"recovery.go\",\"resume_journal.go\",\"resume_lock.go\",\"resume_plan.go\",\"retained_evidence.go\",\"segmented_journal.go\",\"simulation_exploration_journal.go\"],\"CgoFiles\":null,\"CompiledGoFiles\":null,\"IgnoredGoFiles\":null,\"TestGoFiles\":[\"artifact_helper_test.go\",\"campaign_journal_test.go\",\"choice_exploration_divergence_test.go\",\"choice_exploration_journal_test.go\",\"choice_exploration_start_test.go\",\"controller_completion_test.go\",\"controller_test.go\",\"filesystem_fault_test.go\",\"lifecycle_test.go\",\"merge_capacity_test.go\",\"retained_evidence_test.go\",\"segmented_journal_test.go\",\"simulation_exploration_journal_test.go\"],\"XTestGoFiles\":null,\"Standard\":false,\"Error\":null,\"DepsErrors\":null},{\"ImportPath\":\"go.temporal.io/server/tools/gomad3/runner/internal/corpus\",\"Dir\":\"/Users/stephan/Workspace/skunkworks/gomad/temporal/tools/gomad3/runner/internal/corpus\",\"Imports\":[\"bytes\",\"context\",\"en"}
{"Time":"2026-10-08T20:26:44.448277246Z","Action":"output","Package":"go.temporal.io/server/tools/gomad3","Test":"TestHostPackageVet/linux/amd64","Output":"coding/json\",\"errors\",\"fmt\",\"go.temporal.io/server/tools/gomad3/artifact\",\"go.temporal.io/server/tools/gomad3/choice\",\"go.temporal.io/server/tools/gomad3/deterministicio\",\"go.temporal.io/server/tools/gomad3/internal/canonicaljson\",\"go.temporal.io/server/tools/gomad3/internal/hostfs\",\"go.temporal.io/server/tools/gomad3/record\",\"go.temporal.io/server/tools/gomad3/world\",\"io\",\"os\",\"path/filepath\",\"slices\",\"sort\",\"strings\"],\"ImportMap\":null,\"GoFiles\":[\"admission.go\",\"corpus.go\",\"features.go\",\"lock.go\",\"model.go\"],\"CgoFiles\":null,\"CompiledGoFiles\":null,\"IgnoredGoFiles\":null,\"TestGoFiles\":[\"corpus_test.go\",\"guide_test.go\"],\"XTestGoFiles\":null,\"Standard\":false,\"Error\":null,\"DepsErrors\":null},{\"ImportPath\":\"go.temporal.io/server/tools/gomad3/runner/internal/execution\",\"Dir\":\"/Users/stephan/Workspace/skunkworks/gomad/temporal/tools/gomad3/runner/internal/execution\",\"Imports\":[\"bytes\",\"context\",\"crypto/sha256\",\"encoding/binary\",\"encoding/json\",\"errors\",\"fmt\",\"go.temporal.io/server/tools/gomad3/choice\",\"go.temporal.io/s"}
{"Time":"2026-10-08T20:26:44.448571205Z","Action":"output","Package":"go.temporal.io/server/tools/gomad3","Test":"TestHostPackageVet/linux/amd64","Output":"erver/tools/gomad3/deterministicio\",\"go.temporal.io/server/tools/gomad3/deterministicio/readonlymount\",\"go.temporal.io/server/tools/gomad3/internal/canonicaljson\",\"go.temporal.io/server/tools/gomad3/internal/hostexec\",\"go.temporal.io/server/tools/gomad3/record\",\"go.temporal.io/server/tools/gomad3/world\",\"go.temporal.io/server/tools/gomad3/world/mailbox\",\"go.temporal.io/server/tools/gomad3/world/process\",\"io\",\"math\",\"os\",\"os/exec\",\"os/signal\",\"slices\",\"sort\",\"strings\",\"sync\",\"syscall\",\"time\"],\"ImportMap\":null,\"GoFiles\":[\"bootstrap_unix.go\",\"choicetrace.go\",\"descriptor_dup_linux.go\",\"launch_plan_unix.go\",\"outcome.go\",\"process.go\",\"process_unix.go\",\"simulation.go\",\"simulation_model.go\",\"simulation_model_wire_generated.go\",\"simulation_progress.go\",\"simulation_time.go\",\"simulation_time_wire_generated.go\",\"simulation_unix.go\",\"supervisor_unix.go\",\"worldrecord.go\"],\"CgoFiles\":null,\"CompiledGoFiles\":null,\"IgnoredGoFiles\":[\"bootstrap_other.go\",\"descriptor_dup_other_unix.go\",\"process_unsupported.go\",\"simulation_root_in"}
{"Time":"2026-10-08T20:26:44.448605663Z","Action":"output","Package":"go.temporal.io/server/tools/gomad3","Test":"TestHostPackageVet/linux/amd64","Output":"tegration_test.go\"],\"TestGoFiles\":[\"choicetrace_test.go\",\"descriptor_dup_linux_test.go\",\"diagnostics_toolchain_test.go\",\"draw_check_toolchain_test.go\",\"outcome_test.go\",\"process_test.go\",\"process_unix_test.go\",\"simulation_progress_fixture_test.go\",\"simulation_progress_lifecycle_test.go\",\"simulation_progress_test.go\",\"simulation_test.go\",\"simulation_time_test.go\",\"simulation_time_wire_generated_test.go\",\"simulation_unix_test.go\",\"watchdog_io_test.go\",\"worldrecord_test.go\"],\"XTestGoFiles\":[\"io_boundary_toolchain_test.go\",\"io_entropy_toolchain_test.go\",\"io_filesystem_toolchain_test.go\",\"io_handoff_toolchain_test.go\",\"io_libc_toolchain_test.go\",\"io_net_bind_toolchain_test.go\",\"io_network_toolchain_test.go\",\"io_sandbox_toolchain_test.go\",\"io_sqlite_toolchain_test.go\",\"io_test_helpers_test.go\",\"model_conformance_compare_test.go\",\"model_conformance_test.go\"],\"Standard\":false,\"Error\":null,\"DepsErrors\":null},{\"ImportPath\":\"go.temporal.io/server/tools/gomad3/runner/internal/exploration\",\"Dir\":\"/Users/stephan/Workspace/"}
{"Time":"2026-10-08T20:26:44.448685621Z","Action":"output","Package":"go.temporal.io/server/tools/gomad3","Test":"TestHostPackageVet/linux/amd64","Output":"skunkworks/gomad/temporal/tools/gomad3/runner/internal/exploration\",\"Imports\":[\"errors\",\"go.temporal.io/server/tools/gomad3/record\",\"slices\"],\"ImportMap\":null,\"GoFiles\":[\"engine.go\"],\"CgoFiles\":null,\"CompiledGoFiles\":null,\"IgnoredGoFiles\":null,\"TestGoFiles\":[\"engine_test.go\"],\"XTestGoFiles\":null,\"Standard\":false,\"Error\":null,\"DepsErrors\":null},{\"ImportPath\":\"go.temporal.io/server/tools/gomad3/runner/internal/exploration/choice\",\"Dir\":\"/Users/stephan/Workspace/skunkworks/gomad/temporal/tools/gomad3/runner/internal/exploration/choice\",\"Imports\":[\"bytes\",\"crypto/sha256\",\"errors\",\"fmt\",\"go.temporal.io/server/tools/gomad3/choice\",\"go.temporal.io/server/tools/gomad3/internal/canonicaljson\",\"go.temporal.io/server/tools/gomad3/record\",\"go.temporal.io/server/tools/gomad3/runner/internal/exploration\",\"slices\"],\"ImportMap\":null,\"GoFiles\":[\"engine.go\",\"select_readiness.go\"],\"CgoFiles\":null,\"CompiledGoFiles\":null,\"IgnoredGoFiles\":null,\"TestGoFiles\":[\"engine_divergence_test.go\",\"engine_test.go\"],\"XTestGoFiles\":null,\"Standa"}
{"Time":"2026-10-08T20:26:44.448709121Z","Action":"output","Package":"go.temporal.io/server/tools/gomad3","Test":"TestHostPackageVet/linux/amd64","Output":"rd\":false,\"Error\":null,\"DepsErrors\":null},{\"ImportPath\":\"go.temporal.io/server/tools/gomad3/runner/internal/exploration/simulation\",\"Dir\":\"/Users/stephan/Workspace/skunkworks/gomad/temporal/tools/gomad3/runner/internal/exploration/simulation\",\"Imports\":[\"bytes\",\"errors\",\"fmt\",\"go.temporal.io/server/tools/gomad3/internal/canonicaljson\",\"go.temporal.io/server/tools/gomad3/record\",\"go.temporal.io/server/tools/gomad3/runner/internal/exploration\",\"slices\",\"sort\"],\"ImportMap\":null,\"GoFiles\":[\"frontier.go\"],\"CgoFiles\":null,\"CompiledGoFiles\":null,\"IgnoredGoFiles\":null,\"TestGoFiles\":[\"frontier_test.go\"],\"XTestGoFiles\":null,\"Standard\":false,\"Error\":null,\"DepsErrors\":null},{\"ImportPath\":\"go.temporal.io/server/tools/gomad3/runner/internal/exploration/simulationrecord\",\"Dir\":\"/Users/stephan/Workspace/skunkworks/gomad/temporal/tools/gomad3/runner/internal/exploration/simulationrecord\",\"Imports\":[\"bytes\",\"crypto/sha256\",\"encoding/json\",\"errors\",\"fmt\",\"go.temporal.io/server/tools/gomad3/choice\",\"go.temporal.io/server/tools/g"}
{"Time":"2026-10-08T20:26:44.448893121Z","Action":"output","Package":"go.temporal.io/server/tools/gomad3","Test":"TestHostPackageVet/linux/amd64","Output":"omad3/internal/canonicaljson\",\"go.temporal.io/server/tools/gomad3/record\",\"go.temporal.io/server/tools/gomad3/runner/internal/exploration/simulation\",\"slices\"],\"ImportMap\":null,\"GoFiles\":[\"record.go\",\"wire.go\"],\"CgoFiles\":null,\"CompiledGoFiles\":null,\"IgnoredGoFiles\":null,\"TestGoFiles\":[\"record_test.go\",\"wire_test.go\"],\"XTestGoFiles\":null,\"Standard\":false,\"Error\":null,\"DepsErrors\":null},{\"ImportPath\":\"go.temporal.io/server/tools/gomad3/runner/internal/minimizer\",\"Dir\":\"/Users/stephan/Workspace/skunkworks/gomad/temporal/tools/gomad3/runner/internal/minimizer\",\"Imports\":[\"bytes\",\"context\",\"errors\",\"fmt\",\"go.temporal.io/server/tools/gomad3/internal/canonicaljson\",\"go.temporal.io/server/tools/gomad3/internal/hostfs\",\"go.temporal.io/server/tools/gomad3/record\",\"go.temporal.io/server/tools/gomad3/runner/internal/exploration/simulation\",\"io\",\"os\",\"path/filepath\",\"slices\",\"strings\"],\"ImportMap\":null,\"GoFiles\":[\"minimizer.go\",\"workspace.go\"],\"CgoFiles\":null,\"CompiledGoFiles\":null,\"IgnoredGoFiles\":null,\"TestGoFiles\":[\"m"}
{"Time":"2026-10-08T20:26:44.448916663Z","Action":"output","Package":"go.temporal.io/server/tools/gomad3","Test":"TestHostPackageVet/linux/amd64","Output":"inimizer_test.go\",\"workspace_unix_test.go\"],\"XTestGoFiles\":null,\"Standard\":false,\"Error\":null,\"DepsErrors\":null},{\"ImportPath\":\"go.temporal.io/server/tools/gomad3/target\",\"Dir\":\"/Users/stephan/Workspace/skunkworks/gomad/temporal/tools/gomad3/target\",\"Imports\":[\"bytes\",\"cmp\",\"context\",\"crypto/sha256\",\"debug/buildinfo\",\"encoding/hex\",\"encoding/json\",\"errors\",\"fmt\",\"go.temporal.io/server/tools/gomad3/internal/canonicaljson\",\"go.temporal.io/server/tools/gomad3/internal/compatibilitypack\",\"go.temporal.io/server/tools/gomad3/internal/hostfs\",\"go.temporal.io/server/tools/gomad3/internal/sourceinventory\",\"go.temporal.io/server/tools/gomad3/record\",\"go.temporal.io/server/tools/gomad3/target/internal/build\",\"go.temporal.io/server/tools/gomad3/target/internal/capabilitypolicy\",\"go.temporal.io/server/tools/gomad3/target/internal/capabilityreview\",\"go.temporal.io/server/tools/gomad3/target/internal/gocommand\",\"go.temporal.io/server/tools/gomad3/target/internal/livecap\",\"go.temporal.io/server/tools/gomad3/target/internal/p"}
{"Time":"2026-10-08T20:26:44.448944038Z","Action":"output","Package":"go.temporal.io/server/tools/gomad3","Test":"TestHostPackageVet/linux/amd64","Output":"rovenance\",\"go.temporal.io/server/tools/gomad3/toolchain/installation\",\"io\",\"maps\",\"os\",\"path/filepath\",\"regexp\",\"runtime\",\"runtime/debug\",\"slices\",\"sort\",\"strconv\",\"strings\",\"time\",\"unicode\"],\"ImportMap\":null,\"GoFiles\":[\"adapter_source_set.go\",\"capability.go\",\"capability_capacity.go\",\"capability_collection.go\",\"capability_evaluation.go\",\"capability_linked.go\",\"module_directory.go\",\"prepared_cache.go\",\"target.go\"],\"CgoFiles\":null,\"CompiledGoFiles\":null,\"IgnoredGoFiles\":null,\"TestGoFiles\":[\"adapter_source_set_test.go\",\"capability_golden_test.go\",\"capability_projection_test.go\",\"capability_review_test.go\",\"capability_test.go\",\"cleanup_test.go\",\"coverage_test.go\",\"go_command_test.go\",\"installation_test.go\",\"module_directory_test.go\",\"prepared_cache_digest_test.go\",\"prepared_cache_test.go\",\"target_test.go\"],\"XTestGoFiles\":null,\"Standard\":false,\"Error\":null,\"DepsErrors\":null},{\"ImportPath\":\"go.temporal.io/server/tools/gomad3/target/internal/build\",\"Dir\":\"/Users/stephan/Workspace/skunkworks/gomad/temporal/tools/gom"}
{"Time":"2026-10-08T20:26:44.448971121Z","Action":"output","Package":"go.temporal.io/server/tools/gomad3","Test":"TestHostPackageVet/linux/amd64","Output":"ad3/target/internal/build\",\"Imports\":[\"errors\",\"fmt\",\"go.temporal.io/server/tools/gomad3/internal/hostfs\",\"os\",\"path/filepath\",\"sort\",\"strings\",\"unicode\"],\"ImportMap\":null,\"GoFiles\":[\"context.go\",\"trim.go\"],\"CgoFiles\":null,\"CompiledGoFiles\":null,\"IgnoredGoFiles\":null,\"TestGoFiles\":[\"context_test.go\",\"trim_test.go\"],\"XTestGoFiles\":null,\"Standard\":false,\"Error\":null,\"DepsErrors\":null},{\"ImportPath\":\"go.temporal.io/server/tools/gomad3/target/internal/capabilitypolicy\",\"Dir\":\"/Users/stephan/Workspace/skunkworks/gomad/temporal/tools/gomad3/target/internal/capabilitypolicy\",\"Imports\":[\"go.temporal.io/server/tools/gomad3/internal/compatibilitypack\",\"slices\",\"sort\",\"strings\"],\"ImportMap\":null,\"GoFiles\":[\"policy.go\",\"simulation_bridge.go\"],\"CgoFiles\":null,\"CompiledGoFiles\":null,\"IgnoredGoFiles\":null,\"TestGoFiles\":[\"policy_test.go\"],\"XTestGoFiles\":null,\"Standard\":false,\"Error\":null,\"DepsErrors\":null},{\"ImportPath\":\"go.temporal.io/server/tools/gomad3/target/internal/capabilityreview\",\"Dir\":\"/Users/stephan/Workspace/skun"}
{"Time":"2026-10-08T20:26:44.449002246Z","Action":"output","Package":"go.temporal.io/server/tools/gomad3","Test":"TestHostPackageVet/linux/amd64","Output":"kworks/gomad/temporal/tools/gomad3/target/internal/capabilityreview\",\"Imports\":[\"bytes\",\"context\",\"encoding/json\",\"errors\",\"fmt\",\"go.temporal.io/server/tools/gomad3/target/internal/gocommand\",\"io\",\"strings\"],\"ImportMap\":null,\"GoFiles\":[\"list.go\"],\"CgoFiles\":null,\"CompiledGoFiles\":null,\"IgnoredGoFiles\":null,\"TestGoFiles\":[\"list_test.go\"],\"XTestGoFiles\":null,\"Standard\":false,\"Error\":null,\"DepsErrors\":null},{\"ImportPath\":\"go.temporal.io/server/tools/gomad3/target/internal/gocommand\",\"Dir\":\"/Users/stephan/Workspace/skunkworks/gomad/temporal/tools/gomad3/target/internal/gocommand\",\"Imports\":[\"context\",\"fmt\",\"go.temporal.io/server/tools/gomad3/internal/hostexec\",\"time\"],\"ImportMap\":null,\"GoFiles\":[\"command.go\"],\"CgoFiles\":null,\"CompiledGoFiles\":null,\"IgnoredGoFiles\":null,\"TestGoFiles\":[\"command_test.go\"],\"XTestGoFiles\":null,\"Standard\":false,\"Error\":null,\"DepsErrors\":null},{\"ImportPath\":\"go.temporal.io/server/tools/gomad3/target/internal/livecap\",\"Dir\":\"/Users/stephan/Workspace/skunkworks/gomad/temporal/tools/gomad3"}
{"Time":"2026-10-08T20:26:44.449038621Z","Action":"output","Package":"go.temporal.io/server/tools/gomad3","Test":"TestHostPackageVet/linux/amd64","Output":"/target/internal/livecap\",\"Imports\":[\"bytes\",\"crypto/sha256\",\"debug/elf\",\"debug/macho\",\"encoding/binary\",\"errors\",\"fmt\",\"go.temporal.io/server/tools/gomad3/internal/canonicaljson\",\"go.temporal.io/server/tools/gomad3/record\",\"io\",\"os\",\"strings\"],\"ImportMap\":null,\"GoFiles\":[\"extract.go\",\"livecap.go\",\"project.go\",\"protocol_generated.go\"],\"CgoFiles\":null,\"CompiledGoFiles\":null,\"IgnoredGoFiles\":null,\"TestGoFiles\":[\"livecap_test.go\",\"project_test.go\",\"toolchain_test.go\"],\"XTestGoFiles\":null,\"Standard\":false,\"Error\":null,\"DepsErrors\":null},{\"ImportPath\":\"go.temporal.io/server/tools/gomad3/target/internal/provenance\",\"Dir\":\"/Users/stephan/Workspace/skunkworks/gomad/temporal/tools/gomad3/target/internal/provenance\",\"Imports\":[\"errors\",\"fmt\",\"go.temporal.io/server/tools/gomad3/internal/canonicaljson\",\"go.temporal.io/server/tools/gomad3/internal/hostfs\",\"io\",\"os\"],\"ImportMap\":null,\"GoFiles\":[\"store.go\"],\"CgoFiles\":null,\"CompiledGoFiles\":null,\"IgnoredGoFiles\":null,\"TestGoFiles\":[\"store_test.go\"],\"XTestGoFiles\":null,\"Stan"}
{"Time":"2026-10-08T20:26:44.449059205Z","Action":"output","Package":"go.temporal.io/server/tools/gomad3","Test":"TestHostPackageVet/linux/amd64","Output":"dard\":false,\"Error\":null,\"DepsErrors\":null},{\"ImportPath\":\"go.temporal.io/server/tools/gomad3/toolchain\",\"Dir\":\"/Users/stephan/Workspace/skunkworks/gomad/temporal/tools/gomad3/toolchain\",\"Imports\":[\"archive/tar\",\"bytes\",\"compress/gzip\",\"context\",\"crypto/sha256\",\"encoding/json\",\"errors\",\"fmt\",\"go.temporal.io/server/tools/gomad3/internal/hostexec\",\"go.temporal.io/server/tools/gomad3/internal/hostfs\",\"go.temporal.io/server/tools/gomad3/toolchain/installation\",\"go.temporal.io/server/tools/gomad3/toolchain/version\",\"io\",\"io/fs\",\"net/http\",\"os\",\"path\",\"path/filepath\",\"regexp\",\"runtime\",\"slices\",\"sort\",\"strings\",\"time\"],\"ImportMap\":null,\"GoFiles\":[\"build.go\",\"buildkey.go\",\"installation.go\",\"lock.go\",\"patch.go\",\"patch_regenerate.go\",\"source.go\"],\"CgoFiles\":null,\"CompiledGoFiles\":null,\"IgnoredGoFiles\":null,\"TestGoFiles\":[\"build_test.go\",\"buildkey_test.go\",\"clock_inventory_test.go\",\"draw_inventory_test.go\",\"goroutine_inventory_test.go\",\"installation_test.go\",\"patch_cleanup_test.go\",\"patch_test.go\",\"source_cleanup_test."}
{"Time":"2026-10-08T20:26:44.449089413Z","Action":"output","Package":"go.temporal.io/server/tools/gomad3","Test":"TestHostPackageVet/linux/amd64","Output":"go\",\"source_test.go\"],\"XTestGoFiles\":null,\"Standard\":false,\"Error\":null,\"DepsErrors\":null},{\"ImportPath\":\"go.temporal.io/server/tools/gomad3/toolchain/installation\",\"Dir\":\"/Users/stephan/Workspace/skunkworks/gomad/temporal/tools/gomad3/toolchain/installation\",\"Imports\":[\"crypto/sha256\",\"fmt\",\"os\",\"path/filepath\",\"strings\"],\"ImportMap\":null,\"GoFiles\":[\"installation.go\"],\"CgoFiles\":null,\"CompiledGoFiles\":null,\"IgnoredGoFiles\":null,\"TestGoFiles\":[\"installation_test.go\"],\"XTestGoFiles\":null,\"Standard\":false,\"Error\":null,\"DepsErrors\":null},{\"ImportPath\":\"go.temporal.io/server/tools/gomad3/toolchain/version\",\"Dir\":\"/Users/stephan/Workspace/skunkworks/gomad/temporal/tools/gomad3/toolchain/version\",\"Imports\":[\"bytes\",\"encoding/json\",\"errors\",\"fmt\",\"go.temporal.io/server/tools/gomad3/internal/hostfs\",\"go/format\",\"golang.org/x/mod/module\",\"io\",\"os\",\"path/filepath\",\"regexp\",\"slices\",\"strings\"],\"ImportMap\":null,\"GoFiles\":[\"descriptor.go\",\"generated.go\"],\"CgoFiles\":null,\"CompiledGoFiles\":null,\"IgnoredGoFiles\":null,\"TestGo"}
{"Time":"2026-10-08T20:26:44.449126788Z","Action":"output","Package":"go.temporal.io/server/tools/gomad3","Test":"TestHostPackageVet/linux/amd64","Output":"Files\":[\"descriptor_test.go\"],\"XTestGoFiles\":null,\"Standard\":false,\"Error\":null,\"DepsErrors\":null},{\"ImportPath\":\"go.temporal.io/server/tools/gomad3/upgrade\",\"Dir\":\"/Users/stephan/Workspace/skunkworks/gomad/temporal/tools/gomad3/upgrade\",\"Imports\":[\"archive/tar\",\"bytes\",\"compress/gzip\",\"context\",\"crypto/sha256\",\"encoding/json\",\"errors\",\"fmt\",\"go.temporal.io/server/tools/gomad3/internal/canonicaljson\",\"go.temporal.io/server/tools/gomad3/internal/hostexec\",\"go.temporal.io/server/tools/gomad3/internal/hostfs\",\"go.temporal.io/server/tools/gomad3/qualification/set\",\"go.temporal.io/server/tools/gomad3/toolchain/version\",\"go.temporal.io/server/tools/gomad3/upgrade/adapterregen\",\"go.temporal.io/server/tools/gomad3/upgrade/pinimpact\",\"io\",\"os\",\"os/exec\",\"path/filepath\",\"runtime\",\"slices\",\"strings\",\"time\"],\"ImportMap\":null,\"GoFiles\":[\"maintenance_compat.go\",\"upgrade.go\"],\"CgoFiles\":null,\"CompiledGoFiles\":null,\"IgnoredGoFiles\":null,\"TestGoFiles\":[\"upgrade_io_test.go\",\"upgrade_test.go\",\"upgrade_unix_test.go\"],\"XTestGoFil"}
{"Time":"2026-10-08T20:26:44.449146621Z","Action":"output","Package":"go.temporal.io/server/tools/gomad3","Test":"TestHostPackageVet/linux/amd64","Output":"es\":null,\"Standard\":false,\"Error\":null,\"DepsErrors\":null},{\"ImportPath\":\"go.temporal.io/server/tools/gomad3/upgrade/adapterregen\",\"Dir\":\"/Users/stephan/Workspace/skunkworks/gomad/temporal/tools/gomad3/upgrade/adapterregen\",\"Imports\":[\"bytes\",\"context\",\"crypto/sha256\",\"encoding/json\",\"errors\",\"fmt\",\"go.temporal.io/server/tools/gomad3/deterministicio\",\"go.temporal.io/server/tools/gomad3/internal/compatibilitypack\",\"go.temporal.io/server/tools/gomad3/internal/hostexec\",\"go.temporal.io/server/tools/gomad3/internal/hostfs\",\"go.temporal.io/server/tools/gomad3/toolchain/version\",\"golang.org/x/mod/modfile\",\"io\",\"io/fs\",\"maps\",\"os\",\"path\",\"path/filepath\",\"slices\",\"sort\",\"strconv\",\"strings\",\"time\"],\"ImportMap\":null,\"GoFiles\":[\"adapterregen.go\",\"diff.go\",\"render.go\",\"transaction.go\"],\"CgoFiles\":null,\"CompiledGoFiles\":null,\"IgnoredGoFiles\":null,\"TestGoFiles\":[\"adapterregen_test.go\",\"checkout_revalidation_test.go\",\"default_pipeline_test.go\",\"lock_release_test.go\",\"publication_cleanup_test.go\"],\"XTestGoFiles\":null,\"Standar"}
{"Time":"2026-10-08T20:26:44.44923433Z","Action":"output","Package":"go.temporal.io/server/tools/gomad3","Test":"TestHostPackageVet/linux/amd64","Output":"d\":false,\"Error\":null,\"DepsErrors\":null},{\"ImportPath\":\"go.temporal.io/server/tools/gomad3/upgrade/pinimpact\",\"Dir\":\"/Users/stephan/Workspace/skunkworks/gomad/temporal/tools/gomad3/upgrade/pinimpact\",\"Imports\":[\"bytes\",\"context\",\"crypto/sha256\",\"encoding/json\",\"errors\",\"fmt\",\"go.temporal.io/server/tools/gomad3/deterministicio\",\"go.temporal.io/server/tools/gomad3/internal/canonicaljson\",\"go.temporal.io/server/tools/gomad3/internal/compatibilitypack\",\"go.temporal.io/server/tools/gomad3/internal/hostexec\",\"go.temporal.io/server/tools/gomad3/toolchain/version\",\"go/ast\",\"go/parser\",\"go/token\",\"go/version\",\"golang.org/x/mod/modfile\",\"golang.org/x/mod/module\",\"io\",\"io/fs\",\"maps\",\"os\",\"path/filepath\",\"regexp\",\"slices\",\"strconv\",\"strings\",\"time\"],\"ImportMap\":null,\"GoFiles\":[\"modules.go\",\"pinimpact.go\",\"render.go\",\"toolchain.go\"],\"CgoFiles\":null,\"CompiledGoFiles\":null,\"IgnoredGoFiles\":null,\"TestGoFiles\":null,\"XTestGoFiles\":[\"pack_sums_test.go\",\"packs_directory_test.go\",\"pinimpact_test.go\",\"portable_fixtures_test.go\",\"r"}
{"Time":"2026-10-08T20:26:44.449289288Z","Action":"output","Package":"go.temporal.io/server/tools/gomad3","Test":"TestHostPackageVet/linux/amd64","Output":"esolver_test.go\",\"rule_sums_test.go\"],\"Standard\":false,\"Error\":null,\"DepsErrors\":null},{\"ImportPath\":\"go.temporal.io/server/tools/gomad3/world\",\"Dir\":\"/Users/stephan/Workspace/skunkworks/gomad/temporal/tools/gomad3/world\",\"Imports\":[\"bytes\",\"container/heap\",\"crypto/hmac\",\"crypto/sha256\",\"encoding/binary\",\"encoding/hex\",\"encoding/json\",\"fmt\",\"go.temporal.io/server/tools/gomad3/internal/canonicaljson\",\"io\",\"math\",\"regexp\",\"sort\",\"strconv\",\"sync\",\"unicode/utf8\"],\"ImportMap\":null,\"GoFiles\":[\"choice.go\",\"codec.go\",\"doc.go\",\"errors.go\",\"queue.go\",\"recording.go\",\"replay.go\",\"snapshot.go\",\"types.go\",\"world.go\"],\"CgoFiles\":null,\"CompiledGoFiles\":null,\"IgnoredGoFiles\":null,\"TestGoFiles\":[\"benchmark_test.go\",\"capacity_test.go\",\"codec_test.go\",\"concurrency_test.go\",\"recording_terminal_test.go\",\"recording_test.go\",\"replay_test.go\",\"snapshot_test.go\",\"world_test.go\"],\"XTestGoFiles\":null,\"Standard\":false,\"Error\":null,\"DepsErrors\":null},{\"ImportPath\":\"go.temporal.io/server/tools/gomad3/world/mailbox\",\"Dir\":\"/Users/stephan/Wo"}
{"Time":"2026-10-08T20:26:44.449332996Z","Action":"output","Package":"go.temporal.io/server/tools/gomad3","Test":"TestHostPackageVet/linux/amd64","Output":"rkspace/skunkworks/gomad/temporal/tools/gomad3/world/mailbox\",\"Imports\":[\"crypto/sha256\",\"encoding/binary\",\"encoding/hex\",\"fmt\",\"go.temporal.io/server/tools/gomad3/world\",\"slices\",\"sort\",\"unicode/utf8\"],\"ImportMap\":null,\"GoFiles\":[\"mailbox.go\"],\"CgoFiles\":null,\"CompiledGoFiles\":null,\"IgnoredGoFiles\":null,\"TestGoFiles\":[\"mailbox_test.go\"],\"XTestGoFiles\":null,\"Standard\":false,\"Error\":null,\"DepsErrors\":null},{\"ImportPath\":\"go.temporal.io/server/tools/gomad3/world/process\",\"Dir\":\"/Users/stephan/Workspace/skunkworks/gomad/temporal/tools/gomad3/world/process\",\"Imports\":[\"bytes\",\"encoding/binary\",\"errors\",\"fmt\",\"go.temporal.io/server/tools/gomad3/world\",\"io\",\"os\"],\"ImportMap\":null,\"GoFiles\":[\"config.go\",\"session.go\"],\"CgoFiles\":null,\"CompiledGoFiles\":null,\"IgnoredGoFiles\":null,\"TestGoFiles\":[\"config_test.go\",\"session_terminal_test.go\"],\"XTestGoFiles\":null,\"Standard\":false,\"Error\":null,\"DepsErrors\":null}],\"Sources\":[\"architecture_test.go\",\"artifact/link_count_other.go\",\"artifact/link_count_unix.go\",\"artifact/manifest"}
{"Time":"2026-10-08T20:26:44.449359705Z","Action":"output","Package":"go.temporal.io/server/tools/gomad3","Test":"TestHostPackageVet/linux/amd64","Output":"_copy.go\",\"artifact/open.go\",\"artifact/opened_test.go\",\"artifact/publication.go\",\"artifact/publication_test.go\",\"artifact/rename_noreplace.go\",\"artifact/rename_noreplace_darwin.go\",\"artifact/rename_noreplace_linux.go\",\"artifact/rename_noreplace_linux_other.go\",\"artifact/rename_noreplace_other.go\",\"artifact/rename_noreplace_windows.go\",\"artifact/rename_sysnum_linux_amd64.go\",\"artifact/rename_sysnum_linux_arm64.go\",\"artifact/retained_bytes.go\",\"artifact/retained_bytes_test.go\",\"artifact/store.go\",\"artifact/store_mode_unix_test.go\",\"artifact/store_test.go\",\"artifact/target_pool.go\",\"artifact/target_pool_test.go\",\"artifact/target_pool_unix_test.go\",\"choice/diagnostic.go\",\"choice/diagnostic_test.go\",\"choice/divergence.go\",\"choice/internal/wire/wire_generated.go\",\"choice/internal/wire/wire_generated_test.go\",\"choice/legacy_v1.go\",\"choice/legacy_v1_test.go\",\"choice/no_op_select.go\",\"choice/readiness_test.go\",\"choice/session.go\",\"choice/session_test.go\",\"choice/tape.go\",\"choice/tape_test.go\",\"choice/trace.go\",\"choice"}
{"Time":"2026-10-08T20:26:44.449381163Z","Action":"output","Package":"go.temporal.io/server/tools/gomad3","Test":"TestHostPackageVet/linux/amd64","Output":"/trace_test.go\",\"choice/wire.go\",\"cmd/gomad/e2e_test.go\",\"cmd/gomad/internal/cli/analyze.go\",\"cmd/gomad/internal/cli/application.go\",\"cmd/gomad/internal/cli/application_characterization_test.go\",\"cmd/gomad/internal/cli/application_test.go\",\"cmd/gomad/internal/cli/campaign_semantics_ownership_test.go\",\"cmd/gomad/internal/cli/campaign_shards.go\",\"cmd/gomad/internal/cli/campaign_shards_test.go\",\"cmd/gomad/internal/cli/characterization_support_test.go\",\"cmd/gomad/internal/cli/characterization_test.go\",\"cmd/gomad/internal/cli/cli.go\",\"cmd/gomad/internal/cli/cli_test.go\",\"cmd/gomad/internal/cli/compare_support.go\",\"cmd/gomad/internal/cli/diagnostics_test.go\",\"cmd/gomad/internal/cli/doctor.go\",\"cmd/gomad/internal/cli/doctor_test.go\",\"cmd/gomad/internal/cli/exploration_divergence_test.go\",\"cmd/gomad/internal/cli/explore_failure_writer_test.go\",\"cmd/gomad/internal/cli/explore_output.go\",\"cmd/gomad/internal/cli/guidance_test.go\",\"cmd/gomad/internal/cli/inspect_target_sharing_test.go\",\"cmd/gomad/internal/cli/plan_charac"}
{"Time":"2026-10-08T20:26:44.449404163Z","Action":"output","Package":"go.temporal.io/server/tools/gomad3","Test":"TestHostPackageVet/linux/amd64","Output":"terization_test.go\",\"cmd/gomad/internal/cli/qualify.go\",\"cmd/gomad/internal/cli/qualify_set.go\",\"cmd/gomad/internal/cli/quote.go\",\"cmd/gomad/internal/cli/quote_test.go\",\"cmd/gomad/internal/cli/recover.go\",\"cmd/gomad/internal/cli/resume.go\",\"cmd/gomad/internal/cli/working_directory.go\",\"cmd/gomad/internal/cli/working_directory_test.go\",\"cmd/gomad/main.go\",\"cmd/gomad/retained_success_e2e_test.go\",\"cmd/gomad/testdata/campaign/main.go\",\"cmd/gomad/testdata/seedfree/main.go\",\"cmd/gomad/testdata/watchdog/main.go\",\"cmd/gomad/watchdog_e2e_test.go\",\"cmd/gomad/watchdog_replay_e2e_test.go\",\"cmd/gomadtool/adapter_regenerate.go\",\"cmd/gomadtool/adapter_regenerate_diagnostics_test.go\",\"cmd/gomadtool/adapter_regenerate_test.go\",\"cmd/gomadtool/boundary.go\",\"cmd/gomadtool/compatibility_pack.go\",\"cmd/gomadtool/compatibility_pack_refresh.go\",\"cmd/gomadtool/compatibility_pack_refresh_diagnostics_test.go\",\"cmd/gomadtool/compatibility_pack_refresh_output_test.go\",\"cmd/gomadtool/compatibility_pack_refresh_resolved_test.go\",\"cmd/gomad"}
{"Time":"2026-10-08T20:26:44.449433038Z","Action":"output","Package":"go.temporal.io/server/tools/gomad3","Test":"TestHostPackageVet/linux/amd64","Output":"tool/compatibility_pack_refresh_test.go\",\"cmd/gomadtool/compatibility_root_test.go\",\"cmd/gomadtool/diagnostic.go\",\"cmd/gomadtool/diagnostic_test.go\",\"cmd/gomadtool/main.go\",\"cmd/gomadtool/main_test.go\",\"cmd/gomadtool/maintainer_output_patch_test.go\",\"cmd/gomadtool/maintainer_output_test.go\",\"cmd/gomadtool/pin_impact.go\",\"cmd/gomadtool/pin_impact_diagnostics_test.go\",\"cmd/gomadtool/pin_impact_test.go\",\"cmd/gomadtool/protocol.go\",\"cmd/gomadtool/qualification_manifest.go\",\"cmd/gomadtool/soak.go\",\"cmd/gomadtool/soak_test.go\",\"cmd/gomadtool/upgrade.go\",\"cmd/gomadtool/upgrade_test.go\",\"cmd/gomadtool/version.go\",\"deterministicio/adapter_cache_cleanup_test.go\",\"deterministicio/adapter_configuration_portable_test.go\",\"deterministicio/adapter_consumers_portable_test.go\",\"deterministicio/adapter_copy.go\",\"deterministicio/adapter_copy_test.go\",\"deterministicio/adapter_graph_portable_test.go\",\"deterministicio/adapter_pin_decisions_test.go\",\"deterministicio/adapter_preservation_portable_test.go\",\"deterministicio/adapter_re"}
{"Time":"2026-10-08T20:26:44.449513538Z","Action":"output","Package":"go.temporal.io/server/tools/gomad3","Test":"TestHostPackageVet/linux/amd64","Output":"generate.go\",\"deterministicio/adapter_regenerate_portable_test.go\",\"deterministicio/adapter_regenerate_source.go\",\"deterministicio/adapter_regenerate_test.go\",\"deterministicio/adapter_registry.go\",\"deterministicio/adapter_registry_test.go\",\"deterministicio/adapter_rewrite.go\",\"deterministicio/adapter_rewrite_test.go\",\"deterministicio/adapter_verify_cleanup_test.go\",\"deterministicio/bootstrap.go\",\"deterministicio/bootstrap_toolchain_test.go\",\"deterministicio/boundary_generated.go\",\"deterministicio/cactusstatsd_adapter.go\",\"deterministicio/domain.go\",\"deterministicio/downstream_adapter_registry_test.go\",\"deterministicio/fx_adapter.go\",\"deterministicio/grpc_adapter.go\",\"deterministicio/grpc_adapter_test.go\",\"deterministicio/grpc_dns_test.go\",\"deterministicio/hashicorpmetrics_adapter.go\",\"deterministicio/hashicorpmetrics_adapter_test.go\",\"deterministicio/host_dispatch_patch_test.go\",\"deterministicio/internal/wire/wire_generated.go\",\"deterministicio/internal/wire/wire_generated_test.go\",\"deterministicio/libc_adapt"}
{"Time":"2026-10-08T20:26:44.449549163Z","Action":"output","Package":"go.temporal.io/server/tools/gomad3","Test":"TestHostPackageVet/linux/amd64","Output":"er.go\",\"deterministicio/libc_adapter_test.go\",\"deterministicio/libc_regenerate.go\",\"deterministicio/libc_regenerate_test.go\",\"deterministicio/memberlist_adapter.go\",\"deterministicio/memberlist_adapter_test.go\",\"deterministicio/memory_adapter.go\",\"deterministicio/memory_adapter_test.go\",\"deterministicio/metrics_consumer_portable_test.go\",\"deterministicio/otelsdk_adapter.go\",\"deterministicio/pebble_adapter.go\",\"deterministicio/profile.go\",\"deterministicio/profile_portable_test.go\",\"deterministicio/profile_test.go\",\"deterministicio/readonlymount/capture.go\",\"deterministicio/readonlymount/capture_test.go\",\"deterministicio/readonlymount/config.go\",\"deterministicio/readonlymount/config_test.go\",\"deterministicio/readonlymount/hardlink_other.go\",\"deterministicio/readonlymount/hardlink_unix.go\",\"deterministicio/readonlymount/inventory.go\",\"deterministicio/readonlymount/inventory_test.go\",\"deterministicio/readonlymount/persistence.go\",\"deterministicio/readonlymount/persistence_test.go\",\"deterministicio/readonlymount/wi"}
{"Time":"2026-10-08T20:26:44.449605705Z","Action":"output","Package":"go.temporal.io/server/tools/gomad3","Test":"TestHostPackageVet/linux/amd64","Output":"re.go\",\"deterministicio/readonlymount/wire_test.go\",\"deterministicio/requirements.go\",\"deterministicio/requirements_test.go\",\"deterministicio/semantic_coverage.go\",\"deterministicio/semantic_coverage_test.go\",\"deterministicio/sentry_adapter.go\",\"deterministicio/session.go\",\"deterministicio/session_test.go\",\"deterministicio/sockaddr_adapter.go\",\"deterministicio/sockaddr_boundary_test.go\",\"deterministicio/sprig_adapter.go\",\"deterministicio/temporalsdk_adapter.go\",\"deterministicio/testdata/cactusstatsd/cactusstatsd_test.go\",\"deterministicio/testdata/grpcdns/dns_test.go\",\"deterministicio/testdata/hashicorpmetrics/metrics_test.go\",\"deterministicio/testdata/memberlist/memberlist_test.go\",\"deterministicio/testdata/pebble/pebble_test.go\",\"deterministicio/testdata/sentry/sentry_test.go\",\"deterministicio/testdata/sockaddr/boundary_test.go\",\"deterministicio/testdata/sockaddr/main.go\",\"deterministicio/testdata/sprig/sprig_test.go\",\"deterministicio/testdata/validator/validator_test.go\",\"deterministicio/transcript.go\",\"dete"}
{"Time":"2026-10-08T20:26:44.44964433Z","Action":"output","Package":"go.temporal.io/server/tools/gomad3","Test":"TestHostPackageVet/linux/amd64","Output":"rministicio/validator_adapter.go\",\"deterministicio/xnet_adapter.go\",\"deterministicio/xnet_adapter_test.go\",\"filesystem_handles_ownership_test.go\",\"internal/canonicaljson/canonical.go\",\"internal/canonicaljson/canonical_characterization_test.go\",\"internal/canonicaljson/canonical_test.go\",\"internal/compatibilitypack/authoring/discover.go\",\"internal/compatibilitypack/authoring/discover_test.go\",\"internal/compatibilitypack/authoring/generate.go\",\"internal/compatibilitypack/authoring/generate_test.go\",\"internal/compatibilitypack/authoring/publication.go\",\"internal/compatibilitypack/authoring/qualify.go\",\"internal/compatibilitypack/authoring/qualify_test.go\",\"internal/compatibilitypack/authoring/refresh.go\",\"internal/compatibilitypack/authoring/refresh_test.go\",\"internal/compatibilitypack/authoring/request.go\",\"internal/compatibilitypack/authoring/request_test.go\",\"internal/compatibilitypack/authoring/review.go\",\"internal/compatibilitypack/authoring/review_test.go\",\"internal/compatibilitypack/authoring/variant_selec"}
{"Time":"2026-10-08T20:26:44.449671788Z","Action":"output","Package":"go.temporal.io/server/tools/gomad3","Test":"TestHostPackageVet/linux/amd64","Output":"tors_test.go\",\"internal/compatibilitypack/authoring/working_directories.go\",\"internal/compatibilitypack/evidence_test.go\",\"internal/compatibilitypack/external_test.go\",\"internal/compatibilitypack/mutation_test.go\",\"internal/compatibilitypack/packs_generated_test.go\",\"internal/compatibilitypack/policy.go\",\"internal/compatibilitypack/policy_exhaustive_test.go\",\"internal/compatibilitypack/policy_test.go\",\"internal/compatibilitypack/profile_binding_test.go\",\"internal/compatibilitypack/schema.go\",\"internal/compatibilitypack/schema_admission_test.go\",\"internal/compatibilitypack/schema_timezone_test.go\",\"internal/compatibilitypack/testdata/v041/libc_test.go\",\"internal/compatibilitypack/testdata/xsys/xsys_test.go\",\"internal/compatibilitypack/v2_selection.go\",\"internal/gomadtool/architecture/architecture.go\",\"internal/gomadtool/architecture/architecture_test.go\",\"internal/gomadtool/architecture/edges.go\",\"internal/gomadtool/architecture/effects.go\",\"internal/gomadtool/architecture/effects_test.go\",\"internal/gomadtool/"}
{"Time":"2026-10-08T20:26:44.449693621Z","Action":"output","Package":"go.temporal.io/server/tools/gomad3","Test":"TestHostPackageVet/linux/amd64","Output":"architecture/error_provenance_test.go\",\"internal/gomadtool/architecture/initialization.go\",\"internal/gomadtool/architecture/initialization_test.go\",\"internal/gomadtool/architecture/memory_sources.go\",\"internal/gomadtool/architecture/mutation_test.go\",\"internal/gomadtool/architecture/program.go\",\"internal/gomadtool/architecture/range_test.go\",\"internal/gomadtool/architecture/signature_test.go\",\"internal/gomadtool/architecture/standard.go\",\"internal/gomadtool/architecture/startup_sources.go\",\"internal/gomadtool/conformance/driver.go\",\"internal/gomadtool/conformance/driver_test.go\",\"internal/gomadtool/conformance/exec_wrapper_unix_test.go\",\"internal/gomadtool/conformance/registry.go\",\"internal/gomadtool/conformance/registry_test.go\",\"internal/gomadtool/conformance/runtime_bootstrap.go\",\"internal/gomadtool/conformance/runtime_campaign.go\",\"internal/gomadtool/conformance/runtime_choice.go\",\"internal/gomadtool/conformance/runtime_clock_tick.go\",\"internal/gomadtool/conformance/runtime_clocks.go\",\"internal/gomadtool/"}
{"Time":"2026-10-08T20:26:44.44971358Z","Action":"output","Package":"go.temporal.io/server/tools/gomad3","Test":"TestHostPackageVet/linux/amd64","Output":"conformance/runtime_compatibility.go\",\"internal/gomadtool/conformance/runtime_linking.go\",\"internal/gomadtool/conformance/runtime_load.go\",\"internal/gomadtool/conformance/runtime_owned.go\",\"internal/gomadtool/conformance/runtime_owned_test.go\",\"internal/gomadtool/conformance/runtime_repeatability.go\",\"internal/gomadtool/conformance/runtime_scheduling.go\",\"internal/gomadtool/conformance/runtime_test.go\",\"internal/gomadtool/conformance/testdata/activation/main.go\",\"internal/gomadtool/conformance/testdata/activation_io/main.go\",\"internal/gomadtool/conformance/testdata/automatic_gc/main.go\",\"internal/gomadtool/conformance/testdata/channels/main.go\",\"internal/gomadtool/conformance/testdata/choice_exploration/main.go\",\"internal/gomadtool/conformance/testdata/choice_replay/main.go\",\"internal/gomadtool/conformance/testdata/clock/main.go\",\"internal/gomadtool/conformance/testdata/clock_audit/main.go\",\"internal/gomadtool/conformance/testdata/clock_bench/clock_bench_test.go\",\"internal/gomadtool/conformance/testdata/clock"}
{"Time":"2026-10-08T20:26:44.449740288Z","Action":"output","Package":"go.temporal.io/server/tools/gomad3","Test":"TestHostPackageVet/linux/amd64","Output":"_cgo/main.go\",\"internal/gomadtool/conformance/testdata/clock_deadlock/main.go\",\"internal/gomadtool/conformance/testdata/clock_gotest/clock_gotest_test.go\",\"internal/gomadtool/conformance/testdata/clock_io/main.go\",\"internal/gomadtool/conformance/testdata/clock_race/main.go\",\"internal/gomadtool/conformance/testdata/clock_spin/main.go\",\"internal/gomadtool/conformance/testdata/clock_synctest/clock_synctest_test.go\",\"internal/gomadtool/conformance/testdata/clock_tick/main.go\",\"internal/gomadtool/conformance/testdata/clock_tick_deadline/main.go\",\"internal/gomadtool/conformance/testdata/clock_tick_due/main.go\",\"internal/gomadtool/conformance/testdata/diagnostic_fault/main.go\",\"internal/gomadtool/conformance/testdata/draw_check/main.go\",\"internal/gomadtool/conformance/testdata/environment/main.go\",\"internal/gomadtool/conformance/testdata/gotest/gotest_test.go\",\"internal/gomadtool/conformance/testdata/intercept/intercept.go\",\"internal/gomadtool/conformance/testdata/intercept/intercept_test.go\",\"internal/gomadtool/con"}
{"Time":"2026-10-08T20:26:44.449773288Z","Action":"output","Package":"go.temporal.io/server/tools/gomad3","Test":"TestHostPackageVet/linux/amd64","Output":"formance/testdata/interceptfail/bad_handled/fixture.go\",\"internal/gomadtool/conformance/testdata/interceptfail/bad_handled/fixture_test.go\",\"internal/gomadtool/conformance/testdata/interceptfail/bad_parameter/fixture.go\",\"internal/gomadtool/conformance/testdata/interceptfail/bad_parameter/fixture_test.go\",\"internal/gomadtool/conformance/testdata/interceptfail/bad_result/fixture.go\",\"internal/gomadtool/conformance/testdata/interceptfail/bad_result/fixture_test.go\",\"internal/gomadtool/conformance/testdata/interceptfail/body_mismatch/fixture.go\",\"internal/gomadtool/conformance/testdata/interceptfail/body_mismatch/fixture_test.go\",\"internal/gomadtool/conformance/testdata/interceptfail/bodyless_target/fixture.go\",\"internal/gomadtool/conformance/testdata/interceptfail/bodyless_target/fixture_test.go\",\"internal/gomadtool/conformance/testdata/interceptfail/duplicate_target/fixture.go\",\"internal/gomadtool/conformance/testdata/interceptfail/duplicate_target/fixture_test.go\",\"internal/gomadtool/conformance/testdata/inte"}
{"Time":"2026-10-08T20:26:44.449834121Z","Action":"output","Package":"go.temporal.io/server/tools/gomad3","Test":"TestHostPackageVet/linux/amd64","Output":"rceptfail/missing_hook/fixture.go\",\"internal/gomadtool/conformance/testdata/interceptfail/missing_hook/fixture_test.go\",\"internal/gomadtool/conformance/testdata/interceptfail/missing_target/fixture.go\",\"internal/gomadtool/conformance/testdata/interceptfail/missing_target/fixture_test.go\",\"internal/gomadtool/conformance/testdata/interceptfail/variadic/fixture.go\",\"internal/gomadtool/conformance/testdata/interceptfail/variadic/fixture_test.go\",\"internal/gomadtool/conformance/testdata/internal/perturb/perturb.go\",\"internal/gomadtool/conformance/testdata/io_entropy/main.go\",\"internal/gomadtool/conformance/testdata/io_failure/io_failure_test.go\",\"internal/gomadtool/conformance/testdata/io_fd5/main.go\",\"internal/gomadtool/conformance/testdata/io_filesystem/main.go\",\"internal/gomadtool/conformance/testdata/io_handoff_contention/main.go\",\"internal/gomadtool/conformance/testdata/io_net/main.go\",\"internal/gomadtool/conformance/testdata/io_net_races/main.go\",\"internal/gomadtool/conformance/testdata/io_ro_mount/main.go\","}
{"Time":"2026-10-08T20:26:44.449858455Z","Action":"output","Package":"go.temporal.io/server/tools/gomad3","Test":"TestHostPackageVet/linux/amd64","Output":"\"internal/gomadtool/conformance/testdata/io_ro_mount_failure/main.go\",\"internal/gomadtool/conformance/testdata/io_signal/main.go\",\"internal/gomadtool/conformance/testdata/io_user/main.go\",\"internal/gomadtool/conformance/testdata/libc_adapter/main.go\",\"internal/gomadtool/conformance/testdata/libc_adapter/stat_darwin.go\",\"internal/gomadtool/conformance/testdata/libc_adapter/stat_linux.go\",\"internal/gomadtool/conformance/testdata/locked_syscall/main.go\",\"internal/gomadtool/conformance/testdata/maps/main.go\",\"internal/gomadtool/conformance/testdata/model_fs/main.go\",\"internal/gomadtool/conformance/testdata/model_net/main.go\",\"internal/gomadtool/conformance/testdata/net_bind/main.go\",\"internal/gomadtool/conformance/testdata/preemption/main.go\",\"internal/gomadtool/conformance/testdata/random/main.go\",\"internal/gomadtool/conformance/testdata/runner_external/consumer.go\",\"internal/gomadtool/conformance/testdata/runq_shuffle/main.go\",\"internal/gomadtool/conformance/testdata/runq_user_choice/main.go\",\"internal/gomadtoo"}
{"Time":"2026-10-08T20:26:44.449895038Z","Action":"output","Package":"go.temporal.io/server/tools/gomad3","Test":"TestHostPackageVet/linux/amd64","Output":"l/conformance/testdata/runqueue/main.go\",\"internal/gomadtool/conformance/testdata/runtime_owned/main.go\",\"internal/gomadtool/conformance/testdata/scheduler/main.go\",\"internal/gomadtool/conformance/testdata/scheduler_min/main.go\",\"internal/gomadtool/conformance/testdata/select/main.go\",\"internal/gomadtool/conformance/testdata/select_readiness/main.go\",\"internal/gomadtool/conformance/testdata/sqlite_adapter/main.go\",\"internal/gomadtool/conformance/testdata/static_addresses/main.go\",\"internal/gomadtool/conformance/testdata/sync/main.go\",\"internal/gomadtool/conformance/testdata/timer_callback_identity/main.go\",\"internal/gomadtool/conformance/testdata/timer_creator_identity/main.go\",\"internal/gomadtool/conformance/testdata/timer_reset_identity/main.go\",\"internal/gomadtool/conformance/testdata/timer_ties/main.go\",\"internal/gomadtool/generation/boundary/boundary_discovery.go\",\"internal/gomadtool/generation/boundary/boundary_manifest.go\",\"internal/gomadtool/generation/boundary/boundary_manifest_test.go\",\"internal/gom"}
{"Time":"2026-10-08T20:26:44.449915746Z","Action":"output","Package":"go.temporal.io/server/tools/gomad3","Test":"TestHostPackageVet/linux/amd64","Output":"adtool/generation/boundary/boundary_qualification.go\",\"internal/gomadtool/generation/boundary/projection.go\",\"internal/gomadtool/generation/protocol/protocol.go\",\"internal/gomadtool/generation/protocol/protocol_test.go\",\"internal/gomadtool/validation/script_policy.go\",\"internal/gomadtool/validation/script_policy_test.go\",\"internal/hostexec/command.go\",\"internal/hostexec/command_other.go\",\"internal/hostexec/command_unix.go\",\"internal/hostexec/command_unix_test.go\",\"internal/hostexec/output.go\",\"internal/hostexec/output_test.go\",\"internal/hostfs/linkcount_other.go\",\"internal/hostfs/linkcount_unix.go\",\"internal/hostfs/lock.go\",\"internal/hostfs/lock_other.go\",\"internal/hostfs/lock_unix.go\",\"internal/hostfs/lock_unix_test.go\",\"internal/hostfs/open.go\",\"internal/hostfs/open_nofollow_other.go\",\"internal/hostfs/open_nofollow_unix.go\",\"internal/hostfs/open_test.go\",\"internal/hostfs/open_unix_test.go\",\"internal/hostfs/read.go\",\"internal/hostfs/read_test.go\",\"internal/hostfs/replace.go\",\"internal/hostfs/replace_test.go\""}
{"Time":"2026-10-08T20:26:44.44995083Z","Action":"output","Package":"go.temporal.io/server/tools/gomad3","Test":"TestHostPackageVet/linux/amd64","Output":",\"internal/preparation/inspection.go\",\"internal/preparation/inspection_test.go\",\"internal/preparation/preparation.go\",\"internal/preparation/preparation_test.go\",\"internal/sourceinventory/inventory.go\",\"internal/sourceinventory/inventory_test.go\",\"network_handles_ownership_test.go\",\"process_commands_ownership_test.go\",\"qualification/analysis/analysis.go\",\"qualification/analysis/analysis_test.go\",\"qualification/analysis/prepared_review.go\",\"qualification/analysis/prepared_review_test.go\",\"qualification/comparison/comparison.go\",\"qualification/comparison/comparison_test.go\",\"qualification/corpus/basic/concurrency/concurrency_test.go\",\"qualification/corpus/basic/filesystem/filesystem_test.go\",\"qualification/corpus/basic/mount/mount_test.go\",\"qualification/corpus/basic/network/network_test.go\",\"qualification/corpus/thirdparty/libc/libc_test.go\",\"qualification/corpus/thirdparty/persistence/sqlite_test.go\",\"qualification/diagnostics_test.go\",\"qualification/events.go\",\"qualification/events_test.go\",\"qualification/qua"}
{"Time":"2026-10-08T20:26:44.449974621Z","Action":"output","Package":"go.temporal.io/server/tools/gomad3","Test":"TestHostPackageVet/linux/amd64","Output":"lification.go\",\"qualification/qualification_test.go\",\"qualification/set/execution.go\",\"qualification/set/freespace.go\",\"qualification/set/manifestgen/manifestgen.go\",\"qualification/set/manifestgen/manifestgen_test.go\",\"qualification/set/merge.go\",\"qualification/set/module.go\",\"qualification/set/prune.go\",\"qualification/set/prune_test.go\",\"qualification/set/set.go\",\"qualification/set/set_test.go\",\"qualification/set/soak.go\",\"qualification/soak/ledger.go\",\"qualification/soak/manifest.go\",\"qualification/soak/soak.go\",\"qualification/soak/soak_test.go\",\"qualification/workload/workload.go\",\"qualification/workload/workload_test.go\",\"record/identity.go\",\"record/record.go\",\"record/record_test.go\",\"record/types.go\",\"record/uint64_string.go\",\"record/uint64_string_test.go\",\"record/validation.go\",\"record/validation_timestamp_test.go\",\"record/world_terminal_identity_test.go\",\"runner/campaign.go\",\"runner/campaign_merge.go\",\"runner/campaign_options.go\",\"runner/campaign_options_characterization_test.go\",\"runner/campaign_optio"}
{"Time":"2026-10-08T20:26:44.45000733Z","Action":"output","Package":"go.temporal.io/server/tools/gomad3","Test":"TestHostPackageVet/linux/amd64","Output":"ns_cli_test.go\",\"runner/campaign_options_legacy_characterization_test.go\",\"runner/campaign_options_test.go\",\"runner/campaign_plan.go\",\"runner/campaign_shard.go\",\"runner/campaign_shard_execution.go\",\"runner/campaign_shard_test.go\",\"runner/campaign_test.go\",\"runner/choice_exploration_campaign.go\",\"runner/choice_exploration_divergence_test.go\",\"runner/choice_exploration_divergence_unix_test.go\",\"runner/clock_tick_test.go\",\"runner/completion.go\",\"runner/completion_characterization_test.go\",\"runner/completion_test.go\",\"runner/coordinator.go\",\"runner/coordinator_process_other.go\",\"runner/coordinator_process_unix.go\",\"runner/coordinator_process_unix_test.go\",\"runner/coordinator_test.go\",\"runner/coordinator_transport_test.go\",\"runner/coverage.go\",\"runner/coverage_replay_test.go\",\"runner/coverage_watchdog_test.go\",\"runner/deterministicio.go\",\"runner/diagnostic_identity_test.go\",\"runner/diagnostics.go\",\"runner/diagnostics_test.go\",\"runner/environment_integration_test.go\",\"runner/errors.go\",\"runner/errors_test.go\",\"runn"}
{"Time":"2026-10-08T20:26:44.450028621Z","Action":"output","Package":"go.temporal.io/server/tools/gomad3","Test":"TestHostPackageVet/linux/amd64","Output":"er/evidence.go\",\"runner/executor_injection_characterization_test.go\",\"runner/exploration_round.go\",\"runner/exploration_round_test.go\",\"runner/guidance.go\",\"runner/guidance_identity_test.go\",\"runner/guided_selection_test.go\",\"runner/inspect.go\",\"runner/inspect_capacity.go\",\"runner/inspect_projection_test.go\",\"runner/inspect_test.go\",\"runner/internal/campaign/artifact_capacity.go\",\"runner/internal/campaign/artifact_helper_test.go\",\"runner/internal/campaign/campaign_journal.go\",\"runner/internal/campaign/campaign_journal_test.go\",\"runner/internal/campaign/choice_exploration_divergence_test.go\",\"runner/internal/campaign/choice_exploration_journal.go\",\"runner/internal/campaign/choice_exploration_journal_test.go\",\"runner/internal/campaign/choice_exploration_start_test.go\",\"runner/internal/campaign/controller.go\",\"runner/internal/campaign/controller_completion_test.go\",\"runner/internal/campaign/controller_test.go\",\"runner/internal/campaign/errors.go\",\"runner/internal/campaign/files.go\",\"runner/internal/campaign/files"}
{"Time":"2026-10-08T20:26:44.450082996Z","Action":"output","Package":"go.temporal.io/server/tools/gomad3","Test":"TestHostPackageVet/linux/amd64","Output":"ystem.go\",\"runner/internal/campaign/filesystem_fault_test.go\",\"runner/internal/campaign/lifecycle.go\",\"runner/internal/campaign/lifecycle_test.go\",\"runner/internal/campaign/merge.go\",\"runner/internal/campaign/merge_capacity_test.go\",\"runner/internal/campaign/open_campaign.go\",\"runner/internal/campaign/recovery.go\",\"runner/internal/campaign/resume_journal.go\",\"runner/internal/campaign/resume_lock.go\",\"runner/internal/campaign/resume_plan.go\",\"runner/internal/campaign/retained_evidence.go\",\"runner/internal/campaign/retained_evidence_test.go\",\"runner/internal/campaign/segmented_journal.go\",\"runner/internal/campaign/segmented_journal_test.go\",\"runner/internal/campaign/simulation_exploration_journal.go\",\"runner/internal/campaign/simulation_exploration_journal_test.go\",\"runner/internal/corpus/admission.go\",\"runner/internal/corpus/corpus.go\",\"runner/internal/corpus/corpus_test.go\",\"runner/internal/corpus/features.go\",\"runner/internal/corpus/guide_test.go\",\"runner/internal/corpus/lock.go\",\"runner/internal/corpus/mode"}
{"Time":"2026-10-08T20:26:44.450133538Z","Action":"output","Package":"go.temporal.io/server/tools/gomad3","Test":"TestHostPackageVet/linux/amd64","Output":"l.go\",\"runner/internal/execution/bootstrap_other.go\",\"runner/internal/execution/bootstrap_unix.go\",\"runner/internal/execution/choicetrace.go\",\"runner/internal/execution/choicetrace_test.go\",\"runner/internal/execution/descriptor_dup_linux.go\",\"runner/internal/execution/descriptor_dup_linux_test.go\",\"runner/internal/execution/descriptor_dup_other_unix.go\",\"runner/internal/execution/diagnostics_toolchain_test.go\",\"runner/internal/execution/draw_check_toolchain_test.go\",\"runner/internal/execution/io_boundary_toolchain_test.go\",\"runner/internal/execution/io_entropy_toolchain_test.go\",\"runner/internal/execution/io_filesystem_toolchain_test.go\",\"runner/internal/execution/io_handoff_toolchain_test.go\",\"runner/internal/execution/io_libc_toolchain_test.go\",\"runner/internal/execution/io_net_bind_toolchain_test.go\",\"runner/internal/execution/io_network_toolchain_test.go\",\"runner/internal/execution/io_sandbox_toolchain_test.go\",\"runner/internal/execution/io_sqlite_toolchain_test.go\",\"runner/internal/execution/io_test_help"}
{"Time":"2026-10-08T20:26:44.450153038Z","Action":"output","Package":"go.temporal.io/server/tools/gomad3","Test":"TestHostPackageVet/linux/amd64","Output":"ers_test.go\",\"runner/internal/execution/launch_plan_unix.go\",\"runner/internal/execution/model_conformance_compare_test.go\",\"runner/internal/execution/model_conformance_test.go\",\"runner/internal/execution/outcome.go\",\"runner/internal/execution/outcome_test.go\",\"runner/internal/execution/process.go\",\"runner/internal/execution/process_test.go\",\"runner/internal/execution/process_unix.go\",\"runner/internal/execution/process_unix_test.go\",\"runner/internal/execution/process_unsupported.go\",\"runner/internal/execution/simulation.go\",\"runner/internal/execution/simulation_model.go\",\"runner/internal/execution/simulation_model_wire_generated.go\",\"runner/internal/execution/simulation_progress.go\",\"runner/internal/execution/simulation_progress_fixture_test.go\",\"runner/internal/execution/simulation_progress_lifecycle_test.go\",\"runner/internal/execution/simulation_progress_test.go\",\"runner/internal/execution/simulation_root_integration_test.go\",\"runner/internal/execution/simulation_test.go\",\"runner/internal/execution/simulatio"}
{"Time":"2026-10-08T20:26:44.450218038Z","Action":"output","Package":"go.temporal.io/server/tools/gomad3","Test":"TestHostPackageVet/linux/amd64","Output":"n_time.go\",\"runner/internal/execution/simulation_time_test.go\",\"runner/internal/execution/simulation_time_wire_generated.go\",\"runner/internal/execution/simulation_time_wire_generated_test.go\",\"runner/internal/execution/simulation_unix.go\",\"runner/internal/execution/simulation_unix_test.go\",\"runner/internal/execution/supervisor_unix.go\",\"runner/internal/execution/watchdog_io_test.go\",\"runner/internal/execution/worldrecord.go\",\"runner/internal/execution/worldrecord_test.go\",\"runner/internal/exploration/choice/engine.go\",\"runner/internal/exploration/choice/engine_divergence_test.go\",\"runner/internal/exploration/choice/engine_test.go\",\"runner/internal/exploration/choice/select_readiness.go\",\"runner/internal/exploration/engine.go\",\"runner/internal/exploration/engine_test.go\",\"runner/internal/exploration/simulation/frontier.go\",\"runner/internal/exploration/simulation/frontier_test.go\",\"runner/internal/exploration/simulationrecord/record.go\",\"runner/internal/exploration/simulationrecord/record_test.go\",\"runner/inter"}
{"Time":"2026-10-08T20:26:44.450242163Z","Action":"output","Package":"go.temporal.io/server/tools/gomad3","Test":"TestHostPackageVet/linux/amd64","Output":"nal/exploration/simulationrecord/wire.go\",\"runner/internal/exploration/simulationrecord/wire_test.go\",\"runner/internal/minimizer/minimizer.go\",\"runner/internal/minimizer/minimizer_test.go\",\"runner/internal/minimizer/workspace.go\",\"runner/internal/minimizer/workspace_unix_test.go\",\"runner/minimize_operation.go\",\"runner/minimize_operation_test.go\",\"runner/portable_plan.go\",\"runner/portable_plan_mounts.go\",\"runner/portable_plan_test.go\",\"runner/preparation_equivalence_legacy_test.go\",\"runner/preparation_owner_test.go\",\"runner/private.go\",\"runner/recovery.go\",\"runner/replay_io_integration_test.go\",\"runner/replay_operation.go\",\"runner/replay_operation_test.go\",\"runner/resume.go\",\"runner/retention.go\",\"runner/retention_characterization_test.go\",\"runner/retention_test.go\",\"runner/runner.go\",\"runner/runner_mode_unix_test.go\",\"runner/runner_test.go\",\"runner/seed_completion_characterization_test.go\",\"runner/seeds.go\",\"runner/seeds_test.go\",\"runner/simulation_exploration_campaign.go\",\"runner/simulation_exploration_plan_"}
{"Time":"2026-10-08T20:26:44.450287621Z","Action":"output","Package":"go.temporal.io/server/tools/gomad3","Test":"TestHostPackageVet/linux/amd64","Output":"test.go\",\"runner/watchdog_replay_test.go\",\"runner_consumer_test.go\",\"simulation_gate_selection_test.go\",\"target/adapter_source_set.go\",\"target/adapter_source_set_test.go\",\"target/capability.go\",\"target/capability_capacity.go\",\"target/capability_collection.go\",\"target/capability_evaluation.go\",\"target/capability_golden_test.go\",\"target/capability_linked.go\",\"target/capability_projection_test.go\",\"target/capability_review_test.go\",\"target/capability_test.go\",\"target/cleanup_test.go\",\"target/coverage_test.go\",\"target/go_command_test.go\",\"target/installation_test.go\",\"target/internal/build/context.go\",\"target/internal/build/context_test.go\",\"target/internal/build/trim.go\",\"target/internal/build/trim_test.go\",\"target/internal/capabilitypolicy/policy.go\",\"target/internal/capabilitypolicy/policy_test.go\",\"target/internal/capabilitypolicy/simulation_bridge.go\",\"target/internal/capabilityreview/list.go\",\"target/internal/capabilityreview/list_test.go\",\"target/internal/gocommand/command.go\",\"target/internal/gocommand/co"}
{"Time":"2026-10-08T20:26:44.450325746Z","Action":"output","Package":"go.temporal.io/server/tools/gomad3","Test":"TestHostPackageVet/linux/amd64","Output":"mmand_test.go\",\"target/internal/livecap/extract.go\",\"target/internal/livecap/livecap.go\",\"target/internal/livecap/livecap_test.go\",\"target/internal/livecap/project.go\",\"target/internal/livecap/project_test.go\",\"target/internal/livecap/protocol_generated.go\",\"target/internal/livecap/toolchain_test.go\",\"target/internal/provenance/store.go\",\"target/internal/provenance/store_test.go\",\"target/module_directory.go\",\"target/module_directory_test.go\",\"target/prepared_cache.go\",\"target/prepared_cache_digest_test.go\",\"target/prepared_cache_test.go\",\"target/target.go\",\"target/target_test.go\",\"testdata/runnerconsumer/consumer.go\",\"toolchain/build.go\",\"toolchain/build_test.go\",\"toolchain/buildkey.go\",\"toolchain/buildkey_test.go\",\"toolchain/clock_inventory_test.go\",\"toolchain/draw_inventory_test.go\",\"toolchain/goroutine_inventory_test.go\",\"toolchain/installation.go\",\"toolchain/installation/installation.go\",\"toolchain/installation/installation_test.go\",\"toolchain/installation_test.go\",\"toolchain/lock.go\",\"toolchain/patch.go\""}
{"Time":"2026-10-08T20:26:44.450368371Z","Action":"output","Package":"go.temporal.io/server/tools/gomad3","Test":"TestHostPackageVet/linux/amd64","Output":",\"toolchain/patch_cleanup_test.go\",\"toolchain/patch_regenerate.go\",\"toolchain/patch_test.go\",\"toolchain/runtime/overlay/src/cmd/compile/internal/base/gomadcap.go\",\"toolchain/runtime/overlay/src/cmd/compile/internal/base/gomadguard.go\",\"toolchain/runtime/overlay/src/cmd/compile/internal/gomadguard/guard.go\",\"toolchain/runtime/overlay/src/cmd/compile/internal/gomadintercept/intercept.go\",\"toolchain/runtime/overlay/src/cmd/compile/internal/gomadintercept/simulation_specs.go\",\"toolchain/runtime/overlay/src/cmd/compile/internal/gomadintercept/spec_go127.go\",\"toolchain/runtime/overlay/src/cmd/internal/gomadcap/encode.go\",\"toolchain/runtime/overlay/src/cmd/internal/gomadcap/encode_test.go\",\"toolchain/runtime/overlay/src/cmd/internal/gomadcap/protocol_generated.go\",\"toolchain/runtime/overlay/src/cmd/link/internal/ld/gomadcap.go\",\"toolchain/runtime/overlay/src/crypto/rand/gomad.go\",\"toolchain/runtime/overlay/src/internal/gomadchoicewire/diagnostic_runtime_test.go\",\"toolchain/runtime/overlay/src/internal/gomadchoicewir"}
{"Time":"2026-10-08T20:26:44.450445621Z","Action":"output","Package":"go.temporal.io/server/tools/gomad3","Test":"TestHostPackageVet/linux/amd64","Output":"e/hash.go\",\"toolchain/runtime/overlay/src/internal/gomadchoicewire/hash_test.go\",\"toolchain/runtime/overlay/src/internal/gomadchoicewire/wire_generated.go\",\"toolchain/runtime/overlay/src/internal/gomadchoicewire/wire_generated_test.go\",\"toolchain/runtime/overlay/src/internal/gomadfs/export_test.go\",\"toolchain/runtime/overlay/src/internal/gomadfs/fs.go\",\"toolchain/runtime/overlay/src/internal/gomadfs/fs_test.go\",\"toolchain/runtime/overlay/src/internal/gomadfs/handles.go\",\"toolchain/runtime/overlay/src/internal/gomadfs/handles_test.go\",\"toolchain/runtime/overlay/src/internal/gomadfs/local_handles.go\",\"toolchain/runtime/overlay/src/internal/gomadfs/process_commands.go\",\"toolchain/runtime/overlay/src/internal/gomadfs/process_commands_export_test.go\",\"toolchain/runtime/overlay/src/internal/gomadfs/process_commands_test.go\",\"toolchain/runtime/overlay/src/internal/gomadfs/process_handles_test.go\",\"toolchain/runtime/overlay/src/internal/gomadfs/process_volume.go\",\"toolchain/runtime/overlay/src/internal/gomadfs/proces"}
{"Time":"2026-10-08T20:26:44.45048058Z","Action":"output","Package":"go.temporal.io/server/tools/gomad3","Test":"TestHostPackageVet/linux/amd64","Output":"s_volume_host.go\",\"toolchain/runtime/overlay/src/internal/gomadfs/runtime.go\",\"toolchain/runtime/overlay/src/internal/gomadfs/simulation_volume.go\",\"toolchain/runtime/overlay/src/internal/gomadfs/simulation_volume_wire.go\",\"toolchain/runtime/overlay/src/internal/gomadfs/volume.go\",\"toolchain/runtime/overlay/src/internal/gomadio/anonymous.go\",\"toolchain/runtime/overlay/src/internal/gomadio/anonymous_test.go\",\"toolchain/runtime/overlay/src/internal/gomadio/gomadio.go\",\"toolchain/runtime/overlay/src/internal/gomadio/libc.go\",\"toolchain/runtime/overlay/src/internal/gomadio/mount/client.go\",\"toolchain/runtime/overlay/src/internal/gomadio/mount/client_test.go\",\"toolchain/runtime/overlay/src/internal/gomadio/network.go\",\"toolchain/runtime/overlay/src/internal/gomadio/network_handles_test.go\",\"toolchain/runtime/overlay/src/internal/gomadio/process_commands.go\",\"toolchain/runtime/overlay/src/internal/gomadio/process_commands_export_test.go\",\"toolchain/runtime/overlay/src/internal/gomadio/process_commands_test.go\",\"too"}
{"Time":"2026-10-08T20:26:44.450503746Z","Action":"output","Package":"go.temporal.io/server/tools/gomad3","Test":"TestHostPackageVet/linux/amd64","Output":"lchain/runtime/overlay/src/internal/gomadio/process_network.go\",\"toolchain/runtime/overlay/src/internal/gomadio/simulation_handles.go\",\"toolchain/runtime/overlay/src/internal/gomadio/simulation_network.go\",\"toolchain/runtime/overlay/src/internal/gomadio/simulation_wire.go\",\"toolchain/runtime/overlay/src/internal/gomadio/transcript.go\",\"toolchain/runtime/overlay/src/internal/gomadmodelwire/wire_generated.go\",\"toolchain/runtime/overlay/src/internal/gomadmodelwire/wire_generated_test.go\",\"toolchain/runtime/overlay/src/internal/gomadsim/export_test.go\",\"toolchain/runtime/overlay/src/internal/gomadsim/model_transport_generated.go\",\"toolchain/runtime/overlay/src/internal/gomadsim/process.go\",\"toolchain/runtime/overlay/src/internal/gomadsim/process_model.go\",\"toolchain/runtime/overlay/src/internal/gomadsim/process_model_test.go\",\"toolchain/runtime/overlay/src/internal/gomadsim/process_time_test.go\",\"toolchain/runtime/overlay/src/internal/gomadsim/simulation.go\",\"toolchain/runtime/overlay/src/internal/gomadsim/simula"}
{"Time":"2026-10-08T20:26:44.45056433Z","Action":"output","Package":"go.temporal.io/server/tools/gomad3","Test":"TestHostPackageVet/linux/amd64","Output":"tion_test.go\",\"toolchain/runtime/overlay/src/internal/gomadtrace/trace.go\",\"toolchain/runtime/overlay/src/internal/gomadwire/wire_generated.go\",\"toolchain/runtime/overlay/src/internal/gomadwire/wire_generated_test.go\",\"toolchain/runtime/overlay/src/net/gomad.go\",\"toolchain/runtime/overlay/src/net/gomad_unsupported_generated.go\",\"toolchain/runtime/overlay/src/os/gomad.go\",\"toolchain/runtime/overlay/src/os/gomad_model_conformance_test.go\",\"toolchain/runtime/overlay/src/os/gomad_simulation_test.go\",\"toolchain/runtime/overlay/src/os/signal/gomad.go\",\"toolchain/runtime/overlay/src/os/user/gomad.go\",\"toolchain/runtime/overlay/src/runtime/gomad.go\",\"toolchain/runtime/overlay/src/runtime/gomad_aslr_darwin.go\",\"toolchain/runtime/overlay/src/runtime/gomad_aslr_other.go\",\"toolchain/runtime/overlay/src/runtime/gomad_choicewire_generated.go\",\"toolchain/runtime/overlay/src/runtime/gomad_iowire_generated.go\",\"toolchain/runtime/overlay/src/runtime/gomad_timewire_export_generated_test.go\",\"toolchain/runtime/overlay/src/runtim"}
{"Time":"2026-10-08T20:26:44.45058858Z","Action":"output","Package":"go.temporal.io/server/tools/gomad3","Test":"TestHostPackageVet/linux/amd64","Output":"e/gomad_timewire_generated.go\",\"toolchain/runtime/overlay/src/runtime/gomad_timewire_generated_test.go\",\"toolchain/runtime/overlay/src/syscall/gomad_env_unix.go\",\"toolchain/runtime/overlay/src/syscall/gomad_unix.go\",\"toolchain/source.go\",\"toolchain/source_cleanup_test.go\",\"toolchain/source_test.go\",\"toolchain/version/descriptor.go\",\"toolchain/version/descriptor_test.go\",\"toolchain/version/generated.go\",\"upgrade/adapterregen/adapterregen.go\",\"upgrade/adapterregen/adapterregen_test.go\",\"upgrade/adapterregen/checkout_revalidation_test.go\",\"upgrade/adapterregen/default_pipeline_test.go\",\"upgrade/adapterregen/diff.go\",\"upgrade/adapterregen/lock_release_test.go\",\"upgrade/adapterregen/publication_cleanup_test.go\",\"upgrade/adapterregen/render.go\",\"upgrade/adapterregen/transaction.go\",\"upgrade/maintenance_compat.go\",\"upgrade/pinimpact/modules.go\",\"upgrade/pinimpact/pack_sums_test.go\",\"upgrade/pinimpact/packs_directory_test.go\",\"upgrade/pinimpact/pinimpact.go\",\"upgrade/pinimpact/pinimpact_test.go\",\"upgrade/pinimpact/po"}
{"Time":"2026-10-08T20:26:44.450623371Z","Action":"output","Package":"go.temporal.io/server/tools/gomad3","Test":"TestHostPackageVet/linux/amd64","Output":"rtable_fixtures_test.go\",\"upgrade/pinimpact/render.go\",\"upgrade/pinimpact/resolver_test.go\",\"upgrade/pinimpact/rule_sums_test.go\",\"upgrade/pinimpact/toolchain.go\",\"upgrade/upgrade.go\",\"upgrade/upgrade_io_test.go\",\"upgrade/upgrade_test.go\",\"upgrade/upgrade_unix_test.go\",\"world/benchmark_test.go\",\"world/capacity_test.go\",\"world/choice.go\",\"world/codec.go\",\"world/codec_test.go\",\"world/concurrency_test.go\",\"world/doc.go\",\"world/errors.go\",\"world/mailbox/mailbox.go\",\"world/mailbox/mailbox_test.go\",\"world/process/config.go\",\"world/process/config_test.go\",\"world/process/session.go\",\"world/process/session_terminal_test.go\",\"world/queue.go\",\"world/recording.go\",\"world/recording_terminal_test.go\",\"world/recording_test.go\",\"world/replay.go\",\"world/replay_test.go\",\"world/snapshot.go\",\"world/snapshot_test.go\",\"world/types.go\",\"world/world.go\",\"world/world_test.go\"],\"Modules\":[\"deterministicio/testdata/cactusstatsd/go.mod\",\"deterministicio/testdata/hashicorpmetrics/go.mod\",\"deterministicio/testdata/memberlist/go.mod\",\"dete"}
{"Time":"2026-10-08T20:26:44.45067183Z","Action":"output","Package":"go.temporal.io/server/tools/gomad3","Test":"TestHostPackageVet/linux/amd64","Output":"rministicio/testdata/pebble/go.mod\",\"deterministicio/testdata/sentry/go.mod\",\"deterministicio/testdata/sockaddr/go.mod\",\"deterministicio/testdata/sprig/go.mod\",\"deterministicio/testdata/validator/go.mod\",\"internal/compatibilitypack/testdata/v041/go.mod\",\"internal/compatibilitypack/testdata/xsys/go.mod\",\"internal/gomadtool/conformance/testdata/go.mod\",\"internal/gomadtool/conformance/testdata/libc_adapter/go.mod\",\"internal/gomadtool/conformance/testdata/sqlite_adapter/go.mod\",\"qualification/corpus/go.mod\"]}\n"}
{"Time":"2026-10-08T20:26:46.113990247Z","Action":"output","Package":"go.temporal.io/server/tools/gomad3","Test":"TestHostPackageVet/linux/amd64","Output":"    architecture_test.go:282: vetted 55 complete host packages\n"}
{"Time":"2026-10-08T20:26:46.114075372Z","Action":"output","Package":"go.temporal.io/server/tools/gomad3","Test":"TestHostPackageVet/linux/amd64","Output":"--- PASS: TestHostPackageVet/linux/amd64 (2.34s)\n","OutputType":"frame"}
{"Time":"2026-10-08T20:26:46.114101997Z","Action":"pass","Package":"go.temporal.io/server/tools/gomad3","Test":"TestHostPackageVet/linux/amd64","Elapsed":2.34}
{"Time":"2026-10-08T20:26:46.114213247Z","Action":"run","Package":"go.temporal.io/server/tools/gomad3","Test":"TestHostPackageVet/linux/arm64"}
{"Time":"2026-10-08T20:26:46.114265206Z","Action":"output","Package":"go.temporal.io/server/tools/gomad3","Test":"TestHostPackageVet/linux/arm64","Output":"=== RUN   TestHostPackageVet/linux/arm64\n","OutputType":"frame"}
{"Time":"2026-10-08T20:26:46.626669247Z","Action":"output","Package":"go.temporal.io/server/tools/gomad3","Test":"TestHostPackageVet/linux/arm64","Output":"    architecture_test.go:275: validated source inventory: {\"Packages\":[{\"ImportPath\":\"go.temporal.io/server/tools/gomad3\",\"Dir\":\"/Users/stephan/Workspace/skunkworks/gomad/temporal/tools/gomad3\",\"Imports\":null,\"ImportMap\":null,\"GoFiles\":null,\"CgoFiles\":null,\"CompiledGoFiles\":null,\"IgnoredGoFiles\":null,\"TestGoFiles\":null,\"XTestGoFiles\":[\"architecture_test.go\",\"filesystem_handles_ownership_test.go\",\"network_handles_ownership_test.go\",\"process_commands_ownership_test.go\",\"runner_consumer_test.go\",\"simulation_gate_selection_test.go\"],\"Standard\":false,\"Error\":null,\"DepsErrors\":null},{\"ImportPath\":\"go.temporal.io/server/tools/gomad3/artifact\",\"Dir\":\"/Users/stephan/Workspace/skunkworks/gomad/temporal/tools/gomad3/artifact\",\"Imports\":[\"bytes\",\"context\",\"crypto/sha256\",\"encoding/hex\",\"errors\",\"fmt\",\"go.temporal.io/server/tools/gomad3/choice\",\"go.temporal.io/server/tools/gomad3/deterministicio/readonlymount\",\"go.temporal.io/server/tools/gomad3/internal/hostfs\",\"go.temporal.io/server/tools/gomad3/record\",\"go.temporal.io/"}
{"Time":"2026-10-08T20:26:46.626805289Z","Action":"output","Package":"go.temporal.io/server/tools/gomad3","Test":"TestHostPackageVet/linux/arm64","Output":"server/tools/gomad3/target\",\"hash\",\"io\",\"os\",\"path\",\"path/filepath\",\"reflect\",\"slices\",\"sort\",\"strings\",\"syscall\",\"unsafe\"],\"ImportMap\":null,\"GoFiles\":[\"link_count_unix.go\",\"manifest_copy.go\",\"open.go\",\"publication.go\",\"rename_noreplace.go\",\"rename_noreplace_linux.go\",\"rename_sysnum_linux_arm64.go\",\"retained_bytes.go\",\"store.go\",\"target_pool.go\"],\"CgoFiles\":null,\"CompiledGoFiles\":null,\"IgnoredGoFiles\":[\"link_count_other.go\",\"rename_noreplace_darwin.go\",\"rename_noreplace_linux_other.go\",\"rename_noreplace_other.go\",\"rename_noreplace_windows.go\",\"rename_sysnum_linux_amd64.go\"],\"TestGoFiles\":[\"opened_test.go\",\"publication_test.go\",\"retained_bytes_test.go\",\"store_mode_unix_test.go\",\"store_test.go\",\"target_pool_test.go\",\"target_pool_unix_test.go\"],\"XTestGoFiles\":null,\"Standard\":false,\"Error\":null,\"DepsErrors\":null},{\"ImportPath\":\"go.temporal.io/server/tools/gomad3/choice\",\"Dir\":\"/Users/stephan/Workspace/skunkworks/gomad/temporal/tools/gomad3/choice\",\"Imports\":[\"bytes\",\"crypto/sha256\",\"encoding/binary\",\"encoding/hex"}
{"Time":"2026-10-08T20:26:46.626839872Z","Action":"output","Package":"go.temporal.io/server/tools/gomad3","Test":"TestHostPackageVet/linux/arm64","Output":"\",\"errors\",\"fmt\",\"go.temporal.io/server/tools/gomad3/choice/internal/wire\",\"io\",\"os\",\"slices\",\"sort\"],\"ImportMap\":null,\"GoFiles\":[\"diagnostic.go\",\"divergence.go\",\"legacy_v1.go\",\"no_op_select.go\",\"session.go\",\"tape.go\",\"trace.go\",\"wire.go\"],\"CgoFiles\":null,\"CompiledGoFiles\":null,\"IgnoredGoFiles\":null,\"TestGoFiles\":[\"diagnostic_test.go\",\"legacy_v1_test.go\",\"readiness_test.go\",\"session_test.go\",\"tape_test.go\",\"trace_test.go\"],\"XTestGoFiles\":null,\"Standard\":false,\"Error\":null,\"DepsErrors\":null},{\"ImportPath\":\"go.temporal.io/server/tools/gomad3/choice/internal/wire\",\"Dir\":\"/Users/stephan/Workspace/skunkworks/gomad/temporal/tools/gomad3/choice/internal/wire\",\"Imports\":[\"bytes\",\"encoding/binary\",\"errors\"],\"ImportMap\":null,\"GoFiles\":[\"wire_generated.go\"],\"CgoFiles\":null,\"CompiledGoFiles\":null,\"IgnoredGoFiles\":null,\"TestGoFiles\":[\"wire_generated_test.go\"],\"XTestGoFiles\":null,\"Standard\":false,\"Error\":null,\"DepsErrors\":null},{\"ImportPath\":\"go.temporal.io/server/tools/gomad3/cmd/gomad\",\"Dir\":\"/Users/stephan/Workspace/sku"}
{"Time":"2026-10-08T20:26:46.626862872Z","Action":"output","Package":"go.temporal.io/server/tools/gomad3","Test":"TestHostPackageVet/linux/arm64","Output":"nkworks/gomad/temporal/tools/gomad3/cmd/gomad\",\"Imports\":[\"go.temporal.io/server/tools/gomad3/cmd/gomad/internal/cli\",\"os\"],\"ImportMap\":null,\"GoFiles\":[\"main.go\"],\"CgoFiles\":null,\"CompiledGoFiles\":null,\"IgnoredGoFiles\":null,\"TestGoFiles\":[\"e2e_test.go\",\"retained_success_e2e_test.go\",\"watchdog_e2e_test.go\",\"watchdog_replay_e2e_test.go\"],\"XTestGoFiles\":null,\"Standard\":false,\"Error\":null,\"DepsErrors\":null},{\"ImportPath\":\"go.temporal.io/server/tools/gomad3/cmd/gomad/internal/cli\",\"Dir\":\"/Users/stephan/Workspace/skunkworks/gomad/temporal/tools/gomad3/cmd/gomad/internal/cli\",\"Imports\":[\"context\",\"crypto/sha256\",\"encoding/json\",\"errors\",\"flag\",\"fmt\",\"go.temporal.io/server/tools/gomad3/deterministicio\",\"go.temporal.io/server/tools/gomad3/internal/canonicaljson\",\"go.temporal.io/server/tools/gomad3/internal/preparation\",\"go.temporal.io/server/tools/gomad3/qualification\",\"go.temporal.io/server/tools/gomad3/qualification/analysis\",\"go.temporal.io/server/tools/gomad3/qualification/comparison\",\"go.temporal.io/server/tools/"}
{"Time":"2026-10-08T20:26:46.626914789Z","Action":"output","Package":"go.temporal.io/server/tools/gomad3","Test":"TestHostPackageVet/linux/arm64","Output":"gomad3/qualification/set\",\"go.temporal.io/server/tools/gomad3/qualification/workload\",\"go.temporal.io/server/tools/gomad3/record\",\"go.temporal.io/server/tools/gomad3/runner\",\"go.temporal.io/server/tools/gomad3/target\",\"go.temporal.io/server/tools/gomad3/toolchain\",\"go.temporal.io/server/tools/gomad3/toolchain/version\",\"io\",\"os\",\"path/filepath\",\"runtime\",\"strconv\",\"strings\",\"sync\",\"time\"],\"ImportMap\":null,\"GoFiles\":[\"analyze.go\",\"application.go\",\"campaign_shards.go\",\"cli.go\",\"compare_support.go\",\"doctor.go\",\"explore_output.go\",\"qualify.go\",\"qualify_set.go\",\"quote.go\",\"recover.go\",\"resume.go\",\"working_directory.go\"],\"CgoFiles\":null,\"CompiledGoFiles\":null,\"IgnoredGoFiles\":null,\"TestGoFiles\":[\"application_characterization_test.go\",\"application_test.go\",\"campaign_semantics_ownership_test.go\",\"campaign_shards_test.go\",\"characterization_support_test.go\",\"characterization_test.go\",\"cli_test.go\",\"diagnostics_test.go\",\"doctor_test.go\",\"exploration_divergence_test.go\",\"explore_failure_writer_test.go\",\"guidance_test.go\","}
{"Time":"2026-10-08T20:26:46.626945497Z","Action":"output","Package":"go.temporal.io/server/tools/gomad3","Test":"TestHostPackageVet/linux/arm64","Output":"\"inspect_target_sharing_test.go\",\"plan_characterization_test.go\",\"quote_test.go\",\"working_directory_test.go\"],\"XTestGoFiles\":null,\"Standard\":false,\"Error\":null,\"DepsErrors\":null},{\"ImportPath\":\"go.temporal.io/server/tools/gomad3/cmd/gomadtool\",\"Dir\":\"/Users/stephan/Workspace/skunkworks/gomad/temporal/tools/gomad3/cmd/gomadtool\",\"Imports\":[\"bytes\",\"context\",\"crypto/sha256\",\"encoding/json\",\"errors\",\"flag\",\"fmt\",\"go.temporal.io/server/tools/gomad3/choice\",\"go.temporal.io/server/tools/gomad3/internal/compatibilitypack/authoring\",\"go.temporal.io/server/tools/gomad3/internal/gomadtool/conformance\",\"go.temporal.io/server/tools/gomad3/internal/gomadtool/generation/boundary\",\"go.temporal.io/server/tools/gomad3/internal/gomadtool/generation/protocol\",\"go.temporal.io/server/tools/gomad3/internal/gomadtool/validation\",\"go.temporal.io/server/tools/gomad3/internal/hostexec\",\"go.temporal.io/server/tools/gomad3/internal/hostfs\",\"go.temporal.io/server/tools/gomad3/qualification/analysis\",\"go.temporal.io/server/tools/gomad3/qu"}
{"Time":"2026-10-08T20:26:46.626980872Z","Action":"output","Package":"go.temporal.io/server/tools/gomad3","Test":"TestHostPackageVet/linux/arm64","Output":"alification/set/manifestgen\",\"go.temporal.io/server/tools/gomad3/qualification/soak\",\"go.temporal.io/server/tools/gomad3/toolchain\",\"go.temporal.io/server/tools/gomad3/toolchain/version\",\"go.temporal.io/server/tools/gomad3/upgrade\",\"go.temporal.io/server/tools/gomad3/upgrade/adapterregen\",\"go.temporal.io/server/tools/gomad3/upgrade/pinimpact\",\"io\",\"os\",\"os/exec\",\"path/filepath\",\"runtime\",\"slices\",\"sort\",\"strconv\",\"strings\",\"time\"],\"ImportMap\":null,\"GoFiles\":[\"adapter_regenerate.go\",\"boundary.go\",\"compatibility_pack.go\",\"compatibility_pack_refresh.go\",\"diagnostic.go\",\"main.go\",\"pin_impact.go\",\"protocol.go\",\"qualification_manifest.go\",\"soak.go\",\"upgrade.go\",\"version.go\"],\"CgoFiles\":null,\"CompiledGoFiles\":null,\"IgnoredGoFiles\":null,\"TestGoFiles\":[\"adapter_regenerate_diagnostics_test.go\",\"adapter_regenerate_test.go\",\"compatibility_pack_refresh_diagnostics_test.go\",\"compatibility_pack_refresh_output_test.go\",\"compatibility_pack_refresh_resolved_test.go\",\"compatibility_pack_refresh_test.go\",\"compatibility_root_test"}
{"Time":"2026-10-08T20:26:46.627011414Z","Action":"output","Package":"go.temporal.io/server/tools/gomad3","Test":"TestHostPackageVet/linux/arm64","Output":".go\",\"diagnostic_test.go\",\"main_test.go\",\"maintainer_output_patch_test.go\",\"maintainer_output_test.go\",\"pin_impact_diagnostics_test.go\",\"pin_impact_test.go\",\"soak_test.go\",\"upgrade_test.go\"],\"XTestGoFiles\":null,\"Standard\":false,\"Error\":null,\"DepsErrors\":null},{\"ImportPath\":\"go.temporal.io/server/tools/gomad3/deterministicio\",\"Dir\":\"/Users/stephan/Workspace/skunkworks/gomad/temporal/tools/gomad3/deterministicio\",\"Imports\":[\"bytes\",\"context\",\"crypto/sha256\",\"embed\",\"encoding/binary\",\"encoding/hex\",\"encoding/json\",\"errors\",\"fmt\",\"go.temporal.io/server/tools/gomad3/deterministicio/internal/wire\",\"go.temporal.io/server/tools/gomad3/internal/canonicaljson\",\"go.temporal.io/server/tools/gomad3/internal/hostfs\",\"go.temporal.io/server/tools/gomad3/internal/sourceinventory\",\"go.temporal.io/server/tools/gomad3/record\",\"go.temporal.io/server/tools/gomad3/target\",\"go.temporal.io/server/tools/gomad3/toolchain/installation\",\"go.temporal.io/server/tools/gomad3/toolchain/version\",\"go/ast\",\"go/format\",\"go/parser\",\"go/token\",\"go"}
{"Time":"2026-10-08T20:26:46.627037497Z","Action":"output","Package":"go.temporal.io/server/tools/gomad3","Test":"TestHostPackageVet/linux/arm64","Output":"lang.org/x/mod/modfile\",\"io\",\"io/fs\",\"os\",\"path\",\"path/filepath\",\"runtime\",\"slices\",\"sort\",\"strconv\",\"strings\",\"unicode/utf8\"],\"ImportMap\":null,\"GoFiles\":[\"adapter_copy.go\",\"adapter_regenerate.go\",\"adapter_regenerate_source.go\",\"adapter_registry.go\",\"adapter_rewrite.go\",\"bootstrap.go\",\"boundary_generated.go\",\"cactusstatsd_adapter.go\",\"domain.go\",\"fx_adapter.go\",\"grpc_adapter.go\",\"hashicorpmetrics_adapter.go\",\"libc_adapter.go\",\"libc_regenerate.go\",\"memberlist_adapter.go\",\"memory_adapter.go\",\"otelsdk_adapter.go\",\"pebble_adapter.go\",\"profile.go\",\"requirements.go\",\"semantic_coverage.go\",\"sentry_adapter.go\",\"session.go\",\"sockaddr_adapter.go\",\"sprig_adapter.go\",\"temporalsdk_adapter.go\",\"transcript.go\",\"validator_adapter.go\",\"xnet_adapter.go\"],\"CgoFiles\":null,\"CompiledGoFiles\":null,\"IgnoredGoFiles\":null,\"TestGoFiles\":[\"adapter_cache_cleanup_test.go\",\"adapter_configuration_portable_test.go\",\"adapter_consumers_portable_test.go\",\"adapter_copy_test.go\",\"adapter_graph_portable_test.go\",\"adapter_pin_decisions_test.go\",\"ad"}
{"Time":"2026-10-08T20:26:46.627081581Z","Action":"output","Package":"go.temporal.io/server/tools/gomad3","Test":"TestHostPackageVet/linux/arm64","Output":"apter_preservation_portable_test.go\",\"adapter_regenerate_portable_test.go\",\"adapter_regenerate_test.go\",\"adapter_registry_test.go\",\"adapter_rewrite_test.go\",\"adapter_verify_cleanup_test.go\",\"bootstrap_toolchain_test.go\",\"downstream_adapter_registry_test.go\",\"grpc_adapter_test.go\",\"grpc_dns_test.go\",\"hashicorpmetrics_adapter_test.go\",\"host_dispatch_patch_test.go\",\"libc_adapter_test.go\",\"libc_regenerate_test.go\",\"memberlist_adapter_test.go\",\"memory_adapter_test.go\",\"metrics_consumer_portable_test.go\",\"profile_portable_test.go\",\"profile_test.go\",\"requirements_test.go\",\"semantic_coverage_test.go\",\"session_test.go\",\"sockaddr_boundary_test.go\",\"xnet_adapter_test.go\"],\"XTestGoFiles\":null,\"Standard\":false,\"Error\":null,\"DepsErrors\":null},{\"ImportPath\":\"go.temporal.io/server/tools/gomad3/deterministicio/internal/wire\",\"Dir\":\"/Users/stephan/Workspace/skunkworks/gomad/temporal/tools/gomad3/deterministicio/internal/wire\",\"Imports\":[\"bytes\",\"encoding/binary\",\"errors\",\"io\"],\"ImportMap\":null,\"GoFiles\":[\"wire_generated.go\"],\""}
{"Time":"2026-10-08T20:26:46.627129831Z","Action":"output","Package":"go.temporal.io/server/tools/gomad3","Test":"TestHostPackageVet/linux/arm64","Output":"CgoFiles\":null,\"CompiledGoFiles\":null,\"IgnoredGoFiles\":null,\"TestGoFiles\":[\"wire_generated_test.go\"],\"XTestGoFiles\":null,\"Standard\":false,\"Error\":null,\"DepsErrors\":null},{\"ImportPath\":\"go.temporal.io/server/tools/gomad3/deterministicio/readonlymount\",\"Dir\":\"/Users/stephan/Workspace/skunkworks/gomad/temporal/tools/gomad3/deterministicio/readonlymount\",\"Imports\":[\"errors\",\"fmt\",\"go.temporal.io/server/tools/gomad3/deterministicio/internal/wire\",\"go.temporal.io/server/tools/gomad3/internal/canonicaljson\",\"go.temporal.io/server/tools/gomad3/record\",\"io\",\"os\",\"path\",\"path/filepath\",\"sort\",\"strconv\",\"strings\",\"sync\",\"syscall\"],\"ImportMap\":null,\"GoFiles\":[\"capture.go\",\"config.go\",\"hardlink_unix.go\",\"inventory.go\",\"persistence.go\",\"wire.go\"],\"CgoFiles\":null,\"CompiledGoFiles\":null,\"IgnoredGoFiles\":[\"hardlink_other.go\"],\"TestGoFiles\":[\"capture_test.go\",\"config_test.go\",\"inventory_test.go\",\"persistence_test.go\",\"wire_test.go\"],\"XTestGoFiles\":null,\"Standard\":false,\"Error\":null,\"DepsErrors\":null},{\"ImportPath\":\"go.temporal"}
{"Time":"2026-10-08T20:26:46.627165164Z","Action":"output","Package":"go.temporal.io/server/tools/gomad3","Test":"TestHostPackageVet/linux/arm64","Output":".io/server/tools/gomad3/internal/canonicaljson\",\"Dir\":\"/Users/stephan/Workspace/skunkworks/gomad/temporal/tools/gomad3/internal/canonicaljson\",\"Imports\":[\"bytes\",\"encoding/json\",\"errors\",\"fmt\",\"io\",\"reflect\",\"sort\",\"strconv\",\"strings\",\"unicode/utf8\"],\"ImportMap\":null,\"GoFiles\":[\"canonical.go\"],\"CgoFiles\":null,\"CompiledGoFiles\":null,\"IgnoredGoFiles\":null,\"TestGoFiles\":[\"canonical_characterization_test.go\",\"canonical_test.go\"],\"XTestGoFiles\":null,\"Standard\":false,\"Error\":null,\"DepsErrors\":null},{\"ImportPath\":\"go.temporal.io/server/tools/gomad3/internal/compatibilitypack\",\"Dir\":\"/Users/stephan/Workspace/skunkworks/gomad/temporal/tools/gomad3/internal/compatibilitypack\",\"Imports\":[\"crypto/sha256\",\"embed\",\"encoding/base64\",\"errors\",\"fmt\",\"go.temporal.io/server/tools/gomad3/internal/canonicaljson\",\"go.temporal.io/server/tools/gomad3/record\",\"golang.org/x/mod/module\",\"os\",\"path\",\"path/filepath\",\"regexp\",\"runtime\",\"slices\",\"sort\",\"strings\",\"time\"],\"ImportMap\":null,\"GoFiles\":[\"policy.go\",\"schema.go\",\"v2_selection.go\"]"}
{"Time":"2026-10-08T20:26:46.627198497Z","Action":"output","Package":"go.temporal.io/server/tools/gomad3","Test":"TestHostPackageVet/linux/arm64","Output":",\"CgoFiles\":null,\"CompiledGoFiles\":null,\"IgnoredGoFiles\":null,\"TestGoFiles\":[\"evidence_test.go\",\"external_test.go\",\"mutation_test.go\",\"packs_generated_test.go\",\"policy_exhaustive_test.go\",\"policy_test.go\",\"schema_admission_test.go\",\"schema_timezone_test.go\"],\"XTestGoFiles\":[\"profile_binding_test.go\"],\"Standard\":false,\"Error\":null,\"DepsErrors\":null},{\"ImportPath\":\"go.temporal.io/server/tools/gomad3/internal/compatibilitypack/authoring\",\"Dir\":\"/Users/stephan/Workspace/skunkworks/gomad/temporal/tools/gomad3/internal/compatibilitypack/authoring\",\"Imports\":[\"bytes\",\"context\",\"errors\",\"fmt\",\"go.temporal.io/server/tools/gomad3/internal/canonicaljson\",\"go.temporal.io/server/tools/gomad3/internal/compatibilitypack\",\"go.temporal.io/server/tools/gomad3/internal/hostfs\",\"go.temporal.io/server/tools/gomad3/record\",\"go.temporal.io/server/tools/gomad3/target\",\"go/format\",\"golang.org/x/mod/module\",\"os\",\"path\",\"path/filepath\",\"slices\",\"sort\",\"strconv\",\"strings\"],\"ImportMap\":null,\"GoFiles\":[\"discover.go\",\"generate.go\",\"publica"}
{"Time":"2026-10-08T20:26:46.627224789Z","Action":"output","Package":"go.temporal.io/server/tools/gomad3","Test":"TestHostPackageVet/linux/arm64","Output":"tion.go\",\"qualify.go\",\"refresh.go\",\"request.go\",\"review.go\",\"working_directories.go\"],\"CgoFiles\":null,\"CompiledGoFiles\":null,\"IgnoredGoFiles\":null,\"TestGoFiles\":[\"discover_test.go\",\"generate_test.go\",\"qualify_test.go\",\"refresh_test.go\",\"request_test.go\",\"review_test.go\",\"variant_selectors_test.go\"],\"XTestGoFiles\":null,\"Standard\":false,\"Error\":null,\"DepsErrors\":null},{\"ImportPath\":\"go.temporal.io/server/tools/gomad3/internal/gomadtool/architecture\",\"Dir\":\"/Users/stephan/Workspace/skunkworks/gomad/temporal/tools/gomad3/internal/gomadtool/architecture\",\"Imports\":[\"bytes\",\"crypto/sha256\",\"encoding/json\",\"fmt\",\"go/ast\",\"go/constant\",\"go/parser\",\"go/token\",\"go/types\",\"golang.org/x/mod/modfile\",\"io\",\"os\",\"os/exec\",\"path/filepath\",\"slices\",\"sort\",\"strconv\",\"strings\"],\"ImportMap\":null,\"GoFiles\":[\"architecture.go\",\"edges.go\",\"effects.go\",\"initialization.go\",\"memory_sources.go\",\"program.go\",\"standard.go\",\"startup_sources.go\"],\"CgoFiles\":null,\"CompiledGoFiles\":null,\"IgnoredGoFiles\":null,\"TestGoFiles\":[\"architecture_test."}
{"Time":"2026-10-08T20:26:46.627249372Z","Action":"output","Package":"go.temporal.io/server/tools/gomad3","Test":"TestHostPackageVet/linux/arm64","Output":"go\",\"effects_test.go\",\"error_provenance_test.go\",\"initialization_test.go\",\"mutation_test.go\",\"range_test.go\",\"signature_test.go\"],\"XTestGoFiles\":null,\"Standard\":false,\"Error\":null,\"DepsErrors\":null},{\"ImportPath\":\"go.temporal.io/server/tools/gomad3/internal/gomadtool/conformance\",\"Dir\":\"/Users/stephan/Workspace/skunkworks/gomad/temporal/tools/gomad3/internal/gomadtool/conformance\",\"Imports\":[\"context\",\"crypto/sha256\",\"encoding/binary\",\"encoding/hex\",\"encoding/json\",\"errors\",\"fmt\",\"go.temporal.io/server/tools/gomad3/choice\",\"go.temporal.io/server/tools/gomad3/internal/gomadtool/generation/boundary\",\"go.temporal.io/server/tools/gomad3/internal/hostexec\",\"go.temporal.io/server/tools/gomad3/toolchain/version\",\"os\",\"os/exec\",\"path/filepath\",\"regexp\",\"runtime\",\"slices\",\"sort\",\"strconv\",\"strings\",\"sync\",\"time\"],\"ImportMap\":null,\"GoFiles\":[\"driver.go\",\"registry.go\",\"runtime_bootstrap.go\",\"runtime_campaign.go\",\"runtime_choice.go\",\"runtime_clock_tick.go\",\"runtime_clocks.go\",\"runtime_compatibility.go\",\"runtime_linking.g"}
{"Time":"2026-10-08T20:26:46.627271206Z","Action":"output","Package":"go.temporal.io/server/tools/gomad3","Test":"TestHostPackageVet/linux/arm64","Output":"o\",\"runtime_load.go\",\"runtime_owned.go\",\"runtime_repeatability.go\",\"runtime_scheduling.go\"],\"CgoFiles\":null,\"CompiledGoFiles\":null,\"IgnoredGoFiles\":null,\"TestGoFiles\":[\"driver_test.go\",\"exec_wrapper_unix_test.go\",\"registry_test.go\",\"runtime_owned_test.go\",\"runtime_test.go\"],\"XTestGoFiles\":null,\"Standard\":false,\"Error\":null,\"DepsErrors\":null},{\"ImportPath\":\"go.temporal.io/server/tools/gomad3/internal/gomadtool/generation/boundary\",\"Dir\":\"/Users/stephan/Workspace/skunkworks/gomad/temporal/tools/gomad3/internal/gomadtool/generation/boundary\",\"Imports\":[\"bytes\",\"crypto/sha256\",\"encoding/binary\",\"encoding/json\",\"errors\",\"fmt\",\"go.temporal.io/server/tools/gomad3/internal/hostfs\",\"go/ast\",\"go/build\",\"go/format\",\"go/importer\",\"go/parser\",\"go/token\",\"go/types\",\"io\",\"maps\",\"os\",\"path\",\"path/filepath\",\"regexp\",\"runtime\",\"slices\",\"strings\"],\"ImportMap\":null,\"GoFiles\":[\"boundary_discovery.go\",\"boundary_manifest.go\",\"boundary_qualification.go\",\"projection.go\"],\"CgoFiles\":null,\"CompiledGoFiles\":null,\"IgnoredGoFiles\":null,\"T"}
{"Time":"2026-10-08T20:26:46.627310247Z","Action":"output","Package":"go.temporal.io/server/tools/gomad3","Test":"TestHostPackageVet/linux/arm64","Output":"estGoFiles\":[\"boundary_manifest_test.go\"],\"XTestGoFiles\":null,\"Standard\":false,\"Error\":null,\"DepsErrors\":null},{\"ImportPath\":\"go.temporal.io/server/tools/gomad3/internal/gomadtool/generation/protocol\",\"Dir\":\"/Users/stephan/Workspace/skunkworks/gomad/temporal/tools/gomad3/internal/gomadtool/generation/protocol\",\"Imports\":[\"bytes\",\"crypto/sha256\",\"encoding/binary\",\"encoding/hex\",\"encoding/json\",\"errors\",\"fmt\",\"go.temporal.io/server/tools/gomad3/internal/gomadtool/generation/boundary\",\"go.temporal.io/server/tools/gomad3/internal/hostfs\",\"go/format\",\"io\",\"os\",\"path/filepath\",\"slices\",\"strconv\",\"strings\",\"text/template\"],\"ImportMap\":null,\"GoFiles\":[\"protocol.go\"],\"CgoFiles\":null,\"CompiledGoFiles\":null,\"IgnoredGoFiles\":null,\"TestGoFiles\":[\"protocol_test.go\"],\"XTestGoFiles\":null,\"Standard\":false,\"Error\":null,\"DepsErrors\":null},{\"ImportPath\":\"go.temporal.io/server/tools/gomad3/internal/gomadtool/validation\",\"Dir\":\"/Users/stephan/Workspace/skunkworks/gomad/temporal/tools/gomad3/internal/gomadtool/validation\",\"Imports\""}
{"Time":"2026-10-08T20:26:46.627335831Z","Action":"output","Package":"go.temporal.io/server/tools/gomad3","Test":"TestHostPackageVet/linux/arm64","Output":":[\"errors\",\"fmt\",\"io/fs\",\"os\",\"path/filepath\",\"slices\",\"strings\"],\"ImportMap\":null,\"GoFiles\":[\"script_policy.go\"],\"CgoFiles\":null,\"CompiledGoFiles\":null,\"IgnoredGoFiles\":null,\"TestGoFiles\":[\"script_policy_test.go\"],\"XTestGoFiles\":null,\"Standard\":false,\"Error\":null,\"DepsErrors\":null},{\"ImportPath\":\"go.temporal.io/server/tools/gomad3/internal/hostexec\",\"Dir\":\"/Users/stephan/Workspace/skunkworks/gomad/temporal/tools/gomad3/internal/hostexec\",\"Imports\":[\"context\",\"crypto/sha256\",\"errors\",\"fmt\",\"hash\",\"io\",\"math\",\"os\",\"os/exec\",\"syscall\",\"time\"],\"ImportMap\":null,\"GoFiles\":[\"command.go\",\"command_unix.go\",\"output.go\"],\"CgoFiles\":null,\"CompiledGoFiles\":null,\"IgnoredGoFiles\":[\"command_other.go\"],\"TestGoFiles\":[\"command_unix_test.go\",\"output_test.go\"],\"XTestGoFiles\":null,\"Standard\":false,\"Error\":null,\"DepsErrors\":null},{\"ImportPath\":\"go.temporal.io/server/tools/gomad3/internal/hostfs\",\"Dir\":\"/Users/stephan/Workspace/skunkworks/gomad/temporal/tools/gomad3/internal/hostfs\",\"Imports\":[\"context\",\"errors\",\"fmt\",\"io\",\"os\",\"p"}
{"Time":"2026-10-08T20:26:46.627374039Z","Action":"output","Package":"go.temporal.io/server/tools/gomad3","Test":"TestHostPackageVet/linux/arm64","Output":"ath/filepath\",\"syscall\"],\"ImportMap\":null,\"GoFiles\":[\"linkcount_unix.go\",\"lock.go\",\"lock_unix.go\",\"open.go\",\"open_nofollow_unix.go\",\"read.go\",\"replace.go\"],\"CgoFiles\":null,\"CompiledGoFiles\":null,\"IgnoredGoFiles\":[\"linkcount_other.go\",\"lock_other.go\",\"open_nofollow_other.go\"],\"TestGoFiles\":[\"lock_unix_test.go\",\"open_test.go\",\"open_unix_test.go\",\"read_test.go\",\"replace_test.go\"],\"XTestGoFiles\":null,\"Standard\":false,\"Error\":null,\"DepsErrors\":null},{\"ImportPath\":\"go.temporal.io/server/tools/gomad3/internal/preparation\",\"Dir\":\"/Users/stephan/Workspace/skunkworks/gomad/temporal/tools/gomad3/internal/preparation\",\"Imports\":[\"context\",\"errors\",\"fmt\",\"go.temporal.io/server/tools/gomad3/deterministicio\",\"go.temporal.io/server/tools/gomad3/record\",\"go.temporal.io/server/tools/gomad3/target\",\"os\"],\"ImportMap\":null,\"GoFiles\":[\"inspection.go\",\"preparation.go\"],\"CgoFiles\":null,\"CompiledGoFiles\":null,\"IgnoredGoFiles\":null,\"TestGoFiles\":[\"inspection_test.go\",\"preparation_test.go\"],\"XTestGoFiles\":null,\"Standard\":false,\"Error\":"}
{"Time":"2026-10-08T20:26:46.627404997Z","Action":"output","Package":"go.temporal.io/server/tools/gomad3","Test":"TestHostPackageVet/linux/arm64","Output":"null,\"DepsErrors\":null},{\"ImportPath\":\"go.temporal.io/server/tools/gomad3/internal/sourceinventory\",\"Dir\":\"/Users/stephan/Workspace/skunkworks/gomad/temporal/tools/gomad3/internal/sourceinventory\",\"Imports\":[\"crypto/sha256\",\"errors\",\"fmt\",\"go.temporal.io/server/tools/gomad3/internal/hostfs\",\"io/fs\",\"path/filepath\",\"strings\"],\"ImportMap\":null,\"GoFiles\":[\"inventory.go\"],\"CgoFiles\":null,\"CompiledGoFiles\":null,\"IgnoredGoFiles\":null,\"TestGoFiles\":[\"inventory_test.go\"],\"XTestGoFiles\":null,\"Standard\":false,\"Error\":null,\"DepsErrors\":null},{\"ImportPath\":\"go.temporal.io/server/tools/gomad3/qualification\",\"Dir\":\"/Users/stephan/Workspace/skunkworks/gomad/temporal/tools/gomad3/qualification\",\"Imports\":[\"bytes\",\"encoding/json\",\"errors\",\"fmt\",\"go.temporal.io/server/tools/gomad3/choice\",\"go.temporal.io/server/tools/gomad3/internal/canonicaljson\",\"go.temporal.io/server/tools/gomad3/record\",\"go.temporal.io/server/tools/gomad3/runner\",\"io\",\"os\",\"path/filepath\",\"reflect\",\"strings\"],\"ImportMap\":null,\"GoFiles\":[\"events.go\",\"qualif"}
{"Time":"2026-10-08T20:26:46.627446414Z","Action":"output","Package":"go.temporal.io/server/tools/gomad3","Test":"TestHostPackageVet/linux/arm64","Output":"ication.go\"],\"CgoFiles\":null,\"CompiledGoFiles\":null,\"IgnoredGoFiles\":null,\"TestGoFiles\":[\"diagnostics_test.go\",\"events_test.go\",\"qualification_test.go\"],\"XTestGoFiles\":null,\"Standard\":false,\"Error\":null,\"DepsErrors\":null},{\"ImportPath\":\"go.temporal.io/server/tools/gomad3/qualification/analysis\",\"Dir\":\"/Users/stephan/Workspace/skunkworks/gomad/temporal/tools/gomad3/qualification/analysis\",\"Imports\":[\"context\",\"errors\",\"fmt\",\"go.temporal.io/server/tools/gomad3/deterministicio\",\"go.temporal.io/server/tools/gomad3/internal/canonicaljson\",\"go.temporal.io/server/tools/gomad3/internal/preparation\",\"go.temporal.io/server/tools/gomad3/record\",\"go.temporal.io/server/tools/gomad3/target\",\"path/filepath\",\"runtime\",\"slices\",\"sort\",\"strings\"],\"ImportMap\":null,\"GoFiles\":[\"analysis.go\",\"prepared_review.go\"],\"CgoFiles\":null,\"CompiledGoFiles\":null,\"IgnoredGoFiles\":null,\"TestGoFiles\":[\"analysis_test.go\",\"prepared_review_test.go\"],\"XTestGoFiles\":null,\"Standard\":false,\"Error\":null,\"DepsErrors\":null},{\"ImportPath\":\"go.temporal.io/"}
{"Time":"2026-10-08T20:26:46.627479122Z","Action":"output","Package":"go.temporal.io/server/tools/gomad3","Test":"TestHostPackageVet/linux/arm64","Output":"server/tools/gomad3/qualification/comparison\",\"Dir\":\"/Users/stephan/Workspace/skunkworks/gomad/temporal/tools/gomad3/qualification/comparison\",\"Imports\":[\"errors\",\"fmt\",\"go.temporal.io/server/tools/gomad3/choice\",\"go.temporal.io/server/tools/gomad3/internal/canonicaljson\",\"go.temporal.io/server/tools/gomad3/qualification/analysis\",\"go.temporal.io/server/tools/gomad3/qualification/set\",\"go.temporal.io/server/tools/gomad3/record\",\"sort\",\"strings\"],\"ImportMap\":null,\"GoFiles\":[\"comparison.go\"],\"CgoFiles\":null,\"CompiledGoFiles\":null,\"IgnoredGoFiles\":null,\"TestGoFiles\":[\"comparison_test.go\"],\"XTestGoFiles\":null,\"Standard\":false,\"Error\":null,\"DepsErrors\":null},{\"ImportPath\":\"go.temporal.io/server/tools/gomad3/qualification/set\",\"Dir\":\"/Users/stephan/Workspace/skunkworks/gomad/temporal/tools/gomad3/qualification/set\",\"Imports\":[\"bytes\",\"context\",\"encoding/json\",\"errors\",\"fmt\",\"go.temporal.io/server/tools/gomad3/artifact\",\"go.temporal.io/server/tools/gomad3/choice\",\"go.temporal.io/server/tools/gomad3/deterministicio\","}
{"Time":"2026-10-08T20:26:46.627509164Z","Action":"output","Package":"go.temporal.io/server/tools/gomad3","Test":"TestHostPackageVet/linux/arm64","Output":"\"go.temporal.io/server/tools/gomad3/internal/canonicaljson\",\"go.temporal.io/server/tools/gomad3/internal/hostexec\",\"go.temporal.io/server/tools/gomad3/internal/hostfs\",\"go.temporal.io/server/tools/gomad3/qualification\",\"go.temporal.io/server/tools/gomad3/qualification/analysis\",\"go.temporal.io/server/tools/gomad3/record\",\"go.temporal.io/server/tools/gomad3/target\",\"golang.org/x/mod/modfile\",\"golang.org/x/mod/module\",\"io\",\"maps\",\"os\",\"path/filepath\",\"reflect\",\"regexp\",\"runtime\",\"slices\",\"sort\",\"strconv\",\"strings\",\"syscall\",\"time\"],\"ImportMap\":null,\"GoFiles\":[\"execution.go\",\"freespace.go\",\"merge.go\",\"module.go\",\"prune.go\",\"set.go\",\"soak.go\"],\"CgoFiles\":null,\"CompiledGoFiles\":null,\"IgnoredGoFiles\":null,\"TestGoFiles\":[\"prune_test.go\",\"set_test.go\"],\"XTestGoFiles\":null,\"Standard\":false,\"Error\":null,\"DepsErrors\":null},{\"ImportPath\":\"go.temporal.io/server/tools/gomad3/qualification/set/manifestgen\",\"Dir\":\"/Users/stephan/Workspace/skunkworks/gomad/temporal/tools/gomad3/qualification/set/manifestgen\",\"Imports\":[\"bytes"}
{"Time":"2026-10-08T20:26:46.627543789Z","Action":"output","Package":"go.temporal.io/server/tools/gomad3","Test":"TestHostPackageVet/linux/arm64","Output":"\",\"encoding/json\",\"errors\",\"fmt\",\"go.temporal.io/server/tools/gomad3/internal/canonicaljson\",\"go.temporal.io/server/tools/gomad3/internal/hostfs\",\"go.temporal.io/server/tools/gomad3/qualification/set\",\"go.temporal.io/server/tools/gomad3/target\",\"go/ast\",\"go/build\",\"go/parser\",\"go/token\",\"io\",\"maps\",\"os\",\"path/filepath\",\"regexp\",\"slices\",\"strings\",\"time\",\"unicode\",\"unicode/utf8\"],\"ImportMap\":null,\"GoFiles\":[\"manifestgen.go\"],\"CgoFiles\":null,\"CompiledGoFiles\":null,\"IgnoredGoFiles\":null,\"TestGoFiles\":[\"manifestgen_test.go\"],\"XTestGoFiles\":null,\"Standard\":false,\"Error\":null,\"DepsErrors\":null},{\"ImportPath\":\"go.temporal.io/server/tools/gomad3/qualification/soak\",\"Dir\":\"/Users/stephan/Workspace/skunkworks/gomad/temporal/tools/gomad3/qualification/soak\",\"Imports\":[\"context\",\"crypto/sha256\",\"encoding/hex\",\"encoding/json\",\"errors\",\"fmt\",\"go.temporal.io/server/tools/gomad3/choice\",\"go.temporal.io/server/tools/gomad3/internal/canonicaljson\",\"go.temporal.io/server/tools/gomad3/internal/hostexec\",\"go.temporal.io/server/to"}
{"Time":"2026-10-08T20:26:46.627567497Z","Action":"output","Package":"go.temporal.io/server/tools/gomad3","Test":"TestHostPackageVet/linux/arm64","Output":"ols/gomad3/qualification\",\"go.temporal.io/server/tools/gomad3/qualification/set\",\"go.temporal.io/server/tools/gomad3/record\",\"go.temporal.io/server/tools/gomad3/runner\",\"os\",\"path/filepath\",\"regexp\",\"runtime\",\"slices\",\"strconv\",\"strings\",\"sync\",\"sync/atomic\",\"time\"],\"ImportMap\":null,\"GoFiles\":[\"ledger.go\",\"manifest.go\",\"soak.go\"],\"CgoFiles\":null,\"CompiledGoFiles\":null,\"IgnoredGoFiles\":null,\"TestGoFiles\":[\"soak_test.go\"],\"XTestGoFiles\":null,\"Standard\":false,\"Error\":null,\"DepsErrors\":null},{\"ImportPath\":\"go.temporal.io/server/tools/gomad3/qualification/workload\",\"Dir\":\"/Users/stephan/Workspace/skunkworks/gomad/temporal/tools/gomad3/qualification/workload\",\"Imports\":[\"context\",\"errors\",\"fmt\",\"go.temporal.io/server/tools/gomad3/deterministicio\",\"go.temporal.io/server/tools/gomad3/qualification\",\"go.temporal.io/server/tools/gomad3/record\",\"go.temporal.io/server/tools/gomad3/runner\",\"go.temporal.io/server/tools/gomad3/target\"],\"ImportMap\":null,\"GoFiles\":[\"workload.go\"],\"CgoFiles\":null,\"CompiledGoFiles\":null,\"Ignore"}
{"Time":"2026-10-08T20:26:46.627592122Z","Action":"output","Package":"go.temporal.io/server/tools/gomad3","Test":"TestHostPackageVet/linux/arm64","Output":"dGoFiles\":null,\"TestGoFiles\":[\"workload_test.go\"],\"XTestGoFiles\":null,\"Standard\":false,\"Error\":null,\"DepsErrors\":null},{\"ImportPath\":\"go.temporal.io/server/tools/gomad3/record\",\"Dir\":\"/Users/stephan/Workspace/skunkworks/gomad/temporal/tools/gomad3/record\",\"Imports\":[\"bytes\",\"crypto/sha256\",\"encoding/hex\",\"encoding/json\",\"errors\",\"fmt\",\"go.temporal.io/server/tools/gomad3/internal/canonicaljson\",\"path\",\"regexp\",\"sort\",\"strconv\",\"strings\",\"time\"],\"ImportMap\":null,\"GoFiles\":[\"identity.go\",\"record.go\",\"types.go\",\"uint64_string.go\",\"validation.go\"],\"CgoFiles\":null,\"CompiledGoFiles\":null,\"IgnoredGoFiles\":null,\"TestGoFiles\":[\"record_test.go\",\"uint64_string_test.go\",\"validation_timestamp_test.go\",\"world_terminal_identity_test.go\"],\"XTestGoFiles\":null,\"Standard\":false,\"Error\":null,\"DepsErrors\":null},{\"ImportPath\":\"go.temporal.io/server/tools/gomad3/runner\",\"Dir\":\"/Users/stephan/Workspace/skunkworks/gomad/temporal/tools/gomad3/runner\",\"Imports\":[\"bytes\",\"context\",\"crypto/rand\",\"crypto/sha256\",\"debug/buildinfo\",\"encoding"}
{"Time":"2026-10-08T20:26:46.627621497Z","Action":"output","Package":"go.temporal.io/server/tools/gomad3","Test":"TestHostPackageVet/linux/arm64","Output":"/hex\",\"encoding/json\",\"errors\",\"fmt\",\"go.temporal.io/server/tools/gomad3/artifact\",\"go.temporal.io/server/tools/gomad3/choice\",\"go.temporal.io/server/tools/gomad3/deterministicio\",\"go.temporal.io/server/tools/gomad3/deterministicio/readonlymount\",\"go.temporal.io/server/tools/gomad3/internal/canonicaljson\",\"go.temporal.io/server/tools/gomad3/internal/hostexec\",\"go.temporal.io/server/tools/gomad3/internal/hostfs\",\"go.temporal.io/server/tools/gomad3/internal/preparation\",\"go.temporal.io/server/tools/gomad3/record\",\"go.temporal.io/server/tools/gomad3/runner/internal/campaign\",\"go.temporal.io/server/tools/gomad3/runner/internal/corpus\",\"go.temporal.io/server/tools/gomad3/runner/internal/execution\",\"go.temporal.io/server/tools/gomad3/runner/internal/exploration/choice\",\"go.temporal.io/server/tools/gomad3/runner/internal/exploration/simulation\",\"go.temporal.io/server/tools/gomad3/runner/internal/exploration/simulationrecord\",\"go.temporal.io/server/tools/gomad3/runner/internal/minimizer\",\"go.temporal.io/server/tools/"}
{"Time":"2026-10-08T20:26:46.627641831Z","Action":"output","Package":"go.temporal.io/server/tools/gomad3","Test":"TestHostPackageVet/linux/arm64","Output":"gomad3/target\",\"go.temporal.io/server/tools/gomad3/world\",\"io\",\"math\",\"os\",\"os/exec\",\"path\",\"path/filepath\",\"regexp\",\"runtime\",\"runtime/debug\",\"slices\",\"sort\",\"strconv\",\"strings\",\"syscall\",\"time\"],\"ImportMap\":null,\"GoFiles\":[\"campaign.go\",\"campaign_merge.go\",\"campaign_options.go\",\"campaign_plan.go\",\"campaign_shard.go\",\"campaign_shard_execution.go\",\"choice_exploration_campaign.go\",\"completion.go\",\"coordinator.go\",\"coordinator_process_unix.go\",\"coverage.go\",\"deterministicio.go\",\"diagnostics.go\",\"errors.go\",\"evidence.go\",\"exploration_round.go\",\"guidance.go\",\"inspect.go\",\"inspect_capacity.go\",\"minimize_operation.go\",\"portable_plan.go\",\"portable_plan_mounts.go\",\"private.go\",\"recovery.go\",\"replay_operation.go\",\"resume.go\",\"retention.go\",\"runner.go\",\"seeds.go\",\"simulation_exploration_campaign.go\"],\"CgoFiles\":null,\"CompiledGoFiles\":null,\"IgnoredGoFiles\":[\"coordinator_process_other.go\"],\"TestGoFiles\":[\"campaign_options_characterization_test.go\",\"campaign_options_cli_test.go\",\"campaign_options_legacy_characterization_t"}
{"Time":"2026-10-08T20:26:46.627666706Z","Action":"output","Package":"go.temporal.io/server/tools/gomad3","Test":"TestHostPackageVet/linux/arm64","Output":"est.go\",\"campaign_options_test.go\",\"campaign_shard_test.go\",\"campaign_test.go\",\"choice_exploration_divergence_test.go\",\"choice_exploration_divergence_unix_test.go\",\"clock_tick_test.go\",\"completion_characterization_test.go\",\"completion_test.go\",\"coordinator_process_unix_test.go\",\"coordinator_test.go\",\"coordinator_transport_test.go\",\"coverage_replay_test.go\",\"coverage_watchdog_test.go\",\"diagnostic_identity_test.go\",\"diagnostics_test.go\",\"environment_integration_test.go\",\"errors_test.go\",\"executor_injection_characterization_test.go\",\"exploration_round_test.go\",\"guidance_identity_test.go\",\"guided_selection_test.go\",\"inspect_projection_test.go\",\"inspect_test.go\",\"minimize_operation_test.go\",\"portable_plan_test.go\",\"preparation_equivalence_legacy_test.go\",\"preparation_owner_test.go\",\"replay_io_integration_test.go\",\"replay_operation_test.go\",\"retention_characterization_test.go\",\"retention_test.go\",\"runner_mode_unix_test.go\",\"runner_test.go\",\"seed_completion_characterization_test.go\",\"seeds_test.go\",\"simulation_explo"}
{"Time":"2026-10-08T20:26:46.627694747Z","Action":"output","Package":"go.temporal.io/server/tools/gomad3","Test":"TestHostPackageVet/linux/arm64","Output":"ration_plan_test.go\",\"watchdog_replay_test.go\"],\"XTestGoFiles\":null,\"Standard\":false,\"Error\":null,\"DepsErrors\":null},{\"ImportPath\":\"go.temporal.io/server/tools/gomad3/runner/internal/campaign\",\"Dir\":\"/Users/stephan/Workspace/skunkworks/gomad/temporal/tools/gomad3/runner/internal/campaign\",\"Imports\":[\"bytes\",\"context\",\"crypto/sha256\",\"encoding/hex\",\"errors\",\"fmt\",\"go.temporal.io/server/tools/gomad3/artifact\",\"go.temporal.io/server/tools/gomad3/choice\",\"go.temporal.io/server/tools/gomad3/deterministicio\",\"go.temporal.io/server/tools/gomad3/internal/canonicaljson\",\"go.temporal.io/server/tools/gomad3/internal/hostfs\",\"go.temporal.io/server/tools/gomad3/record\",\"go.temporal.io/server/tools/gomad3/runner/internal/exploration/choice\",\"go.temporal.io/server/tools/gomad3/runner/internal/exploration/simulation\",\"go.temporal.io/server/tools/gomad3/world\",\"hash\",\"io\",\"os\",\"path/filepath\",\"reflect\",\"slices\",\"sort\",\"strconv\",\"strings\",\"sync\",\"unicode/utf8\"],\"ImportMap\":null,\"GoFiles\":[\"artifact_capacity.go\",\"campaign_journ"}
{"Time":"2026-10-08T20:26:46.627732081Z","Action":"output","Package":"go.temporal.io/server/tools/gomad3","Test":"TestHostPackageVet/linux/arm64","Output":"al.go\",\"choice_exploration_journal.go\",\"controller.go\",\"errors.go\",\"files.go\",\"filesystem.go\",\"lifecycle.go\",\"merge.go\",\"open_campaign.go\",\"recovery.go\",\"resume_journal.go\",\"resume_lock.go\",\"resume_plan.go\",\"retained_evidence.go\",\"segmented_journal.go\",\"simulation_exploration_journal.go\"],\"CgoFiles\":null,\"CompiledGoFiles\":null,\"IgnoredGoFiles\":null,\"TestGoFiles\":[\"artifact_helper_test.go\",\"campaign_journal_test.go\",\"choice_exploration_divergence_test.go\",\"choice_exploration_journal_test.go\",\"choice_exploration_start_test.go\",\"controller_completion_test.go\",\"controller_test.go\",\"filesystem_fault_test.go\",\"lifecycle_test.go\",\"merge_capacity_test.go\",\"retained_evidence_test.go\",\"segmented_journal_test.go\",\"simulation_exploration_journal_test.go\"],\"XTestGoFiles\":null,\"Standard\":false,\"Error\":null,\"DepsErrors\":null},{\"ImportPath\":\"go.temporal.io/server/tools/gomad3/runner/internal/corpus\",\"Dir\":\"/Users/stephan/Workspace/skunkworks/gomad/temporal/tools/gomad3/runner/internal/corpus\",\"Imports\":[\"bytes\",\"context\",\"en"}
{"Time":"2026-10-08T20:26:46.627761414Z","Action":"output","Package":"go.temporal.io/server/tools/gomad3","Test":"TestHostPackageVet/linux/arm64","Output":"coding/json\",\"errors\",\"fmt\",\"go.temporal.io/server/tools/gomad3/artifact\",\"go.temporal.io/server/tools/gomad3/choice\",\"go.temporal.io/server/tools/gomad3/deterministicio\",\"go.temporal.io/server/tools/gomad3/internal/canonicaljson\",\"go.temporal.io/server/tools/gomad3/internal/hostfs\",\"go.temporal.io/server/tools/gomad3/record\",\"go.temporal.io/server/tools/gomad3/world\",\"io\",\"os\",\"path/filepath\",\"slices\",\"sort\",\"strings\"],\"ImportMap\":null,\"GoFiles\":[\"admission.go\",\"corpus.go\",\"features.go\",\"lock.go\",\"model.go\"],\"CgoFiles\":null,\"CompiledGoFiles\":null,\"IgnoredGoFiles\":null,\"TestGoFiles\":[\"corpus_test.go\",\"guide_test.go\"],\"XTestGoFiles\":null,\"Standard\":false,\"Error\":null,\"DepsErrors\":null},{\"ImportPath\":\"go.temporal.io/server/tools/gomad3/runner/internal/execution\",\"Dir\":\"/Users/stephan/Workspace/skunkworks/gomad/temporal/tools/gomad3/runner/internal/execution\",\"Imports\":[\"bytes\",\"context\",\"crypto/sha256\",\"encoding/binary\",\"encoding/json\",\"errors\",\"fmt\",\"go.temporal.io/server/tools/gomad3/choice\",\"go.temporal.io/s"}
{"Time":"2026-10-08T20:26:46.627863706Z","Action":"output","Package":"go.temporal.io/server/tools/gomad3","Test":"TestHostPackageVet/linux/arm64","Output":"erver/tools/gomad3/deterministicio\",\"go.temporal.io/server/tools/gomad3/deterministicio/readonlymount\",\"go.temporal.io/server/tools/gomad3/internal/canonicaljson\",\"go.temporal.io/server/tools/gomad3/internal/hostexec\",\"go.temporal.io/server/tools/gomad3/record\",\"go.temporal.io/server/tools/gomad3/world\",\"go.temporal.io/server/tools/gomad3/world/mailbox\",\"go.temporal.io/server/tools/gomad3/world/process\",\"io\",\"math\",\"os\",\"os/exec\",\"os/signal\",\"slices\",\"sort\",\"strings\",\"sync\",\"syscall\",\"time\"],\"ImportMap\":null,\"GoFiles\":[\"bootstrap_unix.go\",\"choicetrace.go\",\"descriptor_dup_linux.go\",\"launch_plan_unix.go\",\"outcome.go\",\"process.go\",\"process_unix.go\",\"simulation.go\",\"simulation_model.go\",\"simulation_model_wire_generated.go\",\"simulation_progress.go\",\"simulation_time.go\",\"simulation_time_wire_generated.go\",\"simulation_unix.go\",\"supervisor_unix.go\",\"worldrecord.go\"],\"CgoFiles\":null,\"CompiledGoFiles\":null,\"IgnoredGoFiles\":[\"bootstrap_other.go\",\"descriptor_dup_other_unix.go\",\"process_unsupported.go\",\"simulation_root_in"}
{"Time":"2026-10-08T20:26:46.627893456Z","Action":"output","Package":"go.temporal.io/server/tools/gomad3","Test":"TestHostPackageVet/linux/arm64","Output":"tegration_test.go\"],\"TestGoFiles\":[\"choicetrace_test.go\",\"descriptor_dup_linux_test.go\",\"diagnostics_toolchain_test.go\",\"draw_check_toolchain_test.go\",\"outcome_test.go\",\"process_test.go\",\"process_unix_test.go\",\"simulation_progress_fixture_test.go\",\"simulation_progress_lifecycle_test.go\",\"simulation_progress_test.go\",\"simulation_test.go\",\"simulation_time_test.go\",\"simulation_time_wire_generated_test.go\",\"simulation_unix_test.go\",\"watchdog_io_test.go\",\"worldrecord_test.go\"],\"XTestGoFiles\":[\"io_boundary_toolchain_test.go\",\"io_entropy_toolchain_test.go\",\"io_filesystem_toolchain_test.go\",\"io_handoff_toolchain_test.go\",\"io_libc_toolchain_test.go\",\"io_net_bind_toolchain_test.go\",\"io_network_toolchain_test.go\",\"io_sandbox_toolchain_test.go\",\"io_sqlite_toolchain_test.go\",\"io_test_helpers_test.go\",\"model_conformance_compare_test.go\",\"model_conformance_test.go\"],\"Standard\":false,\"Error\":null,\"DepsErrors\":null},{\"ImportPath\":\"go.temporal.io/server/tools/gomad3/runner/internal/exploration\",\"Dir\":\"/Users/stephan/Workspace/"}
{"Time":"2026-10-08T20:26:46.627943997Z","Action":"output","Package":"go.temporal.io/server/tools/gomad3","Test":"TestHostPackageVet/linux/arm64","Output":"skunkworks/gomad/temporal/tools/gomad3/runner/internal/exploration\",\"Imports\":[\"errors\",\"go.temporal.io/server/tools/gomad3/record\",\"slices\"],\"ImportMap\":null,\"GoFiles\":[\"engine.go\"],\"CgoFiles\":null,\"CompiledGoFiles\":null,\"IgnoredGoFiles\":null,\"TestGoFiles\":[\"engine_test.go\"],\"XTestGoFiles\":null,\"Standard\":false,\"Error\":null,\"DepsErrors\":null},{\"ImportPath\":\"go.temporal.io/server/tools/gomad3/runner/internal/exploration/choice\",\"Dir\":\"/Users/stephan/Workspace/skunkworks/gomad/temporal/tools/gomad3/runner/internal/exploration/choice\",\"Imports\":[\"bytes\",\"crypto/sha256\",\"errors\",\"fmt\",\"go.temporal.io/server/tools/gomad3/choice\",\"go.temporal.io/server/tools/gomad3/internal/canonicaljson\",\"go.temporal.io/server/tools/gomad3/record\",\"go.temporal.io/server/tools/gomad3/runner/internal/exploration\",\"slices\"],\"ImportMap\":null,\"GoFiles\":[\"engine.go\",\"select_readiness.go\"],\"CgoFiles\":null,\"CompiledGoFiles\":null,\"IgnoredGoFiles\":null,\"TestGoFiles\":[\"engine_divergence_test.go\",\"engine_test.go\"],\"XTestGoFiles\":null,\"Standa"}
{"Time":"2026-10-08T20:26:46.627975289Z","Action":"output","Package":"go.temporal.io/server/tools/gomad3","Test":"TestHostPackageVet/linux/arm64","Output":"rd\":false,\"Error\":null,\"DepsErrors\":null},{\"ImportPath\":\"go.temporal.io/server/tools/gomad3/runner/internal/exploration/simulation\",\"Dir\":\"/Users/stephan/Workspace/skunkworks/gomad/temporal/tools/gomad3/runner/internal/exploration/simulation\",\"Imports\":[\"bytes\",\"errors\",\"fmt\",\"go.temporal.io/server/tools/gomad3/internal/canonicaljson\",\"go.temporal.io/server/tools/gomad3/record\",\"go.temporal.io/server/tools/gomad3/runner/internal/exploration\",\"slices\",\"sort\"],\"ImportMap\":null,\"GoFiles\":[\"frontier.go\"],\"CgoFiles\":null,\"CompiledGoFiles\":null,\"IgnoredGoFiles\":null,\"TestGoFiles\":[\"frontier_test.go\"],\"XTestGoFiles\":null,\"Standard\":false,\"Error\":null,\"DepsErrors\":null},{\"ImportPath\":\"go.temporal.io/server/tools/gomad3/runner/internal/exploration/simulationrecord\",\"Dir\":\"/Users/stephan/Workspace/skunkworks/gomad/temporal/tools/gomad3/runner/internal/exploration/simulationrecord\",\"Imports\":[\"bytes\",\"crypto/sha256\",\"encoding/json\",\"errors\",\"fmt\",\"go.temporal.io/server/tools/gomad3/choice\",\"go.temporal.io/server/tools/g"}
{"Time":"2026-10-08T20:26:46.628006831Z","Action":"output","Package":"go.temporal.io/server/tools/gomad3","Test":"TestHostPackageVet/linux/arm64","Output":"omad3/internal/canonicaljson\",\"go.temporal.io/server/tools/gomad3/record\",\"go.temporal.io/server/tools/gomad3/runner/internal/exploration/simulation\",\"slices\"],\"ImportMap\":null,\"GoFiles\":[\"record.go\",\"wire.go\"],\"CgoFiles\":null,\"CompiledGoFiles\":null,\"IgnoredGoFiles\":null,\"TestGoFiles\":[\"record_test.go\",\"wire_test.go\"],\"XTestGoFiles\":null,\"Standard\":false,\"Error\":null,\"DepsErrors\":null},{\"ImportPath\":\"go.temporal.io/server/tools/gomad3/runner/internal/minimizer\",\"Dir\":\"/Users/stephan/Workspace/skunkworks/gomad/temporal/tools/gomad3/runner/internal/minimizer\",\"Imports\":[\"bytes\",\"context\",\"errors\",\"fmt\",\"go.temporal.io/server/tools/gomad3/internal/canonicaljson\",\"go.temporal.io/server/tools/gomad3/internal/hostfs\",\"go.temporal.io/server/tools/gomad3/record\",\"go.temporal.io/server/tools/gomad3/runner/internal/exploration/simulation\",\"io\",\"os\",\"path/filepath\",\"slices\",\"strings\"],\"ImportMap\":null,\"GoFiles\":[\"minimizer.go\",\"workspace.go\"],\"CgoFiles\":null,\"CompiledGoFiles\":null,\"IgnoredGoFiles\":null,\"TestGoFiles\":[\"m"}
{"Time":"2026-10-08T20:26:46.628034914Z","Action":"output","Package":"go.temporal.io/server/tools/gomad3","Test":"TestHostPackageVet/linux/arm64","Output":"inimizer_test.go\",\"workspace_unix_test.go\"],\"XTestGoFiles\":null,\"Standard\":false,\"Error\":null,\"DepsErrors\":null},{\"ImportPath\":\"go.temporal.io/server/tools/gomad3/target\",\"Dir\":\"/Users/stephan/Workspace/skunkworks/gomad/temporal/tools/gomad3/target\",\"Imports\":[\"bytes\",\"cmp\",\"context\",\"crypto/sha256\",\"debug/buildinfo\",\"encoding/hex\",\"encoding/json\",\"errors\",\"fmt\",\"go.temporal.io/server/tools/gomad3/internal/canonicaljson\",\"go.temporal.io/server/tools/gomad3/internal/compatibilitypack\",\"go.temporal.io/server/tools/gomad3/internal/hostfs\",\"go.temporal.io/server/tools/gomad3/internal/sourceinventory\",\"go.temporal.io/server/tools/gomad3/record\",\"go.temporal.io/server/tools/gomad3/target/internal/build\",\"go.temporal.io/server/tools/gomad3/target/internal/capabilitypolicy\",\"go.temporal.io/server/tools/gomad3/target/internal/capabilityreview\",\"go.temporal.io/server/tools/gomad3/target/internal/gocommand\",\"go.temporal.io/server/tools/gomad3/target/internal/livecap\",\"go.temporal.io/server/tools/gomad3/target/internal/p"}
{"Time":"2026-10-08T20:26:46.628068872Z","Action":"output","Package":"go.temporal.io/server/tools/gomad3","Test":"TestHostPackageVet/linux/arm64","Output":"rovenance\",\"go.temporal.io/server/tools/gomad3/toolchain/installation\",\"io\",\"maps\",\"os\",\"path/filepath\",\"regexp\",\"runtime\",\"runtime/debug\",\"slices\",\"sort\",\"strconv\",\"strings\",\"time\",\"unicode\"],\"ImportMap\":null,\"GoFiles\":[\"adapter_source_set.go\",\"capability.go\",\"capability_capacity.go\",\"capability_collection.go\",\"capability_evaluation.go\",\"capability_linked.go\",\"module_directory.go\",\"prepared_cache.go\",\"target.go\"],\"CgoFiles\":null,\"CompiledGoFiles\":null,\"IgnoredGoFiles\":null,\"TestGoFiles\":[\"adapter_source_set_test.go\",\"capability_golden_test.go\",\"capability_projection_test.go\",\"capability_review_test.go\",\"capability_test.go\",\"cleanup_test.go\",\"coverage_test.go\",\"go_command_test.go\",\"installation_test.go\",\"module_directory_test.go\",\"prepared_cache_digest_test.go\",\"prepared_cache_test.go\",\"target_test.go\"],\"XTestGoFiles\":null,\"Standard\":false,\"Error\":null,\"DepsErrors\":null},{\"ImportPath\":\"go.temporal.io/server/tools/gomad3/target/internal/build\",\"Dir\":\"/Users/stephan/Workspace/skunkworks/gomad/temporal/tools/gom"}
{"Time":"2026-10-08T20:26:46.628101372Z","Action":"output","Package":"go.temporal.io/server/tools/gomad3","Test":"TestHostPackageVet/linux/arm64","Output":"ad3/target/internal/build\",\"Imports\":[\"errors\",\"fmt\",\"go.temporal.io/server/tools/gomad3/internal/hostfs\",\"os\",\"path/filepath\",\"sort\",\"strings\",\"unicode\"],\"ImportMap\":null,\"GoFiles\":[\"context.go\",\"trim.go\"],\"CgoFiles\":null,\"CompiledGoFiles\":null,\"IgnoredGoFiles\":null,\"TestGoFiles\":[\"context_test.go\",\"trim_test.go\"],\"XTestGoFiles\":null,\"Standard\":false,\"Error\":null,\"DepsErrors\":null},{\"ImportPath\":\"go.temporal.io/server/tools/gomad3/target/internal/capabilitypolicy\",\"Dir\":\"/Users/stephan/Workspace/skunkworks/gomad/temporal/tools/gomad3/target/internal/capabilitypolicy\",\"Imports\":[\"go.temporal.io/server/tools/gomad3/internal/compatibilitypack\",\"slices\",\"sort\",\"strings\"],\"ImportMap\":null,\"GoFiles\":[\"policy.go\",\"simulation_bridge.go\"],\"CgoFiles\":null,\"CompiledGoFiles\":null,\"IgnoredGoFiles\":null,\"TestGoFiles\":[\"policy_test.go\"],\"XTestGoFiles\":null,\"Standard\":false,\"Error\":null,\"DepsErrors\":null},{\"ImportPath\":\"go.temporal.io/server/tools/gomad3/target/internal/capabilityreview\",\"Dir\":\"/Users/stephan/Workspace/skun"}
{"Time":"2026-10-08T20:26:46.628127539Z","Action":"output","Package":"go.temporal.io/server/tools/gomad3","Test":"TestHostPackageVet/linux/arm64","Output":"kworks/gomad/temporal/tools/gomad3/target/internal/capabilityreview\",\"Imports\":[\"bytes\",\"context\",\"encoding/json\",\"errors\",\"fmt\",\"go.temporal.io/server/tools/gomad3/target/internal/gocommand\",\"io\",\"strings\"],\"ImportMap\":null,\"GoFiles\":[\"list.go\"],\"CgoFiles\":null,\"CompiledGoFiles\":null,\"IgnoredGoFiles\":null,\"TestGoFiles\":[\"list_test.go\"],\"XTestGoFiles\":null,\"Standard\":false,\"Error\":null,\"DepsErrors\":null},{\"ImportPath\":\"go.temporal.io/server/tools/gomad3/target/internal/gocommand\",\"Dir\":\"/Users/stephan/Workspace/skunkworks/gomad/temporal/tools/gomad3/target/internal/gocommand\",\"Imports\":[\"context\",\"fmt\",\"go.temporal.io/server/tools/gomad3/internal/hostexec\",\"time\"],\"ImportMap\":null,\"GoFiles\":[\"command.go\"],\"CgoFiles\":null,\"CompiledGoFiles\":null,\"IgnoredGoFiles\":null,\"TestGoFiles\":[\"command_test.go\"],\"XTestGoFiles\":null,\"Standard\":false,\"Error\":null,\"DepsErrors\":null},{\"ImportPath\":\"go.temporal.io/server/tools/gomad3/target/internal/livecap\",\"Dir\":\"/Users/stephan/Workspace/skunkworks/gomad/temporal/tools/gomad3"}
{"Time":"2026-10-08T20:26:46.628149747Z","Action":"output","Package":"go.temporal.io/server/tools/gomad3","Test":"TestHostPackageVet/linux/arm64","Output":"/target/internal/livecap\",\"Imports\":[\"bytes\",\"crypto/sha256\",\"debug/elf\",\"debug/macho\",\"encoding/binary\",\"errors\",\"fmt\",\"go.temporal.io/server/tools/gomad3/internal/canonicaljson\",\"go.temporal.io/server/tools/gomad3/record\",\"io\",\"os\",\"strings\"],\"ImportMap\":null,\"GoFiles\":[\"extract.go\",\"livecap.go\",\"project.go\",\"protocol_generated.go\"],\"CgoFiles\":null,\"CompiledGoFiles\":null,\"IgnoredGoFiles\":null,\"TestGoFiles\":[\"livecap_test.go\",\"project_test.go\",\"toolchain_test.go\"],\"XTestGoFiles\":null,\"Standard\":false,\"Error\":null,\"DepsErrors\":null},{\"ImportPath\":\"go.temporal.io/server/tools/gomad3/target/internal/provenance\",\"Dir\":\"/Users/stephan/Workspace/skunkworks/gomad/temporal/tools/gomad3/target/internal/provenance\",\"Imports\":[\"errors\",\"fmt\",\"go.temporal.io/server/tools/gomad3/internal/canonicaljson\",\"go.temporal.io/server/tools/gomad3/internal/hostfs\",\"io\",\"os\"],\"ImportMap\":null,\"GoFiles\":[\"store.go\"],\"CgoFiles\":null,\"CompiledGoFiles\":null,\"IgnoredGoFiles\":null,\"TestGoFiles\":[\"store_test.go\"],\"XTestGoFiles\":null,\"Stan"}
{"Time":"2026-10-08T20:26:46.628183789Z","Action":"output","Package":"go.temporal.io/server/tools/gomad3","Test":"TestHostPackageVet/linux/arm64","Output":"dard\":false,\"Error\":null,\"DepsErrors\":null},{\"ImportPath\":\"go.temporal.io/server/tools/gomad3/toolchain\",\"Dir\":\"/Users/stephan/Workspace/skunkworks/gomad/temporal/tools/gomad3/toolchain\",\"Imports\":[\"archive/tar\",\"bytes\",\"compress/gzip\",\"context\",\"crypto/sha256\",\"encoding/json\",\"errors\",\"fmt\",\"go.temporal.io/server/tools/gomad3/internal/hostexec\",\"go.temporal.io/server/tools/gomad3/internal/hostfs\",\"go.temporal.io/server/tools/gomad3/toolchain/installation\",\"go.temporal.io/server/tools/gomad3/toolchain/version\",\"io\",\"io/fs\",\"net/http\",\"os\",\"path\",\"path/filepath\",\"regexp\",\"runtime\",\"slices\",\"sort\",\"strings\",\"time\"],\"ImportMap\":null,\"GoFiles\":[\"build.go\",\"buildkey.go\",\"installation.go\",\"lock.go\",\"patch.go\",\"patch_regenerate.go\",\"source.go\"],\"CgoFiles\":null,\"CompiledGoFiles\":null,\"IgnoredGoFiles\":null,\"TestGoFiles\":[\"build_test.go\",\"buildkey_test.go\",\"clock_inventory_test.go\",\"draw_inventory_test.go\",\"goroutine_inventory_test.go\",\"installation_test.go\",\"patch_cleanup_test.go\",\"patch_test.go\",\"source_cleanup_test."}
{"Time":"2026-10-08T20:26:46.628215122Z","Action":"output","Package":"go.temporal.io/server/tools/gomad3","Test":"TestHostPackageVet/linux/arm64","Output":"go\",\"source_test.go\"],\"XTestGoFiles\":null,\"Standard\":false,\"Error\":null,\"DepsErrors\":null},{\"ImportPath\":\"go.temporal.io/server/tools/gomad3/toolchain/installation\",\"Dir\":\"/Users/stephan/Workspace/skunkworks/gomad/temporal/tools/gomad3/toolchain/installation\",\"Imports\":[\"crypto/sha256\",\"fmt\",\"os\",\"path/filepath\",\"strings\"],\"ImportMap\":null,\"GoFiles\":[\"installation.go\"],\"CgoFiles\":null,\"CompiledGoFiles\":null,\"IgnoredGoFiles\":null,\"TestGoFiles\":[\"installation_test.go\"],\"XTestGoFiles\":null,\"Standard\":false,\"Error\":null,\"DepsErrors\":null},{\"ImportPath\":\"go.temporal.io/server/tools/gomad3/toolchain/version\",\"Dir\":\"/Users/stephan/Workspace/skunkworks/gomad/temporal/tools/gomad3/toolchain/version\",\"Imports\":[\"bytes\",\"encoding/json\",\"errors\",\"fmt\",\"go.temporal.io/server/tools/gomad3/internal/hostfs\",\"go/format\",\"golang.org/x/mod/module\",\"io\",\"os\",\"path/filepath\",\"regexp\",\"slices\",\"strings\"],\"ImportMap\":null,\"GoFiles\":[\"descriptor.go\",\"generated.go\"],\"CgoFiles\":null,\"CompiledGoFiles\":null,\"IgnoredGoFiles\":null,\"TestGo"}
{"Time":"2026-10-08T20:26:46.628239956Z","Action":"output","Package":"go.temporal.io/server/tools/gomad3","Test":"TestHostPackageVet/linux/arm64","Output":"Files\":[\"descriptor_test.go\"],\"XTestGoFiles\":null,\"Standard\":false,\"Error\":null,\"DepsErrors\":null},{\"ImportPath\":\"go.temporal.io/server/tools/gomad3/upgrade\",\"Dir\":\"/Users/stephan/Workspace/skunkworks/gomad/temporal/tools/gomad3/upgrade\",\"Imports\":[\"archive/tar\",\"bytes\",\"compress/gzip\",\"context\",\"crypto/sha256\",\"encoding/json\",\"errors\",\"fmt\",\"go.temporal.io/server/tools/gomad3/internal/canonicaljson\",\"go.temporal.io/server/tools/gomad3/internal/hostexec\",\"go.temporal.io/server/tools/gomad3/internal/hostfs\",\"go.temporal.io/server/tools/gomad3/qualification/set\",\"go.temporal.io/server/tools/gomad3/toolchain/version\",\"go.temporal.io/server/tools/gomad3/upgrade/adapterregen\",\"go.temporal.io/server/tools/gomad3/upgrade/pinimpact\",\"io\",\"os\",\"os/exec\",\"path/filepath\",\"runtime\",\"slices\",\"strings\",\"time\"],\"ImportMap\":null,\"GoFiles\":[\"maintenance_compat.go\",\"upgrade.go\"],\"CgoFiles\":null,\"CompiledGoFiles\":null,\"IgnoredGoFiles\":null,\"TestGoFiles\":[\"upgrade_io_test.go\",\"upgrade_test.go\",\"upgrade_unix_test.go\"],\"XTestGoFil"}
{"Time":"2026-10-08T20:26:46.628274539Z","Action":"output","Package":"go.temporal.io/server/tools/gomad3","Test":"TestHostPackageVet/linux/arm64","Output":"es\":null,\"Standard\":false,\"Error\":null,\"DepsErrors\":null},{\"ImportPath\":\"go.temporal.io/server/tools/gomad3/upgrade/adapterregen\",\"Dir\":\"/Users/stephan/Workspace/skunkworks/gomad/temporal/tools/gomad3/upgrade/adapterregen\",\"Imports\":[\"bytes\",\"context\",\"crypto/sha256\",\"encoding/json\",\"errors\",\"fmt\",\"go.temporal.io/server/tools/gomad3/deterministicio\",\"go.temporal.io/server/tools/gomad3/internal/compatibilitypack\",\"go.temporal.io/server/tools/gomad3/internal/hostexec\",\"go.temporal.io/server/tools/gomad3/internal/hostfs\",\"go.temporal.io/server/tools/gomad3/toolchain/version\",\"golang.org/x/mod/modfile\",\"io\",\"io/fs\",\"maps\",\"os\",\"path\",\"path/filepath\",\"slices\",\"sort\",\"strconv\",\"strings\",\"time\"],\"ImportMap\":null,\"GoFiles\":[\"adapterregen.go\",\"diff.go\",\"render.go\",\"transaction.go\"],\"CgoFiles\":null,\"CompiledGoFiles\":null,\"IgnoredGoFiles\":null,\"TestGoFiles\":[\"adapterregen_test.go\",\"checkout_revalidation_test.go\",\"default_pipeline_test.go\",\"lock_release_test.go\",\"publication_cleanup_test.go\"],\"XTestGoFiles\":null,\"Standar"}
{"Time":"2026-10-08T20:26:46.628327456Z","Action":"output","Package":"go.temporal.io/server/tools/gomad3","Test":"TestHostPackageVet/linux/arm64","Output":"d\":false,\"Error\":null,\"DepsErrors\":null},{\"ImportPath\":\"go.temporal.io/server/tools/gomad3/upgrade/pinimpact\",\"Dir\":\"/Users/stephan/Workspace/skunkworks/gomad/temporal/tools/gomad3/upgrade/pinimpact\",\"Imports\":[\"bytes\",\"context\",\"crypto/sha256\",\"encoding/json\",\"errors\",\"fmt\",\"go.temporal.io/server/tools/gomad3/deterministicio\",\"go.temporal.io/server/tools/gomad3/internal/canonicaljson\",\"go.temporal.io/server/tools/gomad3/internal/compatibilitypack\",\"go.temporal.io/server/tools/gomad3/internal/hostexec\",\"go.temporal.io/server/tools/gomad3/toolchain/version\",\"go/ast\",\"go/parser\",\"go/token\",\"go/version\",\"golang.org/x/mod/modfile\",\"golang.org/x/mod/module\",\"io\",\"io/fs\",\"maps\",\"os\",\"path/filepath\",\"regexp\",\"slices\",\"strconv\",\"strings\",\"time\"],\"ImportMap\":null,\"GoFiles\":[\"modules.go\",\"pinimpact.go\",\"render.go\",\"toolchain.go\"],\"CgoFiles\":null,\"CompiledGoFiles\":null,\"IgnoredGoFiles\":null,\"TestGoFiles\":null,\"XTestGoFiles\":[\"pack_sums_test.go\",\"packs_directory_test.go\",\"pinimpact_test.go\",\"portable_fixtures_test.go\",\"r"}
{"Time":"2026-10-08T20:26:46.628366956Z","Action":"output","Package":"go.temporal.io/server/tools/gomad3","Test":"TestHostPackageVet/linux/arm64","Output":"esolver_test.go\",\"rule_sums_test.go\"],\"Standard\":false,\"Error\":null,\"DepsErrors\":null},{\"ImportPath\":\"go.temporal.io/server/tools/gomad3/world\",\"Dir\":\"/Users/stephan/Workspace/skunkworks/gomad/temporal/tools/gomad3/world\",\"Imports\":[\"bytes\",\"container/heap\",\"crypto/hmac\",\"crypto/sha256\",\"encoding/binary\",\"encoding/hex\",\"encoding/json\",\"fmt\",\"go.temporal.io/server/tools/gomad3/internal/canonicaljson\",\"io\",\"math\",\"regexp\",\"sort\",\"strconv\",\"sync\",\"unicode/utf8\"],\"ImportMap\":null,\"GoFiles\":[\"choice.go\",\"codec.go\",\"doc.go\",\"errors.go\",\"queue.go\",\"recording.go\",\"replay.go\",\"snapshot.go\",\"types.go\",\"world.go\"],\"CgoFiles\":null,\"CompiledGoFiles\":null,\"IgnoredGoFiles\":null,\"TestGoFiles\":[\"benchmark_test.go\",\"capacity_test.go\",\"codec_test.go\",\"concurrency_test.go\",\"recording_terminal_test.go\",\"recording_test.go\",\"replay_test.go\",\"snapshot_test.go\",\"world_test.go\"],\"XTestGoFiles\":null,\"Standard\":false,\"Error\":null,\"DepsErrors\":null},{\"ImportPath\":\"go.temporal.io/server/tools/gomad3/world/mailbox\",\"Dir\":\"/Users/stephan/Wo"}
{"Time":"2026-10-08T20:26:46.628400331Z","Action":"output","Package":"go.temporal.io/server/tools/gomad3","Test":"TestHostPackageVet/linux/arm64","Output":"rkspace/skunkworks/gomad/temporal/tools/gomad3/world/mailbox\",\"Imports\":[\"crypto/sha256\",\"encoding/binary\",\"encoding/hex\",\"fmt\",\"go.temporal.io/server/tools/gomad3/world\",\"slices\",\"sort\",\"unicode/utf8\"],\"ImportMap\":null,\"GoFiles\":[\"mailbox.go\"],\"CgoFiles\":null,\"CompiledGoFiles\":null,\"IgnoredGoFiles\":null,\"TestGoFiles\":[\"mailbox_test.go\"],\"XTestGoFiles\":null,\"Standard\":false,\"Error\":null,\"DepsErrors\":null},{\"ImportPath\":\"go.temporal.io/server/tools/gomad3/world/process\",\"Dir\":\"/Users/stephan/Workspace/skunkworks/gomad/temporal/tools/gomad3/world/process\",\"Imports\":[\"bytes\",\"encoding/binary\",\"errors\",\"fmt\",\"go.temporal.io/server/tools/gomad3/world\",\"io\",\"os\"],\"ImportMap\":null,\"GoFiles\":[\"config.go\",\"session.go\"],\"CgoFiles\":null,\"CompiledGoFiles\":null,\"IgnoredGoFiles\":null,\"TestGoFiles\":[\"config_test.go\",\"session_terminal_test.go\"],\"XTestGoFiles\":null,\"Standard\":false,\"Error\":null,\"DepsErrors\":null}],\"Sources\":[\"architecture_test.go\",\"artifact/link_count_other.go\",\"artifact/link_count_unix.go\",\"artifact/manifest"}
{"Time":"2026-10-08T20:26:46.628429122Z","Action":"output","Package":"go.temporal.io/server/tools/gomad3","Test":"TestHostPackageVet/linux/arm64","Output":"_copy.go\",\"artifact/open.go\",\"artifact/opened_test.go\",\"artifact/publication.go\",\"artifact/publication_test.go\",\"artifact/rename_noreplace.go\",\"artifact/rename_noreplace_darwin.go\",\"artifact/rename_noreplace_linux.go\",\"artifact/rename_noreplace_linux_other.go\",\"artifact/rename_noreplace_other.go\",\"artifact/rename_noreplace_windows.go\",\"artifact/rename_sysnum_linux_amd64.go\",\"artifact/rename_sysnum_linux_arm64.go\",\"artifact/retained_bytes.go\",\"artifact/retained_bytes_test.go\",\"artifact/store.go\",\"artifact/store_mode_unix_test.go\",\"artifact/store_test.go\",\"artifact/target_pool.go\",\"artifact/target_pool_test.go\",\"artifact/target_pool_unix_test.go\",\"choice/diagnostic.go\",\"choice/diagnostic_test.go\",\"choice/divergence.go\",\"choice/internal/wire/wire_generated.go\",\"choice/internal/wire/wire_generated_test.go\",\"choice/legacy_v1.go\",\"choice/legacy_v1_test.go\",\"choice/no_op_select.go\",\"choice/readiness_test.go\",\"choice/session.go\",\"choice/session_test.go\",\"choice/tape.go\",\"choice/tape_test.go\",\"choice/trace.go\",\"choice"}
{"Time":"2026-10-08T20:26:46.628461831Z","Action":"output","Package":"go.temporal.io/server/tools/gomad3","Test":"TestHostPackageVet/linux/arm64","Output":"/trace_test.go\",\"choice/wire.go\",\"cmd/gomad/e2e_test.go\",\"cmd/gomad/internal/cli/analyze.go\",\"cmd/gomad/internal/cli/application.go\",\"cmd/gomad/internal/cli/application_characterization_test.go\",\"cmd/gomad/internal/cli/application_test.go\",\"cmd/gomad/internal/cli/campaign_semantics_ownership_test.go\",\"cmd/gomad/internal/cli/campaign_shards.go\",\"cmd/gomad/internal/cli/campaign_shards_test.go\",\"cmd/gomad/internal/cli/characterization_support_test.go\",\"cmd/gomad/internal/cli/characterization_test.go\",\"cmd/gomad/internal/cli/cli.go\",\"cmd/gomad/internal/cli/cli_test.go\",\"cmd/gomad/internal/cli/compare_support.go\",\"cmd/gomad/internal/cli/diagnostics_test.go\",\"cmd/gomad/internal/cli/doctor.go\",\"cmd/gomad/internal/cli/doctor_test.go\",\"cmd/gomad/internal/cli/exploration_divergence_test.go\",\"cmd/gomad/internal/cli/explore_failure_writer_test.go\",\"cmd/gomad/internal/cli/explore_output.go\",\"cmd/gomad/internal/cli/guidance_test.go\",\"cmd/gomad/internal/cli/inspect_target_sharing_test.go\",\"cmd/gomad/internal/cli/plan_charac"}
{"Time":"2026-10-08T20:26:46.628510247Z","Action":"output","Package":"go.temporal.io/server/tools/gomad3","Test":"TestHostPackageVet/linux/arm64","Output":"terization_test.go\",\"cmd/gomad/internal/cli/qualify.go\",\"cmd/gomad/internal/cli/qualify_set.go\",\"cmd/gomad/internal/cli/quote.go\",\"cmd/gomad/internal/cli/quote_test.go\",\"cmd/gomad/internal/cli/recover.go\",\"cmd/gomad/internal/cli/resume.go\",\"cmd/gomad/internal/cli/working_directory.go\",\"cmd/gomad/internal/cli/working_directory_test.go\",\"cmd/gomad/main.go\",\"cmd/gomad/retained_success_e2e_test.go\",\"cmd/gomad/testdata/campaign/main.go\",\"cmd/gomad/testdata/seedfree/main.go\",\"cmd/gomad/testdata/watchdog/main.go\",\"cmd/gomad/watchdog_e2e_test.go\",\"cmd/gomad/watchdog_replay_e2e_test.go\",\"cmd/gomadtool/adapter_regenerate.go\",\"cmd/gomadtool/adapter_regenerate_diagnostics_test.go\",\"cmd/gomadtool/adapter_regenerate_test.go\",\"cmd/gomadtool/boundary.go\",\"cmd/gomadtool/compatibility_pack.go\",\"cmd/gomadtool/compatibility_pack_refresh.go\",\"cmd/gomadtool/compatibility_pack_refresh_diagnostics_test.go\",\"cmd/gomadtool/compatibility_pack_refresh_output_test.go\",\"cmd/gomadtool/compatibility_pack_refresh_resolved_test.go\",\"cmd/gomad"}
{"Time":"2026-10-08T20:26:46.628540247Z","Action":"output","Package":"go.temporal.io/server/tools/gomad3","Test":"TestHostPackageVet/linux/arm64","Output":"tool/compatibility_pack_refresh_test.go\",\"cmd/gomadtool/compatibility_root_test.go\",\"cmd/gomadtool/diagnostic.go\",\"cmd/gomadtool/diagnostic_test.go\",\"cmd/gomadtool/main.go\",\"cmd/gomadtool/main_test.go\",\"cmd/gomadtool/maintainer_output_patch_test.go\",\"cmd/gomadtool/maintainer_output_test.go\",\"cmd/gomadtool/pin_impact.go\",\"cmd/gomadtool/pin_impact_diagnostics_test.go\",\"cmd/gomadtool/pin_impact_test.go\",\"cmd/gomadtool/protocol.go\",\"cmd/gomadtool/qualification_manifest.go\",\"cmd/gomadtool/soak.go\",\"cmd/gomadtool/soak_test.go\",\"cmd/gomadtool/upgrade.go\",\"cmd/gomadtool/upgrade_test.go\",\"cmd/gomadtool/version.go\",\"deterministicio/adapter_cache_cleanup_test.go\",\"deterministicio/adapter_configuration_portable_test.go\",\"deterministicio/adapter_consumers_portable_test.go\",\"deterministicio/adapter_copy.go\",\"deterministicio/adapter_copy_test.go\",\"deterministicio/adapter_graph_portable_test.go\",\"deterministicio/adapter_pin_decisions_test.go\",\"deterministicio/adapter_preservation_portable_test.go\",\"deterministicio/adapter_re"}
{"Time":"2026-10-08T20:26:46.628565164Z","Action":"output","Package":"go.temporal.io/server/tools/gomad3","Test":"TestHostPackageVet/linux/arm64","Output":"generate.go\",\"deterministicio/adapter_regenerate_portable_test.go\",\"deterministicio/adapter_regenerate_source.go\",\"deterministicio/adapter_regenerate_test.go\",\"deterministicio/adapter_registry.go\",\"deterministicio/adapter_registry_test.go\",\"deterministicio/adapter_rewrite.go\",\"deterministicio/adapter_rewrite_test.go\",\"deterministicio/adapter_verify_cleanup_test.go\",\"deterministicio/bootstrap.go\",\"deterministicio/bootstrap_toolchain_test.go\",\"deterministicio/boundary_generated.go\",\"deterministicio/cactusstatsd_adapter.go\",\"deterministicio/domain.go\",\"deterministicio/downstream_adapter_registry_test.go\",\"deterministicio/fx_adapter.go\",\"deterministicio/grpc_adapter.go\",\"deterministicio/grpc_adapter_test.go\",\"deterministicio/grpc_dns_test.go\",\"deterministicio/hashicorpmetrics_adapter.go\",\"deterministicio/hashicorpmetrics_adapter_test.go\",\"deterministicio/host_dispatch_patch_test.go\",\"deterministicio/internal/wire/wire_generated.go\",\"deterministicio/internal/wire/wire_generated_test.go\",\"deterministicio/libc_adapt"}
{"Time":"2026-10-08T20:26:46.628588289Z","Action":"output","Package":"go.temporal.io/server/tools/gomad3","Test":"TestHostPackageVet/linux/arm64","Output":"er.go\",\"deterministicio/libc_adapter_test.go\",\"deterministicio/libc_regenerate.go\",\"deterministicio/libc_regenerate_test.go\",\"deterministicio/memberlist_adapter.go\",\"deterministicio/memberlist_adapter_test.go\",\"deterministicio/memory_adapter.go\",\"deterministicio/memory_adapter_test.go\",\"deterministicio/metrics_consumer_portable_test.go\",\"deterministicio/otelsdk_adapter.go\",\"deterministicio/pebble_adapter.go\",\"deterministicio/profile.go\",\"deterministicio/profile_portable_test.go\",\"deterministicio/profile_test.go\",\"deterministicio/readonlymount/capture.go\",\"deterministicio/readonlymount/capture_test.go\",\"deterministicio/readonlymount/config.go\",\"deterministicio/readonlymount/config_test.go\",\"deterministicio/readonlymount/hardlink_other.go\",\"deterministicio/readonlymount/hardlink_unix.go\",\"deterministicio/readonlymount/inventory.go\",\"deterministicio/readonlymount/inventory_test.go\",\"deterministicio/readonlymount/persistence.go\",\"deterministicio/readonlymount/persistence_test.go\",\"deterministicio/readonlymount/wi"}
{"Time":"2026-10-08T20:26:46.628618706Z","Action":"output","Package":"go.temporal.io/server/tools/gomad3","Test":"TestHostPackageVet/linux/arm64","Output":"re.go\",\"deterministicio/readonlymount/wire_test.go\",\"deterministicio/requirements.go\",\"deterministicio/requirements_test.go\",\"deterministicio/semantic_coverage.go\",\"deterministicio/semantic_coverage_test.go\",\"deterministicio/sentry_adapter.go\",\"deterministicio/session.go\",\"deterministicio/session_test.go\",\"deterministicio/sockaddr_adapter.go\",\"deterministicio/sockaddr_boundary_test.go\",\"deterministicio/sprig_adapter.go\",\"deterministicio/temporalsdk_adapter.go\",\"deterministicio/testdata/cactusstatsd/cactusstatsd_test.go\",\"deterministicio/testdata/grpcdns/dns_test.go\",\"deterministicio/testdata/hashicorpmetrics/metrics_test.go\",\"deterministicio/testdata/memberlist/memberlist_test.go\",\"deterministicio/testdata/pebble/pebble_test.go\",\"deterministicio/testdata/sentry/sentry_test.go\",\"deterministicio/testdata/sockaddr/boundary_test.go\",\"deterministicio/testdata/sockaddr/main.go\",\"deterministicio/testdata/sprig/sprig_test.go\",\"deterministicio/testdata/validator/validator_test.go\",\"deterministicio/transcript.go\",\"dete"}
{"Time":"2026-10-08T20:26:46.628644956Z","Action":"output","Package":"go.temporal.io/server/tools/gomad3","Test":"TestHostPackageVet/linux/arm64","Output":"rministicio/validator_adapter.go\",\"deterministicio/xnet_adapter.go\",\"deterministicio/xnet_adapter_test.go\",\"filesystem_handles_ownership_test.go\",\"internal/canonicaljson/canonical.go\",\"internal/canonicaljson/canonical_characterization_test.go\",\"internal/canonicaljson/canonical_test.go\",\"internal/compatibilitypack/authoring/discover.go\",\"internal/compatibilitypack/authoring/discover_test.go\",\"internal/compatibilitypack/authoring/generate.go\",\"internal/compatibilitypack/authoring/generate_test.go\",\"internal/compatibilitypack/authoring/publication.go\",\"internal/compatibilitypack/authoring/qualify.go\",\"internal/compatibilitypack/authoring/qualify_test.go\",\"internal/compatibilitypack/authoring/refresh.go\",\"internal/compatibilitypack/authoring/refresh_test.go\",\"internal/compatibilitypack/authoring/request.go\",\"internal/compatibilitypack/authoring/request_test.go\",\"internal/compatibilitypack/authoring/review.go\",\"internal/compatibilitypack/authoring/review_test.go\",\"internal/compatibilitypack/authoring/variant_selec"}
{"Time":"2026-10-08T20:26:46.628665747Z","Action":"output","Package":"go.temporal.io/server/tools/gomad3","Test":"TestHostPackageVet/linux/arm64","Output":"tors_test.go\",\"internal/compatibilitypack/authoring/working_directories.go\",\"internal/compatibilitypack/evidence_test.go\",\"internal/compatibilitypack/external_test.go\",\"internal/compatibilitypack/mutation_test.go\",\"internal/compatibilitypack/packs_generated_test.go\",\"internal/compatibilitypack/policy.go\",\"internal/compatibilitypack/policy_exhaustive_test.go\",\"internal/compatibilitypack/policy_test.go\",\"internal/compatibilitypack/profile_binding_test.go\",\"internal/compatibilitypack/schema.go\",\"internal/compatibilitypack/schema_admission_test.go\",\"internal/compatibilitypack/schema_timezone_test.go\",\"internal/compatibilitypack/testdata/v041/libc_test.go\",\"internal/compatibilitypack/testdata/xsys/xsys_test.go\",\"internal/compatibilitypack/v2_selection.go\",\"internal/gomadtool/architecture/architecture.go\",\"internal/gomadtool/architecture/architecture_test.go\",\"internal/gomadtool/architecture/edges.go\",\"internal/gomadtool/architecture/effects.go\",\"internal/gomadtool/architecture/effects_test.go\",\"internal/gomadtool/"}
{"Time":"2026-10-08T20:26:46.628684956Z","Action":"output","Package":"go.temporal.io/server/tools/gomad3","Test":"TestHostPackageVet/linux/arm64","Output":"architecture/error_provenance_test.go\",\"internal/gomadtool/architecture/initialization.go\",\"internal/gomadtool/architecture/initialization_test.go\",\"internal/gomadtool/architecture/memory_sources.go\",\"internal/gomadtool/architecture/mutation_test.go\",\"internal/gomadtool/architecture/program.go\",\"internal/gomadtool/architecture/range_test.go\",\"internal/gomadtool/architecture/signature_test.go\",\"internal/gomadtool/architecture/standard.go\",\"internal/gomadtool/architecture/startup_sources.go\",\"internal/gomadtool/conformance/driver.go\",\"internal/gomadtool/conformance/driver_test.go\",\"internal/gomadtool/conformance/exec_wrapper_unix_test.go\",\"internal/gomadtool/conformance/registry.go\",\"internal/gomadtool/conformance/registry_test.go\",\"internal/gomadtool/conformance/runtime_bootstrap.go\",\"internal/gomadtool/conformance/runtime_campaign.go\",\"internal/gomadtool/conformance/runtime_choice.go\",\"internal/gomadtool/conformance/runtime_clock_tick.go\",\"internal/gomadtool/conformance/runtime_clocks.go\",\"internal/gomadtool/"}
{"Time":"2026-10-08T20:26:46.628708206Z","Action":"output","Package":"go.temporal.io/server/tools/gomad3","Test":"TestHostPackageVet/linux/arm64","Output":"conformance/runtime_compatibility.go\",\"internal/gomadtool/conformance/runtime_linking.go\",\"internal/gomadtool/conformance/runtime_load.go\",\"internal/gomadtool/conformance/runtime_owned.go\",\"internal/gomadtool/conformance/runtime_owned_test.go\",\"internal/gomadtool/conformance/runtime_repeatability.go\",\"internal/gomadtool/conformance/runtime_scheduling.go\",\"internal/gomadtool/conformance/runtime_test.go\",\"internal/gomadtool/conformance/testdata/activation/main.go\",\"internal/gomadtool/conformance/testdata/activation_io/main.go\",\"internal/gomadtool/conformance/testdata/automatic_gc/main.go\",\"internal/gomadtool/conformance/testdata/channels/main.go\",\"internal/gomadtool/conformance/testdata/choice_exploration/main.go\",\"internal/gomadtool/conformance/testdata/choice_replay/main.go\",\"internal/gomadtool/conformance/testdata/clock/main.go\",\"internal/gomadtool/conformance/testdata/clock_audit/main.go\",\"internal/gomadtool/conformance/testdata/clock_bench/clock_bench_test.go\",\"internal/gomadtool/conformance/testdata/clock"}
{"Time":"2026-10-08T20:26:46.628734331Z","Action":"output","Package":"go.temporal.io/server/tools/gomad3","Test":"TestHostPackageVet/linux/arm64","Output":"_cgo/main.go\",\"internal/gomadtool/conformance/testdata/clock_deadlock/main.go\",\"internal/gomadtool/conformance/testdata/clock_gotest/clock_gotest_test.go\",\"internal/gomadtool/conformance/testdata/clock_io/main.go\",\"internal/gomadtool/conformance/testdata/clock_race/main.go\",\"internal/gomadtool/conformance/testdata/clock_spin/main.go\",\"internal/gomadtool/conformance/testdata/clock_synctest/clock_synctest_test.go\",\"internal/gomadtool/conformance/testdata/clock_tick/main.go\",\"internal/gomadtool/conformance/testdata/clock_tick_deadline/main.go\",\"internal/gomadtool/conformance/testdata/clock_tick_due/main.go\",\"internal/gomadtool/conformance/testdata/diagnostic_fault/main.go\",\"internal/gomadtool/conformance/testdata/draw_check/main.go\",\"internal/gomadtool/conformance/testdata/environment/main.go\",\"internal/gomadtool/conformance/testdata/gotest/gotest_test.go\",\"internal/gomadtool/conformance/testdata/intercept/intercept.go\",\"internal/gomadtool/conformance/testdata/intercept/intercept_test.go\",\"internal/gomadtool/con"}
{"Time":"2026-10-08T20:26:46.628774081Z","Action":"output","Package":"go.temporal.io/server/tools/gomad3","Test":"TestHostPackageVet/linux/arm64","Output":"formance/testdata/interceptfail/bad_handled/fixture.go\",\"internal/gomadtool/conformance/testdata/interceptfail/bad_handled/fixture_test.go\",\"internal/gomadtool/conformance/testdata/interceptfail/bad_parameter/fixture.go\",\"internal/gomadtool/conformance/testdata/interceptfail/bad_parameter/fixture_test.go\",\"internal/gomadtool/conformance/testdata/interceptfail/bad_result/fixture.go\",\"internal/gomadtool/conformance/testdata/interceptfail/bad_result/fixture_test.go\",\"internal/gomadtool/conformance/testdata/interceptfail/body_mismatch/fixture.go\",\"internal/gomadtool/conformance/testdata/interceptfail/body_mismatch/fixture_test.go\",\"internal/gomadtool/conformance/testdata/interceptfail/bodyless_target/fixture.go\",\"internal/gomadtool/conformance/testdata/interceptfail/bodyless_target/fixture_test.go\",\"internal/gomadtool/conformance/testdata/interceptfail/duplicate_target/fixture.go\",\"internal/gomadtool/conformance/testdata/interceptfail/duplicate_target/fixture_test.go\",\"internal/gomadtool/conformance/testdata/inte"}
{"Time":"2026-10-08T20:26:46.628798872Z","Action":"output","Package":"go.temporal.io/server/tools/gomad3","Test":"TestHostPackageVet/linux/arm64","Output":"rceptfail/missing_hook/fixture.go\",\"internal/gomadtool/conformance/testdata/interceptfail/missing_hook/fixture_test.go\",\"internal/gomadtool/conformance/testdata/interceptfail/missing_target/fixture.go\",\"internal/gomadtool/conformance/testdata/interceptfail/missing_target/fixture_test.go\",\"internal/gomadtool/conformance/testdata/interceptfail/variadic/fixture.go\",\"internal/gomadtool/conformance/testdata/interceptfail/variadic/fixture_test.go\",\"internal/gomadtool/conformance/testdata/internal/perturb/perturb.go\",\"internal/gomadtool/conformance/testdata/io_entropy/main.go\",\"internal/gomadtool/conformance/testdata/io_failure/io_failure_test.go\",\"internal/gomadtool/conformance/testdata/io_fd5/main.go\",\"internal/gomadtool/conformance/testdata/io_filesystem/main.go\",\"internal/gomadtool/conformance/testdata/io_handoff_contention/main.go\",\"internal/gomadtool/conformance/testdata/io_net/main.go\",\"internal/gomadtool/conformance/testdata/io_net_races/main.go\",\"internal/gomadtool/conformance/testdata/io_ro_mount/main.go\","}
{"Time":"2026-10-08T20:26:46.628820581Z","Action":"output","Package":"go.temporal.io/server/tools/gomad3","Test":"TestHostPackageVet/linux/arm64","Output":"\"internal/gomadtool/conformance/testdata/io_ro_mount_failure/main.go\",\"internal/gomadtool/conformance/testdata/io_signal/main.go\",\"internal/gomadtool/conformance/testdata/io_user/main.go\",\"internal/gomadtool/conformance/testdata/libc_adapter/main.go\",\"internal/gomadtool/conformance/testdata/libc_adapter/stat_darwin.go\",\"internal/gomadtool/conformance/testdata/libc_adapter/stat_linux.go\",\"internal/gomadtool/conformance/testdata/locked_syscall/main.go\",\"internal/gomadtool/conformance/testdata/maps/main.go\",\"internal/gomadtool/conformance/testdata/model_fs/main.go\",\"internal/gomadtool/conformance/testdata/model_net/main.go\",\"internal/gomadtool/conformance/testdata/net_bind/main.go\",\"internal/gomadtool/conformance/testdata/preemption/main.go\",\"internal/gomadtool/conformance/testdata/random/main.go\",\"internal/gomadtool/conformance/testdata/runner_external/consumer.go\",\"internal/gomadtool/conformance/testdata/runq_shuffle/main.go\",\"internal/gomadtool/conformance/testdata/runq_user_choice/main.go\",\"internal/gomadtoo"}
{"Time":"2026-10-08T20:26:46.628846372Z","Action":"output","Package":"go.temporal.io/server/tools/gomad3","Test":"TestHostPackageVet/linux/arm64","Output":"l/conformance/testdata/runqueue/main.go\",\"internal/gomadtool/conformance/testdata/runtime_owned/main.go\",\"internal/gomadtool/conformance/testdata/scheduler/main.go\",\"internal/gomadtool/conformance/testdata/scheduler_min/main.go\",\"internal/gomadtool/conformance/testdata/select/main.go\",\"internal/gomadtool/conformance/testdata/select_readiness/main.go\",\"internal/gomadtool/conformance/testdata/sqlite_adapter/main.go\",\"internal/gomadtool/conformance/testdata/static_addresses/main.go\",\"internal/gomadtool/conformance/testdata/sync/main.go\",\"internal/gomadtool/conformance/testdata/timer_callback_identity/main.go\",\"internal/gomadtool/conformance/testdata/timer_creator_identity/main.go\",\"internal/gomadtool/conformance/testdata/timer_reset_identity/main.go\",\"internal/gomadtool/conformance/testdata/timer_ties/main.go\",\"internal/gomadtool/generation/boundary/boundary_discovery.go\",\"internal/gomadtool/generation/boundary/boundary_manifest.go\",\"internal/gomadtool/generation/boundary/boundary_manifest_test.go\",\"internal/gom"}
{"Time":"2026-10-08T20:26:46.628863539Z","Action":"output","Package":"go.temporal.io/server/tools/gomad3","Test":"TestHostPackageVet/linux/arm64","Output":"adtool/generation/boundary/boundary_qualification.go\",\"internal/gomadtool/generation/boundary/projection.go\",\"internal/gomadtool/generation/protocol/protocol.go\",\"internal/gomadtool/generation/protocol/protocol_test.go\",\"internal/gomadtool/validation/script_policy.go\",\"internal/gomadtool/validation/script_policy_test.go\",\"internal/hostexec/command.go\",\"internal/hostexec/command_other.go\",\"internal/hostexec/command_unix.go\",\"internal/hostexec/command_unix_test.go\",\"internal/hostexec/output.go\",\"internal/hostexec/output_test.go\",\"internal/hostfs/linkcount_other.go\",\"internal/hostfs/linkcount_unix.go\",\"internal/hostfs/lock.go\",\"internal/hostfs/lock_other.go\",\"internal/hostfs/lock_unix.go\",\"internal/hostfs/lock_unix_test.go\",\"internal/hostfs/open.go\",\"internal/hostfs/open_nofollow_other.go\",\"internal/hostfs/open_nofollow_unix.go\",\"internal/hostfs/open_test.go\",\"internal/hostfs/open_unix_test.go\",\"internal/hostfs/read.go\",\"internal/hostfs/read_test.go\",\"internal/hostfs/replace.go\",\"internal/hostfs/replace_test.go\""}
{"Time":"2026-10-08T20:26:46.628883372Z","Action":"output","Package":"go.temporal.io/server/tools/gomad3","Test":"TestHostPackageVet/linux/arm64","Output":",\"internal/preparation/inspection.go\",\"internal/preparation/inspection_test.go\",\"internal/preparation/preparation.go\",\"internal/preparation/preparation_test.go\",\"internal/sourceinventory/inventory.go\",\"internal/sourceinventory/inventory_test.go\",\"network_handles_ownership_test.go\",\"process_commands_ownership_test.go\",\"qualification/analysis/analysis.go\",\"qualification/analysis/analysis_test.go\",\"qualification/analysis/prepared_review.go\",\"qualification/analysis/prepared_review_test.go\",\"qualification/comparison/comparison.go\",\"qualification/comparison/comparison_test.go\",\"qualification/corpus/basic/concurrency/concurrency_test.go\",\"qualification/corpus/basic/filesystem/filesystem_test.go\",\"qualification/corpus/basic/mount/mount_test.go\",\"qualification/corpus/basic/network/network_test.go\",\"qualification/corpus/thirdparty/libc/libc_test.go\",\"qualification/corpus/thirdparty/persistence/sqlite_test.go\",\"qualification/diagnostics_test.go\",\"qualification/events.go\",\"qualification/events_test.go\",\"qualification/qua"}
{"Time":"2026-10-08T20:26:46.628918789Z","Action":"output","Package":"go.temporal.io/server/tools/gomad3","Test":"TestHostPackageVet/linux/arm64","Output":"lification.go\",\"qualification/qualification_test.go\",\"qualification/set/execution.go\",\"qualification/set/freespace.go\",\"qualification/set/manifestgen/manifestgen.go\",\"qualification/set/manifestgen/manifestgen_test.go\",\"qualification/set/merge.go\",\"qualification/set/module.go\",\"qualification/set/prune.go\",\"qualification/set/prune_test.go\",\"qualification/set/set.go\",\"qualification/set/set_test.go\",\"qualification/set/soak.go\",\"qualification/soak/ledger.go\",\"qualification/soak/manifest.go\",\"qualification/soak/soak.go\",\"qualification/soak/soak_test.go\",\"qualification/workload/workload.go\",\"qualification/workload/workload_test.go\",\"record/identity.go\",\"record/record.go\",\"record/record_test.go\",\"record/types.go\",\"record/uint64_string.go\",\"record/uint64_string_test.go\",\"record/validation.go\",\"record/validation_timestamp_test.go\",\"record/world_terminal_identity_test.go\",\"runner/campaign.go\",\"runner/campaign_merge.go\",\"runner/campaign_options.go\",\"runner/campaign_options_characterization_test.go\",\"runner/campaign_optio"}
{"Time":"2026-10-08T20:26:46.628952331Z","Action":"output","Package":"go.temporal.io/server/tools/gomad3","Test":"TestHostPackageVet/linux/arm64","Output":"ns_cli_test.go\",\"runner/campaign_options_legacy_characterization_test.go\",\"runner/campaign_options_test.go\",\"runner/campaign_plan.go\",\"runner/campaign_shard.go\",\"runner/campaign_shard_execution.go\",\"runner/campaign_shard_test.go\",\"runner/campaign_test.go\",\"runner/choice_exploration_campaign.go\",\"runner/choice_exploration_divergence_test.go\",\"runner/choice_exploration_divergence_unix_test.go\",\"runner/clock_tick_test.go\",\"runner/completion.go\",\"runner/completion_characterization_test.go\",\"runner/completion_test.go\",\"runner/coordinator.go\",\"runner/coordinator_process_other.go\",\"runner/coordinator_process_unix.go\",\"runner/coordinator_process_unix_test.go\",\"runner/coordinator_test.go\",\"runner/coordinator_transport_test.go\",\"runner/coverage.go\",\"runner/coverage_replay_test.go\",\"runner/coverage_watchdog_test.go\",\"runner/deterministicio.go\",\"runner/diagnostic_identity_test.go\",\"runner/diagnostics.go\",\"runner/diagnostics_test.go\",\"runner/environment_integration_test.go\",\"runner/errors.go\",\"runner/errors_test.go\",\"runn"}
{"Time":"2026-10-08T20:26:46.628977331Z","Action":"output","Package":"go.temporal.io/server/tools/gomad3","Test":"TestHostPackageVet/linux/arm64","Output":"er/evidence.go\",\"runner/executor_injection_characterization_test.go\",\"runner/exploration_round.go\",\"runner/exploration_round_test.go\",\"runner/guidance.go\",\"runner/guidance_identity_test.go\",\"runner/guided_selection_test.go\",\"runner/inspect.go\",\"runner/inspect_capacity.go\",\"runner/inspect_projection_test.go\",\"runner/inspect_test.go\",\"runner/internal/campaign/artifact_capacity.go\",\"runner/internal/campaign/artifact_helper_test.go\",\"runner/internal/campaign/campaign_journal.go\",\"runner/internal/campaign/campaign_journal_test.go\",\"runner/internal/campaign/choice_exploration_divergence_test.go\",\"runner/internal/campaign/choice_exploration_journal.go\",\"runner/internal/campaign/choice_exploration_journal_test.go\",\"runner/internal/campaign/choice_exploration_start_test.go\",\"runner/internal/campaign/controller.go\",\"runner/internal/campaign/controller_completion_test.go\",\"runner/internal/campaign/controller_test.go\",\"runner/internal/campaign/errors.go\",\"runner/internal/campaign/files.go\",\"runner/internal/campaign/files"}
{"Time":"2026-10-08T20:26:46.629001456Z","Action":"output","Package":"go.temporal.io/server/tools/gomad3","Test":"TestHostPackageVet/linux/arm64","Output":"ystem.go\",\"runner/internal/campaign/filesystem_fault_test.go\",\"runner/internal/campaign/lifecycle.go\",\"runner/internal/campaign/lifecycle_test.go\",\"runner/internal/campaign/merge.go\",\"runner/internal/campaign/merge_capacity_test.go\",\"runner/internal/campaign/open_campaign.go\",\"runner/internal/campaign/recovery.go\",\"runner/internal/campaign/resume_journal.go\",\"runner/internal/campaign/resume_lock.go\",\"runner/internal/campaign/resume_plan.go\",\"runner/internal/campaign/retained_evidence.go\",\"runner/internal/campaign/retained_evidence_test.go\",\"runner/internal/campaign/segmented_journal.go\",\"runner/internal/campaign/segmented_journal_test.go\",\"runner/internal/campaign/simulation_exploration_journal.go\",\"runner/internal/campaign/simulation_exploration_journal_test.go\",\"runner/internal/corpus/admission.go\",\"runner/internal/corpus/corpus.go\",\"runner/internal/corpus/corpus_test.go\",\"runner/internal/corpus/features.go\",\"runner/internal/corpus/guide_test.go\",\"runner/internal/corpus/lock.go\",\"runner/internal/corpus/mode"}
{"Time":"2026-10-08T20:26:46.629029747Z","Action":"output","Package":"go.temporal.io/server/tools/gomad3","Test":"TestHostPackageVet/linux/arm64","Output":"l.go\",\"runner/internal/execution/bootstrap_other.go\",\"runner/internal/execution/bootstrap_unix.go\",\"runner/internal/execution/choicetrace.go\",\"runner/internal/execution/choicetrace_test.go\",\"runner/internal/execution/descriptor_dup_linux.go\",\"runner/internal/execution/descriptor_dup_linux_test.go\",\"runner/internal/execution/descriptor_dup_other_unix.go\",\"runner/internal/execution/diagnostics_toolchain_test.go\",\"runner/internal/execution/draw_check_toolchain_test.go\",\"runner/internal/execution/io_boundary_toolchain_test.go\",\"runner/internal/execution/io_entropy_toolchain_test.go\",\"runner/internal/execution/io_filesystem_toolchain_test.go\",\"runner/internal/execution/io_handoff_toolchain_test.go\",\"runner/internal/execution/io_libc_toolchain_test.go\",\"runner/internal/execution/io_net_bind_toolchain_test.go\",\"runner/internal/execution/io_network_toolchain_test.go\",\"runner/internal/execution/io_sandbox_toolchain_test.go\",\"runner/internal/execution/io_sqlite_toolchain_test.go\",\"runner/internal/execution/io_test_help"}
{"Time":"2026-10-08T20:26:46.629058456Z","Action":"output","Package":"go.temporal.io/server/tools/gomad3","Test":"TestHostPackageVet/linux/arm64","Output":"ers_test.go\",\"runner/internal/execution/launch_plan_unix.go\",\"runner/internal/execution/model_conformance_compare_test.go\",\"runner/internal/execution/model_conformance_test.go\",\"runner/internal/execution/outcome.go\",\"runner/internal/execution/outcome_test.go\",\"runner/internal/execution/process.go\",\"runner/internal/execution/process_test.go\",\"runner/internal/execution/process_unix.go\",\"runner/internal/execution/process_unix_test.go\",\"runner/internal/execution/process_unsupported.go\",\"runner/internal/execution/simulation.go\",\"runner/internal/execution/simulation_model.go\",\"runner/internal/execution/simulation_model_wire_generated.go\",\"runner/internal/execution/simulation_progress.go\",\"runner/internal/execution/simulation_progress_fixture_test.go\",\"runner/internal/execution/simulation_progress_lifecycle_test.go\",\"runner/internal/execution/simulation_progress_test.go\",\"runner/internal/execution/simulation_root_integration_test.go\",\"runner/internal/execution/simulation_test.go\",\"runner/internal/execution/simulatio"}
{"Time":"2026-10-08T20:26:46.629086497Z","Action":"output","Package":"go.temporal.io/server/tools/gomad3","Test":"TestHostPackageVet/linux/arm64","Output":"n_time.go\",\"runner/internal/execution/simulation_time_test.go\",\"runner/internal/execution/simulation_time_wire_generated.go\",\"runner/internal/execution/simulation_time_wire_generated_test.go\",\"runner/internal/execution/simulation_unix.go\",\"runner/internal/execution/simulation_unix_test.go\",\"runner/internal/execution/supervisor_unix.go\",\"runner/internal/execution/watchdog_io_test.go\",\"runner/internal/execution/worldrecord.go\",\"runner/internal/execution/worldrecord_test.go\",\"runner/internal/exploration/choice/engine.go\",\"runner/internal/exploration/choice/engine_divergence_test.go\",\"runner/internal/exploration/choice/engine_test.go\",\"runner/internal/exploration/choice/select_readiness.go\",\"runner/internal/exploration/engine.go\",\"runner/internal/exploration/engine_test.go\",\"runner/internal/exploration/simulation/frontier.go\",\"runner/internal/exploration/simulation/frontier_test.go\",\"runner/internal/exploration/simulationrecord/record.go\",\"runner/internal/exploration/simulationrecord/record_test.go\",\"runner/inter"}
{"Time":"2026-10-08T20:26:46.629108956Z","Action":"output","Package":"go.temporal.io/server/tools/gomad3","Test":"TestHostPackageVet/linux/arm64","Output":"nal/exploration/simulationrecord/wire.go\",\"runner/internal/exploration/simulationrecord/wire_test.go\",\"runner/internal/minimizer/minimizer.go\",\"runner/internal/minimizer/minimizer_test.go\",\"runner/internal/minimizer/workspace.go\",\"runner/internal/minimizer/workspace_unix_test.go\",\"runner/minimize_operation.go\",\"runner/minimize_operation_test.go\",\"runner/portable_plan.go\",\"runner/portable_plan_mounts.go\",\"runner/portable_plan_test.go\",\"runner/preparation_equivalence_legacy_test.go\",\"runner/preparation_owner_test.go\",\"runner/private.go\",\"runner/recovery.go\",\"runner/replay_io_integration_test.go\",\"runner/replay_operation.go\",\"runner/replay_operation_test.go\",\"runner/resume.go\",\"runner/retention.go\",\"runner/retention_characterization_test.go\",\"runner/retention_test.go\",\"runner/runner.go\",\"runner/runner_mode_unix_test.go\",\"runner/runner_test.go\",\"runner/seed_completion_characterization_test.go\",\"runner/seeds.go\",\"runner/seeds_test.go\",\"runner/simulation_exploration_campaign.go\",\"runner/simulation_exploration_plan_"}
{"Time":"2026-10-08T20:26:46.629138039Z","Action":"output","Package":"go.temporal.io/server/tools/gomad3","Test":"TestHostPackageVet/linux/arm64","Output":"test.go\",\"runner/watchdog_replay_test.go\",\"runner_consumer_test.go\",\"simulation_gate_selection_test.go\",\"target/adapter_source_set.go\",\"target/adapter_source_set_test.go\",\"target/capability.go\",\"target/capability_capacity.go\",\"target/capability_collection.go\",\"target/capability_evaluation.go\",\"target/capability_golden_test.go\",\"target/capability_linked.go\",\"target/capability_projection_test.go\",\"target/capability_review_test.go\",\"target/capability_test.go\",\"target/cleanup_test.go\",\"target/coverage_test.go\",\"target/go_command_test.go\",\"target/installation_test.go\",\"target/internal/build/context.go\",\"target/internal/build/context_test.go\",\"target/internal/build/trim.go\",\"target/internal/build/trim_test.go\",\"target/internal/capabilitypolicy/policy.go\",\"target/internal/capabilitypolicy/policy_test.go\",\"target/internal/capabilitypolicy/simulation_bridge.go\",\"target/internal/capabilityreview/list.go\",\"target/internal/capabilityreview/list_test.go\",\"target/internal/gocommand/command.go\",\"target/internal/gocommand/co"}
{"Time":"2026-10-08T20:26:46.629170581Z","Action":"output","Package":"go.temporal.io/server/tools/gomad3","Test":"TestHostPackageVet/linux/arm64","Output":"mmand_test.go\",\"target/internal/livecap/extract.go\",\"target/internal/livecap/livecap.go\",\"target/internal/livecap/livecap_test.go\",\"target/internal/livecap/project.go\",\"target/internal/livecap/project_test.go\",\"target/internal/livecap/protocol_generated.go\",\"target/internal/livecap/toolchain_test.go\",\"target/internal/provenance/store.go\",\"target/internal/provenance/store_test.go\",\"target/module_directory.go\",\"target/module_directory_test.go\",\"target/prepared_cache.go\",\"target/prepared_cache_digest_test.go\",\"target/prepared_cache_test.go\",\"target/target.go\",\"target/target_test.go\",\"testdata/runnerconsumer/consumer.go\",\"toolchain/build.go\",\"toolchain/build_test.go\",\"toolchain/buildkey.go\",\"toolchain/buildkey_test.go\",\"toolchain/clock_inventory_test.go\",\"toolchain/draw_inventory_test.go\",\"toolchain/goroutine_inventory_test.go\",\"toolchain/installation.go\",\"toolchain/installation/installation.go\",\"toolchain/installation/installation_test.go\",\"toolchain/installation_test.go\",\"toolchain/lock.go\",\"toolchain/patch.go\""}
{"Time":"2026-10-08T20:26:46.629194831Z","Action":"output","Package":"go.temporal.io/server/tools/gomad3","Test":"TestHostPackageVet/linux/arm64","Output":",\"toolchain/patch_cleanup_test.go\",\"toolchain/patch_regenerate.go\",\"toolchain/patch_test.go\",\"toolchain/runtime/overlay/src/cmd/compile/internal/base/gomadcap.go\",\"toolchain/runtime/overlay/src/cmd/compile/internal/base/gomadguard.go\",\"toolchain/runtime/overlay/src/cmd/compile/internal/gomadguard/guard.go\",\"toolchain/runtime/overlay/src/cmd/compile/internal/gomadintercept/intercept.go\",\"toolchain/runtime/overlay/src/cmd/compile/internal/gomadintercept/simulation_specs.go\",\"toolchain/runtime/overlay/src/cmd/compile/internal/gomadintercept/spec_go127.go\",\"toolchain/runtime/overlay/src/cmd/internal/gomadcap/encode.go\",\"toolchain/runtime/overlay/src/cmd/internal/gomadcap/encode_test.go\",\"toolchain/runtime/overlay/src/cmd/internal/gomadcap/protocol_generated.go\",\"toolchain/runtime/overlay/src/cmd/link/internal/ld/gomadcap.go\",\"toolchain/runtime/overlay/src/crypto/rand/gomad.go\",\"toolchain/runtime/overlay/src/internal/gomadchoicewire/diagnostic_runtime_test.go\",\"toolchain/runtime/overlay/src/internal/gomadchoicewir"}
{"Time":"2026-10-08T20:26:46.629215914Z","Action":"output","Package":"go.temporal.io/server/tools/gomad3","Test":"TestHostPackageVet/linux/arm64","Output":"e/hash.go\",\"toolchain/runtime/overlay/src/internal/gomadchoicewire/hash_test.go\",\"toolchain/runtime/overlay/src/internal/gomadchoicewire/wire_generated.go\",\"toolchain/runtime/overlay/src/internal/gomadchoicewire/wire_generated_test.go\",\"toolchain/runtime/overlay/src/internal/gomadfs/export_test.go\",\"toolchain/runtime/overlay/src/internal/gomadfs/fs.go\",\"toolchain/runtime/overlay/src/internal/gomadfs/fs_test.go\",\"toolchain/runtime/overlay/src/internal/gomadfs/handles.go\",\"toolchain/runtime/overlay/src/internal/gomadfs/handles_test.go\",\"toolchain/runtime/overlay/src/internal/gomadfs/local_handles.go\",\"toolchain/runtime/overlay/src/internal/gomadfs/process_commands.go\",\"toolchain/runtime/overlay/src/internal/gomadfs/process_commands_export_test.go\",\"toolchain/runtime/overlay/src/internal/gomadfs/process_commands_test.go\",\"toolchain/runtime/overlay/src/internal/gomadfs/process_handles_test.go\",\"toolchain/runtime/overlay/src/internal/gomadfs/process_volume.go\",\"toolchain/runtime/overlay/src/internal/gomadfs/proces"}
{"Time":"2026-10-08T20:26:46.629236206Z","Action":"output","Package":"go.temporal.io/server/tools/gomad3","Test":"TestHostPackageVet/linux/arm64","Output":"s_volume_host.go\",\"toolchain/runtime/overlay/src/internal/gomadfs/runtime.go\",\"toolchain/runtime/overlay/src/internal/gomadfs/simulation_volume.go\",\"toolchain/runtime/overlay/src/internal/gomadfs/simulation_volume_wire.go\",\"toolchain/runtime/overlay/src/internal/gomadfs/volume.go\",\"toolchain/runtime/overlay/src/internal/gomadio/anonymous.go\",\"toolchain/runtime/overlay/src/internal/gomadio/anonymous_test.go\",\"toolchain/runtime/overlay/src/internal/gomadio/gomadio.go\",\"toolchain/runtime/overlay/src/internal/gomadio/libc.go\",\"toolchain/runtime/overlay/src/internal/gomadio/mount/client.go\",\"toolchain/runtime/overlay/src/internal/gomadio/mount/client_test.go\",\"toolchain/runtime/overlay/src/internal/gomadio/network.go\",\"toolchain/runtime/overlay/src/internal/gomadio/network_handles_test.go\",\"toolchain/runtime/overlay/src/internal/gomadio/process_commands.go\",\"toolchain/runtime/overlay/src/internal/gomadio/process_commands_export_test.go\",\"toolchain/runtime/overlay/src/internal/gomadio/process_commands_test.go\",\"too"}
{"Time":"2026-10-08T20:26:46.629261081Z","Action":"output","Package":"go.temporal.io/server/tools/gomad3","Test":"TestHostPackageVet/linux/arm64","Output":"lchain/runtime/overlay/src/internal/gomadio/process_network.go\",\"toolchain/runtime/overlay/src/internal/gomadio/simulation_handles.go\",\"toolchain/runtime/overlay/src/internal/gomadio/simulation_network.go\",\"toolchain/runtime/overlay/src/internal/gomadio/simulation_wire.go\",\"toolchain/runtime/overlay/src/internal/gomadio/transcript.go\",\"toolchain/runtime/overlay/src/internal/gomadmodelwire/wire_generated.go\",\"toolchain/runtime/overlay/src/internal/gomadmodelwire/wire_generated_test.go\",\"toolchain/runtime/overlay/src/internal/gomadsim/export_test.go\",\"toolchain/runtime/overlay/src/internal/gomadsim/model_transport_generated.go\",\"toolchain/runtime/overlay/src/internal/gomadsim/process.go\",\"toolchain/runtime/overlay/src/internal/gomadsim/process_model.go\",\"toolchain/runtime/overlay/src/internal/gomadsim/process_model_test.go\",\"toolchain/runtime/overlay/src/internal/gomadsim/process_time_test.go\",\"toolchain/runtime/overlay/src/internal/gomadsim/simulation.go\",\"toolchain/runtime/overlay/src/internal/gomadsim/simula"}
{"Time":"2026-10-08T20:26:46.629286622Z","Action":"output","Package":"go.temporal.io/server/tools/gomad3","Test":"TestHostPackageVet/linux/arm64","Output":"tion_test.go\",\"toolchain/runtime/overlay/src/internal/gomadtrace/trace.go\",\"toolchain/runtime/overlay/src/internal/gomadwire/wire_generated.go\",\"toolchain/runtime/overlay/src/internal/gomadwire/wire_generated_test.go\",\"toolchain/runtime/overlay/src/net/gomad.go\",\"toolchain/runtime/overlay/src/net/gomad_unsupported_generated.go\",\"toolchain/runtime/overlay/src/os/gomad.go\",\"toolchain/runtime/overlay/src/os/gomad_model_conformance_test.go\",\"toolchain/runtime/overlay/src/os/gomad_simulation_test.go\",\"toolchain/runtime/overlay/src/os/signal/gomad.go\",\"toolchain/runtime/overlay/src/os/user/gomad.go\",\"toolchain/runtime/overlay/src/runtime/gomad.go\",\"toolchain/runtime/overlay/src/runtime/gomad_aslr_darwin.go\",\"toolchain/runtime/overlay/src/runtime/gomad_aslr_other.go\",\"toolchain/runtime/overlay/src/runtime/gomad_choicewire_generated.go\",\"toolchain/runtime/overlay/src/runtime/gomad_iowire_generated.go\",\"toolchain/runtime/overlay/src/runtime/gomad_timewire_export_generated_test.go\",\"toolchain/runtime/overlay/src/runtim"}
{"Time":"2026-10-08T20:26:46.629309997Z","Action":"output","Package":"go.temporal.io/server/tools/gomad3","Test":"TestHostPackageVet/linux/arm64","Output":"e/gomad_timewire_generated.go\",\"toolchain/runtime/overlay/src/runtime/gomad_timewire_generated_test.go\",\"toolchain/runtime/overlay/src/syscall/gomad_env_unix.go\",\"toolchain/runtime/overlay/src/syscall/gomad_unix.go\",\"toolchain/source.go\",\"toolchain/source_cleanup_test.go\",\"toolchain/source_test.go\",\"toolchain/version/descriptor.go\",\"toolchain/version/descriptor_test.go\",\"toolchain/version/generated.go\",\"upgrade/adapterregen/adapterregen.go\",\"upgrade/adapterregen/adapterregen_test.go\",\"upgrade/adapterregen/checkout_revalidation_test.go\",\"upgrade/adapterregen/default_pipeline_test.go\",\"upgrade/adapterregen/diff.go\",\"upgrade/adapterregen/lock_release_test.go\",\"upgrade/adapterregen/publication_cleanup_test.go\",\"upgrade/adapterregen/render.go\",\"upgrade/adapterregen/transaction.go\",\"upgrade/maintenance_compat.go\",\"upgrade/pinimpact/modules.go\",\"upgrade/pinimpact/pack_sums_test.go\",\"upgrade/pinimpact/packs_directory_test.go\",\"upgrade/pinimpact/pinimpact.go\",\"upgrade/pinimpact/pinimpact_test.go\",\"upgrade/pinimpact/po"}
{"Time":"2026-10-08T20:26:46.629331664Z","Action":"output","Package":"go.temporal.io/server/tools/gomad3","Test":"TestHostPackageVet/linux/arm64","Output":"rtable_fixtures_test.go\",\"upgrade/pinimpact/render.go\",\"upgrade/pinimpact/resolver_test.go\",\"upgrade/pinimpact/rule_sums_test.go\",\"upgrade/pinimpact/toolchain.go\",\"upgrade/upgrade.go\",\"upgrade/upgrade_io_test.go\",\"upgrade/upgrade_test.go\",\"upgrade/upgrade_unix_test.go\",\"world/benchmark_test.go\",\"world/capacity_test.go\",\"world/choice.go\",\"world/codec.go\",\"world/codec_test.go\",\"world/concurrency_test.go\",\"world/doc.go\",\"world/errors.go\",\"world/mailbox/mailbox.go\",\"world/mailbox/mailbox_test.go\",\"world/process/config.go\",\"world/process/config_test.go\",\"world/process/session.go\",\"world/process/session_terminal_test.go\",\"world/queue.go\",\"world/recording.go\",\"world/recording_terminal_test.go\",\"world/recording_test.go\",\"world/replay.go\",\"world/replay_test.go\",\"world/snapshot.go\",\"world/snapshot_test.go\",\"world/types.go\",\"world/world.go\",\"world/world_test.go\"],\"Modules\":[\"deterministicio/testdata/cactusstatsd/go.mod\",\"deterministicio/testdata/hashicorpmetrics/go.mod\",\"deterministicio/testdata/memberlist/go.mod\",\"dete"}
{"Time":"2026-10-08T20:26:46.629349997Z","Action":"output","Package":"go.temporal.io/server/tools/gomad3","Test":"TestHostPackageVet/linux/arm64","Output":"rministicio/testdata/pebble/go.mod\",\"deterministicio/testdata/sentry/go.mod\",\"deterministicio/testdata/sockaddr/go.mod\",\"deterministicio/testdata/sprig/go.mod\",\"deterministicio/testdata/validator/go.mod\",\"internal/compatibilitypack/testdata/v041/go.mod\",\"internal/compatibilitypack/testdata/xsys/go.mod\",\"internal/gomadtool/conformance/testdata/go.mod\",\"internal/gomadtool/conformance/testdata/libc_adapter/go.mod\",\"internal/gomadtool/conformance/testdata/sqlite_adapter/go.mod\",\"qualification/corpus/go.mod\"]}\n"}
{"Time":"2026-10-08T20:26:47.48242529Z","Action":"output","Package":"go.temporal.io/server/tools/gomad3","Test":"TestHostPackageVet/linux/arm64","Output":"    architecture_test.go:282: vetted 55 complete host packages\n"}
{"Time":"2026-10-08T20:26:47.482487581Z","Action":"output","Package":"go.temporal.io/server/tools/gomad3","Test":"TestHostPackageVet/linux/arm64","Output":"--- PASS: TestHostPackageVet/linux/arm64 (1.37s)\n","OutputType":"frame"}
{"Time":"2026-10-08T20:26:47.482521581Z","Action":"pass","Package":"go.temporal.io/server/tools/gomad3","Test":"TestHostPackageVet/linux/arm64","Elapsed":1.37}
{"Time":"2026-10-08T20:26:47.482544623Z","Action":"output","Package":"go.temporal.io/server/tools/gomad3","Test":"TestHostPackageVet","Output":"--- PASS: TestHostPackageVet (6.38s)\n","OutputType":"frame"}
{"Time":"2026-10-08T20:26:47.482569706Z","Action":"pass","Package":"go.temporal.io/server/tools/gomad3","Test":"TestHostPackageVet","Elapsed":6.38}
{"Time":"2026-10-08T20:26:47.482580915Z","Action":"run","Package":"go.temporal.io/server/tools/gomad3","Test":"TestRunnerExecutionInjectionIsPrivate"}
{"Time":"2026-10-08T20:26:47.482592206Z","Action":"output","Package":"go.temporal.io/server/tools/gomad3","Test":"TestRunnerExecutionInjectionIsPrivate","Output":"=== RUN   TestRunnerExecutionInjectionIsPrivate\n","OutputType":"frame"}
{"Time":"2026-10-08T20:26:47.489866915Z","Action":"output","Package":"go.temporal.io/server/tools/gomad3","Test":"TestRunnerExecutionInjectionIsPrivate","Output":"--- PASS: TestRunnerExecutionInjectionIsPrivate (0.01s)\n","OutputType":"frame"}
{"Time":"2026-10-08T20:26:47.48990379Z","Action":"pass","Package":"go.temporal.io/server/tools/gomad3","Test":"TestRunnerExecutionInjectionIsPrivate","Elapsed":0.01}
{"Time":"2026-10-08T20:26:47.48992154Z","Action":"run","Package":"go.temporal.io/server/tools/gomad3","Test":"TestRunnerRequestsCompileInExternalModule"}
{"Time":"2026-10-08T20:26:47.489932498Z","Action":"output","Package":"go.temporal.io/server/tools/gomad3","Test":"TestRunnerRequestsCompileInExternalModule","Output":"=== RUN   TestRunnerRequestsCompileInExternalModule\n","OutputType":"frame"}
{"Time":"2026-10-08T20:26:47.995055706Z","Action":"output","Package":"go.temporal.io/server/tools/gomad3","Test":"TestRunnerRequestsCompileInExternalModule","Output":"--- PASS: TestRunnerRequestsCompileInExternalModule (0.51s)\n","OutputType":"frame"}
{"Time":"2026-10-08T20:26:47.995102706Z","Action":"pass","Package":"go.temporal.io/server/tools/gomad3","Test":"TestRunnerRequestsCompileInExternalModule","Elapsed":0.51}
{"Time":"2026-10-08T20:26:47.995382456Z","Action":"run","Package":"go.temporal.io/server/tools/gomad3","Test":"TestCurrentVocabularyHasNoLegacyCampaignBoundary"}
{"Time":"2026-10-08T20:26:47.995415623Z","Action":"output","Package":"go.temporal.io/server/tools/gomad3","Test":"TestCurrentVocabularyHasNoLegacyCampaignBoundary","Output":"=== RUN   TestCurrentVocabularyHasNoLegacyCampaignBoundary\n","OutputType":"frame"}
{"Time":"2026-10-08T20:26:48.014484373Z","Action":"output","Package":"go.temporal.io/server/tools/gomad3","Test":"TestCurrentVocabularyHasNoLegacyCampaignBoundary","Output":"--- PASS: TestCurrentVocabularyHasNoLegacyCampaignBoundary (0.02s)\n","OutputType":"frame"}
{"Time":"2026-10-08T20:26:48.014551248Z","Action":"pass","Package":"go.temporal.io/server/tools/gomad3","Test":"TestCurrentVocabularyHasNoLegacyCampaignBoundary","Elapsed":0.02}
{"Time":"2026-10-08T20:26:48.014581373Z","Action":"run","Package":"go.temporal.io/server/tools/gomad3","Test":"TestMakeTargetsMatchTheirOwnership"}
{"Time":"2026-10-08T20:26:48.014596373Z","Action":"output","Package":"go.temporal.io/server/tools/gomad3","Test":"TestMakeTargetsMatchTheirOwnership","Output":"=== RUN   TestMakeTargetsMatchTheirOwnership\n","OutputType":"frame"}
{"Time":"2026-10-08T20:26:48.015399831Z","Action":"output","Package":"go.temporal.io/server/tools/gomad3","Test":"TestMakeTargetsMatchTheirOwnership","Output":"--- PASS: TestMakeTargetsMatchTheirOwnership (0.00s)\n","OutputType":"frame"}
{"Time":"2026-10-08T20:26:48.015425706Z","Action":"pass","Package":"go.temporal.io/server/tools/gomad3","Test":"TestMakeTargetsMatchTheirOwnership","Elapsed":0}
{"Time":"2026-10-08T20:26:48.015443915Z","Action":"run","Package":"go.temporal.io/server/tools/gomad3","Test":"TestExactModuleEdges"}
{"Time":"2026-10-08T20:26:48.015454915Z","Action":"output","Package":"go.temporal.io/server/tools/gomad3","Test":"TestExactModuleEdges","Output":"=== RUN   TestExactModuleEdges\n","OutputType":"frame"}
{"Time":"2026-10-08T20:26:48.901815582Z","Action":"output","Package":"go.temporal.io/server/tools/gomad3","Test":"TestExactModuleEdges","Output":"--- PASS: TestExactModuleEdges (0.89s)\n","OutputType":"frame"}
{"Time":"2026-10-08T20:26:48.901907582Z","Action":"pass","Package":"go.temporal.io/server/tools/gomad3","Test":"TestExactModuleEdges","Elapsed":0.89}
{"Time":"2026-10-08T20:26:48.901960332Z","Action":"run","Package":"go.temporal.io/server/tools/gomad3","Test":"TestDomainModulesDoNotExportWireFraming"}
{"Time":"2026-10-08T20:26:48.901982665Z","Action":"output","Package":"go.temporal.io/server/tools/gomad3","Test":"TestDomainModulesDoNotExportWireFraming","Output":"=== RUN   TestDomainModulesDoNotExportWireFraming\n","OutputType":"frame"}
{"Time":"2026-10-08T20:26:48.912882457Z","Action":"output","Package":"go.temporal.io/server/tools/gomad3","Test":"TestDomainModulesDoNotExportWireFraming","Output":"--- PASS: TestDomainModulesDoNotExportWireFraming (0.01s)\n","OutputType":"frame"}
{"Time":"2026-10-08T20:26:48.912931165Z","Action":"pass","Package":"go.temporal.io/server/tools/gomad3","Test":"TestDomainModulesDoNotExportWireFraming","Elapsed":0.01}
{"Time":"2026-10-08T20:26:48.912951332Z","Action":"run","Package":"go.temporal.io/server/tools/gomad3","Test":"TestPublicPackagesDoNotExportForwardingAliases"}
{"Time":"2026-10-08T20:26:48.912967999Z","Action":"output","Package":"go.temporal.io/server/tools/gomad3","Test":"TestPublicPackagesDoNotExportForwardingAliases","Output":"=== RUN   TestPublicPackagesDoNotExportForwardingAliases\n","OutputType":"frame"}
{"Time":"2026-10-08T20:26:48.956579874Z","Action":"output","Package":"go.temporal.io/server/tools/gomad3","Test":"TestPublicPackagesDoNotExportForwardingAliases","Output":"--- PASS: TestPublicPackagesDoNotExportForwardingAliases (0.04s)\n","OutputType":"frame"}
{"Time":"2026-10-08T20:26:48.956650165Z","Action":"pass","Package":"go.temporal.io/server/tools/gomad3","Test":"TestPublicPackagesDoNotExportForwardingAliases","Elapsed":0.04}
{"Time":"2026-10-08T20:26:48.95672079Z","Action":"run","Package":"go.temporal.io/server/tools/gomad3","Test":"TestFilesystemHandlesOwnOneImplementation"}
{"Time":"2026-10-08T20:26:48.956751749Z","Action":"output","Package":"go.temporal.io/server/tools/gomad3","Test":"TestFilesystemHandlesOwnOneImplementation","Output":"=== RUN   TestFilesystemHandlesOwnOneImplementation\n","OutputType":"frame"}
{"Time":"2026-10-08T20:26:48.96236154Z","Action":"output","Package":"go.temporal.io/server/tools/gomad3","Test":"TestFilesystemHandlesOwnOneImplementation","Output":"--- PASS: TestFilesystemHandlesOwnOneImplementation (0.01s)\n","OutputType":"frame"}
{"Time":"2026-10-08T20:26:48.962418165Z","Action":"pass","Package":"go.temporal.io/server/tools/gomad3","Test":"TestFilesystemHandlesOwnOneImplementation","Elapsed":0.01}
{"Time":"2026-10-08T20:26:48.96245504Z","Action":"run","Package":"go.temporal.io/server/tools/gomad3","Test":"TestNetworkHandlesOwnOneImplementation"}
{"Time":"2026-10-08T20:26:48.962539957Z","Action":"output","Package":"go.temporal.io/server/tools/gomad3","Test":"TestNetworkHandlesOwnOneImplementation","Output":"=== RUN   TestNetworkHandlesOwnOneImplementation\n","OutputType":"frame"}
{"Time":"2026-10-08T20:26:48.966375374Z","Action":"output","Package":"go.temporal.io/server/tools/gomad3","Test":"TestNetworkHandlesOwnOneImplementation","Output":"--- PASS: TestNetworkHandlesOwnOneImplementation (0.00s)\n","OutputType":"frame"}
{"Time":"2026-10-08T20:26:48.96640304Z","Action":"pass","Package":"go.temporal.io/server/tools/gomad3","Test":"TestNetworkHandlesOwnOneImplementation","Elapsed":0}
{"Time":"2026-10-08T20:26:48.966414749Z","Action":"run","Package":"go.temporal.io/server/tools/gomad3","Test":"TestProcessCommandsOwnModelWireTranslation"}
{"Time":"2026-10-08T20:26:48.966429499Z","Action":"output","Package":"go.temporal.io/server/tools/gomad3","Test":"TestProcessCommandsOwnModelWireTranslation","Output":"=== RUN   TestProcessCommandsOwnModelWireTranslation\n","OutputType":"frame"}
{"Time":"2026-10-08T20:26:48.974826499Z","Action":"output","Package":"go.temporal.io/server/tools/gomad3","Test":"TestProcessCommandsOwnModelWireTranslation","Output":"--- PASS: TestProcessCommandsOwnModelWireTranslation (0.01s)\n","OutputType":"frame"}
{"Time":"2026-10-08T20:26:48.97485929Z","Action":"pass","Package":"go.temporal.io/server/tools/gomad3","Test":"TestProcessCommandsOwnModelWireTranslation","Elapsed":0.01}
{"Time":"2026-10-08T20:26:48.974879582Z","Action":"run","Package":"go.temporal.io/server/tools/gomad3","Test":"TestRunnerExternalConsumerCompiles"}
{"Time":"2026-10-08T20:26:48.97489079Z","Action":"output","Package":"go.temporal.io/server/tools/gomad3","Test":"TestRunnerExternalConsumerCompiles","Output":"=== RUN   TestRunnerExternalConsumerCompiles\n","OutputType":"frame"}
{"Time":"2026-10-08T20:26:49.121930915Z","Action":"output","Package":"go.temporal.io/server/tools/gomad3","Test":"TestRunnerExternalConsumerCompiles","Output":"--- PASS: TestRunnerExternalConsumerCompiles (0.15s)\n","OutputType":"frame"}
{"Time":"2026-10-08T20:26:49.121978499Z","Action":"pass","Package":"go.temporal.io/server/tools/gomad3","Test":"TestRunnerExternalConsumerCompiles","Elapsed":0.15}
{"Time":"2026-10-08T20:26:49.12199904Z","Action":"run","Package":"go.temporal.io/server/tools/gomad3","Test":"TestSimulationGateSelectsProcessNetworkHandles"}
{"Time":"2026-10-08T20:26:49.122037707Z","Action":"output","Package":"go.temporal.io/server/tools/gomad3","Test":"TestSimulationGateSelectsProcessNetworkHandles","Output":"=== RUN   TestSimulationGateSelectsProcessNetworkHandles\n","OutputType":"frame"}
{"Time":"2026-10-08T20:26:49.137734457Z","Action":"output","Package":"go.temporal.io/server/tools/gomad3","Test":"TestSimulationGateSelectsProcessNetworkHandles","Output":"--- PASS: TestSimulationGateSelectsProcessNetworkHandles (0.02s)\n","OutputType":"frame"}
{"Time":"2026-10-08T20:26:49.137787874Z","Action":"pass","Package":"go.temporal.io/server/tools/gomad3","Test":"TestSimulationGateSelectsProcessNetworkHandles","Elapsed":0.02}
{"Time":"2026-10-08T20:26:49.137861999Z","Action":"output","Package":"go.temporal.io/server/tools/gomad3","Output":"PASS\n","OutputType":"frame"}
{"Time":"2026-10-08T20:26:49.14671279Z","Action":"output","Package":"go.temporal.io/server/tools/gomad3","Output":"ok  \tgo.temporal.io/server/tools/gomad3\t72.176s\n"}
{"Time":"2026-10-08T20:26:49.146779374Z","Action":"pass","Package":"go.temporal.io/server/tools/gomad3","Elapsed":72.176}
