level=info msg="golangci-lint has version 2.13.0 built with go1.27.1 from (unknown, modified: ?, mod sum: \"h1:n/YR8sCuTAfjwKLHOU0q63X2e4tObi1PCNOz+HXJ3cE=\") on (unknown)"
level=info msg="[config_reader] Used config file ../../.github/.golangci.yml"
level=info msg="[config_reader] Module name \"go.temporal.io/server/tools/gomad3\""
level=info msg="[goenv] Read go env for 1.234458ms: map[string]string{\"GOCACHE\":\"/Users/stephan/Workspace/skunkworks/.gomad-fn10963-admission.Ho6KcW4t/go-cache\", \"GOROOT\":\"/home/agent/go/pkg/mod/golang.org/toolchain@v0.0.1-go1.27.1.linux-arm64\"}"
level=info msg="[lintersdb] Active 13 linters: [depguard errcheck exhaustive forbidigo gci godox goimports govet importas iotamixing revive staticcheck testifylint]"
level=info msg="[loader] Using build tags: [test_dep]"
level=info msg="[loader] Go packages loading at mode 8767 (compiled_files|deps|files|imports|exports_file|name|types_sizes) took 244.441166ms"
level=info msg="[runner/filename_unadjuster] Pre-built 0 adjustments in 23.551125ms"
level=warning msg="[linters_context/goanalysis] Failed to persist facts to cache: failed to save data to low-level cache by key ctrlflow/facts for package msan: open /home/agent/.cache/golangci-lint/8e/8e65b28957ea40c673210169ae2b3a2fb4def71bf9442cfb44b2b52292c54fc1-a: no space left on device"
level=warning msg="[linters_context/goanalysis] Failed to persist facts to cache: failed to save data to low-level cache by key fact_deprecated/facts for package goarch: open /home/agent/.cache/golangci-lint/8f/8f3bee9ad1e8229b79fc088bade4fd1112397b177f4933b08c69a8231885600f-a: no space left on device"
level=warning msg="[linters_context/goanalysis] Failed to persist facts to cache: failed to save data to low-level cache by key fact_purity/facts for package msan: open /home/agent/.cache/golangci-lint/db/dbdede890d615b66a44ecd8426b748e16a87eb401d79f8c0895e557f6894ff57-a: no space left on device"
level=warning msg="[linters_context/goanalysis] Failed to persist facts to cache: failed to save data to low-level cache by key nilness/facts for package msan: open /home/agent/.cache/golangci-lint/13/130252a67ef683d8be7ec88cc2be598921d6c1a349e19ab079fbb602a3479837-a: no space left on device"
level=warning msg="[linters_context/goanalysis] Failed to persist facts to cache: failed to save data to low-level cache by key ctrlflow/facts for package encoding: open /home/agent/.cache/golangci-lint/10/103d901e6955ec6896c5e930eb3996a980f064c54fc773f70958df05b6f076df-a: no space left on device"
level=warning msg="[linters_context/goanalysis] Failed to persist facts to cache: failed to save data to low-level cache by key printf/facts for package encoding: open /home/agent/.cache/golangci-lint/1d/1d9f054b2722935d4e5f2588b0a39c550fabad43bc70ef6c349b71227db744b6-a: no space left on device"
level=warning msg="[linters_context/goanalysis] Failed to persist facts to cache: failed to save data to low-level cache by key inline/facts for package encoding: open /home/agent/.cache/golangci-lint/84/84a74ecadd0caf787f308c6c4906042f79347e9e4b524f0d7bb7b814d4ba2d3c-a: no space left on device"
level=warning msg="[linters_context/goanalysis] Failed to persist facts to cache: failed to save data to low-level cache by key SA5012/facts for package msan: open /home/agent/.cache/golangci-lint/78/78c34ae66a3f58425e01742c3ab0cbebc2860082669b9dbe1cc9b0829a0dcb66-a: no space left on device"
level=warning msg="[linters_context/goanalysis] Failed to persist facts to cache: failed to save data to low-level cache by key exhaustive/facts for package goarch: open /home/agent/.cache/golangci-lint/0b/0b4cb483fd427feb828a34447a46d73af158109cab2f2d46eaf4a901b811f04c-d: no space left on device"
level=warning msg="[linters_context/goanalysis] Failed to persist facts to cache: failed to save data to low-level cache by key exhaustive/facts for package encoding: open /home/agent/.cache/golangci-lint/d7/d78ac5be386f8de46e18a3535ca0749e57c1007c324b11e83eed0a7cd626df6f-a: no space left on device"
level=warning msg="[linters_context/goanalysis] Failed to persist facts to cache: failed to save data to low-level cache by key printf/facts for package nettrace: open /home/agent/.cache/golangci-lint/f5/f524887b9e8d89faeaae8265cf323daa87f933d33d467bb9d69df5387fc70708-a: no space left on device"
level=warning msg="[linters_context/goanalysis] Failed to persist facts to cache: failed to save data to low-level cache by key ctrlflow/facts for package sig: open /home/agent/.cache/golangci-lint/5f/5fb331bf2063fbf74769e3931d14872787d3fe1b407c3968fe8d1e3b45a0724a-a: no space left on device"
level=warning msg="[linters_context/goanalysis] Failed to persist facts to cache: failed to save data to low-level cache by key fact_deprecated/facts for package goos: open /home/agent/.cache/golangci-lint/d6/d65f10fd09468ccdd8e072c9db825727d286c474d30f5ff0adde17f2539b648b-a: no space left on device"
level=warning msg="[linters_context/goanalysis] Failed to persist facts to cache: failed to save data to low-level cache by key ctrlflow/facts for package goarch: open /home/agent/.cache/golangci-lint/06/06ae39c6480d9ad760196a1613be4eac1d48af82b8b9346818777cce7771a02a-a: no space left on device"
level=warning msg="[linters_context/goanalysis] Failed to persist facts to cache: failed to save data to low-level cache by key exhaustive/facts for package goos: open /home/agent/.cache/golangci-lint/82/82d3657e3cdfcbfe9f6c6427249de1eb83965cfa9330b60af115e26454f03ab3-a: no space left on device"
level=warning msg="[linters_context/goanalysis] Failed to persist facts to cache: failed to save data to low-level cache by key ctrlflow/facts for package goos: open /home/agent/.cache/golangci-lint/1f/1fcd1d00a082ae3f17a8c99cda123efddbd775bef9d7ca8176a954625aa147fc-a: no space left on device"
level=warning msg="[linters_context/goanalysis] Failed to persist facts to cache: failed to save data to low-level cache by key fact_purity/facts for package goarch: open /home/agent/.cache/golangci-lint/fc/fc287119a7e29198532e532d5875c2b18457707de204350ae4995cfd84c2ef21-a: no space left on device"
level=warning msg="[linters_context/goanalysis] Failed to persist facts to cache: failed to save data to low-level cache by key inline/facts for package goos: open /home/agent/.cache/golangci-lint/8b/8bda86ef13954998f690d30b24b032144e68cb22ecb3757acec187a6831615cf-a: no space left on device"
level=warning msg="[linters_context/goanalysis] Failed to persist facts to cache: failed to save data to low-level cache by key fact_deprecated/facts for package byteorder: open /home/agent/.cache/golangci-lint/40/4012472336bcecbf4eb6854ab13fea59cd04211e870fc3a9f9bb5b019e34a5ee-a: no space left on device"
level=warning msg="[linters_context/goanalysis] Failed to persist facts to cache: failed to save data to low-level cache by key exhaustive/facts for package byteorder: open /home/agent/.cache/golangci-lint/04/04da2e70b22513d02b9f5f99d5faa7e2071f830903f687c343900e1ff6372c18-a: no space left on device"
level=warning msg="[linters_context/goanalysis] Failed to persist facts to cache: failed to save data to low-level cache by key inline/facts for package byteorder: open /home/agent/.cache/golangci-lint/cf/cf7e99f0c8b3de84d5e4dd93c4c94a7008bf5e1c3d69670f6f721ccdffc7931b-a: no space left on device"
level=warning msg="[linters_context/goanalysis] Failed to persist facts to cache: failed to save data to low-level cache by key fact_deprecated/facts for package cmp: open /home/agent/.cache/golangci-lint/08/0887e38be429035fbf42421adf6d4c93cd87a220a08df3f396c13da47210062a-a: no space left on device"
level=warning msg="[linters_context/goanalysis] Failed to persist facts to cache: failed to save data to low-level cache by key fact_deprecated/facts for package nettrace: open /home/agent/.cache/golangci-lint/52/52d50c8a30203daf5a7e8c0a54e5750f1d4894e4fd8db14f45a885876f51db80-a: no space left on device"
level=warning msg="[linters_context/goanalysis] Failed to persist facts to cache: failed to save data to low-level cache by key nilness/facts for package encoding: open /home/agent/.cache/golangci-lint/64/643a7b89f9aea0c70cdff3f4d0b39d17aace30097ed848223a20bc712c99d06d-a: no space left on device"
level=warning msg="[linters_context/goanalysis] Failed to persist facts to cache: failed to save data to low-level cache by key inline/facts for package msan: open /home/agent/.cache/golangci-lint/eb/eb71a7561e005c2e33311507bf549988a2d18b4b7b75cc35164be98673218d3d-a: no space left on device"
level=warning msg="[linters_context/goanalysis] Failed to persist facts to cache: failed to save data to low-level cache by key exhaustive/facts for package cmp: open /home/agent/.cache/golangci-lint/0d/0d2a893aae9bb4e1f8406e53db41323995d747b5e5363057dea99f1a41d606d7-a: no space left on device"
level=warning msg="[linters_context/goanalysis] Failed to persist facts to cache: failed to save data to low-level cache by key printf/facts for package cmp: open /home/agent/.cache/golangci-lint/b3/b376fb2fae0bc478c1b9547113cd530c1b01cb74eab8c4b3a47809185e6942c6-a: no space left on device"
level=warning msg="[linters_context/goanalysis] Failed to persist facts to cache: failed to save data to low-level cache by key printf/facts for package sig: open /home/agent/.cache/golangci-lint/de/de02072658dd33879e100a3a8b8412189dd8af4251621b10710c1ad1d5096ea1-a: no space left on device"
level=warning msg="[linters_context/goanalysis] Failed to persist facts to cache: failed to save data to low-level cache by key printf/facts for package msan: open /home/agent/.cache/golangci-lint/48/48c179b78f550a07b3eb5cdb72535f917b6afb60d6e35b5f9b27cf2b37d6069d-a: no space left on device"
level=warning msg="[linters_context/goanalysis] Failed to persist facts to cache: failed to save data to low-level cache by key fact_deprecated/facts for package msan: open /home/agent/.cache/golangci-lint/d6/d65f9b664da187470d21d6091db2f6b4a9df993f05fe921dc02027cabc131580-a: no space left on device"
level=warning msg="[linters_context/goanalysis] Failed to persist facts to cache: failed to save data to low-level cache by key inline/facts for package cmp: open /home/agent/.cache/golangci-lint/b8/b88780642c4fb608d9180f2a8a9fb9e9f67df3c74e1a67eea70d6e9425235b5f-a: no space left on device"
level=warning msg="[linters_context/goanalysis] Failed to persist facts to cache: failed to save data to low-level cache by key exhaustive/facts for package msan: open /home/agent/.cache/golangci-lint/29/298808d6e30d02706229ac280936fcfa45ceb2086193bd957e1288012ef171e1-a: no space left on device"
level=warning msg="[linters_context/goanalysis] Failed to persist facts to cache: failed to save data to low-level cache by key inline/facts for package goarch: open /home/agent/.cache/golangci-lint/cd/cd74f462021547a9f83aa5b6bbc92af362fde6a285c5f36fc1d4cd81e4ba62c9-a: no space left on device"
level=warning msg="[linters_context/goanalysis] Failed to persist facts to cache: failed to save data to low-level cache by key inline/facts for package sig: open /home/agent/.cache/golangci-lint/cb/cb61aa61c9ddd97c14a422e99005d67a172fb31a3d218de14c2d92c67438d88c-a: no space left on device"
level=warning msg="[linters_context/goanalysis] Failed to persist facts to cache: failed to save data to low-level cache by key exhaustive/facts for package nettrace: open /home/agent/.cache/golangci-lint/ea/ea2e1057e7d4970bbfb3e0557cc08559eb59bdd14fa18b5d312f554890bd3225-a: no space left on device"
level=warning msg="[linters_context/goanalysis] Failed to persist facts to cache: failed to save data to low-level cache by key ctrlflow/facts for package cmp: open /home/agent/.cache/golangci-lint/50/50032be542464daaf4bde6a6b47db48364a61b31a27e13eb290ac2d663e3ea77-a: no space left on device"
level=warning msg="[linters_context/goanalysis] Failed to persist facts to cache: failed to save data to low-level cache by key fact_purity/facts for package cmp: open /home/agent/.cache/golangci-lint/bc/bc3a63aa71d7179589edd36899f5cf7f2f3a6c5a8db32967d6a703ee64247a3c-a: no space left on device"
level=warning msg="[linters_context/goanalysis] Failed to persist facts to cache: failed to save data to low-level cache by key SA5012/facts for package cmp: open /home/agent/.cache/golangci-lint/c5/c517ffe8b87146a28066baf5c232c232ed79bc5a4699b96210584dfd9f02202e-a: no space left on device"
level=warning msg="[linters_context/goanalysis] Failed to persist facts to cache: failed to save data to low-level cache by key fact_deprecated/facts for package utf8: open /home/agent/.cache/golangci-lint/46/46a87d85583723e5ac39862f4d5c0aea13135c578bbf63aaf7f0ced5d6baf7ff-a: no space left on device"
level=warning msg="[linters_context/goanalysis] Failed to persist facts to cache: failed to save data to low-level cache by key exhaustive/facts for package utf8: open /home/agent/.cache/golangci-lint/6a/6ad74e98408973666208df14588b07e72126b34d4daa5f5ee40ea10ad59ad242-a: no space left on device"
level=warning msg="[linters_context/goanalysis] Failed to persist facts to cache: failed to save data to low-level cache by key ctrlflow/facts for package nettrace: open /home/agent/.cache/golangci-lint/41/4154cb45858559d184009cf127032004f870a34e340db4a766b17b49dc28a83b-a: no space left on device"
level=warning msg="[linters_context/goanalysis] Failed to persist facts to cache: failed to save data to low-level cache by key printf/facts for package goos: open /home/agent/.cache/golangci-lint/f5/f580b74ce518c15bd4818ca6ff882934f780677a093b42034fa770f5ca58d880-a: no space left on device"
level=warning msg="[linters_context/goanalysis] Failed to persist facts to cache: failed to save data to low-level cache by key exhaustive/facts for package sig: open /home/agent/.cache/golangci-lint/b3/b38e24ce27d31b2bbd537a795b2dbe6654b8d74f8298c3bb513ec80704fc2418-a: no space left on device"
level=warning msg="[linters_context/goanalysis] Failed to persist facts to cache: failed to save data to low-level cache by key nilness/facts for package nettrace: open /home/agent/.cache/golangci-lint/9b/9b32faa40dc93445c2a5b31376325b0943d48a65625fdb98222a58fc5cc419b4-a: no space left on device"
level=warning msg="[linters_context/goanalysis] Failed to persist facts to cache: failed to save data to low-level cache by key SA5012/facts for package nettrace: open /home/agent/.cache/golangci-lint/a1/a1ad98add245ad098c21c29ec0473934901bf3c450cbe66d49dcd01206124b06-a: no space left on device"
level=warning msg="[linters_context/goanalysis] Failed to persist facts to cache: failed to save data to low-level cache by key fact_purity/facts for package nettrace: open /home/agent/.cache/golangci-lint/cb/cb19bd5a9158953eb67694dda77f278dbcf7befc3f9d92c012008586232c02e4-a: no space left on device"
level=warning msg="[linters_context/goanalysis] Failed to persist facts to cache: failed to save data to low-level cache by key ctrlflow/facts for package atomic: open /home/agent/.cache/golangci-lint/d8/d8da4ebd202b7e727f09fa1672c4c1623365fd784fe5a59fa367d2649d72c2ae-a: no space left on device"
level=warning msg="[linters_context/goanalysis] Failed to persist facts to cache: failed to save data to low-level cache by key fact_deprecated/facts for package atomic: open /home/agent/.cache/golangci-lint/0d/0d7e19eba055cb96765c85d75273959196c728b8cbb87d38561e02fe3d128dff-a: no space left on device"
level=warning msg="[linters_context/goanalysis] Failed to persist facts to cache: failed to save data to low-level cache by key nilness/facts for package goarch: open /home/agent/.cache/golangci-lint/e6/e69f9589b7539e228cbe1bc7fdc1dbc0421fafdf3837cec6465223fdf7a848ee-a: no space left on device"
level=warning msg="[linters_context/goanalysis] Failed to persist facts to cache: failed to save data to low-level cache by key fact_purity/facts for package sig: open /home/agent/.cache/golangci-lint/41/4141256f59e8eaa41134cc8355d4b60c165fe68c412c170533403d27713cdf7b-a: no space left on device"
level=warning msg="[linters_context/goanalysis] Failed to persist facts to cache: failed to save data to low-level cache by key fact_purity/facts for package encoding: open /home/agent/.cache/golangci-lint/60/60ac2dc5641d5a2f66ae5a95e5e6a4cd94e8e3430a1c8846b40a9020d19c54ae-a: no space left on device"
level=warning msg="[linters_context/goanalysis] Failed to persist facts to cache: failed to save data to low-level cache by key nilness/facts for package sig: open /home/agent/.cache/golangci-lint/b8/b85b4cd1d7bb78c3927b4239833eebcfe4f8f837da67146f566d9888d561d2d4-a: no space left on device"
level=warning msg="[linters_context/goanalysis] Failed to persist facts to cache: failed to save data to low-level cache by key printf/facts for package godebugs: open /home/agent/.cache/golangci-lint/a8/a86aff9aa92ce267e2fe607d98a86ec3f309d68757e5858ab821729fa1db3767-a: no space left on device"
level=warning msg="[linters_context/goanalysis] Failed to persist facts to cache: failed to save data to low-level cache by key fact_deprecated/facts for package goexperiment: open /home/agent/.cache/golangci-lint/a4/a4534a734e9901b2c044184ec9e5da731abf4368ed48de93d9a0e82c41d2465d-a: no space left on device"
level=warning msg="[linters_context/goanalysis] Failed to persist facts to cache: failed to save data to low-level cache by key fact_purity/facts for package goos: open /home/agent/.cache/golangci-lint/c7/c72d9ed062025cb4563460f9e5f611422c5d22b562c4f30f81822a47b44bf800-a: no space left on device"
level=warning msg="[linters_context/goanalysis] Failed to persist facts to cache: failed to save data to low-level cache by key SA5012/facts for package goos: open /home/agent/.cache/golangci-lint/4b/4b7897d122add61d0375331e5cddae8562222be0656430fa3e9f75e7629ea718-a: no space left on device"
level=warning msg="[linters_context/goanalysis] Failed to persist facts to cache: failed to save data to low-level cache by key nilness/facts for package goos: open /home/agent/.cache/golangci-lint/4a/4ae904e6405cb5f0cf7bf72c8b2c59a1f8fac3096750d347f84757838b7d2ab9-a: no space left on device"
level=warning msg="[linters_context/goanalysis] Failed to persist facts to cache: failed to save data to low-level cache by key SA5012/facts for package goarch: open /home/agent/.cache/golangci-lint/39/39da9ee3046cd0bc42345bcef326a070a1dea48463445021c52b1068725ca422-a: no space left on device"
level=warning msg="[linters_context/goanalysis] Failed to persist facts to cache: failed to save data to low-level cache by key printf/facts for package goexperiment: open /home/agent/.cache/golangci-lint/59/5921fdd52e8cd626ee17c38cf6d5a3849d110f003d3e593e881d496339297286-a: no space left on device"
level=warning msg="[linters_context/goanalysis] Failed to persist facts to cache: failed to save data to low-level cache by key ctrlflow/facts for package goexperiment: open /home/agent/.cache/golangci-lint/83/83e68f2558a4de7aed4bdf17d9fd11f121e1b25f6cf7d4585893e94381d66b38-a: no space left on device"
level=warning msg="[linters_context/goanalysis] Failed to persist facts to cache: failed to save data to low-level cache by key fact_purity/facts for package goexperiment: open /home/agent/.cache/golangci-lint/59/59de12cb2b7656f9fc51ebb1fbf774da5f68521b154940d850fffaaa5e3b9d9a-a: no space left on device"
level=warning msg="[linters_context/goanalysis] Failed to persist facts to cache: failed to save data to low-level cache by key SA5012/facts for package goexperiment: open /home/agent/.cache/golangci-lint/18/189ac64e12b6d9557ba0e7e06b40e184a31f5fa49b44937e99e9940f411c8a83-a: no space left on device"
level=warning msg="[linters_context/goanalysis] Failed to persist facts to cache: failed to save data to low-level cache by key exhaustive/facts for package goexperiment: open /home/agent/.cache/golangci-lint/1c/1c413483283f3f316752f9cc3f411c7fb9e8bf1adf1b2623ea85519a2df78e14-a: no space left on device"
level=warning msg="[linters_context/goanalysis] Failed to persist facts to cache: failed to save data to low-level cache by key fact_deprecated/facts for package sig: open /home/agent/.cache/golangci-lint/d8/d8e72005c24cfdaea1d318f8a2537566d6d1a4140eccc9e2ebc4b5c3d7a81d33-a: no space left on device"
level=warning msg="[linters_context/goanalysis] Failed to persist facts to cache: failed to save data to low-level cache by key SA5012/facts for package encoding: open /home/agent/.cache/golangci-lint/59/59a9ab996a4bd97db8e2e88ace3f21fee68abed5fe344d36d548be8b78f6ab94-a: no space left on device"
level=warning msg="[linters_context/goanalysis] Failed to persist facts to cache: failed to save data to low-level cache by key exhaustive/facts for package godebugs: open /home/agent/.cache/golangci-lint/4b/4b33ea30ac176a37a959c8b485a8707867c6246f3b9a934c6b61da7ec0adee86-a: no space left on device"
level=warning msg="[linters_context/goanalysis] Failed to persist facts to cache: failed to save data to low-level cache by key printf/facts for package byteorder: open /home/agent/.cache/golangci-lint/3c/3c5cf2e0438eb3ef18aec5f9bafbb0e98061b42cdb1fb4ead897e4ce0b26fbeb-a: no space left on device"
level=warning msg="[linters_context/goanalysis] Failed to persist facts to cache: failed to save data to low-level cache by key ctrlflow/facts for package utf8: open /home/agent/.cache/golangci-lint/62/62fa1918ba8dee09c03b8fd572d0ed0a941706f2637ef0d7bc9b8a226fc8b758-a: no space left on device"
level=warning msg="[linters_context/goanalysis] Failed to persist facts to cache: failed to save data to low-level cache by key fact_deprecated/facts for package asan: open /home/agent/.cache/golangci-lint/53/53fbaa966055adda241f78ce82ec930dccd76464e9d7cf51554995c4da53a5c3-a: no space left on device"
level=warning msg="[linters_context/goanalysis] Failed to persist facts to cache: failed to save data to low-level cache by key inline/facts for package utf8: open /home/agent/.cache/golangci-lint/7f/7f19ca45ad23ad2c7521dcf90901cf8cfc55a77e15a6d2ac5c1c5db40d3137b7-a: no space left on device"
level=warning msg="[linters_context/goanalysis] Failed to persist facts to cache: failed to save data to low-level cache by key printf/facts for package atomic: open /home/agent/.cache/golangci-lint/6e/6e577fbda7099143fc4a9a1081fd2bb747c0cb88afbd8447c2f5682f2fbecfe9-a: no space left on device"
level=warning msg="[linters_context/goanalysis] Failed to persist facts to cache: failed to save data to low-level cache by key inline/facts for package goexperiment: open /home/agent/.cache/golangci-lint/74/74bf238057d2d668b40994c5e8b3a147e99f4900cb4b2e3cef6688fea5d6111e-a: no space left on device"
level=warning msg="[linters_context/goanalysis] Failed to persist facts to cache: failed to save data to low-level cache by key exhaustive/facts for package atomic: open /home/agent/.cache/golangci-lint/64/6432b543fcb026b22b008e753088fe0c9ad1a227e22d2ff53b62131c1863f173-a: no space left on device"
level=warning msg="[linters_context/goanalysis] Failed to persist facts to cache: failed to save data to low-level cache by key fact_deprecated/facts for package godebugs: open /home/agent/.cache/golangci-lint/ef/ef50dd1df8559b8f35d357df87646c07ba964034ffae7c674c30aa73743f59e4-a: no space left on device"
level=warning msg="[linters_context/goanalysis] Failed to persist facts to cache: failed to save data to low-level cache by key ctrlflow/facts for package byteorder: open /home/agent/.cache/golangci-lint/b7/b7b71f02d39eead9527d1b4e76008bfcb6020db2e5b7984462deecab3335e33b-a: no space left on device"
level=warning msg="[linters_context/goanalysis] Failed to persist facts to cache: failed to save data to low-level cache by key printf/facts for package goarch: open /home/agent/.cache/golangci-lint/64/6480d550965d54addaec11c53dbb01b28ad7759e4eed06b58c5b61c515eb66e6-a: no space left on device"
level=warning msg="[linters_context/goanalysis] Failed to persist facts to cache: failed to save data to low-level cache by key printf/facts for package utf8: open /home/agent/.cache/golangci-lint/46/4603652b08168c006ba44eaa7fe303a1f066e2c1661127f7ee3de55b4a00e4e7-a: no space left on device"
level=warning msg="[linters_context/goanalysis] Failed to persist facts to cache: failed to save data to low-level cache by key inline/facts for package godebugs: open /home/agent/.cache/golangci-lint/e2/e22aff0ad58121784d444ac59a04d94e411556329d2594852ca0907bb05024e1-a: no space left on device"
level=warning msg="[linters_context/goanalysis] Failed to persist facts to cache: failed to save data to low-level cache by key inline/facts for package atomic: open /home/agent/.cache/golangci-lint/e2/e2c04a4472cf36f0cd7ff3f86ce2b5dd5bc1926bbbff01fe8fab3aaa14f0bdb9-a: no space left on device"
level=warning msg="[linters_context/goanalysis] Failed to persist facts to cache: failed to save data to low-level cache by key fact_deprecated/facts for package encoding: open /home/agent/.cache/golangci-lint/c5/c5c8d6d141a744dd5a4c56f2db5296f92258e1c9f84d69ee40e00b1002bb016a-a: no space left on device"
level=warning msg="[linters_context/goanalysis] Failed to persist facts to cache: failed to save data to low-level cache by key nilness/facts for package cmp: open /home/agent/.cache/golangci-lint/ab/abd9a0c2002ed58470498991fd4cb4c613c33920606535fb2382e5027bc15924-a: no space left on device"
level=warning msg="[linters_context/goanalysis] Failed to persist facts to cache: failed to save data to low-level cache by key inline/facts for package nettrace: open /home/agent/.cache/golangci-lint/49/492433fc22aed468bf97d30a7394ee0972ff79899eda944cfd78217717c7e8de-a: no space left on device"
level=warning msg="[linters_context/goanalysis] Failed to persist facts to cache: failed to save data to low-level cache by key printf/facts for package constanttime: open /home/agent/.cache/golangci-lint/93/934d01973689e76e35d9095c81adf9384d280e2292b88bf9f9fdcf5a8e31a7e2-a: no space left on device"
level=warning msg="[linters_context/goanalysis] Failed to persist facts to cache: failed to save data to low-level cache by key SA5012/facts for package sig: open /home/agent/.cache/golangci-lint/ad/ad8e574db09640b7044bd6a7543934062334019a7a49bcf683473ea98ae8d9ec-a: no space left on device"
level=warning msg="[linters_context/goanalysis] Failed to persist facts to cache: failed to save data to low-level cache by key ctrlflow/facts for package godebugs: open /home/agent/.cache/golangci-lint/eb/eb63c6a0f3a5d2cc4754704848b359f60f231b91e2aec2d34ff687462cb528d1-a: no space left on device"
level=warning msg="[linters_context/goanalysis] Failed to persist facts to cache: failed to save data to low-level cache by key nilness/facts for package byteorder: open /home/agent/.cache/golangci-lint/de/de1ba954a4899a3a43291318a4a5fb2f51ef300e8793a709892c19ae06116a33-a: no space left on device"
level=warning msg="[linters_context/goanalysis] Failed to persist facts to cache: failed to save data to low-level cache by key nilness/facts for package utf8: open /home/agent/.cache/golangci-lint/8d/8d3c6b218c94f9e00948da54e2389ed871c1bc71b8f07886153e0a6a9eed99b2-a: no space left on device"
level=warning msg="[linters_context/goanalysis] Failed to persist facts to cache: failed to save data to low-level cache by key fact_deprecated/facts for package alias: open /home/agent/.cache/golangci-lint/29/29aa036bb4dac6b3377b0ff3fc6905f417f63773dd9d0fb62cafe3a695f8d8aa-a: no space left on device"
level=warning msg="[linters_context/goanalysis] Failed to persist facts to cache: failed to save data to low-level cache by key fact_deprecated/facts for package profilerecord: open /home/agent/.cache/golangci-lint/a0/a06580d5793a499d6322bb6012b5a5d84f930639049348c1488911fdf617d4c6-a: no space left on device"
level=warning msg="[linters_context/goanalysis] Failed to persist facts to cache: failed to save data to low-level cache by key fact_deprecated/facts for package time: open /home/agent/.cache/golangci-lint/f3/f3baf71fd4a02c1f053b089b9d8beddf0aab26edfffa0f3a3cc3e06ce13c6b69-a: no space left on device"
level=warning msg="[linters_context/goanalysis] Failed to persist facts to cache: failed to save data to low-level cache by key ctrlflow/facts for package constanttime: open /home/agent/.cache/golangci-lint/46/46c255c910f4c83e75a43d6e0662892b93316d15ba2a9ba368df1134aef7e162-a: no space left on device"
level=warning msg="[linters_context/goanalysis] Failed to persist facts to cache: failed to save data to low-level cache by key SA5012/facts for package utf8: open /home/agent/.cache/golangci-lint/8e/8e1ee46ebef3d68ced68816a714acb9ed4530735f547d2cf091b41019e7f576b-a: no space left on device"
level=warning msg="[linters_context/goanalysis] Failed to persist facts to cache: failed to save data to low-level cache by key fact_purity/facts for package utf8: open /home/agent/.cache/golangci-lint/6a/6a1ed19dab21199d3f9a69201ed5e48bc2d55a221faa753f5a92272ab3482a2e-a: no space left on device"
level=warning msg="[linters_context/goanalysis] Failed to persist facts to cache: failed to save data to low-level cache by key fact_deprecated/facts for package constanttime: open /home/agent/.cache/golangci-lint/17/172f2a798aa504b6de244c96a5177bf5927258a87f22c5db66217c0907d625e9-a: no space left on device"
level=warning msg="[linters_context/goanalysis] Failed to persist facts to cache: failed to save data to low-level cache by key fact_purity/facts for package constanttime: open /home/agent/.cache/golangci-lint/e3/e385d0bb8f594dfd74298281429776eda5d4ef55267ec3e76bc7ad8ca4ad4896-a: no space left on device"
level=warning msg="[linters_context/goanalysis] Failed to persist facts to cache: failed to save data to low-level cache by key fact_deprecated/facts for package rtcov: open /home/agent/.cache/golangci-lint/88/881faa221e8b569a2a51b7134bf9a9f4c363744c3f6287593404ea839bff0511-a: no space left on device"
level=warning msg="[linters_context/goanalysis] Failed to persist facts to cache: failed to save data to low-level cache by key inline/facts for package constanttime: open /home/agent/.cache/golangci-lint/a2/a28d1f61824671f6718aa91ec97b8e493b3fc3d3260e97d3a9c89c9e866e1fe5-a: no space left on device"
level=warning msg="[linters_context/goanalysis] Failed to persist facts to cache: failed to save data to low-level cache by key inline/facts for package rtcov: open /home/agent/.cache/golangci-lint/18/1872f93109cf6583a7355c1b47497dedb76cf2eba613dce3b4d8a8a5d06a6ce2-a: no space left on device"
level=warning msg="[linters_context/goanalysis] Failed to persist facts to cache: failed to save data to low-level cache by key ctrlflow/facts for package time: open /home/agent/.cache/golangci-lint/66/661395a6d691ca9791df92585c6927d8e635371beb25dc1026fa5c59091d1dde-a: no space left on device"
level=warning msg="[linters_context/goanalysis] Failed to persist facts to cache: failed to save data to low-level cache by key nilness/facts for package time: open /home/agent/.cache/golangci-lint/c7/c7eb7902189c1b04e26b999a197209269a1e63cc28cf153c181f7baf9010d476-a: no space left on device"
level=warning msg="[linters_context/goanalysis] Failed to persist facts to cache: failed to save data to low-level cache by key exhaustive/facts for package asan: open /home/agent/.cache/golangci-lint/ef/efcb97a4524d351e8a9e322dc68b0ce8debbdf978625ae803bc8e7db2c15b5e4-a: no space left on device"
level=warning msg="[linters_context/goanalysis] Failed to persist facts to cache: failed to save data to low-level cache by key nilness/facts for package godebugs: open /home/agent/.cache/golangci-lint/85/85e9b100809f86f30e597c04ffc21c8d9729057c0f13aaac00226af97f9decbf-a: no space left on device"
level=warning msg="[linters_context/goanalysis] Failed to persist facts to cache: failed to save data to low-level cache by key SA5012/facts for package time: open /home/agent/.cache/golangci-lint/65/65df516d356c59f9b143b01e35d62e73491cb8ed93ad6952f8350f16b7154c65-a: no space left on device"
level=warning msg="[linters_context/goanalysis] Failed to persist facts to cache: failed to save data to low-level cache by key printf/facts for package alias: open /home/agent/.cache/golangci-lint/ce/ceac01eb81c7b9496a727c5ed9ae57435f8fa4bfa127665eaee177669a49651c-a: no space left on device"
level=warning msg="[linters_context/goanalysis] Failed to persist facts to cache: failed to save data to low-level cache by key exhaustive/facts for package time: open /home/agent/.cache/golangci-lint/c0/c07fc642cedf370f2317db0511a1739bfbb1d70f6bc07c3547ea7111d359f586-a: no space left on device"
level=warning msg="[linters_context/goanalysis] Failed to persist facts to cache: failed to save data to low-level cache by key printf/facts for package time: open /home/agent/.cache/golangci-lint/df/df7fbbe808721dbe1a3ed3bfabd71ebba09bddfd09af74a6fb2228cff308fee6-a: no space left on device"
level=warning msg="[linters_context/goanalysis] Failed to persist facts to cache: failed to save data to low-level cache by key inline/facts for package profilerecord: open /home/agent/.cache/golangci-lint/1e/1eaef7538cafb3d07a7ba72585e622fe5551ea299490971ea086654d1ac8c120-a: no space left on device"
level=warning msg="[linters_context/goanalysis] Failed to persist facts to cache: failed to save data to low-level cache by key fact_purity/facts for package godebugs: open /home/agent/.cache/golangci-lint/e4/e4d55b952b4645478e9c3888b70d3735937ec772ceba8286142e1a116f82a945-a: no space left on device"
level=warning msg="[linters_context/goanalysis] Failed to persist facts to cache: failed to save data to low-level cache by key nilness/facts for package constanttime: open /home/agent/.cache/golangci-lint/10/109c6985b61a7917c20cd93c305999c559d1219a0e735aa637e9a2f258c5ca89-a: no space left on device"
level=warning msg="[linters_context/goanalysis] Failed to persist facts to cache: failed to save data to low-level cache by key ctrlflow/facts for package profilerecord: open /home/agent/.cache/golangci-lint/8f/8fdd9ddc865449d1b8fc9b882fb258ea3b998fea34bd22b19096b4199d4359ba-a: no space left on device"
level=warning msg="[linters_context/goanalysis] Failed to persist facts to cache: failed to save data to low-level cache by key printf/facts for package rtcov: open /home/agent/.cache/golangci-lint/7d/7de8dfd3f0668347ebe7b6802f84d84ac2db6b0c913ac9085be6256296e72a56-a: no space left on device"
level=warning msg="[linters_context/goanalysis] Failed to persist facts to cache: failed to save data to low-level cache by key SA5012/facts for package constanttime: open /home/agent/.cache/golangci-lint/97/97323891e5cbf9180f1d2f392bf7089b9f63dd58245b826d916b56f824e6bf03-a: no space left on device"
level=warning msg="[linters_context/goanalysis] Failed to persist facts to cache: failed to save data to low-level cache by key fact_purity/facts for package atomic: open /home/agent/.cache/golangci-lint/e3/e342c9dee09936df35d58eb971eadeeb39d8da58552bf091ada012329f2c680e-a: no space left on device"
level=warning msg="[linters_context/goanalysis] Failed to persist facts to cache: failed to save data to low-level cache by key exhaustive/facts for package rtcov: open /home/agent/.cache/golangci-lint/0f/0f8d8f473e991f3feb3a31bae406c233dddbc66a709118024f15b38f3b70c5b8-a: no space left on device"
level=warning msg="[linters_context/goanalysis] Failed to persist facts to cache: failed to save data to low-level cache by key nilness/facts for package atomic: open /home/agent/.cache/golangci-lint/15/15806c08d575f8771c29f5ec3a1f72649c25c2ca5fe329adae146e4176434ad4-a: no space left on device"
level=warning msg="[linters_context/goanalysis] Failed to persist facts to cache: failed to save data to low-level cache by key nilness/facts for package goexperiment: open /home/agent/.cache/golangci-lint/0a/0abbabf5a78c85bcd1bb8b376e7027ebd41bcd3b7dcd752573255df29b715c70-a: no space left on device"
level=warning msg="[linters_context/goanalysis] Failed to persist facts to cache: failed to save data to low-level cache by key printf/facts for package asan: open /home/agent/.cache/golangci-lint/34/3471d6b4169fe16a2c4175ccfae2d1c039f061509f8f2d1ec19a0298e74af3b0-a: no space left on device"
level=warning msg="[linters_context/goanalysis] Failed to persist facts to cache: failed to save data to low-level cache by key nilness/facts for package profilerecord: open /home/agent/.cache/golangci-lint/c7/c7b86b601aedfb80ac2d06e1e21de4a1280f21e983bd2439da469771c1a33db7-a: no space left on device"
level=warning msg="[linters_context/goanalysis] Failed to persist facts to cache: failed to save data to low-level cache by key SA5012/facts for package byteorder: open /home/agent/.cache/golangci-lint/d2/d21e43ee3390a59b492bece5f6bdee48785955d3cb4749dcb0a1a6fbfa69fdbc-a: no space left on device"
level=warning msg="[linters_context/goanalysis] Failed to persist facts to cache: failed to save data to low-level cache by key fact_purity/facts for package profilerecord: open /home/agent/.cache/golangci-lint/9a/9abdc24d89846890a2a7a86e239093657d03a96d5a6b0860fc9066c3fb66e838-a: no space left on device"
level=warning msg="[linters_context/goanalysis] Failed to persist facts to cache: failed to save data to low-level cache by key SA5012/facts for package godebugs: open /home/agent/.cache/golangci-lint/b7/b75021723ff5fa6a302552103face0bcb6a7c4974b9035ca55dab4692e4a5f7e-a: no space left on device"
level=warning msg="[linters_context/goanalysis] Failed to persist facts to cache: failed to save data to low-level cache by key fact_deprecated/facts for package tracev2: open /home/agent/.cache/golangci-lint/e6/e65807a7da04ea54e23740655c57173f20fc2156c166c70875205c32e13dec26-a: no space left on device"
level=warning msg="[linters_context/goanalysis] Failed to persist facts to cache: failed to save data to low-level cache by key printf/facts for package tracev2: open /home/agent/.cache/golangci-lint/7a/7aa1a842075d91751b0f9dd5664566c2044a58020cbfb6215536dd026c4cb157-a: no space left on device"
level=warning msg="[linters_context/goanalysis] Failed to persist facts to cache: failed to save data to low-level cache by key fact_deprecated/facts for package label: open /home/agent/.cache/golangci-lint/04/0436c30d4f68262e3d75e1c8c1c7e522145569dbbfa21ac0bde513bbc5ff0ee5-a: no space left on device"
level=warning msg="[linters_context/goanalysis] Failed to persist facts to cache: failed to save data to low-level cache by key inline/facts for package label: open /home/agent/.cache/golangci-lint/40/40f829805d4431b046233a0f348d17bb48c50ed5f2973967ab8e3d109560159b-a: no space left on device"
level=warning msg="[linters_context/goanalysis] Failed to persist facts to cache: failed to save data to low-level cache by key inline/facts for package alias: open /home/agent/.cache/golangci-lint/1c/1c0da1cea64401bcdcdd7b73ea5fbe5b0a5e8fb89883afb45eb0abd4edd476ec-a: no space left on device"
level=warning msg="[linters_context/goanalysis] Failed to persist facts to cache: failed to save data to low-level cache by key ctrlflow/facts for package alias: open /home/agent/.cache/golangci-lint/20/2049f9507a1fb9d60a3787c9a4cd13f642bb432558c31fd73fb82047827217b6-a: no space left on device"
level=warning msg="[linters_context/goanalysis] Failed to persist facts to cache: failed to save data to low-level cache by key exhaustive/facts for package profilerecord: open /home/agent/.cache/golangci-lint/c6/c6b38d8deed696bc62922215da108fa8c6bcac60af9c13bb557a8d9322193f26-a: no space left on device"
level=warning msg="[linters_context/goanalysis] Failed to persist facts to cache: failed to save data to low-level cache by key exhaustive/facts for package constanttime: open /home/agent/.cache/golangci-lint/22/221bb2ea35085153beb51c823b3ce155e977c0c4e06389625c72f3ed0761b21e-a: no space left on device"
level=warning msg="[linters_context/goanalysis] Failed to persist facts to cache: failed to save data to low-level cache by key ctrlflow/facts for package rtcov: open /home/agent/.cache/golangci-lint/47/47f1484e26f65f56aa1f9eae90e456dcaf7c67932af14b6694a6d7485e4c97f0-a: no space left on device"
level=warning msg="[linters_context/goanalysis] Failed to persist facts to cache: failed to save data to low-level cache by key nilness/facts for package alias: open /home/agent/.cache/golangci-lint/8c/8c67db976a53fbb8389c680acbeea29a40f65fb8afd9b5a5ba109b0abc54f7da-a: no space left on device"
level=warning msg="[linters_context/goanalysis] Failed to persist facts to cache: failed to save data to low-level cache by key SA5012/facts for package alias: open /home/agent/.cache/golangci-lint/79/796073d93d967fc4f7eff5f1206893246a84fb9678a88a2b80b644d78b4ad673-a: no space left on device"
level=warning msg="[linters_context/goanalysis] Failed to persist facts to cache: failed to save data to low-level cache by key SA5012/facts for package profilerecord: open /home/agent/.cache/golangci-lint/9a/9af4880e908acf451ec47b6d1ab2c063f3bd8ab43ea37c01a8bc53bc867e5c14-a: no space left on device"
level=warning msg="[linters_context/goanalysis] Failed to persist facts to cache: failed to save data to low-level cache by key inline/facts for package time: open /home/agent/.cache/golangci-lint/af/af476e3d145768ae32eace05e857b7c601448da473ee91848a5f926826cf7123-a: no space left on device"
level=warning msg="[linters_context/goanalysis] Failed to persist facts to cache: failed to save data to low-level cache by key SA5012/facts for package rtcov: open /home/agent/.cache/golangci-lint/85/8521d663828687e835a3fdc8267f8ca8e0f531f58a0b50a6fae918b374332659-a: no space left on device"
level=warning msg="[linters_context/goanalysis] Failed to persist facts to cache: failed to save data to low-level cache by key inline/facts for package tracev2: open /home/agent/.cache/golangci-lint/18/1885a34a22ccb97f7804922242511e0dd504dbbcccdf1d219cce97cf05d2ab77-a: no space left on device"
level=warning msg="[linters_context/goanalysis] Failed to persist facts to cache: failed to save data to low-level cache by key ctrlflow/facts for package tracev2: open /home/agent/.cache/golangci-lint/2f/2fd6e90cb82393ea89618bf9889b0bba37d1df3f5a2d016f64cd0923d8a1af68-a: no space left on device"
level=warning msg="[linters_context/goanalysis] Failed to persist facts to cache: failed to save data to low-level cache by key fact_purity/facts for package time: open /home/agent/.cache/golangci-lint/8b/8b41326fb3a0b75a7c3ec1a07a7300dbc6be2fba1dc4ae4e1b05c71d6759ed1c-a: no space left on device"
level=warning msg="[linters_context/goanalysis] Failed to persist facts to cache: failed to save data to low-level cache by key exhaustive/facts for package label: open /home/agent/.cache/golangci-lint/c9/c9aa36483730525f62944f9d5786a5f63313adffadd13a58ef9c7a7ce81ef610-a: no space left on device"
level=warning msg="[linters_context/goanalysis] Failed to persist facts to cache: failed to save data to low-level cache by key exhaustive/facts for package tracev2: open /home/agent/.cache/golangci-lint/27/27563a3634504e06fc5a00fc72d9bd70370f75f4d8d2418c980fb1095b0e9175-d: no space left on device"
level=warning msg="[linters_context/goanalysis] Failed to persist facts to cache: failed to save data to low-level cache by key printf/facts for package label: open /home/agent/.cache/golangci-lint/63/63ffc78b4074733d843149cb725be375a6a618e319ec43888c271758ee120052-a: no space left on device"
level=warning msg="[linters_context/goanalysis] Failed to persist facts to cache: failed to save data to low-level cache by key exhaustive/facts for package alias: open /home/agent/.cache/golangci-lint/2d/2d4d191e6bde85d6e1129d60b71b649ee974cc108a43c3d4d25628c28187562b-a: no space left on device"
level=warning msg="[linters_context/goanalysis] Failed to persist facts to cache: failed to save data to low-level cache by key fact_purity/facts for package alias: open /home/agent/.cache/golangci-lint/39/3994f67d5de38c820fd53296b10a4a30ff2863b632dde0f0ab6499fcd5608824-a: no space left on device"
level=warning msg="[linters_context/goanalysis] Failed to persist facts to cache: failed to save data to low-level cache by key fact_deprecated/facts for package utf16: open /home/agent/.cache/golangci-lint/ba/ba815ed373873a33c4336d82489fca20bb61f9742db06858ed9ca3b724a54c4a-a: no space left on device"
level=warning msg="[linters_context/goanalysis] Failed to persist facts to cache: failed to save data to low-level cache by key SA5012/facts for package atomic: open /home/agent/.cache/golangci-lint/64/64af9d7be4519845fa883a421a09a725a381f98288b16dcf2f428ac829f06d47-a: no space left on device"
level=warning msg="[linters_context/goanalysis] Failed to persist facts to cache: failed to save data to low-level cache by key nilness/facts for package rtcov: open /home/agent/.cache/golangci-lint/ae/ae2b35d0f7e06bb8ab7f5a138f8d64f74deaa1e04c368a809dcf610030f07018-a: no space left on device"
level=warning msg="[linters_context/goanalysis] Failed to persist facts to cache: failed to save data to low-level cache by key inline/facts for package asan: open /home/agent/.cache/golangci-lint/48/48850073e545d87b74f60e449528e50594b4085ec4f3c383693c37ec5a420218-a: no space left on device"
level=warning msg="[linters_context/goanalysis] Failed to persist facts to cache: failed to save data to low-level cache by key fact_purity/facts for package rtcov: open /home/agent/.cache/golangci-lint/fc/fc321313b8c52dd52a06bfaa0fbbb13a018170974dda3faa6fe3f213c115e346-a: no space left on device"
level=warning msg="[linters_context/goanalysis] Failed to persist facts to cache: failed to save data to low-level cache by key SA5012/facts for package tracev2: open /home/agent/.cache/golangci-lint/7f/7fee170ef4f7b45b098b46b426cacc797faf242cae39735a5ca6123450d96eef-a: no space left on device"
level=warning msg="[linters_context/goanalysis] Failed to persist facts to cache: failed to save data to low-level cache by key fact_deprecated/facts for package unsafeheader: open /home/agent/.cache/golangci-lint/0f/0f981199bca561defdc92b854ee2aaf7dbe25f7f223e37f11ec2d282bf70ba5e-a: no space left on device"
level=warning msg="[linters_context/goanalysis] Failed to persist facts to cache: failed to save data to low-level cache by key printf/facts for package unsafeheader: open /home/agent/.cache/golangci-lint/6a/6a8776ed3997890b08758307c7e5388186ac9c1e9bc4b86b860321294d9ad99f-a: no space left on device"
level=warning msg="[linters_context/goanalysis] Failed to persist facts to cache: failed to save data to low-level cache by key printf/facts for package profilerecord: open /home/agent/.cache/golangci-lint/a9/a940766a3e7b3d4f3e975c30b3e49d7610b8a3e4be62a2d70dfa38a15d6fae6c-a: no space left on device"
level=warning msg="[linters_context/goanalysis] Failed to persist facts to cache: failed to save data to low-level cache by key fact_deprecated/facts for package cpu: open /home/agent/.cache/golangci-lint/65/6521bae88ba9de27a9bcb25874a35ca0345c6e55343c86524257e9a49afa877d-a: no space left on device"
level=warning msg="[linters_context/goanalysis] Failed to persist facts to cache: failed to save data to low-level cache by key inline/facts for package unsafeheader: open /home/agent/.cache/golangci-lint/ed/ed777bda25cec9025f188cb7a56b6cd53b6a3ae61423ccda1024fb97f39d03e2-a: no space left on device"
level=warning msg="[linters_context/goanalysis] Failed to persist facts to cache: failed to save data to low-level cache by key fact_deprecated/facts for package bits: open /home/agent/.cache/golangci-lint/53/533a60df5a4b76a5519d9613d87a421917d9eccaa0540cd245ca5e2ad0aacab9-a: no space left on device"
level=warning msg="[linters_context/goanalysis] Failed to persist facts to cache: failed to save data to low-level cache by key ctrlflow/facts for package utf16: open /home/agent/.cache/golangci-lint/45/4502304c42c3ffb4833bc380084fe0a99eb63e8bfb2abb4900cd1494b950a96b-a: no space left on device"
level=warning msg="[linters_context/goanalysis] Failed to persist facts to cache: failed to save data to low-level cache by key inline/facts for package utf16: open /home/agent/.cache/golangci-lint/eb/eb24f56c86324d7d964f6abecdb75b78728d14da6afdf5bbed1e1873b6bf19ee-a: no space left on device"
level=warning msg="[linters_context/goanalysis] Failed to persist facts to cache: failed to save data to low-level cache by key exhaustive/facts for package unsafeheader: open /home/agent/.cache/golangci-lint/a6/a61f3086f1fa51be2bb422a5c38d1f1c7ad3696185ad7999af8cedca7f714a0f-a: no space left on device"
level=warning msg="[linters_context/goanalysis] Failed to persist facts to cache: failed to save data to low-level cache by key fact_purity/facts for package byteorder: open /home/agent/.cache/golangci-lint/0e/0eb191e3dd49dc6275d2bf5071358e649a59540f16ba38fdc740775922c3e8da-a: no space left on device"
level=warning msg="[linters_context/goanalysis] Failed to persist facts to cache: failed to save data to low-level cache by key ctrlflow/facts for package math: open /home/agent/.cache/golangci-lint/61/610a2c1f5659efc8874bb89048b409831644c7a89b44c880cc67c37a5d214976-a: no space left on device"
level=warning msg="[linters_context/goanalysis] Failed to persist facts to cache: failed to save data to low-level cache by key inline/facts for package math: open /home/agent/.cache/golangci-lint/9a/9a8b08066046c137ca513fff55370b03fcbea9b01c5d92831206bbad7d1b883c-a: no space left on device"
level=warning msg="[linters_context/goanalysis] Failed to persist facts to cache: failed to save data to low-level cache by key SA5012/facts for package utf16: open /home/agent/.cache/golangci-lint/c3/c3591a3c14ee6b11f34061d0fddc56fcf15cb3a6d291db85e812765f1625b35f-a: no space left on device"
level=warning msg="[linters_context/goanalysis] Failed to persist facts to cache: failed to save data to low-level cache by key exhaustive/facts for package bits: open /home/agent/.cache/golangci-lint/37/372009fad4e623d8b4fc5297c9bc94e43148c37f5a4a254b065995b083644c7f-a: no space left on device"
level=warning msg="[linters_context/goanalysis] Failed to persist facts to cache: failed to save data to low-level cache by key ctrlflow/facts for package bits: open /home/agent/.cache/golangci-lint/b0/b022237e814e1481286a5dbf234d10fdd846b88b99a0ae11ee8f0b0f931022d9-a: no space left on device"
level=warning msg="[linters_context/goanalysis] Failed to persist facts to cache: failed to save data to low-level cache by key exhaustive/facts for package math: open /home/agent/.cache/golangci-lint/87/8728baf4dc4b44907c294fb548cbab98baac667e8b63b96b76c057044c256dad-a: no space left on device"
level=warning msg="[linters_context/goanalysis] Failed to persist facts to cache: failed to save data to low-level cache by key inline/facts for package bits: open /home/agent/.cache/golangci-lint/93/932d3e8c6ef2cbd1f0da0e5b3d752e93b9fdc7252df53670d12c9d0ca6e86471-a: no space left on device"
level=warning msg="[linters_context/goanalysis] Failed to persist facts to cache: failed to save data to low-level cache by key printf/facts for package linux: open /home/agent/.cache/golangci-lint/db/db5a3ae2d7208817f79cdaf38834792a91986ef060f22644a2b06dda7fbc3062-a: no space left on device"
level=warning msg="[linters_context/goanalysis] Failed to persist facts to cache: failed to save data to low-level cache by key printf/facts for package bits: open /home/agent/.cache/golangci-lint/ac/ac7f6411cf3c9de1efd303a655dfbbdd8b7b3c66eef9dfb6260c24dbe93f0b65-a: no space left on device"
level=warning msg="[linters_context/goanalysis] Failed to persist facts to cache: failed to save data to low-level cache by key ctrlflow/facts for package linux: open /home/agent/.cache/golangci-lint/ec/ec422fb33627245b013e591b2b58f0e65e5287ece7522e9e4560b917beafd0f2-a: no space left on device"
level=warning msg="[linters_context/goanalysis] Failed to persist facts to cache: failed to save data to low-level cache by key ctrlflow/facts for package cpu: open /home/agent/.cache/golangci-lint/a1/a115b5ad19eb1bec0489fe2b356a346748cb965c389dd4e4ce80165006fc7312-a: no space left on device"
level=warning msg="[linters_context/goanalysis] Failed to persist facts to cache: failed to save data to low-level cache by key printf/facts for package cpu: open /home/agent/.cache/golangci-lint/5e/5e45f85c7ed46ab922572721443725e5ba47d2a36ccda6010627007c405bf9f4-a: no space left on device"
level=warning msg="[linters_context/goanalysis] Failed to persist facts to cache: failed to save data to low-level cache by key inline/facts for package linux: open /home/agent/.cache/golangci-lint/86/861a480aa388e2490a70a63258dde4b9a38961cee5450f32ae4b294f425008fa-a: no space left on device"
level=warning msg="[linters_context/goanalysis] Failed to persist facts to cache: failed to save data to low-level cache by key ctrlflow/facts for package asan: open /home/agent/.cache/golangci-lint/13/1325017384e09c17d433df0132f62d9e47dd9e69a842565788281efb9dd2a8e4-a: no space left on device"
level=warning msg="[linters_context/goanalysis] Failed to persist facts to cache: failed to save data to low-level cache by key nilness/facts for package math: open /home/agent/.cache/golangci-lint/e4/e4677ae881a2aed7ba518e201c34f0a232142f14e3f3fb86fb1d29564e77adac-a: no space left on device"
level=warning msg="[linters_context/goanalysis] Failed to persist facts to cache: failed to save data to low-level cache by key SA5012/facts for package math: open /home/agent/.cache/golangci-lint/b7/b7fc4b4ac30ad992ebcb76126822e6ec335501e0bcc10c0e28781b43bad4fafe-a: no space left on device"
level=warning msg="[linters_context/goanalysis] Failed to persist facts to cache: failed to save data to low-level cache by key SA5012/facts for package linux: open /home/agent/.cache/golangci-lint/c1/c1dda5086279b66d90439eaaed944f1be52dec9028e0cdf1a1640e979aa1ad7d-a: no space left on device"
level=warning msg="[linters_context/goanalysis] Failed to persist facts to cache: failed to save data to low-level cache by key fact_purity/facts for package asan: open /home/agent/.cache/golangci-lint/85/859cd709662d84b69fab3184dc9bb1a7edcc97567b18687ff950517f2ab3abf4-a: no space left on device"
level=warning msg="[linters_context/goanalysis] Failed to persist facts to cache: failed to save data to low-level cache by key inline/facts for package cpu: open /home/agent/.cache/golangci-lint/20/20568a356f012d6db2b3422bf1edf035eaa032dce97adfe0ef2f2d4d618955fb-a: no space left on device"
level=warning msg="[linters_context/goanalysis] Failed to persist facts to cache: failed to save data to low-level cache by key fact_purity/facts for package cpu: open /home/agent/.cache/golangci-lint/7e/7ea1be5890c23dbebc432e54fb694c5f66253cf4f62fd68b6fa8c701c6f32e38-a: no space left on device"
level=warning msg="[linters_context/goanalysis] Failed to persist facts to cache: failed to save data to low-level cache by key nilness/facts for package bits: open /home/agent/.cache/golangci-lint/b5/b58a65831a34c03038e5ab70860c35045b547210f4fa812b563126b5980a64c0-a: no space left on device"
level=warning msg="[linters_context/goanalysis] Failed to persist facts to cache: failed to save data to low-level cache by key fact_purity/facts for package linux: open /home/agent/.cache/golangci-lint/01/01ec98aa6418f730cbd32b4b078d74d1dc85eddf772a2a706b833aa1172075d3-a: no space left on device"
level=warning msg="[linters_context/goanalysis] Failed to persist facts to cache: failed to save data to low-level cache by key nilness/facts for package linux: open /home/agent/.cache/golangci-lint/f1/f19d30f3a5d69bb883a47f85b38d483a386f2772095aeb98c16b610a1567b799-a: no space left on device"
level=warning msg="[linters_context/goanalysis] Failed to persist facts to cache: failed to save data to low-level cache by key printf/facts for package utf16: open /home/agent/.cache/golangci-lint/7f/7f3aa1849453ed725936cb35363a0114e9d13bdaa8436334c51dd4c9c300e915-a: no space left on device"
level=warning msg="[linters_context/goanalysis] Failed to persist facts to cache: failed to save data to low-level cache by key inline/facts for package gc: open /home/agent/.cache/golangci-lint/81/81d7207ba4380ca783274aa95c84b62b12c15ecafa3646b7beb1186a3ec968cf-a: no space left on device"
level=warning msg="[linters_context/goanalysis] Failed to persist facts to cache: failed to save data to low-level cache by key fact_purity/facts for package tracev2: open /home/agent/.cache/golangci-lint/ca/ca12183c8bedddbb38f92131dd4a680d66bae8c0bf53438ecbe35168f891dbb2-a: no space left on device"
level=warning msg="[linters_context/goanalysis] Failed to persist facts to cache: failed to save data to low-level cache by key fact_purity/facts for package bits: open /home/agent/.cache/golangci-lint/78/7828ec5751b3ec099a6435ffdc42a3c4a5dd12021cb2759c6751a9f618a16966-d: no space left on device"
level=warning msg="[linters_context/goanalysis] Failed to persist facts to cache: failed to save data to low-level cache by key SA5012/facts for package bits: open /home/agent/.cache/golangci-lint/29/293472c78b39059e854a0ce78a75a215c96e3790f250800634532a9ef8d3d39e-a: no space left on device"
level=warning msg="[linters_context/goanalysis] Failed to persist facts to cache: failed to save data to low-level cache by key nilness/facts for package tracev2: open /home/agent/.cache/golangci-lint/06/062ce9c48c1b9af32f8e28481b37dd55da9778acefdb3b2d8756f7adc59d4f67-a: no space left on device"
level=warning msg="[linters_context/goanalysis] Failed to persist facts to cache: failed to save data to low-level cache by key ctrlflow/facts for package label: open /home/agent/.cache/golangci-lint/5e/5efd05b662d08077c443be892d29bd697e9342a3dab4f8fb4b7873fda3fd60c6-a: no space left on device"
level=warning msg="[linters_context/goanalysis] Failed to persist facts to cache: failed to save data to low-level cache by key fact_deprecated/facts for package gc: open /home/agent/.cache/golangci-lint/a0/a07b3eb448610402aef4a31e347d7ef8e7dae5758c6609677c287b05d20289c6-a: no space left on device"
level=warning msg="[linters_context/goanalysis] Failed to persist facts to cache: failed to save data to low-level cache by key ctrlflow/facts for package gc: open /home/agent/.cache/golangci-lint/9d/9d120b43ec189ea29c4c8f26c97f6ef00b21a5c70085937ca5b83d6a5d16c908-a: no space left on device"
level=warning msg="[linters_context/goanalysis] Failed to persist facts to cache: failed to save data to low-level cache by key nilness/facts for package utf16: open /home/agent/.cache/golangci-lint/af/af57a1f457b7687b9e7cfaa7501ba3a0a1e7793e7e21e3d78b1a1544aed90d8b-a: no space left on device"
level=warning msg="[linters_context/goanalysis] Failed to persist facts to cache: failed to save data to low-level cache by key fact_deprecated/facts for package linux: open /home/agent/.cache/golangci-lint/94/949af748e4ca9f28bc71f6ebdaadd7da4d60cbf2f3110317b9524b3887d1b604-a: no space left on device"
level=warning msg="[linters_context/goanalysis] Failed to persist facts to cache: failed to save data to low-level cache by key nilness/facts for package cpu: open /home/agent/.cache/golangci-lint/43/4341dac1874e3267a9bf5a96e02742a6f28e5450ab25d0b9e5bde560fdda1f2d-a: no space left on device"
level=warning msg="[linters_context/goanalysis] Failed to persist facts to cache: failed to save data to low-level cache by key SA5012/facts for package cpu: open /home/agent/.cache/golangci-lint/33/332b636d1a1ef3b7c58339e9ac41dc83cac9628cc29f8c5f5c21cc37f27d3ddd-a: no space left on device"
level=warning msg="[linters_context/goanalysis] Failed to persist facts to cache: failed to save data to low-level cache by key fact_deprecated/facts for package math: open /home/agent/.cache/golangci-lint/98/987edffda633572a80530c19f175ae96b47eefc9d4915e7ef4f12884e3bc2dc7-a: no space left on device"
level=warning msg="[linters_context/goanalysis] Failed to persist facts to cache: failed to save data to low-level cache by key exhaustive/facts for package cpu: open /home/agent/.cache/golangci-lint/52/52890ebf8411b0b397c01e820baff0790b276695b5062a9c67767cfc07dd4d8e-a: no space left on device"
level=warning msg="[linters_context/goanalysis] Failed to persist facts to cache: failed to save data to low-level cache by key fact_deprecated/facts for package abi: open /home/agent/.cache/golangci-lint/79/795d9aa9fd7547f8978d5f81edad2b22db17d4bd8b180d5ecf2679e2725a8e95-a: no space left on device"
level=warning msg="[linters_context/goanalysis] Failed to persist facts to cache: failed to save data to low-level cache by key nilness/facts for package label: open /home/agent/.cache/golangci-lint/58/58958d434683339bd0115219901466847606a5ec970ce2b3b872601b1cfa9b1c-a: no space left on device"
level=warning msg="[linters_context/goanalysis] Failed to persist facts to cache: failed to save data to low-level cache by key nilness/facts for package gc: open /home/agent/.cache/golangci-lint/b0/b040aebfe5b137dfe526567700dd0a1c005ad47fc5bbd5f96df13bd7b048761f-a: no space left on device"
level=warning msg="[linters_context/goanalysis] Failed to persist facts to cache: failed to save data to low-level cache by key printf/facts for package byteorder: open /home/agent/.cache/golangci-lint/11/11a053e9d92824620f1e5de4dbeaa6c80d1c00238ba36c245e20a3239996b019-a: no space left on device"
level=warning msg="[linters_context/goanalysis] Failed to persist facts to cache: failed to save data to low-level cache by key ctrlflow/facts for package byteorder: open /home/agent/.cache/golangci-lint/ee/ee3d71c8afd4a395e090cd8981890f0585e19bad830331d7f0eae8ff4c3cd3c4-a: no space left on device"
level=warning msg="[linters_context/goanalysis] Failed to persist facts to cache: failed to save data to low-level cache by key inline/facts for package byteorder: open /home/agent/.cache/golangci-lint/63/639aa012763190799ab545c8293daa04b135fda5b4218984593fd8211ce56387-a: no space left on device"
level=warning msg="[linters_context/goanalysis] Failed to persist facts to cache: failed to save data to low-level cache by key printf/facts for package gc: open /home/agent/.cache/golangci-lint/2a/2a656baa611d00e08bf6aadc8e907be7a0cbc448b0266356150ad941ac5258cd-a: no space left on device"
level=warning msg="[linters_context/goanalysis] Failed to persist facts to cache: failed to save data to low-level cache by key fact_purity/facts for package label: open /home/agent/.cache/golangci-lint/26/26e6ea0ce8c845d0bc6a22709647b5383a32d47fbc77f585c342e70ec208edba-a: no space left on device"
level=warning msg="[linters_context/goanalysis] Failed to persist facts to cache: failed to save data to low-level cache by key fact_purity/facts for package byteorder: open /home/agent/.cache/golangci-lint/30/303cd9c89e14945ae4c368a30ec2fafe896d17e9f69a859028d1e16798daed3a-a: no space left on device"
level=warning msg="[linters_context/goanalysis] Failed to persist facts to cache: failed to save data to low-level cache by key exhaustive/facts for package utf16: open /home/agent/.cache/golangci-lint/2e/2e0fe127832b88df425ed005954e8e38d702502dd9834bc41d5aa7b306d38d1e-a: no space left on device"
level=warning msg="[linters_context/goanalysis] Failed to persist facts to cache: failed to save data to low-level cache by key inline/facts for package abi: open /home/agent/.cache/golangci-lint/4b/4b2c720a81708096bcbf960bf217281c010fb44956ac7c095634a6b11fbab484-a: no space left on device"
level=warning msg="[linters_context/goanalysis] Failed to persist facts to cache: failed to save data to low-level cache by key SA5012/facts for package asan: open /home/agent/.cache/golangci-lint/4e/4e7677404a983b2f9d5bf154cfc676b047c46c80786e935acb98eca9fb541835-a: no space left on device"
level=warning msg="[linters_context/goanalysis] Failed to persist facts to cache: failed to save data to low-level cache by key SA5012/facts for package label: open /home/agent/.cache/golangci-lint/b5/b51f1a34ff80d766f4a19ff34f87346228413f107f434e4a6b57c73c279b2f20-a: no space left on device"
level=warning msg="[linters_context/goanalysis] Failed to persist facts to cache: failed to save data to low-level cache by key nilness/facts for package byteorder: open /home/agent/.cache/golangci-lint/35/352612506269aa3a8d8ca64375cbcea0d1444281fcc0f052072c8c2af82e964e-a: no space left on device"
level=warning msg="[linters_context/goanalysis] Failed to persist facts to cache: failed to save data to low-level cache by key fact_deprecated/facts for package byteorder: open /home/agent/.cache/golangci-lint/63/6353cd332f47289833f6d01a32e8c666b82acf18583c0f462a16823a3e07f6a7-a: no space left on device"
level=warning msg="[linters_context/goanalysis] Failed to persist facts to cache: failed to save data to low-level cache by key SA5012/facts for package gc: open /home/agent/.cache/golangci-lint/76/76d1c3f725b09ed0a13516856e29cbccd0001d465106da9ead171e491edc878a-a: no space left on device"
level=warning msg="[linters_context/goanalysis] Failed to persist facts to cache: failed to save data to low-level cache by key printf/facts for package math: open /home/agent/.cache/golangci-lint/a7/a7fffc1dc8184676f24c40cb9777a6e2ff307971695c4d1b18d56fcd5a502e90-a: no space left on device"
level=warning msg="[linters_context/goanalysis] Failed to persist facts to cache: failed to save data to low-level cache by key ctrlflow/facts for package unsafeheader: open /home/agent/.cache/golangci-lint/1b/1b6e3b7f0705c1c1919786eecffc297358ed23411bc882e25203ba8f3c658658-a: no space left on device"
level=warning msg="[linters_context/goanalysis] Failed to persist facts to cache: failed to save data to low-level cache by key nilness/facts for package unsafeheader: open /home/agent/.cache/golangci-lint/a6/a6b1fdc38bdee0fca66663fb6cdf3b323be7a169798716fe3c8c43c9747dd69a-a: no space left on device"
level=warning msg="[linters_context/goanalysis] Failed to persist facts to cache: failed to save data to low-level cache by key fact_purity/facts for package utf16: open /home/agent/.cache/golangci-lint/3f/3f08615228f095c0a29d4b358ea08c0a76e3801d0be4809613c97afcb91b3847-a: no space left on device"
level=warning msg="[linters_context/goanalysis] Failed to persist facts to cache: failed to save data to low-level cache by key SA5012/facts for package byteorder: open /home/agent/.cache/golangci-lint/f7/f744df612d67169d237bae93e247c5332046be2e164868b7e88f84eae1cb2839-a: no space left on device"
level=warning msg="[linters_context/goanalysis] Failed to persist facts to cache: failed to save data to low-level cache by key fact_purity/facts for package unsafeheader: open /home/agent/.cache/golangci-lint/14/146ff10e95bbf132b7318fb400296998748b3e3b0ef7ca60097bacf5ee593209-a: no space left on device"
level=warning msg="[linters_context/goanalysis] Failed to persist facts to cache: failed to save data to low-level cache by key SA5012/facts for package unsafeheader: open /home/agent/.cache/golangci-lint/98/98a15008a2ff0e250b6a26d924e7651fba315ee4355165b4657fe6ecdcbb7f03-a: no space left on device"
level=warning msg="[linters_context/goanalysis] Failed to persist facts to cache: failed to save data to low-level cache by key exhaustive/facts for package gc: open /home/agent/.cache/golangci-lint/5a/5a9ee68cf564dc774840ac7964cd8940b72c48e806a2c7022a87337837adf5a4-a: no space left on device"
level=warning msg="[linters_context/goanalysis] Failed to persist facts to cache: failed to save data to low-level cache by key exhaustive/facts for package abi: open /home/agent/.cache/golangci-lint/2b/2b12883cf37feb112656184562bb522999eb945b5a25c10b528075bf92746ca9-d: no space left on device"
level=warning msg="[linters_context/goanalysis] Failed to persist facts to cache: failed to save data to low-level cache by key exhaustive/facts for package byteorder: open /home/agent/.cache/golangci-lint/7b/7b9151abcd4f0d6f43b22b1296bc93d33328af44da772b0f059ff4977fa27fcc-a: no space left on device"
level=warning msg="[linters_context/goanalysis] Failed to persist facts to cache: failed to save data to low-level cache by key nilness/facts for package asan: open /home/agent/.cache/golangci-lint/d6/d6bd8b07aea26d16a9d942bce9c71fb79ca197c669e4f66c374f5a5279bc6e9c-a: no space left on device"
level=warning msg="[linters_context/goanalysis] Failed to persist facts to cache: failed to save data to low-level cache by key printf/facts for package abi: open /home/agent/.cache/golangci-lint/3f/3f32af45bbfad391097228a4e81b58be3baa34270d0a0d2249c268bf5057f7cd-a: no space left on device"
level=warning msg="[linters_context/goanalysis] Failed to persist facts to cache: failed to save data to low-level cache by key ctrlflow/facts for package abi: open /home/agent/.cache/golangci-lint/04/044a7ce7972c6bb61037d91789602e9f646ffa9cbe180b00300ffcf5d53d31a9-a: no space left on device"
level=warning msg="[linters_context/goanalysis] Failed to persist facts to cache: failed to save data to low-level cache by key exhaustive/facts for package bytealg: open /home/agent/.cache/golangci-lint/8c/8c43db3c35f366a7339d43c119fc0c2f96859f9032fbaa9336b52fc54912bd2b-a: no space left on device"
level=warning msg="[linters_context/goanalysis] Failed to persist facts to cache: failed to save data to low-level cache by key exhaustive/facts for package cpu: open /home/agent/.cache/golangci-lint/94/94b9c7e5e6b6e8525f6ae107def5abf0feef1f4d036c9ea0da1b509af0be7ee8-a: no space left on device"
level=warning msg="[linters_context/goanalysis] Failed to persist facts to cache: failed to save data to low-level cache by key printf/facts for package cpu: open /home/agent/.cache/golangci-lint/34/34f717e689b76746da3178bf5d7ca15bc195222faaadd65ad1d818ab54927e1c-a: no space left on device"
level=warning msg="[linters_context/goanalysis] Failed to persist facts to cache: failed to save data to low-level cache by key inline/facts for package bytealg: open /home/agent/.cache/golangci-lint/01/011662701672cec591934543aa060638d45cc655c7c7e7c281429d5a2418069b-a: no space left on device"
level=warning msg="[linters_context/goanalysis] Failed to persist facts to cache: failed to save data to low-level cache by key ctrlflow/facts for package sys: open /home/agent/.cache/golangci-lint/ed/edaa8beb6f2ecb1cbee1d0f29c1b006ae1720b0324a4315300977ef63546087f-a: no space left on device"
level=warning msg="[linters_context/goanalysis] Failed to persist facts to cache: failed to save data to low-level cache by key inline/facts for package chacha8rand: open /home/agent/.cache/golangci-lint/97/97762fa55677a2c0812976da5c87b88a2f3b88736ac777410c0437ea1d93ad23-a: no space left on device"
level=warning msg="[linters_context/goanalysis] Failed to persist facts to cache: failed to save data to low-level cache by key fact_deprecated/facts for package bytealg: open /home/agent/.cache/golangci-lint/28/28a675f69def06de2713aac839098c1997b27ccf208d37d864e32aac7f6bc216-a: no space left on device"
level=warning msg="[linters_context/goanalysis] Failed to persist facts to cache: failed to save data to low-level cache by key printf/facts for package chacha8rand: open /home/agent/.cache/golangci-lint/3d/3dcbcb4ac9ce67bee00ac540dd5426f9912c3d1260f00458730f11e4022a939e-a: no space left on device"
level=warning msg="[linters_context/goanalysis] Failed to persist facts to cache: failed to save data to low-level cache by key exhaustive/facts for package sys: open /home/agent/.cache/golangci-lint/09/09af8c36def21e47d3f519220028c944d62cf863efdc51a76fc345bff10e2f31-a: no space left on device"
level=warning msg="[linters_context/goanalysis] Failed to persist facts to cache: failed to save data to low-level cache by key ctrlflow/facts for package chacha8rand: open /home/agent/.cache/golangci-lint/41/416ea6bb21ef8b0e54aebebf04871a8d1ec834b1f60dd5536243ae2dd6ef937e-a: no space left on device"
level=warning msg="[linters_context/goanalysis] Failed to persist facts to cache: failed to save data to low-level cache by key ctrlflow/facts for package cpu: open /home/agent/.cache/golangci-lint/24/246feb33b8f9312c3a0903574ccf6c36b07efcb7e932bcfdae363425f7be0421-a: no space left on device"
level=warning msg="[linters_context/goanalysis] Failed to persist facts to cache: failed to save data to low-level cache by key nilness/facts for package sys: open /home/agent/.cache/golangci-lint/77/7745d1881a823b16200c6530e0f38886e70b582434136c748bede58ee805fe60-a: no space left on device"
level=warning msg="[linters_context/goanalysis] Failed to persist facts to cache: failed to save data to low-level cache by key exhaustive/facts for package linux: open /home/agent/.cache/golangci-lint/c0/c0b8977cd5a30771aacd9773118d961a0a3d3a94a158c7e1ae37e9aae759197c-a: no space left on device"
level=warning msg="[linters_context/goanalysis] Failed to persist facts to cache: failed to save data to low-level cache by key ctrlflow/facts for package atomic: open /home/agent/.cache/golangci-lint/bd/bda5cc9a18910c6716e0efc4d9210d7920ceecdcb8a7b6ac4b08720371ad4a1a-a: no space left on device"
level=warning msg="[linters_context/goanalysis] Failed to persist facts to cache: failed to save data to low-level cache by key nilness/facts for package cpu: open /home/agent/.cache/golangci-lint/c1/c190cb4799c9a41681b21ef5dbfc67cbb7c849744aa8341bf6cd689dd508a853-a: no space left on device"
level=warning msg="[linters_context/goanalysis] Failed to persist facts to cache: failed to save data to low-level cache by key SA5012/facts for package sys: open /home/agent/.cache/golangci-lint/7d/7d8f40b948ba9df5adf5ec567a8fbd7349d98caadf2cbbd2aa0c26fc0bb3935a-a: no space left on device"
level=warning msg="[linters_context/goanalysis] Failed to persist facts to cache: failed to save data to low-level cache by key ctrlflow/facts for package bytealg: open /home/agent/.cache/golangci-lint/8a/8a22256e408a174eecf6fe53352b954bb8a1d6bb24f11a1bd457bae39c59f468-a: no space left on device"
level=warning msg="[linters_context/goanalysis] Failed to persist facts to cache: failed to save data to low-level cache by key SA5012/facts for package cpu: open /home/agent/.cache/golangci-lint/45/45a81edeb52e54fa86b1f6854dd94e8fa13a07300aa27f6ad41b5fef32225f19-a: no space left on device"
level=warning msg="[linters_context/goanalysis] Failed to persist facts to cache: failed to save data to low-level cache by key printf/facts for package bytealg: open /home/agent/.cache/golangci-lint/07/0730b91c0565eed04d333058fea37ff1ea31f278fb435f2a17ae1880784f4dbc-a: no space left on device"
level=warning msg="[linters_context/goanalysis] Failed to persist facts to cache: failed to save data to low-level cache by key fact_purity/facts for package atomic: open /home/agent/.cache/golangci-lint/d8/d86ff2d4216a5cf20967e6ead8a3adad716af329acda707d160f2734fdea2515-a: no space left on device"
level=warning msg="[linters_context/goanalysis] Failed to persist facts to cache: failed to save data to low-level cache by key SA5012/facts for package atomic: open /home/agent/.cache/golangci-lint/8c/8ca128cd3be2818e2ba2514765ce77fa0d786d280dda30aafe440a991fc24157-a: no space left on device"
level=warning msg="[linters_context/goanalysis] Failed to persist facts to cache: failed to save data to low-level cache by key exhaustive/facts for package chacha8rand: open /home/agent/.cache/golangci-lint/f3/f3d0a5042f7194c6b65beaceb8c888f8fb722f2cdfe59020d5d6f53afe584051-a: no space left on device"
level=warning msg="[linters_context/goanalysis] Failed to persist facts to cache: failed to save data to low-level cache by key printf/facts for package sys: open /home/agent/.cache/golangci-lint/cb/cb07ed0f8e67184a466a4d5b97b4bac9076971951a66480e39ec45ea050336f9-a: no space left on device"
level=warning msg="[linters_context/goanalysis] Failed to persist facts to cache: failed to save data to low-level cache by key fact_deprecated/facts for package atomic: open /home/agent/.cache/golangci-lint/a1/a1d3c1e622f0f6a86e6b0f7c9b1e502f2bb15b9f2f66635574b7d3f45a6bb0fc-a: no space left on device"
level=warning msg="[linters_context/goanalysis] Failed to persist facts to cache: failed to save data to low-level cache by key SA5012/facts for package abi: open /home/agent/.cache/golangci-lint/74/74540b626da7bd01a396ffe356290d7b0b02321de86810c8a42c5826c32856e4-a: no space left on device"
level=warning msg="[linters_context/goanalysis] Failed to persist facts to cache: failed to save data to low-level cache by key nilness/facts for package abi: open /home/agent/.cache/golangci-lint/b3/b3553168d29c2dccd1670b9e55f46c945d51d8a159215cad4866e3fbb948915b-a: no space left on device"
level=warning msg="[linters_context/goanalysis] Failed to persist facts to cache: failed to save data to low-level cache by key fact_purity/facts for package cpu: open /home/agent/.cache/golangci-lint/8a/8a329fd4e8bdf3079d28924d6f068bdb6c905a73a9693c064210cc2b7ff8c4bf-a: no space left on device"
level=warning msg="[linters_context/goanalysis] Failed to persist facts to cache: failed to save data to low-level cache by key fact_purity/facts for package sys: open /home/agent/.cache/golangci-lint/a7/a7f8c1e2d326016fcbe2224c02bc6aa14c182d01d4a5b599bc3b5690cecb1f7b-a: no space left on device"
level=warning msg="[linters_context/goanalysis] Failed to persist facts to cache: failed to save data to low-level cache by key fact_deprecated/facts for package subtle: open /home/agent/.cache/golangci-lint/ce/ce46343c1c66c1a4977e5763e85cb2d0ae5732193311a0f1f21a72ba6366f6cf-a: no space left on device"
level=warning msg="[linters_context/goanalysis] Failed to persist facts to cache: failed to save data to low-level cache by key inline/facts for package sys: open /home/agent/.cache/golangci-lint/30/303e4a2e3e7fa48005e2dc4cc106ce289d00b4ea8847eb015f926b9d467f2699-a: no space left on device"
level=warning msg="[linters_context/goanalysis] Failed to persist facts to cache: failed to save data to low-level cache by key inline/facts for package cpu: open /home/agent/.cache/golangci-lint/1f/1f0dde41c584d2f2a6322e777279f31a48e61f44c06074eea4e9623885fad052-a: no space left on device"
level=warning msg="[linters_context/goanalysis] Failed to persist facts to cache: failed to save data to low-level cache by key printf/facts for package subtle: open /home/agent/.cache/golangci-lint/7b/7bdba0fd0ab0fef8b33660470751a32034322c12d57f670e5eab9a9db838799f-a: no space left on device"
level=warning msg="[linters_context/goanalysis] Failed to persist facts to cache: failed to save data to low-level cache by key nilness/facts for package atomic: open /home/agent/.cache/golangci-lint/78/78a780cce813b0d28cc22ffb943505877ca6a414d8d8eee6d30d9d0fd824934e-a: no space left on device"
level=warning msg="[linters_context/goanalysis] Failed to persist facts to cache: failed to save data to low-level cache by key inline/facts for package atomic: open /home/agent/.cache/golangci-lint/8b/8ba6891703483c2a6e7c68c8e1188def5a2e8d10e333ae559240eff09239c18e-a: no space left on device"
level=warning msg="[linters_context/goanalysis] Failed to persist facts to cache: failed to save data to low-level cache by key fact_purity/facts for package math: open /home/agent/.cache/golangci-lint/cc/ccc351f1d212e6cb0307e86a390e3b6a47d26305ede39a995118030b7e34941e-a: no space left on device"
level=warning msg="[linters_context/goanalysis] Failed to persist facts to cache: failed to save data to low-level cache by key fact_deprecated/facts for package cpu: open /home/agent/.cache/golangci-lint/85/85884c46430de635fce7fc05e6340a437b5f44718b9ae5abec5a601af1ac9d66-a: no space left on device"
level=warning msg="[linters_context/goanalysis] Failed to persist facts to cache: failed to save data to low-level cache by key printf/facts for package atomic: open /home/agent/.cache/golangci-lint/63/637683b26cd5089c598e88dbc9d92b0c4d2b0b85cecdfab50b6eed21a7928611-a: no space left on device"
level=warning msg="[linters_context/goanalysis] Failed to persist facts to cache: failed to save data to low-level cache by key SA5012/facts for package chacha8rand: open /home/agent/.cache/golangci-lint/d4/d416f21798cfdb76ceb300dd6d5a7d94fd4523511a4537181f1014f75ff4dbd1-a: no space left on device"
level=warning msg="[linters_context/goanalysis] Failed to persist facts to cache: failed to save data to low-level cache by key ctrlflow/facts for package subtle: open /home/agent/.cache/golangci-lint/df/dffeaec531c869430f849ef7f1cf97fc852cbd46315fe17e8d9f910bbf39aa60-a: no space left on device"
level=warning msg="[linters_context/goanalysis] Failed to persist facts to cache: failed to save data to low-level cache by key fact_deprecated/facts for package chacha8rand: open /home/agent/.cache/golangci-lint/73/7300c2f890ecc84b1015634f8c95a051820c4922b59866b3d06b22c7926a4862-a: no space left on device"
level=warning msg="[linters_context/goanalysis] Failed to persist facts to cache: failed to save data to low-level cache by key exhaustive/facts for package subtle: open /home/agent/.cache/golangci-lint/63/63de31ebd369e5f0f030c9cbdd669608e5200f076863031b67ef85c390e8b14f-a: no space left on device"
level=warning msg="[linters_context/goanalysis] Failed to persist facts to cache: failed to save data to low-level cache by key inline/facts for package subtle: open /home/agent/.cache/golangci-lint/61/61c90e77af5f881ee14fa7d4a94f2056730b66b996a1ebf88843e58f1785ea5c-a: no space left on device"
level=warning msg="[linters_context/goanalysis] Failed to persist facts to cache: failed to save data to low-level cache by key fact_purity/facts for package chacha8rand: open /home/agent/.cache/golangci-lint/7d/7dadedd7c1138e3a5a3545eeb8ab685864b331ea69b4fd3b8f844589ade98df8-a: no space left on device"
level=warning msg="[linters_context/goanalysis] Failed to persist facts to cache: failed to save data to low-level cache by key nilness/facts for package chacha8rand: open /home/agent/.cache/golangci-lint/e3/e3f873d247e33a591f2fdda15b39e81b2d58dd7691522255f35fbeff5d2c4312-a: no space left on device"
level=warning msg="[linters_context/goanalysis] Failed to persist facts to cache: failed to save data to low-level cache by key exhaustive/facts for package atomic: open /home/agent/.cache/golangci-lint/8b/8b1450ca134cd27d7300b43808e523311064c35f5caac92ef1a978262b3b44bf-a: no space left on device"
level=warning msg="[linters_context/goanalysis] Failed to persist facts to cache: failed to save data to low-level cache by key fact_purity/facts for package gc: open /home/agent/.cache/golangci-lint/4a/4aa20e7d1095698aacf31e369da4c287b203e6b8251cc5df90e01e2bd8c114a0-a: no space left on device"
level=warning msg="[linters_context/goanalysis] Failed to persist facts to cache: failed to save data to low-level cache by key fact_purity/facts for package subtle: open /home/agent/.cache/golangci-lint/3b/3b786eebdf106562e3a203851af629afd06df7760493e4fbca39f5c97c1131f2-a: no space left on device"
level=warning msg="[linters_context/goanalysis] Failed to persist facts to cache: failed to save data to low-level cache by key nilness/facts for package subtle: open /home/agent/.cache/golangci-lint/8d/8d838d5288b6d9b391ab7c3d7605d264811eaec6e84f9bfbce3c5a133b5adefe-a: no space left on device"
level=warning msg="[linters_context/goanalysis] Failed to persist facts to cache: failed to save data to low-level cache by key SA5012/facts for package subtle: open /home/agent/.cache/golangci-lint/aa/aae0654a11c85407136cb307e0952c9c99b8cb0330340114711dfd822eec6ed7-a: no space left on device"
level=warning msg="[linters_context/goanalysis] Failed to persist facts to cache: failed to save data to low-level cache by key SA5012/facts for package bytealg: open /home/agent/.cache/golangci-lint/b0/b00230fc6c2c6124f41d625fa3dab1ff8e3ed8a7027ed49238a6a395c49cc5da-a: no space left on device"
level=warning msg="[linters_context/goanalysis] Failed to persist facts to cache: failed to save data to low-level cache by key nilness/facts for package bytealg: open /home/agent/.cache/golangci-lint/32/32add622c9ca4c17143c6a337b986df128fab0d99b362d0d9b974a1893562b56-a: no space left on device"
level=warning msg="[linters_context/goanalysis] Failed to persist facts to cache: failed to save data to low-level cache by key fact_purity/facts for package bytealg: open /home/agent/.cache/golangci-lint/ea/ea5a311af7b782cac00130627309c5992c62704142a055cc13098fd31aaa9b8f-a: no space left on device"
level=warning msg="[linters_context/goanalysis] Failed to persist facts to cache: failed to save data to low-level cache by key fact_purity/facts for package abi: open /home/agent/.cache/golangci-lint/17/176e332db66f8ac087aefe846e09fac0f37299c2b8ba83a687ee38967e48b5b8-a: no space left on device"
level=warning msg="[linters_context/goanalysis] Failed to persist facts to cache: failed to save data to low-level cache by key fact_deprecated/facts for package sys: open /home/agent/.cache/golangci-lint/d3/d359809b116f31c7fddd8e5609a85b18fe5207fc78b7190357a0599012872299-a: no space left on device"
level=warning msg="[linters_context/goanalysis] Failed to persist facts to cache: failed to save data to low-level cache by key fact_deprecated/facts for package exithook: open /home/agent/.cache/golangci-lint/cf/cf9be8ccb90d29e96c8f71bb4fc06e7de9632b2497c5e43a4fe50521fef22f1a-a: no space left on device"
level=warning msg="[linters_context/goanalysis] Failed to persist facts to cache: failed to save data to low-level cache by key inline/facts for package exithook: open /home/agent/.cache/golangci-lint/ed/ed9dfa5f99d24f34f5253b37e4e27f6b59ecf9c928a95fceaecd5716e58e35d7-a: no space left on device"
level=warning msg="[linters_context/goanalysis] Failed to persist facts to cache: failed to save data to low-level cache by key printf/facts for package exithook: open /home/agent/.cache/golangci-lint/75/7599425f2d183f6adde240bb8102b91aa961cfdf4ab5ef57ba377b46799576dc-a: no space left on device"
level=warning msg="[linters_context/goanalysis] Failed to persist facts to cache: failed to save data to low-level cache by key ctrlflow/facts for package exithook: open /home/agent/.cache/golangci-lint/32/3292101c3b90a94027e817381c261bbabe698dc480319273c30fd33d67faa7e3-a: no space left on device"
level=warning msg="[linters_context/goanalysis] Failed to persist facts to cache: failed to save data to low-level cache by key exhaustive/facts for package exithook: open /home/agent/.cache/golangci-lint/f1/f193fba0e93e6afcbcfe48d9cc3764a52d9c2c78fd6aa6679096bb0c62915387-a: no space left on device"
level=warning msg="[linters_context/goanalysis] Failed to persist facts to cache: failed to save data to low-level cache by key fact_purity/facts for package exithook: open /home/agent/.cache/golangci-lint/67/67f7d1483eed575fb5a51f3d5062dbb65574da3dc4756e10f755f54174c668c1-a: no space left on device"
level=warning msg="[linters_context/goanalysis] Failed to persist facts to cache: failed to save data to low-level cache by key SA5012/facts for package exithook: open /home/agent/.cache/golangci-lint/49/499befeb6029678afdb6632378d908afcd236992192d68a32436ad4270a111dc-a: no space left on device"
level=warning msg="[linters_context/goanalysis] Failed to persist facts to cache: failed to save data to low-level cache by key nilness/facts for package exithook: open /home/agent/.cache/golangci-lint/a4/a42bd77b89ff673718cbb5c1c12adae4c8da30a1cd46909ad800e8f2610008c9-a: no space left on device"
level=warning msg="[linters_context/goanalysis] Failed to persist facts to cache: failed to save data to low-level cache by key fact_deprecated/facts for package race: open /home/agent/.cache/golangci-lint/92/923878eff0210379f3392127e6531e110126d87f4ecde42e5c66e123ae3ec0e8-a: no space left on device"
level=warning msg="[linters_context/goanalysis] Failed to persist facts to cache: failed to save data to low-level cache by key inline/facts for package subtle: open /home/agent/.cache/golangci-lint/cf/cf27fb9f663e94f29dfa75277db94172bb1a1954aedda50151888419a3074877-a: no space left on device"
level=warning msg="[linters_context/goanalysis] Failed to persist facts to cache: failed to save data to low-level cache by key ctrlflow/facts for package race: open /home/agent/.cache/golangci-lint/0d/0d1f78320f3137ccafc4a337660019576ee404e95ad09afa421705ee59fff264-a: no space left on device"
level=warning msg="[linters_context/goanalysis] Failed to persist facts to cache: failed to save data to low-level cache by key ctrlflow/facts for package stringslite: open /home/agent/.cache/golangci-lint/53/53f8b6da11869429532ace4c9bf1a2bf06c6486546f846a884b72d718dd5c693-a: no space left on device"
level=warning msg="[linters_context/goanalysis] Failed to persist facts to cache: failed to save data to low-level cache by key exhaustive/facts for package race: open /home/agent/.cache/golangci-lint/f4/f40cec8dd3378ab64829a03480bed32fb635f2597fe15e31afa10a6ca03641de-a: no space left on device"
level=warning msg="[linters_context/goanalysis] Failed to persist facts to cache: failed to save data to low-level cache by key fact_deprecated/facts for package stringslite: open /home/agent/.cache/golangci-lint/7d/7d1cf8dea8cb76e0008be4dbaa81511e1088a3ca982660dfdbfbab55e6907668-a: no space left on device"
level=warning msg="[linters_context/goanalysis] Failed to persist facts to cache: failed to save data to low-level cache by key inline/facts for package race: open /home/agent/.cache/golangci-lint/3a/3a411b86e4ff2d2ee504808ad97151487ae7a4c61a2945aa85f15aa8a62cb1e6-a: no space left on device"
level=warning msg="[linters_context/goanalysis] Failed to persist facts to cache: failed to save data to low-level cache by key SA5012/facts for package race: open /home/agent/.cache/golangci-lint/3b/3b17ac530d6e45ec5de0678ab1f16b084f3edbc4a5bbd885c93fb8e211def531-a: no space left on device"
level=warning msg="[linters_context/goanalysis] Failed to persist facts to cache: failed to save data to low-level cache by key ctrlflow/facts for package synctest: open /home/agent/.cache/golangci-lint/49/49289c9ed3e7cfc84614419b6b4a1e71fb5e4e2c4ddc5a1f9aeef34b9c759f23-a: no space left on device"
level=warning msg="[linters_context/goanalysis] Failed to persist facts to cache: failed to save data to low-level cache by key printf/facts for package synctest: open /home/agent/.cache/golangci-lint/2f/2f6446c517002caa5a37c7e37647328d60b361d5019e64ce5afa7e91dfca07a0-a: no space left on device"
level=warning msg="[linters_context/goanalysis] Failed to persist facts to cache: failed to save data to low-level cache by key printf/facts for package stringslite: open /home/agent/.cache/golangci-lint/76/76f39bcb2be51a5300ea0de5804503f8ae4eb472234c9a7efa90450b0f59908d-a: no space left on device"
level=warning msg="[linters_context/goanalysis] Failed to persist facts to cache: failed to save data to low-level cache by key exhaustive/facts for package synctest: open /home/agent/.cache/golangci-lint/60/60aa6b5d2626fd5623a6a08f82b0a55f6f0f3220eb88798851313328433ab593-d: no space left on device"
level=warning msg="[linters_context/goanalysis] Failed to persist facts to cache: failed to save data to low-level cache by key fact_deprecated/facts for package scan: open /home/agent/.cache/golangci-lint/55/5554be2c1375d8a89b435f532e287ae68ae220f1a7ec99cd21780b4c48e81982-a: no space left on device"
level=warning msg="[linters_context/goanalysis] Failed to persist facts to cache: failed to save data to low-level cache by key ctrlflow/facts for package scan: open /home/agent/.cache/golangci-lint/8c/8cf4ddb5c53c374f700849df0fa29663928b2f5892c3af09194bd10697f166f4-a: no space left on device"
level=warning msg="[linters_context/goanalysis] Failed to persist facts to cache: failed to save data to low-level cache by key exhaustive/facts for package scan: open /home/agent/.cache/golangci-lint/52/520c1e2c692cc32877df13bf177d6a6e710d65780add887007a2d8f2b2deb71a-a: no space left on device"
level=warning msg="[linters_context/goanalysis] Failed to persist facts to cache: failed to save data to low-level cache by key fact_purity/facts for package synctest: open /home/agent/.cache/golangci-lint/0b/0b258be17f290aea72378ac2eaadd96174412da30d623f3fe48d201202b1062f-a: no space left on device"
level=warning msg="[linters_context/goanalysis] Failed to persist facts to cache: failed to save data to low-level cache by key ctrlflow/facts for package subtle: open /home/agent/.cache/golangci-lint/35/352ac73d205da6d00278df30abbcb32534ea4c60a3363a26828dcd06f9726b65-a: no space left on device"
level=warning msg="[linters_context/goanalysis] Failed to persist facts to cache: failed to save data to low-level cache by key printf/facts for package scan: open /home/agent/.cache/golangci-lint/b1/b1ad04767001572b3aa3402d259842442078b574c8cab41c312aaa52c3a3ee95-a: no space left on device"
level=warning msg="[linters_context/goanalysis] Failed to persist facts to cache: failed to save data to low-level cache by key SA5012/facts for package synctest: open /home/agent/.cache/golangci-lint/d7/d74f2b12203075c4722b2e8a7d8cd19b0d0feef2012cddbb0319b5db07f5b618-a: no space left on device"
level=warning msg="[linters_context/goanalysis] Failed to persist facts to cache: failed to save data to low-level cache by key nilness/facts for package synctest: open /home/agent/.cache/golangci-lint/e5/e59b14635d27d8e800f3961bddd85424fe0c330d246c4b8668d7ec3970de58a8-a: no space left on device"
level=warning msg="[linters_context/goanalysis] Failed to persist facts to cache: failed to save data to low-level cache by key fact_deprecated/facts for package subtle: open /home/agent/.cache/golangci-lint/6c/6c8ea657a4dbb483569b2a066f5c9e9b79b07f223f337dd59d016afbd0fc6ead-a: no space left on device"
level=warning msg="[linters_context/goanalysis] Failed to persist facts to cache: failed to save data to low-level cache by key inline/facts for package stringslite: open /home/agent/.cache/golangci-lint/1d/1d0c3e554ab2a00fd35f40ffbed04d975ef863b50a1ec47d2719362490cad765-a: no space left on device"
level=warning msg="[linters_context/goanalysis] Failed to persist facts to cache: failed to save data to low-level cache by key fact_purity/facts for package subtle: open /home/agent/.cache/golangci-lint/36/36c0a71f4ba44a125bd3a879c77e4dc68c270b075dadd6bf9bb90a834cdfc744-a: no space left on device"
level=warning msg="[linters_context/goanalysis] Failed to persist facts to cache: failed to save data to low-level cache by key inline/facts for package scan: open /home/agent/.cache/golangci-lint/16/168cef348ea73afc12c8281c316ef15e9a914219f51154f1d19368f1c44b92da-a: no space left on device"
level=warning msg="[linters_context/goanalysis] Failed to persist facts to cache: failed to save data to low-level cache by key fact_purity/facts for package race: open /home/agent/.cache/golangci-lint/22/2268a5c52cfe7b930fe1fe584adee43cea0becd82884105c264c27d377850146-a: no space left on device"
level=warning msg="[linters_context/goanalysis] Failed to persist facts to cache: failed to save data to low-level cache by key SA5012/facts for package subtle: open /home/agent/.cache/golangci-lint/7f/7fcc7ebc8373436e39b891e36376d7158c8451b3d3b8cf06eb164c94875e2cf0-a: no space left on device"
level=warning msg="[linters_context/goanalysis] Failed to persist facts to cache: failed to save data to low-level cache by key nilness/facts for package subtle: open /home/agent/.cache/golangci-lint/2c/2c525fa322604a55cc397810616d812e81817dabd771bc2817e905ca125643b8-a: no space left on device"
level=warning msg="[linters_context/goanalysis] Failed to persist facts to cache: failed to save data to low-level cache by key fact_deprecated/facts for package synctest: open /home/agent/.cache/golangci-lint/1f/1f963520b007daebac8a8bf8ac6e1a1bc9e3053a9c8250a139d024860fd9f43a-a: no space left on device"
level=warning msg="[linters_context/goanalysis] Failed to persist facts to cache: failed to save data to low-level cache by key nilness/facts for package stringslite: open /home/agent/.cache/golangci-lint/f9/f92f67211fbef6cfc3937469256636c0aaaa912f23797053805eb12ef4c358b5-a: no space left on device"
level=warning msg="[linters_context/goanalysis] Failed to persist facts to cache: failed to save data to low-level cache by key exhaustive/facts for package stringslite: open /home/agent/.cache/golangci-lint/c8/c812ed5f769dcb875e7e68b70ac23cc665987f54d0992ea3d7c7b89a8cc86791-a: no space left on device"
level=warning msg="[linters_context/goanalysis] Failed to persist facts to cache: failed to save data to low-level cache by key inline/facts for package synctest: open /home/agent/.cache/golangci-lint/4b/4bd745e7222eb09f0f1b2640674e2a94c15bde4ec1ca3a677678b614e7b5bafb-a: no space left on device"
level=warning msg="[linters_context/goanalysis] Failed to persist facts to cache: failed to save data to low-level cache by key printf/facts for package subtle: open /home/agent/.cache/golangci-lint/9e/9e077817849a57d2aee9f30ba5d326ffd5948a454e455fcb20023805a675924e-a: no space left on device"
level=warning msg="[linters_context/goanalysis] Failed to persist facts to cache: failed to save data to low-level cache by key exhaustive/facts for package subtle: open /home/agent/.cache/golangci-lint/76/76c47d0a5514fc10e8190da6c14aecb6e63e9c0be8e044d586919df0d7cba155-a: no space left on device"
level=warning msg="[linters_context/goanalysis] Failed to persist facts to cache: failed to save data to low-level cache by key printf/facts for package race: open /home/agent/.cache/golangci-lint/c5/c52d4564fdc76db6d54e10bf70bcd91c526c08a296a6db9af174134dd2d163e9-a: no space left on device"
level=warning msg="[linters_context/goanalysis] Failed to persist facts to cache: failed to save data to low-level cache by key nilness/facts for package scan: open /home/agent/.cache/golangci-lint/47/478a48f595a726b18080c72726c7c0b57fb6fb64bf4220d0d5be1933b85d1887-a: no space left on device"
level=warning msg="[linters_context/goanalysis] Failed to persist facts to cache: failed to save data to low-level cache by key fact_deprecated/facts for package unicode: open /home/agent/.cache/golangci-lint/d0/d0d047a95aa49824795a899a91c282377f4f44fb591f6d8aca21bf715eea2cb5-a: no space left on device"
level=warning msg="[linters_context/goanalysis] Failed to persist facts to cache: failed to save data to low-level cache by key fact_purity/facts for package scan: open /home/agent/.cache/golangci-lint/68/68ed2a05e4ddc6040cd5aa2690dc6f27c09c0bfbed70f0fee0244312a1c93672-a: no space left on device"
level=warning msg="[linters_context/goanalysis] Failed to persist facts to cache: failed to save data to low-level cache by key fact_purity/facts for package stringslite: open /home/agent/.cache/golangci-lint/07/0723f8ebefc3f5831c89d05dba45e885bf80ace687d30aff649b4213f1c8f843-a: no space left on device"
level=warning msg="[linters_context/goanalysis] Failed to persist facts to cache: failed to save data to low-level cache by key SA5012/facts for package stringslite: open /home/agent/.cache/golangci-lint/3a/3a86870f8a325e1ecdfb2ba53f74813cee9e7084379c4193d27a3f602c655e4a-a: no space left on device"
level=warning msg="[linters_context/goanalysis] Failed to persist facts to cache: failed to save data to low-level cache by key SA5012/facts for package scan: open /home/agent/.cache/golangci-lint/c6/c66d1107dcbb39d312b2e459031365496989f7d0ec2d056728ed14c014327ca3-a: no space left on device"
level=warning msg="[linters_context/goanalysis] Failed to persist facts to cache: failed to save data to low-level cache by key nilness/facts for package race: open /home/agent/.cache/golangci-lint/ed/ed88e9c3f7ac6ba916700ea6abefa90c493e9e4e02214bcdf67992983064028e-a: no space left on device"
level=warning msg="[linters_context/goanalysis] Failed to persist facts to cache: failed to save data to low-level cache by key ctrlflow/facts for package unicode: open /home/agent/.cache/golangci-lint/ea/eac932b13a7563acd427b82612f722842893b00d5193d914743fa875fd2791f7-a: no space left on device"
level=warning msg="[linters_context/goanalysis] Failed to persist facts to cache: failed to save data to low-level cache by key exhaustive/facts for package unicode: open /home/agent/.cache/golangci-lint/d4/d498fbc05a8d266db5194f03d3c31207ce811eb11f8f4bc5e3f98a5fb60957e5-a: no space left on device"
level=warning msg="[linters_context/goanalysis] Failed to persist facts to cache: failed to save data to low-level cache by key inline/facts for package unicode: open /home/agent/.cache/golangci-lint/49/49d938ecf3b0facfafcf563e9221211b6b8e21e7d618016e1fb54fb634f796d0-a: no space left on device"
level=warning msg="[linters_context/goanalysis] Failed to persist facts to cache: failed to save data to low-level cache by key fact_deprecated/facts for package sync: open /home/agent/.cache/golangci-lint/00/0082f521c6056f72e51651174be80d53ba9f2a80c6a32f85e28204af17426590-a: no space left on device"
level=warning msg="[linters_context/goanalysis] Failed to persist facts to cache: failed to save data to low-level cache by key fact_deprecated/facts for package math: open /home/agent/.cache/golangci-lint/fa/fad628bfa480f5d4390b2b155078ff00b085fd9c5e42dd2ee1c90eea0100559c-a: no space left on device"
level=warning msg="[linters_context/goanalysis] Failed to persist facts to cache: failed to save data to low-level cache by key ctrlflow/facts for package sync: open /home/agent/.cache/golangci-lint/f4/f44749e3f4e7a1a14118fe41266a5ed5749cb573a95f8dec9eeaa7291a809256-a: no space left on device"
level=warning msg="[linters_context/goanalysis] Failed to persist facts to cache: failed to save data to low-level cache by key exhaustive/facts for package sync: open /home/agent/.cache/golangci-lint/e2/e2f0767195a47d76a04cc057ae9a488670d35e6aac86b43b3e2453ee80a1c83f-a: no space left on device"
level=warning msg="[linters_context/goanalysis] Failed to persist facts to cache: failed to save data to low-level cache by key inline/facts for package sync: open /home/agent/.cache/golangci-lint/ad/ad153d9dbb029d016918d233ac69eba83e37b7508be621301eff0c334b437944-a: no space left on device"
level=warning msg="[linters_context/goanalysis] Failed to persist facts to cache: failed to save data to low-level cache by key fact_deprecated/facts for package strconv: open /home/agent/.cache/golangci-lint/6b/6b7dfe033840bba3ee61594f99c02bf83157990c5f69cd1ff82092e048e1c43e-a: no space left on device"
level=warning msg="[linters_context/goanalysis] Failed to persist facts to cache: failed to save data to low-level cache by key printf/facts for package sync: open /home/agent/.cache/golangci-lint/15/15a29cb59f51c0d2cc6cdf87753f1a43d9f0b2bc051cd99685fa1dd9ac35d91b-a: no space left on device"
level=warning msg="[linters_context/goanalysis] Failed to persist facts to cache: failed to save data to low-level cache by key ctrlflow/facts for package math: open /home/agent/.cache/golangci-lint/f7/f7721e992ccfee19d193572eab39559b519eb00ba60d1d202d302be114b85c6e-a: no space left on device"
level=warning msg="[linters_context/goanalysis] Failed to persist facts to cache: failed to save data to low-level cache by key printf/facts for package math: open /home/agent/.cache/golangci-lint/3d/3d35ddcb42f3b071ed938435332f3ce7c49e3bc851189654430dbb5b6cf54ec4-a: no space left on device"
level=warning msg="[linters_context/goanalysis] Failed to persist facts to cache: failed to save data to low-level cache by key ctrlflow/facts for package strconv: open /home/agent/.cache/golangci-lint/7b/7be39945e399b0f62335ebdcf20341d43b5334cc378aaeef45a506f339f4c374-a: no space left on device"
level=warning msg="[linters_context/goanalysis] Failed to persist facts to cache: failed to save data to low-level cache by key inline/facts for package strconv: open /home/agent/.cache/golangci-lint/7d/7dfd26ece1fa7f01f2f955041880a262310095f6dc693e04a7f2c80d7df44f9f-a: no space left on device"
level=warning msg="[linters_context/goanalysis] Failed to persist facts to cache: failed to save data to low-level cache by key SA5012/facts for package sync: open /home/agent/.cache/golangci-lint/04/043bcffab4a243c10b1c9fb66b1f8b27391aac53381eb8673429a52bf6a6f619-a: no space left on device"
level=warning msg="[linters_context/goanalysis] Failed to persist facts to cache: failed to save data to low-level cache by key fact_purity/facts for package sync: open /home/agent/.cache/golangci-lint/70/70528168034f9022b461926ebaad35386f041abe673d38bf041980f8a349f403-a: no space left on device"
level=warning msg="[linters_context/goanalysis] Failed to persist facts to cache: failed to save data to low-level cache by key printf/facts for package strconv: open /home/agent/.cache/golangci-lint/c8/c81a3cd3832eb1f69e6341ace0e8c8fa8d93059ac379c114b97584a9d5de869d-a: no space left on device"
level=warning msg="[linters_context/goanalysis] Failed to persist facts to cache: failed to save data to low-level cache by key nilness/facts for package sync: open /home/agent/.cache/golangci-lint/90/90c9116bae73cdc86a769dd958a182e1594f7ff79923e46bc58b24cfd8c65012-d: no space left on device"
level=warning msg="[linters_context/goanalysis] Failed to persist facts to cache: failed to save data to low-level cache by key exhaustive/facts for package math: open /home/agent/.cache/golangci-lint/54/543f47ba5ab6634ba77ceaca385eee51ce9ef3700b1748d8344ba6ce98339db4-a: no space left on device"
level=warning msg="[linters_context/goanalysis] Failed to persist facts to cache: failed to save data to low-level cache by key exhaustive/facts for package strconv: open /home/agent/.cache/golangci-lint/22/22bf451510c62a75f72df7d7193826fc7d4148299b3a5697c1aae0bba5cb114f-d: no space left on device"
level=warning msg="[linters_context/goanalysis] Failed to persist facts to cache: failed to save data to low-level cache by key inline/facts for package math: open /home/agent/.cache/golangci-lint/91/91a30dbeed853f5700f4877f3069b46020bd8b070b2af78fde09701406825bd0-a: no space left on device"
level=warning msg="[linters_context/goanalysis] Failed to persist facts to cache: failed to save data to low-level cache by key printf/facts for package unicode: open /home/agent/.cache/golangci-lint/a1/a17bcec5d2244c817ef69d4c8781c683d9b89e1fb0659767fc208026e35eacb0-a: no space left on device"
level=warning msg="[linters_context/goanalysis] Failed to persist facts to cache: failed to save data to low-level cache by key nilness/facts for package math: open /home/agent/.cache/golangci-lint/dd/ddb4c85f7addcaec7750204519d718d50c252d7c90d7fddc28158a82faa82562-a: no space left on device"
level=warning msg="[linters_context/goanalysis] Failed to persist facts to cache: failed to save data to low-level cache by key SA5012/facts for package math: open /home/agent/.cache/golangci-lint/f3/f339e7fd2e08070e14d2ccb6c6a69ba3a1b09797e869a151e811567510e7460c-a: no space left on device"
level=warning msg="[linters_context/goanalysis] Failed to persist facts to cache: failed to save data to low-level cache by key fact_deprecated/facts for package maps: open /home/agent/.cache/golangci-lint/a4/a4391d004b3216c8ed3de92e12f0f70f7bc899f30bf4e1e61a1414165774f092-a: no space left on device"
level=warning msg="[linters_context/goanalysis] Failed to persist facts to cache: failed to save data to low-level cache by key fact_purity/facts for package math: open /home/agent/.cache/golangci-lint/c1/c1a61c89bde96611ceb90af3c325eef523180f50ec2cf1dd4a9fa9144e1f4172-a: no space left on device"
level=warning msg="[linters_context/goanalysis] Failed to persist facts to cache: failed to save data to low-level cache by key ctrlflow/facts for package maps: open /home/agent/.cache/golangci-lint/6d/6d00071443798e3030f7b2a75738979663429f05423b9dfdb31e567b1e01648e-a: no space left on device"
level=warning msg="[linters_context/goanalysis] Failed to persist facts to cache: failed to save data to low-level cache by key exhaustive/facts for package maps: open /home/agent/.cache/golangci-lint/95/956c3e5d3b6e1f614aebafe21e35c423f4bb3dfb8641344bd51815ffc63d6ae5-d: no space left on device"
level=warning msg="[linters_context/goanalysis] Failed to persist facts to cache: failed to save data to low-level cache by key inline/facts for package maps: open /home/agent/.cache/golangci-lint/85/85481523327bb7aace7c84f2eee4c9d4a62a7d0148d2ba5fd3016fd1ca0c8767-a: no space left on device"
level=warning msg="[linters_context/goanalysis] Failed to persist facts to cache: failed to save data to low-level cache by key printf/facts for package maps: open /home/agent/.cache/golangci-lint/b1/b19c3dbe62bfc9ba9e630d7ec8bfe547e2b8d84112cd8e9f4b2244405d2e6ff5-a: no space left on device"
level=warning msg="[linters_context/goanalysis] Failed to persist facts to cache: failed to save data to low-level cache by key SA5012/facts for package strconv: open /home/agent/.cache/golangci-lint/62/620f30d12ce996ed52ec77709217c910c9d1a7add6fb468c5f24798dd7f5b1cd-a: no space left on device"
level=warning msg="[linters_context/goanalysis] Failed to persist facts to cache: failed to save data to low-level cache by key fact_purity/facts for package strconv: open /home/agent/.cache/golangci-lint/92/927a255b9af8a12f01a1fb8c8763c41429fa0f351b3d1c17611e8e5e3743f361-d: no space left on device"
level=warning msg="[linters_context/goanalysis] Failed to persist facts to cache: failed to save data to low-level cache by key nilness/facts for package strconv: open /home/agent/.cache/golangci-lint/fd/fd6a54568a3653de49f5d4fe4847b88cb1c485a4b36eda21bcf3751870f085e1-a: no space left on device"
level=warning msg="[linters_context/goanalysis] Failed to persist facts to cache: failed to save data to low-level cache by key fact_deprecated/facts for package cgroup: open /home/agent/.cache/golangci-lint/e8/e8a12482c9225cb6551d3bf9eb7c912e99fff1b4ccb96beb2ceb866e3c6269c7-a: no space left on device"
level=warning msg="[linters_context/goanalysis] Failed to persist facts to cache: failed to save data to low-level cache by key ctrlflow/facts for package cgroup: open /home/agent/.cache/golangci-lint/fc/fc11a696bd37160c0872809fa209384f39be1f4ea0b92a5ad805230569f5fd9f-a: no space left on device"
level=warning msg="[linters_context/goanalysis] Failed to persist facts to cache: failed to save data to low-level cache by key printf/facts for package cgroup: open /home/agent/.cache/golangci-lint/3d/3d274e4c01393dbf1826283faa4f2638d8cdc84b78f04dbb78c2c3e304b31edb-a: no space left on device"
level=warning msg="[linters_context/goanalysis] Failed to persist facts to cache: failed to save data to low-level cache by key inline/facts for package cgroup: open /home/agent/.cache/golangci-lint/e8/e87cbe97af88477487164dbf21c96079eea5dd4bdd35ade9f9be540050f76269-a: no space left on device"
level=warning msg="[linters_context/goanalysis] Failed to persist facts to cache: failed to save data to low-level cache by key fact_purity/facts for package cgroup: open /home/agent/.cache/golangci-lint/ce/cecb25eff709fc20d6a08b76abd72402dbcb66a38941c5c1e5eb00fad1670094-a: no space left on device"
level=warning msg="[linters_context/goanalysis] Failed to persist facts to cache: failed to save data to low-level cache by key SA5012/facts for package cgroup: open /home/agent/.cache/golangci-lint/a1/a11b5559e59ef5534893cb9a6c418c71fc8177a7e7a4f99e5ce933f06cb0a9a3-a: no space left on device"
level=warning msg="[linters_context/goanalysis] Failed to persist facts to cache: failed to save data to low-level cache by key exhaustive/facts for package cgroup: open /home/agent/.cache/golangci-lint/51/51d051959f4fe9bc1eb2dbc46d349a8230251a1b25fdc366310c974bf7843908-a: no space left on device"
level=warning msg="[linters_context/goanalysis] Failed to persist facts to cache: failed to save data to low-level cache by key nilness/facts for package cgroup: open /home/agent/.cache/golangci-lint/5a/5aebbe2d3e9afd9f739c69505bbc0aa39bf3b5c6db17233c7c7c56ed3d87c498-d: no space left on device"
level=warning msg="[linters_context/goanalysis] Failed to persist facts to cache: failed to save data to low-level cache by key SA5012/facts for package maps: open /home/agent/.cache/golangci-lint/aa/aa8f919a44f1eab154f99a7bc36cbd8712e566a4b116a61eec404d6eb1a43e8c-a: no space left on device"
level=warning msg="[linters_context/goanalysis] Failed to persist facts to cache: failed to save data to low-level cache by key fact_purity/facts for package maps: open /home/agent/.cache/golangci-lint/24/24652c371e088264e7f8c78895b7aa48d6724b85cfd364be675f0b3bfe0817b4-d: no space left on device"
level=warning msg="[linters_context/goanalysis] Failed to persist facts to cache: failed to save data to low-level cache by key nilness/facts for package maps: open /home/agent/.cache/golangci-lint/65/652da248ca506a815a99de0379d96e64d90ca3d527d60b4b41a08a67440b642e-d: no space left on device"
level=warning msg="[linters_context/goanalysis] Failed to persist facts to cache: failed to save data to low-level cache by key fact_purity/facts for package unicode: open /home/agent/.cache/golangci-lint/b0/b08fc69a61b15b687fd24824a3e61d04e38b1d242d002cb5e627f4910094dac8-a: no space left on device"
level=warning msg="[linters_context/goanalysis] Failed to persist facts to cache: failed to save data to low-level cache by key nilness/facts for package unicode: open /home/agent/.cache/golangci-lint/db/db6efd480a47efa8bd4dcc5f2a99fe9fd6d30d76e50979d364b251fc6135bbfe-a: no space left on device"
level=warning msg="[linters_context/goanalysis] Failed to persist facts to cache: failed to save data to low-level cache by key SA5012/facts for package unicode: open /home/agent/.cache/golangci-lint/0a/0a52126e7cba40cdcef2a8402625f0cb20607c1726508f1e7951e708b6f70e23-a: no space left on device"
level=warning msg="[linters_context/goanalysis] Failed to persist facts to cache: failed to save data to low-level cache by key fact_deprecated/facts for package runtime: open /home/agent/.cache/golangci-lint/41/4107fa7561fbbf97361cec89bedbf96ad59cf8b356841987a59a33e77332fcb4-a: no space left on device"
level=warning msg="[linters_context/goanalysis] Failed to persist facts to cache: failed to save data to low-level cache by key ctrlflow/facts for package runtime: open /home/agent/.cache/golangci-lint/06/06075382f6a3a0f27fdcd67dab08506df9efadecab3c4392b53fcfb6c44deb97-a: no space left on device"
level=warning msg="[linters_context/goanalysis] Failed to persist facts to cache: failed to save data to low-level cache by key printf/facts for package runtime: open /home/agent/.cache/golangci-lint/6b/6b75f208a8e52fe80b02bdd6a9a0aa490ca75d9aac906c19c8a5d6f9ad465cc5-a: no space left on device"
level=warning msg="[linters_context/goanalysis] Failed to persist facts to cache: failed to save data to low-level cache by key inline/facts for package runtime: open /home/agent/.cache/golangci-lint/da/dabfb39c14e182d1b5985badd4b5d884974f41b4a0eb09df82e0df10d031b1b6-a: no space left on device"
level=warning msg="[linters_context/goanalysis] Failed to persist facts to cache: failed to save data to low-level cache by key exhaustive/facts for package runtime: open /home/agent/.cache/golangci-lint/4f/4f6e7cc45152d1b17c308935f624b2065a5d899d14c7d60094857f1450750645-d: no space left on device"
level=warning msg="[linters_context/goanalysis] Failed to persist facts to cache: failed to save data to low-level cache by key fact_purity/facts for package runtime: open /home/agent/.cache/golangci-lint/06/061f5492e38816875d29596b0191b07b37f9a7691706951f3e06e6f3a86f5e53-d: no space left on device"
level=warning msg="[linters_context/goanalysis] Failed to persist facts to cache: failed to save data to low-level cache by key SA5012/facts for package runtime: open /home/agent/.cache/golangci-lint/aa/aaa9437c4c8f7977fe18a638d4ca4db2ae6a4e9553cc23433aec1cc11049470b-a: no space left on device"
level=warning msg="[linters_context/goanalysis] Failed to persist facts to cache: failed to save data to low-level cache by key nilness/facts for package runtime: open /home/agent/.cache/golangci-lint/cf/cf81c436503ba529ebe62da7f4dfc6da5cec03e04566c6d3e7ef30a85ea184ab-d: no space left on device"
level=warning msg="[linters_context/goanalysis] Failed to persist facts to cache: failed to save data to low-level cache by key fact_deprecated/facts for package weak: open /home/agent/.cache/golangci-lint/b9/b9a20d7aab8ed0919d2e5a4360ef50b7d3c8e601363d4b22a302cac874b1fb4a-a: no space left on device"
level=warning msg="[linters_context/goanalysis] Failed to persist facts to cache: failed to save data to low-level cache by key exhaustive/facts for package weak: open /home/agent/.cache/golangci-lint/01/019722d526600ceefe06f77b4a6f56dd513cd74c1976ef80853d050f71265495-a: no space left on device"
level=warning msg="[linters_context/goanalysis] Failed to persist facts to cache: failed to save data to low-level cache by key ctrlflow/facts for package weak: open /home/agent/.cache/golangci-lint/09/09cc7f9809c87c1ff16eee69badbd773efbdc19ebafc0ce6616751d6c4352823-a: no space left on device"
level=warning msg="[linters_context/goanalysis] Failed to persist facts to cache: failed to save data to low-level cache by key fact_deprecated/facts for package iter: open /home/agent/.cache/golangci-lint/1d/1d3440b39d3af5f2f68a3a40056e350e29a3e07c4cd36312f3214c54689c300b-a: no space left on device"
level=warning msg="[linters_context/goanalysis] Failed to persist facts to cache: failed to save data to low-level cache by key inline/facts for package weak: open /home/agent/.cache/golangci-lint/d7/d7c56e0d956cba061b3fc422031f74d67880001b034be91c537442e6948c291b-a: no space left on device"
level=warning msg="[linters_context/goanalysis] Failed to persist facts to cache: failed to save data to low-level cache by key printf/facts for package iter: open /home/agent/.cache/golangci-lint/b2/b24a80925f966412c823e8f7f2d5991e2e991cc4de2fecd4684001b3a06b0b27-a: no space left on device"
level=warning msg="[linters_context/goanalysis] Failed to persist facts to cache: failed to save data to low-level cache by key inline/facts for package iter: open /home/agent/.cache/golangci-lint/25/2587cd8464b396ac5c59bbb66afe187124d59adac25b92fa44203cefc044d882-a: no space left on device"
level=warning msg="[linters_context/goanalysis] Failed to persist facts to cache: failed to save data to low-level cache by key ctrlflow/facts for package iter: open /home/agent/.cache/golangci-lint/e0/e0c7574dde20b69ef35504e5c88c07392e38ef95051da68cfc92946e7e75c9b6-a: no space left on device"
level=warning msg="[linters_context/goanalysis] Failed to persist facts to cache: failed to save data to low-level cache by key printf/facts for package weak: open /home/agent/.cache/golangci-lint/f2/f235b18b95c325eba2f7ce03d4b26e3a36e6d49aed87d8a4f2bd0f4680c33573-a: no space left on device"
level=warning msg="[linters_context/goanalysis] Failed to persist facts to cache: failed to save data to low-level cache by key exhaustive/facts for package iter: open /home/agent/.cache/golangci-lint/f6/f637669a6f432d68fe9d208bc562276cc3afcd37c6d1697f459485a68158e411-a: no space left on device"
level=warning msg="[linters_context/goanalysis] Failed to persist facts to cache: failed to save data to low-level cache by key fact_deprecated/facts for package reflectlite: open /home/agent/.cache/golangci-lint/69/699e74d259d1777a8952d6995ee2b3b3978e4110f330923cd5e2a470aa6f432d-a: no space left on device"
level=warning msg="[linters_context/goanalysis] Failed to persist facts to cache: failed to save data to low-level cache by key ctrlflow/facts for package reflectlite: open /home/agent/.cache/golangci-lint/78/78b53a9f99fd60e96705de11b3e6b8062a4fc7f4e3a7c0f6a1e2c40707939259-a: no space left on device"
level=warning msg="[linters_context/goanalysis] Failed to persist facts to cache: failed to save data to low-level cache by key inline/facts for package reflectlite: open /home/agent/.cache/golangci-lint/0a/0ab58fa1c99ea1a7225a54e6d4174024f0628c61a1739dc8a9035754bda5c11f-a: no space left on device"
level=warning msg="[linters_context/goanalysis] Failed to persist facts to cache: failed to save data to low-level cache by key fact_deprecated/facts for package sync: open /home/agent/.cache/golangci-lint/98/98f52384087433ae467b12a8912ce0e1a00a9f290a29a1786c976885ffc41cf1-a: no space left on device"
level=warning msg="[linters_context/goanalysis] Failed to persist facts to cache: failed to save data to low-level cache by key printf/facts for package reflectlite: open /home/agent/.cache/golangci-lint/76/761bde608e81dadfb68a05c550e1ff5d7e6349fb66eb3c23b4848e7f61bbb8bc-a: no space left on device"
level=warning msg="[linters_context/goanalysis] Failed to persist facts to cache: failed to save data to low-level cache by key ctrlflow/facts for package sync: open /home/agent/.cache/golangci-lint/2b/2b6f0cdccde7c5ed0ef1dc357b42ef6f2c49607cf297fdc32713ba2a3ac90080-a: no space left on device"
level=warning msg="[linters_context/goanalysis] Failed to persist facts to cache: failed to save data to low-level cache by key inline/facts for package sync: open /home/agent/.cache/golangci-lint/e6/e641346541c1b06b478497137e700a058f653df6b17bed5a9b2fabc35a21746e-a: no space left on device"
level=warning msg="[linters_context/goanalysis] Failed to persist facts to cache: failed to save data to low-level cache by key exhaustive/facts for package sync: open /home/agent/.cache/golangci-lint/c9/c9d1f5152d95337638cf60df92469eae9a637c40b99f8e22d69ed783f9b02534-a: no space left on device"
level=warning msg="[linters_context/goanalysis] Failed to persist facts to cache: failed to save data to low-level cache by key fact_purity/facts for package weak: open /home/agent/.cache/golangci-lint/ac/aca5eecc36acf49bcd4709123ab152f497a12f4d31853ae246082be6142f344e-a: no space left on device"
level=warning msg="[linters_context/goanalysis] Failed to persist facts to cache: failed to save data to low-level cache by key nilness/facts for package weak: open /home/agent/.cache/golangci-lint/28/2877d3a6ad80175d89841bfb8e2b6d4185779ad4393f2aa73f23c816e2a54240-a: no space left on device"
level=warning msg="[linters_context/goanalysis] Failed to persist facts to cache: failed to save data to low-level cache by key SA5012/facts for package weak: open /home/agent/.cache/golangci-lint/ea/ea02853c3359e12737e08747542fd394b2839ffff578d80f6edd56342b2f66b9-a: no space left on device"
level=warning msg="[linters_context/goanalysis] Failed to persist facts to cache: failed to save data to low-level cache by key printf/facts for package sync: open /home/agent/.cache/golangci-lint/f2/f285d1663d5cb494378ba66b33f49230bc43efa9373a618cb1d6588a7dd1f7eb-a: no space left on device"
level=warning msg="[linters_context/goanalysis] Failed to persist facts to cache: failed to save data to low-level cache by key fact_purity/facts for package iter: open /home/agent/.cache/golangci-lint/52/528ca26eade5c9af4df769b89acf890235bc7e69f4e5d88b486528fdc2fa28e8-a: no space left on device"
level=warning msg="[linters_context/goanalysis] Failed to persist facts to cache: failed to save data to low-level cache by key SA5012/facts for package iter: open /home/agent/.cache/golangci-lint/f2/f20dc342be9bee510ed03e347682d10eeaffc4612c4450baee5eb73d2825f4f3-a: no space left on device"
level=warning msg="[linters_context/goanalysis] Failed to persist facts to cache: failed to save data to low-level cache by key nilness/facts for package iter: open /home/agent/.cache/golangci-lint/47/479cde17fb7f3652ca95823e0452dca711fc40626ea2ad719a8f9c8d02e2c58f-a: no space left on device"
level=warning msg="[linters_context/goanalysis] Failed to persist facts to cache: failed to save data to low-level cache by key exhaustive/facts for package reflectlite: open /home/agent/.cache/golangci-lint/8d/8d481b7d79e72fb94e968b42267c2652d32ba0a40161fa3e715b3afd994820a5-d: no space left on device"
level=warning msg="[linters_context/goanalysis] Failed to persist facts to cache: failed to save data to low-level cache by key fact_deprecated/facts for package maps: open /home/agent/.cache/golangci-lint/71/71559fc8764ccdc82752895489743c7731edabbc26b680944f8bc338f0bab063-a: no space left on device"
level=warning msg="[linters_context/goanalysis] Failed to persist facts to cache: failed to save data to low-level cache by key ctrlflow/facts for package maps: open /home/agent/.cache/golangci-lint/73/738618fa3f73bfb67a5235d40aad8dbc51a4a3b2adcf7af3f88a1ab209782c5a-a: no space left on device"
level=warning msg="[linters_context/goanalysis] Failed to persist facts to cache: failed to save data to low-level cache by key inline/facts for package maps: open /home/agent/.cache/golangci-lint/96/968f56333d919a95ad0e31e9110964a7ab5bf7a744641f0b62e03c12c8c19156-a: no space left on device"
level=warning msg="[linters_context/goanalysis] Failed to persist facts to cache: failed to save data to low-level cache by key exhaustive/facts for package maps: open /home/agent/.cache/golangci-lint/7d/7dc09bd1d58b8c48a50c567ec3bdac7d6ef850be58fde524b77c805a8ec616ed-a: no space left on device"
level=warning msg="[linters_context/goanalysis] Failed to persist facts to cache: failed to save data to low-level cache by key printf/facts for package maps: open /home/agent/.cache/golangci-lint/51/510b5fafb2481a58307dc18135cf385e70ee248ceba9df16392a2ebbd2fc01ee-a: no space left on device"
level=warning msg="[linters_context/goanalysis] Failed to persist facts to cache: failed to save data to low-level cache by key fact_purity/facts for package maps: open /home/agent/.cache/golangci-lint/14/141406644cd3acd74d493abb8a9be50d34d91dcddd6a512692bc988179332539-a: no space left on device"
level=warning msg="[linters_context/goanalysis] Failed to persist facts to cache: failed to save data to low-level cache by key nilness/facts for package maps: open /home/agent/.cache/golangci-lint/cc/cc5198a07cadc9ee60d51be79c85edb73c4ff0f57e2a4409996780b818395c27-d: no space left on device"
level=warning msg="[linters_context/goanalysis] Failed to persist facts to cache: failed to save data to low-level cache by key SA5012/facts for package maps: open /home/agent/.cache/golangci-lint/4e/4e71252d2fa42f4ccbbae4bd7fe146703b2c074c1dc8f7b21a1e4c25bb2f0169-a: no space left on device"
level=warning msg="[linters_context/goanalysis] Failed to persist facts to cache: failed to save data to low-level cache by key SA5012/facts for package reflectlite: open /home/agent/.cache/golangci-lint/3a/3a1dce9a40a686df60370c88b3ad426fd3ff76375d48b8ac3ccef00c6555ddb6-a: no space left on device"
level=warning msg="[linters_context/goanalysis] Failed to persist facts to cache: failed to save data to low-level cache by key fact_purity/facts for package reflectlite: open /home/agent/.cache/golangci-lint/08/084d6c231b6a070e6638cccefcc75b49b3f1d7f5862de0385ca1996f79f8ec31-a: no space left on device"
level=warning msg="[linters_context/goanalysis] Failed to persist facts to cache: failed to save data to low-level cache by key fact_purity/facts for package sync: open /home/agent/.cache/golangci-lint/cb/cb95bf6e2ed54530c83a6815fbc4564a5ba71c9c275d52383dde59780841e6e8-a: no space left on device"
level=warning msg="[linters_context/goanalysis] Failed to persist facts to cache: failed to save data to low-level cache by key SA5012/facts for package sync: open /home/agent/.cache/golangci-lint/18/180e68da0d49da078b0f553b7b5db691240ceb8f8971549c809acab0c4706047-a: no space left on device"
level=warning msg="[linters_context/goanalysis] Failed to persist facts to cache: failed to save data to low-level cache by key nilness/facts for package sync: open /home/agent/.cache/golangci-lint/57/571b0ebd2e42261c0ebc1f9996da32325619698d22f4bad9b6c83544149adc76-d: no space left on device"
level=warning msg="[linters_context/goanalysis] Failed to persist facts to cache: failed to save data to low-level cache by key fact_deprecated/facts for package testlog: open /home/agent/.cache/golangci-lint/2b/2bc40e36263ff172e78250114998b634ee7aa0f9d3c8c32043b703e9c5f15256-a: no space left on device"
level=warning msg="[linters_context/goanalysis] Failed to persist facts to cache: failed to save data to low-level cache by key fact_deprecated/facts for package singleflight: open /home/agent/.cache/golangci-lint/2d/2d3f540200b83a207b1b7cf19d470bd3718a147d3b58f68e14a26947539c7f1e-a: no space left on device"
level=warning msg="[linters_context/goanalysis] Failed to persist facts to cache: failed to save data to low-level cache by key inline/facts for package singleflight: open /home/agent/.cache/golangci-lint/4e/4e02e54d34274314ffd0949292f5f76c6062a45ff60bd80b901a476de107c120-a: no space left on device"
level=warning msg="[linters_context/goanalysis] Failed to persist facts to cache: failed to save data to low-level cache by key ctrlflow/facts for package testlog: open /home/agent/.cache/golangci-lint/48/48cd2f54b8432f47c86f1f7946c723e14fd37c5b5524ff66ff209019c2d9069d-a: no space left on device"
level=warning msg="[linters_context/goanalysis] Failed to persist facts to cache: failed to save data to low-level cache by key ctrlflow/facts for package singleflight: open /home/agent/.cache/golangci-lint/66/6691841e85c4d7131e0b8a20ddfeb7aa6d031f3f99ecc215832c32ec0d5a9f8f-a: no space left on device"
level=warning msg="[linters_context/goanalysis] Failed to persist facts to cache: failed to save data to low-level cache by key printf/facts for package testlog: open /home/agent/.cache/golangci-lint/0f/0fe350fcf42d1f394475fcba4e253bd94e63b78cedb88ef5da04c8fe8c34e71b-a: no space left on device"
level=warning msg="[linters_context/goanalysis] Failed to persist facts to cache: failed to save data to low-level cache by key inline/facts for package testlog: open /home/agent/.cache/golangci-lint/ed/edaec47fca5ef5ab4169daf2d49b313410f2b50176c4ed0bd66bb98618bd8795-a: no space left on device"
level=warning msg="[linters_context/goanalysis] Failed to persist facts to cache: failed to save data to low-level cache by key exhaustive/facts for package singleflight: open /home/agent/.cache/golangci-lint/7d/7d82222ad3224e0a3bd949d960d425b1e3abfc83a99929570ae122fa7094b014-a: no space left on device"
level=warning msg="[linters_context/goanalysis] Failed to persist facts to cache: failed to save data to low-level cache by key nilness/facts for package testlog: open /home/agent/.cache/golangci-lint/7a/7ad96c33c8de29f9b2e2e2fd8fa768883fe9c63c1d9507d9e3ca1a5f406b3e32-a: no space left on device"
level=warning msg="[linters_context/goanalysis] Failed to persist facts to cache: failed to save data to low-level cache by key fact_purity/facts for package testlog: open /home/agent/.cache/golangci-lint/b8/b8bb4bef8deaad6bfb6f44dba1f85a2f130a5f1b7298ba9820ccbb5e63d870b0-a: no space left on device"
level=warning msg="[linters_context/goanalysis] Failed to persist facts to cache: failed to save data to low-level cache by key SA5012/facts for package testlog: open /home/agent/.cache/golangci-lint/7e/7eac194e650d306b4cc618d28a34f06759166d7a3fddcf55171b5479851f0d04-a: no space left on device"
level=warning msg="[linters_context/goanalysis] Failed to persist facts to cache: failed to save data to low-level cache by key printf/facts for package unique: open /home/agent/.cache/golangci-lint/12/12bb6428e49467faf593728584b2f15110fe540657a8d7435d013fea89b344da-a: no space left on device"
level=warning msg="[linters_context/goanalysis] Failed to persist facts to cache: failed to save data to low-level cache by key SA5012/facts for package singleflight: open /home/agent/.cache/golangci-lint/54/5470afaa41d646a6fce190c7477670f506bc7dc5368133234111d07ffe78bcf3-a: no space left on device"
level=warning msg="[linters_context/goanalysis] Failed to persist facts to cache: failed to save data to low-level cache by key inline/facts for package unique: open /home/agent/.cache/golangci-lint/8b/8bb0c6fb2b0bc02fb34d024231dd27ad5cfe6b667bdc1ca03ee6b7324cbbcea2-a: no space left on device"
level=warning msg="[linters_context/goanalysis] Failed to persist facts to cache: failed to save data to low-level cache by key exhaustive/facts for package unique: open /home/agent/.cache/golangci-lint/a0/a0ff15328c9c5803f455e96cd427af77e99bc31837154ef811d4b24c92aa9ba1-a: no space left on device"
level=warning msg="[linters_context/goanalysis] Failed to persist facts to cache: failed to save data to low-level cache by key printf/facts for package singleflight: open /home/agent/.cache/golangci-lint/15/1578380f7fdaa8cf9fad4fd850ab299b9b8a89583ff77b7444f3c92b5dd9dc9c-a: no space left on device"
level=warning msg="[linters_context/goanalysis] Failed to persist facts to cache: failed to save data to low-level cache by key exhaustive/facts for package testlog: open /home/agent/.cache/golangci-lint/5b/5bf9fe3f8f4e3bd590e4db14dc10ac697ba940979c9d0dd284afaece9be71018-a: no space left on device"
level=warning msg="[linters_context/goanalysis] Failed to persist facts to cache: failed to save data to low-level cache by key nilness/facts for package reflectlite: open /home/agent/.cache/golangci-lint/77/77e424d254ab89a63fbf61d474d0fa1c6bf58757a660ba99f49dcc408a0e7fd0-a: no space left on device"
level=warning msg="[linters_context/goanalysis] Failed to persist facts to cache: failed to save data to low-level cache by key fact_purity/facts for package singleflight: open /home/agent/.cache/golangci-lint/53/5364cb53a7148f7efd9ef0a3097366be36f0a334f483c223179f804bb5bb9750-a: no space left on device"
level=warning msg="[linters_context/goanalysis] Failed to persist facts to cache: failed to save data to low-level cache by key fact_deprecated/facts for package unique: open /home/agent/.cache/golangci-lint/33/332a64c7e081cc9712d125520c247c02eb791658c63eb909d84d70f365b8dfd1-a: no space left on device"
level=warning msg="[linters_context/goanalysis] Failed to persist facts to cache: failed to save data to low-level cache by key nilness/facts for package singleflight: open /home/agent/.cache/golangci-lint/0b/0be8d9f76fd885f508d650a6939f690f2760bb5821d48338cd075509fae1b2c4-a: no space left on device"
level=warning msg="[linters_context/goanalysis] Failed to persist facts to cache: failed to save data to low-level cache by key fact_deprecated/facts for package slices: open /home/agent/.cache/golangci-lint/cc/cc9129611ba452b2a98ddcce4c454f18e8ab8127c4e4fbd2cc7264fb9755d4dd-a: no space left on device"
level=warning msg="[linters_context/goanalysis] Failed to persist facts to cache: failed to save data to low-level cache by key ctrlflow/facts for package unique: open /home/agent/.cache/golangci-lint/47/4777876be6f27876ad8b07abc9f565eaa2af535ad8eebe786c8e13001b2e352b-a: no space left on device"
level=warning msg="[linters_context/goanalysis] Failed to persist facts to cache: failed to save data to low-level cache by key fact_deprecated/facts for package cgo: open /home/agent/.cache/golangci-lint/f5/f5d3b8026094932495171b48f40509c31352d0b7b390ad37c5bab4796b9b00ca-a: no space left on device"
level=warning msg="[linters_context/goanalysis] Failed to persist facts to cache: failed to save data to low-level cache by key printf/facts for package cgo: open /home/agent/.cache/golangci-lint/80/805f616114be7745bc132d56582a8fae469760f87db29fedaa13c43183283648-a: no space left on device"
level=warning msg="[linters_context/goanalysis] Failed to persist facts to cache: failed to save data to low-level cache by key ctrlflow/facts for package cgo: open /home/agent/.cache/golangci-lint/fb/fbf91989dbddaf7af3d722de327f14e5c29d4d6364f33f19e054388662e2ac81-a: no space left on device"
level=warning msg="[linters_context/goanalysis] Failed to persist facts to cache: failed to save data to low-level cache by key inline/facts for package slices: open /home/agent/.cache/golangci-lint/25/25d2b5c45670ce40a6bb84028453c2eef6f48afa7b3e3968ca09fa67165ff807-a: no space left on device"
level=warning msg="[linters_context/goanalysis] Failed to persist facts to cache: failed to save data to low-level cache by key printf/facts for package bisect: open /home/agent/.cache/golangci-lint/03/03e4839e362074d2eab58b331af144125d9fd6ae095a7becb54c916b1f900597-a: no space left on device"
level=warning msg="[linters_context/goanalysis] Failed to persist facts to cache: failed to save data to low-level cache by key ctrlflow/facts for package errors: open /home/agent/.cache/golangci-lint/8e/8ea33b5f35355e9dada09379efc3ddf745d73479a61e08e37d748849e31ef530-a: no space left on device"
level=warning msg="[linters_context/goanalysis] Failed to persist facts to cache: failed to save data to low-level cache by key SA5012/facts for package cgo: open /home/agent/.cache/golangci-lint/3f/3fae710c988fb7c13c0ec87f766b5ef83848933ad4ea9dcc65b2883d3ee9e4b3-a: no space left on device"
level=warning msg="[linters_context/goanalysis] Failed to persist facts to cache: failed to save data to low-level cache by key inline/facts for package bisect: open /home/agent/.cache/golangci-lint/ef/ef29091485826a9b45adb8a00b8bc859719b21dea75b5aa8d2fddb82a73ae111-a: no space left on device"
level=warning msg="[linters_context/goanalysis] Failed to persist facts to cache: failed to save data to low-level cache by key inline/facts for package errors: open /home/agent/.cache/golangci-lint/d2/d2e069b2d4e0d14d0694ffb23b27c0ab04a750c33fd14a193ce313cdb9a931f3-a: no space left on device"
level=warning msg="[linters_context/goanalysis] Failed to persist facts to cache: failed to save data to low-level cache by key fact_deprecated/facts for package bisect: open /home/agent/.cache/golangci-lint/1a/1a6709961b7fb1c0f41ffd8c9ffcec87c2fb0d0fb4ab8f962d6b7505a9725930-a: no space left on device"
level=warning msg="[linters_context/goanalysis] Failed to persist facts to cache: failed to save data to low-level cache by key nilness/facts for package cgo: open /home/agent/.cache/golangci-lint/de/de6aa4db058b218e8b11b6288ebc865fb0b7edb6269e83f272df38677a01bc68-a: no space left on device"
level=warning msg="[linters_context/goanalysis] Failed to persist facts to cache: failed to save data to low-level cache by key fact_deprecated/facts for package errors: open /home/agent/.cache/golangci-lint/b8/b86ca979d3d1218c4916f84956f53052b3de045749233fd9dc80f9ff1f63be0b-a: no space left on device"
level=warning msg="[linters_context/goanalysis] Failed to persist facts to cache: failed to save data to low-level cache by key exhaustive/facts for package cgo: open /home/agent/.cache/golangci-lint/81/81597dde7ac083fa5361bf63195d11a7a7deeffaa38b79eaf79cb97253bb5892-a: no space left on device"
level=warning msg="[linters_context/goanalysis] Failed to persist facts to cache: failed to save data to low-level cache by key exhaustive/facts for package bisect: open /home/agent/.cache/golangci-lint/74/74ee6e03d38074f3f3c00399022127ab14faed7b72e575b7d0bf78c4a87ea89d-a: no space left on device"
level=warning msg="[linters_context/goanalysis] Failed to persist facts to cache: failed to save data to low-level cache by key printf/facts for package slices: open /home/agent/.cache/golangci-lint/82/82f0e6465c0c2cd16b167eb6894b5f9e3341dc93c1c819dd0cee543ccc198c84-a: no space left on device"
level=warning msg="[linters_context/goanalysis] Failed to persist facts to cache: failed to save data to low-level cache by key printf/facts for package errors: open /home/agent/.cache/golangci-lint/bf/bffeb6b3c66100065508959b87edf42ab3c8bc0876465ad50a7cd115b4950d20-a: no space left on device"
level=warning msg="[linters_context/goanalysis] Failed to persist facts to cache: failed to save data to low-level cache by key fact_purity/facts for package cgo: open /home/agent/.cache/golangci-lint/cb/cb76f23ff88c1398e83bd4020e0eeefb89c5d7f53b12221437e857f3b6152100-a: no space left on device"
level=warning msg="[linters_context/goanalysis] Failed to persist facts to cache: failed to save data to low-level cache by key inline/facts for package cgo: open /home/agent/.cache/golangci-lint/ac/ace3bdd8597f86781cd38274c2bc620a1932782e9930b567eb8cc31f582f9874-a: no space left on device"
level=warning msg="[linters_context/goanalysis] Failed to persist facts to cache: failed to save data to low-level cache by key ctrlflow/facts for package bisect: open /home/agent/.cache/golangci-lint/29/29b8f11e5f30e77735b3c73fb1749899817d5a45012bf3ffdfdd3bcb42c683c7-a: no space left on device"
level=warning msg="[linters_context/goanalysis] Failed to persist facts to cache: failed to save data to low-level cache by key fact_purity/facts for package errors: open /home/agent/.cache/golangci-lint/26/26cbfa28695ae7508cf57bc9efa1208a00181fc60eb277fdc43bf3548f6117a0-a: no space left on device"
level=warning msg="[linters_context/goanalysis] Failed to persist facts to cache: failed to save data to low-level cache by key exhaustive/facts for package errors: open /home/agent/.cache/golangci-lint/39/39f5c4af7f9479a8bf9e4b5b9b0f2bcfd0cf0fa734f11e933071e01c16647011-a: no space left on device"
level=warning msg="[linters_context/goanalysis] Failed to persist facts to cache: failed to save data to low-level cache by key ctrlflow/facts for package slices: open /home/agent/.cache/golangci-lint/e3/e3215cd8b3ea24e39a9ba9783161d188491befbf31a1173104bdd0d99718d6aa-a: no space left on device"
level=warning msg="[linters_context/goanalysis] Failed to persist facts to cache: failed to save data to low-level cache by key nilness/facts for package errors: open /home/agent/.cache/golangci-lint/ce/ceb2be2f765d43955061a1480f722289bf16841928fb94cb6598250964478c94-a: no space left on device"
level=warning msg="[linters_context/goanalysis] Failed to persist facts to cache: failed to save data to low-level cache by key SA5012/facts for package errors: open /home/agent/.cache/golangci-lint/2d/2dc53cf6c984ca091bb93b6021630298b69624eb64e619080814253a16ee6192-a: no space left on device"
level=warning msg="[linters_context/goanalysis] Failed to persist facts to cache: failed to save data to low-level cache by key exhaustive/facts for package slices: open /home/agent/.cache/golangci-lint/8f/8f1a71f276516e9d4648989c2bc61b5fde7a47de5e7c0ffeff19e5f080955a78-d: no space left on device"
level=warning msg="[linters_context/goanalysis] Failed to persist facts to cache: failed to save data to low-level cache by key printf/facts for package oserror: open /home/agent/.cache/golangci-lint/35/35fc8ad4bec878cd85d6e9d713372c2bec38affdd316b8a0c1175b2baf67d48c-a: no space left on device"
level=warning msg="[linters_context/goanalysis] Failed to persist facts to cache: failed to save data to low-level cache by key ctrlflow/facts for package oserror: open /home/agent/.cache/golangci-lint/99/99de367c982b4abebcd3c0d30c1f5008f7a4307c261d0fa9ffbbd7a6f25b923c-a: no space left on device"
level=warning msg="[linters_context/goanalysis] Failed to persist facts to cache: failed to save data to low-level cache by key fact_deprecated/facts for package oserror: open /home/agent/.cache/golangci-lint/13/1374c93205031a1301a6b3dd59df00c85add34529c7cd0bcf515f1ec829fb5f5-a: no space left on device"
level=warning msg="[linters_context/goanalysis] Failed to persist facts to cache: failed to save data to low-level cache by key fact_purity/facts for package oserror: open /home/agent/.cache/golangci-lint/fc/fc1b23fc1710be366078b39f22684fb6e772fbde65bbb87eacaaefbeecb1395a-a: no space left on device"
level=warning msg="[linters_context/goanalysis] Failed to persist facts to cache: failed to save data to low-level cache by key fact_deprecated/facts for package internal: open /home/agent/.cache/golangci-lint/b6/b663f12ede097d11def53d272527a1061080a8ff37995864261b499dbd1ef8be-a: no space left on device"
level=warning msg="[linters_context/goanalysis] Failed to persist facts to cache: failed to save data to low-level cache by key nilness/facts for package unique: open /home/agent/.cache/golangci-lint/d0/d062f483e61a05434168a7bd07367375d28bd65740edce1c91b15b4618942fd1-d: no space left on device"
level=warning msg="[linters_context/goanalysis] Failed to persist facts to cache: failed to save data to low-level cache by key inline/facts for package oserror: open /home/agent/.cache/golangci-lint/f6/f647331250041f304e22ce9c1b559d19ac904dc5da821dcc6cf5d5c79b25f74a-a: no space left on device"
level=warning msg="[linters_context/goanalysis] Failed to persist facts to cache: failed to save data to low-level cache by key fact_deprecated/facts for package path: open /home/agent/.cache/golangci-lint/8f/8ff7440f076a362481f1fcfb419b294e85113a081a217c9cc89cf2c0f00ec5ff-a: no space left on device"
level=warning msg="[linters_context/goanalysis] Failed to persist facts to cache: failed to save data to low-level cache by key SA5012/facts for package oserror: open /home/agent/.cache/golangci-lint/ae/aeb11e8942a33446d699f60a73e22a3fc93bfebf81e8bda24113e14e65847538-a: no space left on device"
level=warning msg="[linters_context/goanalysis] Failed to persist facts to cache: failed to save data to low-level cache by key fact_purity/facts for package unique: open /home/agent/.cache/golangci-lint/73/73337996c6ad71bddecb6bb287418f6b2ca7d4d9a1a67409bf00619cc90c1d9c-a: no space left on device"
level=warning msg="[linters_context/goanalysis] Failed to persist facts to cache: failed to save data to low-level cache by key ctrlflow/facts for package path: open /home/agent/.cache/golangci-lint/6f/6f2bc2926db77fadaa4ab3fa1e1694b4318551a64b963cc3ddca9c61a3588704-a: no space left on device"
level=warning msg="[linters_context/goanalysis] Failed to persist facts to cache: failed to save data to low-level cache by key inline/facts for package path: open /home/agent/.cache/golangci-lint/e2/e2b2bedc3c0ddfe94b3325b41291f97f53d914ae9c47f7bc46eda4931b7d30da-a: no space left on device"
level=warning msg="[linters_context/goanalysis] Failed to persist facts to cache: failed to save data to low-level cache by key ctrlflow/facts for package internal: open /home/agent/.cache/golangci-lint/af/af859853ea48a2814774a460036e77a69a2b32ba1becbedbb8292067fc21f90f-a: no space left on device"
level=warning msg="[linters_context/goanalysis] Failed to persist facts to cache: failed to save data to low-level cache by key fact_deprecated/facts for package io: open /home/agent/.cache/golangci-lint/5c/5c9ddce4269825eac7761dcb2e77ef7b0f488cf2f991925e2e12a7e6c4b71491-a: no space left on device"
level=warning msg="[linters_context/goanalysis] Failed to persist facts to cache: failed to save data to low-level cache by key exhaustive/facts for package internal: open /home/agent/.cache/golangci-lint/f3/f32072f8726820deba6ddc3b1265c472399a72bd23e14b60729365d539bf2e80-a: no space left on device"
level=warning msg="[linters_context/goanalysis] Failed to persist facts to cache: failed to save data to low-level cache by key ctrlflow/facts for package io: open /home/agent/.cache/golangci-lint/dd/ddbada08587a9daef4f4943b6c4ec75ae05b1e433a27856fd41f77728b875997-a: no space left on device"
level=warning msg="[linters_context/goanalysis] Failed to persist facts to cache: failed to save data to low-level cache by key nilness/facts for package oserror: open /home/agent/.cache/golangci-lint/20/20a513643d7b0664490715ac56cdbc214f261e307b38615aec1dc414cc8e58ed-a: no space left on device"
level=warning msg="[linters_context/goanalysis] Failed to persist facts to cache: failed to save data to low-level cache by key inline/facts for package io: open /home/agent/.cache/golangci-lint/75/752b34cdafe822d4e99922bc9ea609f1980aa4059bfb90f6449853924b6758fd-a: no space left on device"
level=warning msg="[linters_context/goanalysis] Failed to persist facts to cache: failed to save data to low-level cache by key SA5012/facts for package internal: open /home/agent/.cache/golangci-lint/99/99ba9df097818a9ce23be258dd44ba0dc73170eaa5a92b40cbec2948a75913e2-a: no space left on device"
level=warning msg="[linters_context/goanalysis] Failed to persist facts to cache: failed to save data to low-level cache by key printf/facts for package io: open /home/agent/.cache/golangci-lint/52/528946961461b27831904858dcb65347dde5b1ddf5103445b7a7048ef718d736-a: no space left on device"
level=warning msg="[linters_context/goanalysis] Failed to persist facts to cache: failed to save data to low-level cache by key printf/facts for package path: open /home/agent/.cache/golangci-lint/31/318a85b5d6a74ba28b5eac7d5bd21f480a702717547bd0eedb946d87c54571ae-a: no space left on device"
level=warning msg="[linters_context/goanalysis] Failed to persist facts to cache: failed to save data to low-level cache by key SA5012/facts for package unique: open /home/agent/.cache/golangci-lint/61/61cca9cd9a0c9619afd3d3c0949488c77427666f9811a480154701cd65190073-a: no space left on device"
level=warning msg="[linters_context/goanalysis] Failed to persist facts to cache: failed to save data to low-level cache by key printf/facts for package internal: open /home/agent/.cache/golangci-lint/81/816419ed07cf6b8ddc8fc0c846da4028785308492cffb477d56af3ec3dd4ea4d-a: no space left on device"
level=warning msg="[linters_context/goanalysis] Failed to persist facts to cache: failed to save data to low-level cache by key nilness/facts for package internal: open /home/agent/.cache/golangci-lint/bc/bcd283d05e69a47141c6e5339a38c0ad4e164eea01c3d7ed9c28656e791e17e4-a: no space left on device"
level=warning msg="[linters_context/goanalysis] Failed to persist facts to cache: failed to save data to low-level cache by key inline/facts for package internal: open /home/agent/.cache/golangci-lint/20/20557bc4b8cf27449fbb3a1f3567c3008a14653dbddb5b6d73ea5f9d39583b49-a: no space left on device"
level=warning msg="[linters_context/goanalysis] Failed to persist facts to cache: failed to save data to low-level cache by key exhaustive/facts for package path: open /home/agent/.cache/golangci-lint/85/85e67c5a34c017243488e8e05644b4dc60c6daf33fafb8581c96f875580e39d2-a: no space left on device"
level=warning msg="[linters_context/goanalysis] Failed to persist facts to cache: failed to save data to low-level cache by key exhaustive/facts for package oserror: open /home/agent/.cache/golangci-lint/ae/ae1a411bb4ced2773c82ecacec386a113860f899c59414ea9f27a46d9fa1e359-a: no space left on device"
level=warning msg="[linters_context/goanalysis] Failed to persist facts to cache: failed to save data to low-level cache by key ctrlflow/facts for package entropy: open /home/agent/.cache/golangci-lint/e9/e931391ab8cd8350c5a398582b10511a5e91a206389d9d87f16aa65697d901a5-a: no space left on device"
level=warning msg="[linters_context/goanalysis] Failed to persist facts to cache: failed to save data to low-level cache by key nilness/facts for package entropy: open /home/agent/.cache/golangci-lint/21/2137b52e8980fe67d32aec6601d6756ca21dea0065fb637d9b45e32fa3dfcd7e-a: no space left on device"
level=warning msg="[linters_context/goanalysis] Failed to persist facts to cache: failed to save data to low-level cache by key inline/facts for package entropy: open /home/agent/.cache/golangci-lint/c8/c8148f010726894edcf66b9112b785015173c3a7e4fee283e15074c2353aac1b-a: no space left on device"
level=warning msg="[linters_context/goanalysis] Failed to persist facts to cache: failed to save data to low-level cache by key exhaustive/facts for package entropy: open /home/agent/.cache/golangci-lint/fd/fd109cfb657fe8da9d093529a97a36be7def0f7fdbfb8f6bccc3b4a0f993439c-a: no space left on device"
level=warning msg="[linters_context/goanalysis] Failed to persist facts to cache: failed to save data to low-level cache by key printf/facts for package entropy: open /home/agent/.cache/golangci-lint/74/74d9ddecbd859c04d42bacdf49f90299696568d1610c64dc06563644c9d988eb-a: no space left on device"
level=warning msg="[linters_context/goanalysis] Failed to persist facts to cache: failed to save data to low-level cache by key SA5012/facts for package entropy: open /home/agent/.cache/golangci-lint/45/45db8b895da7ab0509d70a595b0d83354b87694e5bfa47e09e00e689e5a63d39-a: no space left on device"
level=warning msg="[linters_context/goanalysis] Failed to persist facts to cache: failed to save data to low-level cache by key fact_purity/facts for package entropy: open /home/agent/.cache/golangci-lint/2e/2e7199567309325dca9b54cab28f508dc25f446f197e25ea4bcec3b344e8df0a-a: no space left on device"
level=warning msg="[linters_context/goanalysis] Failed to persist facts to cache: failed to save data to low-level cache by key fact_deprecated/facts for package entropy: open /home/agent/.cache/golangci-lint/2b/2b830ed769a791fa599ee2c9a98edb88c8ba4fb8b9167c8987056f9aa7a3c2bb-a: no space left on device"
level=warning msg="[linters_context/goanalysis] Failed to persist facts to cache: failed to save data to low-level cache by key fact_purity/facts for package internal: open /home/agent/.cache/golangci-lint/00/00c861f9abd7cd38dc8d57bbae231c85b0694f3950f6b82516047caef59caf4c-a: no space left on device"
level=warning msg="[linters_context/goanalysis] Failed to persist facts to cache: failed to save data to low-level cache by key fact_deprecated/facts for package strconv: open /home/agent/.cache/golangci-lint/b7/b79bfdf60d270f57a9d522c2ff9d6d4e6470ede845b87d41341ab683c07f8a5c-a: no space left on device"
level=warning msg="[linters_context/goanalysis] Failed to persist facts to cache: failed to save data to low-level cache by key printf/facts for package strconv: open /home/agent/.cache/golangci-lint/c1/c1214dcc022c83f9da71091cde12cd69f958f8ce3fe0a228a0252ab3b63441d0-a: no space left on device"
level=warning msg="[linters_context/goanalysis] Failed to persist facts to cache: failed to save data to low-level cache by key inline/facts for package strconv: open /home/agent/.cache/golangci-lint/d7/d77794e9cd9a33437b4291f92f61238983d8dc210f1375f00d4313ea99b2d99e-a: no space left on device"
level=warning msg="[linters_context/goanalysis] Failed to persist facts to cache: failed to save data to low-level cache by key ctrlflow/facts for package strconv: open /home/agent/.cache/golangci-lint/19/19bc3aa05077289f1c9721700de12d513c9d9e55fe5ab89efcce89421e955156-a: no space left on device"
level=warning msg="[linters_context/goanalysis] Failed to persist facts to cache: failed to save data to low-level cache by key exhaustive/facts for package io: open /home/agent/.cache/golangci-lint/65/65c88e6a7deb1cbb30d44f87993f5c279ac57900f9010a834603eeb36def26eb-a: no space left on device"
level=warning msg="[linters_context/goanalysis] Failed to persist facts to cache: failed to save data to low-level cache by key SA5012/facts for package path: open /home/agent/.cache/golangci-lint/9a/9ad1c91aa3449422cb153278ab10c0e7cbe99d04ce9f25cd5e41b1ea57b30c91-a: no space left on device"
level=warning msg="[linters_context/goanalysis] Failed to persist facts to cache: failed to save data to low-level cache by key exhaustive/facts for package strconv: open /home/agent/.cache/golangci-lint/29/29a653579231fea2305ea6cbd67cfe46a3272aa59cf46ac2e1e8b066b64848e2-a: no space left on device"
level=warning msg="[linters_context/goanalysis] Failed to persist facts to cache: failed to save data to low-level cache by key fact_purity/facts for package slices: open /home/agent/.cache/golangci-lint/b3/b3397e456ce6b4e0173209993acf8e381b5ba4d2f2750becbc77b85798a56f92-a: no space left on device"
level=warning msg="[linters_context/goanalysis] Failed to persist facts to cache: failed to save data to low-level cache by key printf/facts for package jsonflags: open /home/agent/.cache/golangci-lint/a5/a54d802087f256f353e6d7f1ec885289ef2d91c07e7999597a8fc8440c19f0ab-a: no space left on device"
level=warning msg="[linters_context/goanalysis] Failed to persist facts to cache: failed to save data to low-level cache by key fact_deprecated/facts for package jsonflags: open /home/agent/.cache/golangci-lint/98/98d9108cb4d4449617480b72d347a274d9283eebf65dd9b1db7eb8afd9a56156-a: no space left on device"
level=warning msg="[linters_context/goanalysis] Failed to persist facts to cache: failed to save data to low-level cache by key ctrlflow/facts for package jsonflags: open /home/agent/.cache/golangci-lint/c8/c8fe3643b337e3880c4a7a0a725e29e13b3ff0600c6339a0f041cc0ecc576f1f-a: no space left on device"
level=warning msg="[linters_context/goanalysis] Failed to persist facts to cache: failed to save data to low-level cache by key SA5012/facts for package slices: open /home/agent/.cache/golangci-lint/e6/e6dbdb430eb6113ae460920d6b401cf6ec06f73aa9eea1f5078fcb38dfc8bbca-a: no space left on device"
level=warning msg="[linters_context/goanalysis] Failed to persist facts to cache: failed to save data to low-level cache by key nilness/facts for package path: open /home/agent/.cache/golangci-lint/fa/fad9d9e052851daabf8eeddc61b65c44f1f6b3fbb05b6ba9273b0546031c4ef8-a: no space left on device"
level=warning msg="[linters_context/goanalysis] Failed to persist facts to cache: failed to save data to low-level cache by key inline/facts for package jsonflags: open /home/agent/.cache/golangci-lint/06/06993610805449f0b60af7e8f69ca2c483f496ba2bec865be6f0ac0d1bbb02d6-a: no space left on device"
level=warning msg="[linters_context/goanalysis] Failed to persist facts to cache: failed to save data to low-level cache by key nilness/facts for package jsonflags: open /home/agent/.cache/golangci-lint/83/83db1af5c53359c9639d52d74d04adca3b5ed06c1c842177f245026f25e5be50-a: no space left on device"
level=warning msg="[linters_context/goanalysis] Failed to persist facts to cache: failed to save data to low-level cache by key SA5012/facts for package jsonflags: open /home/agent/.cache/golangci-lint/47/4764eb017496a63d8bee27bec39cf8a3f13bbd18a423a1bec26b8ca8210ed494-a: no space left on device"
level=warning msg="[linters_context/goanalysis] Failed to persist facts to cache: failed to save data to low-level cache by key exhaustive/facts for package jsonflags: open /home/agent/.cache/golangci-lint/7f/7f4d9c51ffc6c0a69b1ef509df804608cc2cd38e84270fa8c61e0919a30f967f-d: no space left on device"
level=warning msg="[linters_context/goanalysis] Failed to persist facts to cache: failed to save data to low-level cache by key nilness/facts for package slices: open /home/agent/.cache/golangci-lint/1c/1c1d909b4ab26fb6194be495da87963d9f41e5325d2d53258dddbcaea602819d-d: no space left on device"
level=warning msg="[linters_context/goanalysis] Failed to persist facts to cache: failed to save data to low-level cache by key fact_purity/facts for package jsonflags: open /home/agent/.cache/golangci-lint/37/3798a751acb34d711a2a0d66ef800aa870f9b38feda187ab3f9262e054e76dee-a: no space left on device"
level=warning msg="[linters_context/goanalysis] Failed to persist facts to cache: failed to save data to low-level cache by key fact_purity/facts for package path: open /home/agent/.cache/golangci-lint/e3/e3e85fe67325fc4bbfdcfefe06ffb8236357d97b6c5fce9143ae0bf8b2567beb-a: no space left on device"
level=warning msg="[linters_context/goanalysis] Failed to persist facts to cache: failed to save data to low-level cache by key fact_purity/facts for package bisect: open /home/agent/.cache/golangci-lint/78/780b1d5e30e2ef47dc7f8e741885ed5032cd807f512f63cfc5d0f973c2e8585f-a: no space left on device"
level=warning msg="[linters_context/goanalysis] Failed to persist facts to cache: failed to save data to low-level cache by key SA5012/facts for package bisect: open /home/agent/.cache/golangci-lint/70/7076cf41e290b8aaf26e7ff41985af8de2fbf46da88b43afe75addc91c24013f-a: no space left on device"
level=warning msg="[linters_context/goanalysis] Failed to persist facts to cache: failed to save data to low-level cache by key SA5012/facts for package strconv: open /home/agent/.cache/golangci-lint/6c/6c973f362656ad3457fc1d130c5a80dcde7ef93e26fd796462d6b224b03612c6-a: no space left on device"
level=warning msg="[linters_context/goanalysis] Failed to persist facts to cache: failed to save data to low-level cache by key fact_purity/facts for package strconv: open /home/agent/.cache/golangci-lint/9b/9b144c508ae2026ea76e5fbf0406eb23f87121e66951d1a3f5ee26d2cad04475-a: no space left on device"
level=warning msg="[linters_context/goanalysis] Failed to persist facts to cache: failed to save data to low-level cache by key nilness/facts for package strconv: open /home/agent/.cache/golangci-lint/86/86eafc90e4163428486df14bf7ac33afb31b3aa261f7351d84e5b55c2bfce1c5-a: no space left on device"
level=warning msg="[linters_context/goanalysis] Failed to persist facts to cache: failed to save data to low-level cache by key nilness/facts for package bisect: open /home/agent/.cache/golangci-lint/dd/dd50cb955fefed43c087d2ab5e0d27db9bb668bfb7c203feb52b5e3172b7f076-a: no space left on device"
level=warning msg="[linters_context/goanalysis] Failed to persist facts to cache: failed to save data to low-level cache by key printf/facts for package jsonopts: open /home/agent/.cache/golangci-lint/e6/e66d0210f6d97b30355b68a0707c8f62804911a992a272cbe47398d4e06c413c-a: no space left on device"
level=warning msg="[linters_context/goanalysis] Failed to persist facts to cache: failed to save data to low-level cache by key SA5012/facts for package io: open /home/agent/.cache/golangci-lint/79/79c994f807343950ba36c75ce7f659e599c1dfc5370c51af66727a88969b240b-a: no space left on device"
level=warning msg="[linters_context/goanalysis] Failed to persist facts to cache: failed to save data to low-level cache by key ctrlflow/facts for package rand: open /home/agent/.cache/golangci-lint/e4/e4496be2cc02e332224dd146b8e7f1d131b917c8cfdb80ae304d9259a7492572-a: no space left on device"
level=warning msg="[linters_context/goanalysis] Failed to persist facts to cache: failed to save data to low-level cache by key fact_deprecated/facts for package jsonopts: open /home/agent/.cache/golangci-lint/83/83a08f143821233765afff07ca06a5b3414adb8513e8a0c510d94211b7a5de7e-a: no space left on device"
level=warning msg="[linters_context/goanalysis] Failed to persist facts to cache: failed to save data to low-level cache by key inline/facts for package rand: open /home/agent/.cache/golangci-lint/28/28057678496e9558f44ac4f17da21af776f0192d855b257b8dd5808b1f4a9f0a-a: no space left on device"
level=warning msg="[linters_context/goanalysis] Failed to persist facts to cache: failed to save data to low-level cache by key exhaustive/facts for package rand: open /home/agent/.cache/golangci-lint/83/837aa2fcc19f33d24046f98c50ce487565d607741179631101e63686a0880fa2-a: no space left on device"
level=warning msg="[linters_context/goanalysis] Failed to persist facts to cache: failed to save data to low-level cache by key fact_deprecated/facts for package rand: open /home/agent/.cache/golangci-lint/1a/1a8a23377d6b8fc87bfeaebcdff0a2d753a2aac79b73da339acedf7e27c5e7e8-a: no space left on device"
level=warning msg="[linters_context/goanalysis] Failed to persist facts to cache: failed to save data to low-level cache by key ctrlflow/facts for package jsonopts: open /home/agent/.cache/golangci-lint/d2/d20dbb6e1d681bbd7d99b09815bf570678819c49eccc09552e587034f4a1edfb-a: no space left on device"
level=warning msg="[linters_context/goanalysis] Failed to persist facts to cache: failed to save data to low-level cache by key printf/facts for package rand: open /home/agent/.cache/golangci-lint/cf/cfe1b5d0dfbce8a496de0feb1174e145f43f02b36bc4ef1592de51730d6aa7e1-a: no space left on device"
level=warning msg="[linters_context/goanalysis] Failed to persist facts to cache: failed to save data to low-level cache by key exhaustive/facts for package jsonopts: open /home/agent/.cache/golangci-lint/28/28f85b99670230d16784272ba87eaf4aafc64be87b31c65977c930e98fca9bac-a: no space left on device"
level=warning msg="[linters_context/goanalysis] Failed to persist facts to cache: failed to save data to low-level cache by key inline/facts for package jsonopts: open /home/agent/.cache/golangci-lint/5d/5d2057d7116707cde1f2ad1e3e0212f5391a90ecd4c6849f6655802072f1310d-a: no space left on device"
level=warning msg="[linters_context/goanalysis] Failed to persist facts to cache: failed to save data to low-level cache by key nilness/facts for package io: open /home/agent/.cache/golangci-lint/95/952ee121d1888f2a6beb8ee4cd0bf2755f33bd98c7d072ebb1b969da0cb723c4-d: no space left on device"
level=warning msg="[linters_context/goanalysis] Failed to persist facts to cache: failed to save data to low-level cache by key fact_purity/facts for package io: open /home/agent/.cache/golangci-lint/76/76f86bfe2e920cf7ff3d70e0a04f9928fa61e4537718fa22f37a309e37cdd6ff-a: no space left on device"
level=warning msg="[linters_context/goanalysis] Failed to persist facts to cache: failed to save data to low-level cache by key fact_deprecated/facts for package godebug: open /home/agent/.cache/golangci-lint/ab/ab2f5502e061b36f862d26f5d9cda35132b0c3f871fff4ae2cecd7603cc85de8-a: no space left on device"
level=warning msg="[linters_context/goanalysis] Failed to persist facts to cache: failed to save data to low-level cache by key inline/facts for package godebug: open /home/agent/.cache/golangci-lint/bb/bbe5ca25aa3e0facd98ac43143743ff40309b9cd80455f690d8ad89eeb8eccee-a: no space left on device"
level=warning msg="[linters_context/goanalysis] Failed to persist facts to cache: failed to save data to low-level cache by key exhaustive/facts for package godebug: open /home/agent/.cache/golangci-lint/10/109175736e7de6fca31e459f2310fe5132fb53c858280d0e082aa05c685fafce-a: no space left on device"
level=warning msg="[linters_context/goanalysis] Failed to persist facts to cache: failed to save data to low-level cache by key ctrlflow/facts for package godebug: open /home/agent/.cache/golangci-lint/d0/d063cd356a9fa5e26c92cf11f87463e20944a4b4c9f244d055d232cd08d53d32-a: no space left on device"
level=warning msg="[linters_context/goanalysis] Failed to persist facts to cache: failed to save data to low-level cache by key fact_deprecated/facts for package sort: open /home/agent/.cache/golangci-lint/34/348a8699a8ec039df4f0c23c7774efa9fcecaf9a6291b5acf082fb42392abfe0-a: no space left on device"
level=warning msg="[linters_context/goanalysis] Failed to persist facts to cache: failed to save data to low-level cache by key printf/facts for package godebug: open /home/agent/.cache/golangci-lint/43/439aaecc377994bcc2256df9341d9dd4cf479f6b198610afa3ac988523009db9-a: no space left on device"
level=warning msg="[linters_context/goanalysis] Failed to persist facts to cache: failed to save data to low-level cache by key fact_purity/facts for package jsonopts: open /home/agent/.cache/golangci-lint/97/97aac3bacca67b241f3dde68bd67af51b02414247a8e188074384218cbb35022-a: no space left on device"
level=warning msg="[linters_context/goanalysis] Failed to persist facts to cache: failed to save data to low-level cache by key SA5012/facts for package jsonopts: open /home/agent/.cache/golangci-lint/7c/7ccc34870837fb4f52aa893c9309229dd6dac6502f78d68d0df2a8b4954d5dd2-a: no space left on device"
level=warning msg="[linters_context/goanalysis] Failed to persist facts to cache: failed to save data to low-level cache by key nilness/facts for package jsonopts: open /home/agent/.cache/golangci-lint/9d/9d8c9a3be3e9799f03828e5dc2ed4b3c0cf7cf6408c05f5c3a5921b0b6184d25-a: no space left on device"
level=warning msg="[linters_context/goanalysis] Failed to persist facts to cache: failed to save data to low-level cache by key fact_purity/facts for package rand: open /home/agent/.cache/golangci-lint/c9/c951151cfb6a2893fc81896dae1935e6e9b84a4b3fbc9294bd3480f6ccca1df4-a: no space left on device"
level=warning msg="[linters_context/goanalysis] Failed to persist facts to cache: failed to save data to low-level cache by key fact_purity/facts for package godebug: open /home/agent/.cache/golangci-lint/c8/c8a6d6be632bac63b2372b566a7878439a8fba89ba51b585eb465d0626c50906-a: no space left on device"
level=warning msg="[linters_context/goanalysis] Failed to persist facts to cache: failed to save data to low-level cache by key SA5012/facts for package rand: open /home/agent/.cache/golangci-lint/67/6767cde53cf009f9ceb31627185c3854b70cb1de18355fd2a6c9c9e2b6510ee9-a: no space left on device"
level=warning msg="[linters_context/goanalysis] Failed to persist facts to cache: failed to save data to low-level cache by key printf/facts for package sort: open /home/agent/.cache/golangci-lint/ef/ef1a18f7143c64c38a859b929e4c7c002158b74090304aedb094be6efe4982da-a: no space left on device"
level=warning msg="[linters_context/goanalysis] Failed to persist facts to cache: failed to save data to low-level cache by key inline/facts for package sort: open /home/agent/.cache/golangci-lint/92/923cb12c6f1c2b36950f58998f09a66a751022fb75ee48a7a1ad522b51e549b1-a: no space left on device"
level=warning msg="[linters_context/goanalysis] Failed to persist facts to cache: failed to save data to low-level cache by key ctrlflow/facts for package sort: open /home/agent/.cache/golangci-lint/d7/d7ddb394b79554fd6d3685788d03bcf3ba25d4e776d6a87441fedf5ee3057efe-a: no space left on device"
level=warning msg="[linters_context/goanalysis] Failed to persist facts to cache: failed to save data to low-level cache by key nilness/facts for package rand: open /home/agent/.cache/golangci-lint/34/34912425062eb4b1980ad0a9ed10fd864450ba6426bcb822e5dcfc1d7fc7f801-d: no space left on device"
level=warning msg="[linters_context/goanalysis] Failed to persist facts to cache: failed to save data to low-level cache by key nilness/facts for package godebug: open /home/agent/.cache/golangci-lint/9a/9a4a6660549c354405dc0742d2f0c3159b474daeeb8707ffadc2844c6037d59b-a: no space left on device"
level=warning msg="[linters_context/goanalysis] Failed to persist facts to cache: failed to save data to low-level cache by key SA5012/facts for package godebug: open /home/agent/.cache/golangci-lint/b2/b27150e2213eb7b0db43e632a9cd7ccee2363ebcb93d9351adf3331f58618036-a: no space left on device"
level=warning msg="[linters_context/goanalysis] Failed to persist facts to cache: failed to save data to low-level cache by key exhaustive/facts for package sort: open /home/agent/.cache/golangci-lint/31/31873fb24c0a2a79180f33ab0d69ece8ac0d836f102b9f3d64302ddef8bc362c-d: no space left on device"
level=warning msg="[linters_context/goanalysis] Failed to persist facts to cache: failed to save data to low-level cache by key fact_deprecated/facts for package randutil: open /home/agent/.cache/golangci-lint/eb/ebf4742545da24e4df47057c8263bb97350cdfa9681cd3615aa52d7f1e3a6ae6-a: no space left on device"
level=warning msg="[linters_context/goanalysis] Failed to persist facts to cache: failed to save data to low-level cache by key exhaustive/facts for package randutil: open /home/agent/.cache/golangci-lint/b4/b47529146dc931380c800ff74cb364d2eac789f6687c954eef660e12662363ce-a: no space left on device"
level=warning msg="[linters_context/goanalysis] Failed to persist facts to cache: failed to save data to low-level cache by key printf/facts for package randutil: open /home/agent/.cache/golangci-lint/95/951df0689de6fb2953554dc17b20165ea06b955bad2e4f99aa62d6be36d38fb0-a: no space left on device"
level=warning msg="[linters_context/goanalysis] Failed to persist facts to cache: failed to save data to low-level cache by key inline/facts for package randutil: open /home/agent/.cache/golangci-lint/bb/bb68f94270b5052631376e74ad97cfadf5564ed46394c747bdc3b1268f4c819a-a: no space left on device"
level=warning msg="[linters_context/goanalysis] Failed to persist facts to cache: failed to save data to low-level cache by key ctrlflow/facts for package randutil: open /home/agent/.cache/golangci-lint/e0/e02d9f704fa46b56e7c9aba4b253fd46f78d614a2802868afb89fa1e46bc9710-a: no space left on device"
level=warning msg="[linters_context/goanalysis] Failed to persist facts to cache: failed to save data to low-level cache by key fact_purity/facts for package randutil: open /home/agent/.cache/golangci-lint/35/35434e40b680bf1120251b4383c192acf6226f38ec0829552371cff9f470cba2-a: no space left on device"
level=warning msg="[linters_context/goanalysis] Failed to persist facts to cache: failed to save data to low-level cache by key fact_deprecated/facts for package netip: open /home/agent/.cache/golangci-lint/d8/d8005940e7e790a94431bf80d69afd28a4ddbb70520ad153a8d38514e59e3d7f-a: no space left on device"
level=warning msg="[linters_context/goanalysis] Failed to persist facts to cache: failed to save data to low-level cache by key ctrlflow/facts for package netip: open /home/agent/.cache/golangci-lint/39/398edcd6dc297c801b89e88cd7ce39ba7ac4cd27afd15332ee91618e252cfba1-a: no space left on device"
level=warning msg="[linters_context/goanalysis] Failed to persist facts to cache: failed to save data to low-level cache by key printf/facts for package netip: open /home/agent/.cache/golangci-lint/49/494ff1a28df47017f6c3c7dc10d4b39849fcf35788e66c190d124bca8f07a416-a: no space left on device"
level=warning msg="[linters_context/goanalysis] Failed to persist facts to cache: failed to save data to low-level cache by key SA5012/facts for package sort: open /home/agent/.cache/golangci-lint/03/031588f444617763e6709eee4174d79788a6b537ef7449123cd62de70aca9f79-a: no space left on device"
level=warning msg="[linters_context/goanalysis] Failed to persist facts to cache: failed to save data to low-level cache by key fact_deprecated/facts for package dnsmessage: open /home/agent/.cache/golangci-lint/94/94e22a74e5641f7889b1236f50d06eeda1736cc9ae605b9bc4d1211a9d37a525-a: no space left on device"
level=warning msg="[linters_context/goanalysis] Failed to persist facts to cache: failed to save data to low-level cache by key fact_purity/facts for package sort: open /home/agent/.cache/golangci-lint/2f/2f86e8d10af5639b8ecb28e9c962baf9e29c16392c2f7a60c73e94e903de3bb4-a: no space left on device"
level=warning msg="[linters_context/goanalysis] Failed to persist facts to cache: failed to save data to low-level cache by key ctrlflow/facts for package dnsmessage: open /home/agent/.cache/golangci-lint/ac/ac1d2bb1e2d55f8b72feca550e36e25adb402ced37f33d52653bb3eb1c20df02-a: no space left on device"
level=warning msg="[linters_context/goanalysis] Failed to persist facts to cache: failed to save data to low-level cache by key ctrlflow/facts for package saferio: open /home/agent/.cache/golangci-lint/50/50568cd74c77c4eba7cefa3852db67722d4c2bbd14b28f0697b7ec465d8ef54b-a: no space left on device"
level=warning msg="[linters_context/goanalysis] Failed to persist facts to cache: failed to save data to low-level cache by key inline/facts for package hash: open /home/agent/.cache/golangci-lint/f7/f7fc45187b8b18873f9e98654d5d7750bd797cc4e947693ba8047cade0026120-a: no space left on device"
level=warning msg="[linters_context/goanalysis] Failed to persist facts to cache: failed to save data to low-level cache by key fact_deprecated/facts for package hash: open /home/agent/.cache/golangci-lint/27/27542a7e6b88d9edce2bd46574df7395e6063e342d95aedbfd18b311d5dd0692-a: no space left on device"
level=warning msg="[linters_context/goanalysis] Failed to persist facts to cache: failed to save data to low-level cache by key exhaustive/facts for package saferio: open /home/agent/.cache/golangci-lint/96/9691bb4963e1d956824d62d1bd0a0b944a0ccecbb0209ba4930638fb489333a8-a: no space left on device"
level=warning msg="[linters_context/goanalysis] Failed to persist facts to cache: failed to save data to low-level cache by key nilness/facts for package sort: open /home/agent/.cache/golangci-lint/93/93c94dff82a75d3ea87521e2e90771fff0607c478384347c820e2e242c623214-a: no space left on device"
level=warning msg="[linters_context/goanalysis] Failed to persist facts to cache: failed to save data to low-level cache by key nilness/facts for package saferio: open /home/agent/.cache/golangci-lint/f1/f17cbb8f58a4a58e20d65e2c7f3b5f41757a752eb4e916ecd0d7359892df9cf0-a: no space left on device"
level=warning msg="[linters_context/goanalysis] Failed to persist facts to cache: failed to save data to low-level cache by key SA5012/facts for package netip: open /home/agent/.cache/golangci-lint/b8/b8f8078e9a81c03926ff4eccb7040ce632611ed4b90b2396f57c5badac98ecf7-a: no space left on device"
level=warning msg="[linters_context/goanalysis] Failed to persist facts to cache: failed to save data to low-level cache by key nilness/facts for package randutil: open /home/agent/.cache/golangci-lint/9f/9feaa51f9267734ed0149ce67f5b0718c1b4de116899e372d7fd98c61844c3b9-a: no space left on device"
level=warning msg="[linters_context/goanalysis] Failed to persist facts to cache: failed to save data to low-level cache by key exhaustive/facts for package netip: open /home/agent/.cache/golangci-lint/90/90683357c0ee367fd089f4c1886fc9b36d31b44c9bdbb54d048ab4c8df329858-a: no space left on device"
level=warning msg="[linters_context/goanalysis] Failed to persist facts to cache: failed to save data to low-level cache by key fact_deprecated/facts for package saferio: open /home/agent/.cache/golangci-lint/62/6221ace7d2d2da8ef30c14316454640914b6764f35d01842118e3394c2e950ec-a: no space left on device"
level=warning msg="[linters_context/goanalysis] Failed to persist facts to cache: failed to save data to low-level cache by key exhaustive/facts for package hash: open /home/agent/.cache/golangci-lint/d5/d526c7357d6344b82d068bbb4a438198e92b128c762bafa17f7f8346bd600457-a: no space left on device"
level=warning msg="[linters_context/goanalysis] Failed to persist facts to cache: failed to save data to low-level cache by key fact_purity/facts for package netip: open /home/agent/.cache/golangci-lint/88/8887115025fee26ce4f692b4549285b521ff82fa1fbc37e395ba1a88bff1d5c2-d: no space left on device"
level=warning msg="[linters_context/goanalysis] Failed to persist facts to cache: failed to save data to low-level cache by key fact_deprecated/facts for package strings: open /home/agent/.cache/golangci-lint/9c/9c1d79b75190231d60268ba7145ae028d8f1417b7b34c8ea4d5972b085e95b20-a: no space left on device"
level=warning msg="[linters_context/goanalysis] Failed to persist facts to cache: failed to save data to low-level cache by key ctrlflow/facts for package base64: open /home/agent/.cache/golangci-lint/e8/e8e9e25e45c6661090af49bdf91311969234edf92e312651a19f23c3851ea687-a: no space left on device"
level=warning msg="[linters_context/goanalysis] Failed to persist facts to cache: failed to save data to low-level cache by key ctrlflow/facts for package bytes: open /home/agent/.cache/golangci-lint/a9/a94ea6a475f29e5556a6e550833ec498f8da2b4809f362b369310c507754ca37-a: no space left on device"
level=warning msg="[linters_context/goanalysis] Failed to persist facts to cache: failed to save data to low-level cache by key printf/facts for package bytes: open /home/agent/.cache/golangci-lint/8a/8a59287b718126c9ea30878bfece4857ac6ff9aadafde8ec58aecd62ca0c38dd-a: no space left on device"
level=warning msg="[linters_context/goanalysis] Failed to persist facts to cache: failed to save data to low-level cache by key fact_deprecated/facts for package base64: open /home/agent/.cache/golangci-lint/cf/cf7e27a1dc5366b6204362364b616af4403afe26b3e76681a995cb225deb24b1-a: no space left on device"
level=warning msg="[linters_context/goanalysis] Failed to persist facts to cache: failed to save data to low-level cache by key inline/facts for package bytes: open /home/agent/.cache/golangci-lint/a3/a3fd39f89dd72d2cff462c7874f82749f12a4104967c4f3d5fbfba6feae021e0-a: no space left on device"
level=warning msg="[linters_context/goanalysis] Failed to persist facts to cache: failed to save data to low-level cache by key exhaustive/facts for package godebug: open /home/agent/.cache/golangci-lint/8d/8d3efa1853deb32e255014732f2b82b20aac8d72dbe2b0f605828ad2be18aa25-a: no space left on device"
level=warning msg="[linters_context/goanalysis] Failed to persist facts to cache: failed to save data to low-level cache by key inline/facts for package netip: open /home/agent/.cache/golangci-lint/ff/ffd5c2dc7fdfe1ec24644f77ef478adbb42a22d5bc52fa1be0dbeeefe4240976-a: no space left on device"
level=warning msg="[linters_context/goanalysis] Failed to persist facts to cache: failed to save data to low-level cache by key SA5012/facts for package randutil: open /home/agent/.cache/golangci-lint/41/4121ad2fcecc9fd3a5b4d6e0b5578af9cf3f1b036297d19ef666832de9511231-a: no space left on device"
level=warning msg="[linters_context/goanalysis] Failed to persist facts to cache: failed to save data to low-level cache by key inline/facts for package dnsmessage: open /home/agent/.cache/golangci-lint/1c/1c3f3c721e1e9778d4553208226cfc7ebe9b240a234df53be5a9988ef457dfec-a: no space left on device"
level=warning msg="[linters_context/goanalysis] Failed to persist facts to cache: failed to save data to low-level cache by key ctrlflow/facts for package godebug: open /home/agent/.cache/golangci-lint/55/55adb3a0712387d215cf588597471136df8a806cb0880d57ec772912c938cc44-a: no space left on device"
level=warning msg="[linters_context/goanalysis] Failed to persist facts to cache: failed to save data to low-level cache by key printf/facts for package hash: open /home/agent/.cache/golangci-lint/45/45c2bda6800f48327fabb8da2933008d580304c2b6b80285a951815d1f7a776d-a: no space left on device"
level=warning msg="[linters_context/goanalysis] Failed to persist facts to cache: failed to save data to low-level cache by key exhaustive/facts for package base64: open /home/agent/.cache/golangci-lint/d9/d9f19bbc01a3db8b84ace8fbe71463a9fc629ef21c0d9014c8edd19f6c14bfc1-a: no space left on device"
level=warning msg="[linters_context/goanalysis] Failed to persist facts to cache: failed to save data to low-level cache by key inline/facts for package saferio: open /home/agent/.cache/golangci-lint/31/31ef4ea40529d23d46c60554180b079a33967a46af22f3bc1ce1b5ac380cdee6-a: no space left on device"
level=warning msg="[linters_context/goanalysis] Failed to persist facts to cache: failed to save data to low-level cache by key exhaustive/facts for package dnsmessage: open /home/agent/.cache/golangci-lint/7b/7b6c237372620e7c9bf77676d9c6656a210db999d441c6b810d99e2423368567-d: no space left on device"
level=warning msg="[linters_context/goanalysis] Failed to persist facts to cache: failed to save data to low-level cache by key printf/facts for package base64: open /home/agent/.cache/golangci-lint/e8/e8d86728b6eb0d5f50c367afd45548047751359153e1a8a04a2f94536a5978e8-a: no space left on device"
level=warning msg="[linters_context/goanalysis] Failed to persist facts to cache: failed to save data to low-level cache by key fact_deprecated/facts for package bytes: open /home/agent/.cache/golangci-lint/ee/eee10545994027f658d5b4f18172a7c8909a0aa9f9e8e2956fc6a0d5d83395c7-a: no space left on device"
level=warning msg="[linters_context/goanalysis] Failed to persist facts to cache: failed to save data to low-level cache by key inline/facts for package base32: open /home/agent/.cache/golangci-lint/de/de55afe8af69d2a25289303334c816fd4c05b4625d4b4d2da15580dca75388e0-a: no space left on device"
level=warning msg="[linters_context/goanalysis] Failed to persist facts to cache: failed to save data to low-level cache by key printf/facts for package dnsmessage: open /home/agent/.cache/golangci-lint/b7/b79f0c47b5cf907e53df729ae13fca7634cfdec48aac3e3b00377e90e4a7f8a5-a: no space left on device"
level=warning msg="[linters_context/goanalysis] Failed to persist facts to cache: failed to save data to low-level cache by key nilness/facts for package netip: open /home/agent/.cache/golangci-lint/ce/ce88affa3aa485a46cd3948894692017d17f292ca79774edf47de855cd38334e-d: no space left on device"
level=warning msg="[linters_context/goanalysis] Failed to persist facts to cache: failed to save data to low-level cache by key inline/facts for package godebug: open /home/agent/.cache/golangci-lint/c0/c002ca498d968b364ea2b46e1427a299b3a30d8d430a6812d2e9f8aa854229f0-a: no space left on device"
level=warning msg="[linters_context/goanalysis] Failed to persist facts to cache: failed to save data to low-level cache by key exhaustive/facts for package base32: open /home/agent/.cache/golangci-lint/d4/d4af619ea31d14656f0ab2791026e44178ae450e2226d63701bb6f248329f369-a: no space left on device"
level=warning msg="[linters_context/goanalysis] Failed to persist facts to cache: failed to save data to low-level cache by key SA5012/facts for package godebug: open /home/agent/.cache/golangci-lint/b4/b476225e732bc1d3bf2865882297c924980910a07a9e87e967a436c9d7636bc0-a: no space left on device"
level=warning msg="[linters_context/goanalysis] Failed to persist facts to cache: failed to save data to low-level cache by key ctrlflow/facts for package strings: open /home/agent/.cache/golangci-lint/7b/7b36cb3d89ed64ea440ad6a4725ca752699da7b9c95b12021e5fe25f46fe1620-a: no space left on device"
level=warning msg="[linters_context/goanalysis] Failed to persist facts to cache: failed to save data to low-level cache by key SA5012/facts for package saferio: open /home/agent/.cache/golangci-lint/2a/2a53eb74892516e63ec353e2054ce962a23dd3c478fcdeca799f592d7169df68-a: no space left on device"
level=warning msg="[linters_context/goanalysis] Failed to persist facts to cache: failed to save data to low-level cache by key inline/facts for package heap: open /home/agent/.cache/golangci-lint/77/77339a1ebf49029c16a2b8fdaa5734a608e0c01689deaf98f43be7db425d205f-a: no space left on device"
level=warning msg="[linters_context/goanalysis] Failed to persist facts to cache: failed to save data to low-level cache by key fact_deprecated/facts for package godebug: open /home/agent/.cache/golangci-lint/14/145e6bb235b1170dc76d2bcc2f14d32d89e5a8efdf2fcfeabd99a12b0424bcbb-a: no space left on device"
level=warning msg="[linters_context/goanalysis] Failed to persist facts to cache: failed to save data to low-level cache by key SA5012/facts for package bytes: open /home/agent/.cache/golangci-lint/4b/4b853c236ed6b90bd4c21cb5bbb7ab08b39fbe69e15bfa3a398cf3622bd0f777-a: no space left on device"
level=warning msg="[linters_context/goanalysis] Failed to persist facts to cache: failed to save data to low-level cache by key nilness/facts for package bytes: open /home/agent/.cache/golangci-lint/a9/a971c95cec6aba6983d9ef201d75d88b606f505d610d3671fbe1fecfb8a0a57d-d: no space left on device"
level=warning msg="[linters_context/goanalysis] Failed to persist facts to cache: failed to save data to low-level cache by key SA5012/facts for package base64: open /home/agent/.cache/golangci-lint/45/45742243834e562baca770860e6a5d3faccd15e4a918de4d74418114e2b112b3-a: no space left on device"
level=warning msg="[linters_context/goanalysis] Failed to persist facts to cache: failed to save data to low-level cache by key fact_purity/facts for package base64: open /home/agent/.cache/golangci-lint/ce/ce754f779b8491283a3faa32c188724807b47ee9e8ff0d21fa22da6690a1c8f6-a: no space left on device"
level=warning msg="[linters_context/goanalysis] Failed to persist facts to cache: failed to save data to low-level cache by key ctrlflow/facts for package hash: open /home/agent/.cache/golangci-lint/b2/b2982fef2c10665112907d431234929c330481df0d98838e7919d3e2f6f70a05-a: no space left on device"
level=warning msg="[linters_context/goanalysis] Failed to persist facts to cache: failed to save data to low-level cache by key inline/facts for package base64: open /home/agent/.cache/golangci-lint/62/62e8b09b18d1ead14e8734e6955628f3e7f27101579ad6fd39682c201a291165-a: no space left on device"
level=warning msg="[linters_context/goanalysis] Failed to persist facts to cache: failed to save data to low-level cache by key SA5012/facts for package hash: open /home/agent/.cache/golangci-lint/de/de1b14556473aa59eafb882a260b6c564fa67f04543a84d5cbb34d75832dc5f9-a: no space left on device"
level=warning msg="[linters_context/goanalysis] Failed to persist facts to cache: failed to save data to low-level cache by key fact_purity/facts for package saferio: open /home/agent/.cache/golangci-lint/34/34c0944b2117001d52b76d1784f5dcbed88d84f4cf4d807bb7368d0454ee2f5f-a: no space left on device"
level=warning msg="[linters_context/goanalysis] Failed to persist facts to cache: failed to save data to low-level cache by key printf/facts for package godebug: open /home/agent/.cache/golangci-lint/24/24c120fed8fc0b90bc3a8e6f01556c5cdeaf28b7f6dd4bb7201472e77adeec13-a: no space left on device"
level=warning msg="[linters_context/goanalysis] Failed to persist facts to cache: failed to save data to low-level cache by key SA5012/facts for package dnsmessage: open /home/agent/.cache/golangci-lint/2a/2a56fd9e71e1de2467c49459f0c747d4896bc8833a1dce78394b1d632efeeaa4-a: no space left on device"
level=warning msg="[linters_context/goanalysis] Failed to persist facts to cache: failed to save data to low-level cache by key nilness/facts for package hash: open /home/agent/.cache/golangci-lint/f5/f5e4873ee6b9738e34b54fa03cc6eef9b6b4f8b2ca4497a622a8c7aa34693469-a: no space left on device"
level=warning msg="[linters_context/goanalysis] Failed to persist facts to cache: failed to save data to low-level cache by key exhaustive/facts for package strings: open /home/agent/.cache/golangci-lint/92/9273bfe4928440752bc8ffdae7bf85b0cd27ab1fbad3330bee133c1d00085c5f-a: no space left on device"
level=warning msg="[linters_context/goanalysis] Failed to persist facts to cache: failed to save data to low-level cache by key printf/facts for package base32: open /home/agent/.cache/golangci-lint/3f/3f2984865b3792c7e480c3f30280475f2594d205990e212f27ebabc3962f1597-a: no space left on device"
level=warning msg="[linters_context/goanalysis] Failed to persist facts to cache: failed to save data to low-level cache by key nilness/facts for package godebug: open /home/agent/.cache/golangci-lint/b0/b051ea652eb6ff1ad8e8d406770ab3cd380efef6d8be992710e7598a6d2de15b-a: no space left on device"
level=warning msg="[linters_context/goanalysis] Failed to persist facts to cache: failed to save data to low-level cache by key fact_purity/facts for package dnsmessage: open /home/agent/.cache/golangci-lint/93/93951d8c6f35993a40e5fa7f455c9ae49e5bcdef36240d6c6a0157060a3e5079-a: no space left on device"
level=warning msg="[linters_context/goanalysis] Failed to persist facts to cache: failed to save data to low-level cache by key fact_purity/facts for package godebug: open /home/agent/.cache/golangci-lint/99/99173bf88719b6bad98eb0a8940d2bd9857d67d4a6780de9ad214a2e6b382550-a: no space left on device"
level=warning msg="[linters_context/goanalysis] Failed to persist facts to cache: failed to save data to low-level cache by key exhaustive/facts for package heap: open /home/agent/.cache/golangci-lint/11/11485d1dfaacbbc1d7f4ac238ffd6401822167bd9a88c7dd2bbfd1f80ad614d1-a: no space left on device"
level=warning msg="[linters_context/goanalysis] Failed to persist facts to cache: failed to save data to low-level cache by key nilness/facts for package base64: open /home/agent/.cache/golangci-lint/b4/b44b95555de4c4175b509733d045ccd1c350b83a871023afe33a4e23fee5a92c-d: no space left on device"
level=warning msg="[linters_context/goanalysis] Failed to persist facts to cache: failed to save data to low-level cache by key ctrlflow/facts for package heap: open /home/agent/.cache/golangci-lint/55/556e294a870f3ad86137a4711a511e7e31acddf2b101e6313213f58bb609c5a7-a: no space left on device"
level=warning msg="[linters_context/goanalysis] Failed to persist facts to cache: failed to save data to low-level cache by key fact_deprecated/facts for package base32: open /home/agent/.cache/golangci-lint/0a/0a5caad9e2f00e9d7bf3c4e8924c12cb48f6e37301c8f316185eb9166a3928d7-a: no space left on device"
level=warning msg="[linters_context/goanalysis] Failed to persist facts to cache: failed to save data to low-level cache by key printf/facts for package heap: open /home/agent/.cache/golangci-lint/ba/ba00df945935d81694daaac9aafd40727ce81a00e970ecd47ab37e288e9917a1-a: no space left on device"
level=warning msg="[linters_context/goanalysis] Failed to persist facts to cache: failed to save data to low-level cache by key inline/facts for package strings: open /home/agent/.cache/golangci-lint/85/85473eed63adbfe06cfdde27caa67e9a0285f91eb206c7f168ce47430060ac70-a: no space left on device"
level=warning msg="[linters_context/goanalysis] Failed to persist facts to cache: failed to save data to low-level cache by key exhaustive/facts for package bytes: open /home/agent/.cache/golangci-lint/72/72c0c67ca31da751ad58d489bb8990921da30561e8bf2f5abd8fda3e1c99067e-d: no space left on device"
level=warning msg="[linters_context/goanalysis] Failed to persist facts to cache: failed to save data to low-level cache by key printf/facts for package strings: open /home/agent/.cache/golangci-lint/91/91da51ae944964676c75bc1877a3f2291cac346de697f3b3e664094ee111863f-a: no space left on device"
level=warning msg="[linters_context/goanalysis] Failed to persist facts to cache: failed to save data to low-level cache by key fact_purity/facts for package hash: open /home/agent/.cache/golangci-lint/19/19e0daa55e84beba5c3edeb6fddb002bb328d7b0ded0b1286155caca43887953-a: no space left on device"
level=warning msg="[linters_context/goanalysis] Failed to persist facts to cache: failed to save data to low-level cache by key ctrlflow/facts for package rand: open /home/agent/.cache/golangci-lint/d5/d55e3b6fd4d7d38166d6529818f096d606d5e1b84b732dec085b327908cd670f-a: no space left on device"
level=warning msg="[linters_context/goanalysis] Failed to persist facts to cache: failed to save data to low-level cache by key inline/facts for package rand: open /home/agent/.cache/golangci-lint/43/437bbe3e4497f0ae653aceebbfb0ce518e002fabdf50a7f7f7afb9dccfd4a69b-a: no space left on device"
level=warning msg="[linters_context/goanalysis] Failed to persist facts to cache: failed to save data to low-level cache by key nilness/facts for package dnsmessage: open /home/agent/.cache/golangci-lint/1a/1afa9a72e2cb8c28e6c801c321a415b41be281c0310909fdafefa9ab0eaaa340-d: no space left on device"
level=warning msg="[linters_context/goanalysis] Failed to persist facts to cache: failed to save data to low-level cache by key exhaustive/facts for package rand: open /home/agent/.cache/golangci-lint/21/2194a8e42d8556bb14809694668993b2eabcbc0a7c75b36bacbd2294c1194798-a: no space left on device"
level=warning msg="[linters_context/goanalysis] Failed to persist facts to cache: failed to save data to low-level cache by key fact_purity/facts for package bytes: open /home/agent/.cache/golangci-lint/6a/6a872e0de4e6aa68566d9d0eba7569b590d4be8420c449b4ef3ec21a4b8a95c4-a: no space left on device"
level=warning msg="[linters_context/goanalysis] Failed to persist facts to cache: failed to save data to low-level cache by key printf/facts for package saferio: open /home/agent/.cache/golangci-lint/76/762e39dd010ed44bdb6d58e82e24ce173004101cc0c9adc7a18e16ba3efd53eb-a: no space left on device"
level=warning msg="[linters_context/goanalysis] Failed to persist facts to cache: failed to save data to low-level cache by key ctrlflow/facts for package base32: open /home/agent/.cache/golangci-lint/3f/3ff5d7c4d79e6816190901f3a1237f03d7430f06b0fddb107d15454a0069bf02-a: no space left on device"
level=warning msg="[linters_context/goanalysis] Failed to persist facts to cache: failed to save data to low-level cache by key ctrlflow/facts for package adler32: open /home/agent/.cache/golangci-lint/a9/a9718147b7e901abf5c3a6c5b7bcc9968796ad2fe8b54afd424976f77198c82f-a: no space left on device"
level=warning msg="[linters_context/goanalysis] Failed to persist facts to cache: failed to save data to low-level cache by key printf/facts for package adler32: open /home/agent/.cache/golangci-lint/03/032410115c908bb12ee12c766c157b223fb6d294ab054f62ad8d09f793e3525c-a: no space left on device"
level=warning msg="[linters_context/goanalysis] Failed to persist facts to cache: failed to save data to low-level cache by key inline/facts for package adler32: open /home/agent/.cache/golangci-lint/a1/a1c4bc7fade9f30f9a66607ca546ba6492bc900fed1764f01cbe7d3a15a16d0d-a: no space left on device"
level=warning msg="[linters_context/goanalysis] Failed to persist facts to cache: failed to save data to low-level cache by key fact_deprecated/facts for package adler32: open /home/agent/.cache/golangci-lint/e5/e5869e2e4e5bc643910ae0d6382b83d7193d97cc6b5a2cb4c2fadf44b466e603-a: no space left on device"
level=warning msg="[linters_context/goanalysis] Failed to persist facts to cache: failed to save data to low-level cache by key SA5012/facts for package adler32: open /home/agent/.cache/golangci-lint/fd/fd8a760011715fe02dadf0dbd8e5b7a9dd500a51903e7b55a722bf1397ab511d-a: no space left on device"
level=warning msg="[linters_context/goanalysis] Failed to persist facts to cache: failed to save data to low-level cache by key exhaustive/facts for package adler32: open /home/agent/.cache/golangci-lint/9a/9a72f963e71359863e9b40b19739e4315f29d22c80a8336bb9d0851b2863a333-a: no space left on device"
level=warning msg="[linters_context/goanalysis] Failed to persist facts to cache: failed to save data to low-level cache by key fact_purity/facts for package adler32: open /home/agent/.cache/golangci-lint/43/43f5a91c871f6d932734bf5615a71b0879fc49ca7646ce3aecd39fef0cc96f46-a: no space left on device"
level=warning msg="[linters_context/goanalysis] Failed to persist facts to cache: failed to save data to low-level cache by key exhaustive/facts for package crypto: open /home/agent/.cache/golangci-lint/e7/e7ce39c99c018d884ce2dd7dd190f2e5503872254dd57361763feede7cc9fa07-d: no space left on device"
level=warning msg="[linters_context/goanalysis] Failed to persist facts to cache: failed to save data to low-level cache by key SA5012/facts for package heap: open /home/agent/.cache/golangci-lint/89/89126ae7e4e2018af6bf4980cd72728dad58e20fb828c7eafeafd209c06c9a52-a: no space left on device"
level=warning msg="[linters_context/goanalysis] Failed to persist facts to cache: failed to save data to low-level cache by key fact_purity/facts for package heap: open /home/agent/.cache/golangci-lint/90/903a49825d420490749aa4d5ddf7ac9784a0f6b8ca94b1f14285a6ed817907e7-a: no space left on device"
level=warning msg="[linters_context/goanalysis] Failed to persist facts to cache: failed to save data to low-level cache by key fact_deprecated/facts for package heap: open /home/agent/.cache/golangci-lint/c1/c1ee6dcac14c5ea6ac67d33e2a9a34933ee3f20b735eeffab1d27c909171ec24-a: no space left on device"
level=warning msg="[linters_context/goanalysis] Failed to persist facts to cache: failed to save data to low-level cache by key nilness/facts for package heap: open /home/agent/.cache/golangci-lint/57/5752e9d5a9bb793b2151d3a3032f21184ffbf8ef7dce43a1b4a7a79acdba16d2-a: no space left on device"
level=warning msg="[linters_context/goanalysis] Failed to persist facts to cache: failed to save data to low-level cache by key SA5012/facts for package rand: open /home/agent/.cache/golangci-lint/26/260ebfb548734d2c8d06fb0ca2b9543ad85643e75fc952324cf694060daddce9-a: no space left on device"
level=warning msg="[linters_context/goanalysis] Failed to persist facts to cache: failed to save data to low-level cache by key printf/facts for package crypto: open /home/agent/.cache/golangci-lint/fb/fb0b1347ed668c66749b031139c58f870ff1056d2c1a462214d9013b9a76f6a4-a: no space left on device"
level=warning msg="[linters_context/goanalysis] Failed to persist facts to cache: failed to save data to low-level cache by key fact_deprecated/facts for package reflect: open /home/agent/.cache/golangci-lint/cf/cfead0956d442681002c17d2bf8df7bbebb5376ba67577f0f1b74328c7a9f0b1-a: no space left on device"
level=warning msg="[linters_context/goanalysis] Failed to persist facts to cache: failed to save data to low-level cache by key SA5012/facts for package strings: open /home/agent/.cache/golangci-lint/0a/0a670bf822ba84f244aa6cf8f709088e84ec8fdaf23605d704efcd1eb2072df9-a: no space left on device"
level=warning msg="[linters_context/goanalysis] Failed to persist facts to cache: failed to save data to low-level cache by key fact_deprecated/facts for package crypto: open /home/agent/.cache/golangci-lint/01/017cc37c58080b4792677a17bf390bafa328dd8e6272fcb8f07f564b609a600f-a: no space left on device"
level=warning msg="[linters_context/goanalysis] Failed to persist facts to cache: failed to save data to low-level cache by key fact_purity/facts for package rand: open /home/agent/.cache/golangci-lint/b3/b375b303761feddf4e366e93722587271174417e3f60cf482cec49169b0d4229-a: no space left on device"
level=warning msg="[linters_context/goanalysis] Failed to persist facts to cache: failed to save data to low-level cache by key fact_purity/facts for package strings: open /home/agent/.cache/golangci-lint/61/6171896d78c3e6f86b0c9b139edec375ace5b8b458b57e745e4d8cf124240684-d: no space left on device"
level=warning msg="[linters_context/goanalysis] Failed to persist facts to cache: failed to save data to low-level cache by key inline/facts for package crypto: open /home/agent/.cache/golangci-lint/00/00c9c7651770ebd46788393544026bd01bbad0daf6e61e0dcf1f41b0e893f5e0-a: no space left on device"
level=warning msg="[linters_context/goanalysis] Failed to persist facts to cache: failed to save data to low-level cache by key ctrlflow/facts for package crypto: open /home/agent/.cache/golangci-lint/e7/e70e4aa57949e974a77eac94aeeb848186868d89ee2cbe342787048ae2d170d7-a: no space left on device"
level=warning msg="[linters_context/goanalysis] Failed to persist facts to cache: failed to save data to low-level cache by key nilness/facts for package rand: open /home/agent/.cache/golangci-lint/c1/c171e6524fdcc1082a52f7723697a50a4e98aca76e9c37abac029afdfdc7d177-d: no space left on device"
level=warning msg="[linters_context/goanalysis] Failed to persist facts to cache: failed to save data to low-level cache by key fact_purity/facts for package base32: open /home/agent/.cache/golangci-lint/86/8683853245f9404945c83a9dfc285f57207ae78616ca5516dd7f4e43e40219c0-a: no space left on device"
level=warning msg="[linters_context/goanalysis] Failed to persist facts to cache: failed to save data to low-level cache by key fact_deprecated/facts for package rand: open /home/agent/.cache/golangci-lint/25/25202cc6870277f4edcd24ce8dfec136d37ee21426c5e7923902322bb599c378-a: no space left on device"
level=warning msg="[linters_context/goanalysis] Failed to persist facts to cache: failed to save data to low-level cache by key nilness/facts for package adler32: open /home/agent/.cache/golangci-lint/22/22324e1e99e6b044c88b3e8f5a0beb52f3e1a0184cffe2bd7ccd85fe411c2919-a: no space left on device"
level=warning msg="[linters_context/goanalysis] Failed to persist facts to cache: failed to save data to low-level cache by key printf/facts for package rand: open /home/agent/.cache/golangci-lint/9a/9a0b9ee5c28994054deb3b0021f4bb37c9e3bf87bfc962423cf6ddcd98502e99-a: no space left on device"
level=warning msg="[linters_context/goanalysis] Failed to persist facts to cache: failed to save data to low-level cache by key SA5012/facts for package base32: open /home/agent/.cache/golangci-lint/9a/9ae70fe28a3bc623ba8c580379d129eb7931ff647930917e44bf8a64b8c70e6a-a: no space left on device"
level=warning msg="[linters_context/goanalysis] Failed to persist facts to cache: failed to save data to low-level cache by key SA5012/facts for package crypto: open /home/agent/.cache/golangci-lint/35/3576834defc8b1e9db278814ed9b343a39d94a2ed1d04bd73a1fed37607cfe82-a: no space left on device"
level=warning msg="[linters_context/goanalysis] Failed to persist facts to cache: failed to save data to low-level cache by key nilness/facts for package base32: open /home/agent/.cache/golangci-lint/91/9135f5a29ab84c01419dd391c575fd9e12a2dfc60d859b2147b48911a8b1a567-d: no space left on device"
level=warning msg="[linters_context/goanalysis] Failed to persist facts to cache: failed to save data to low-level cache by key nilness/facts for package crypto: open /home/agent/.cache/golangci-lint/8f/8f70fec9fd5b18c98d8e9834974007cc7282f7a3d04e52885b9a7ac26892183b-a: no space left on device"
level=warning msg="[linters_context/goanalysis] Failed to persist facts to cache: failed to save data to low-level cache by key fact_purity/facts for package crypto: open /home/agent/.cache/golangci-lint/9b/9b2a7a444d2e5b20b7166de354f4892775cd2090daa3dccfbdf7bf911a8767da-a: no space left on device"
level=warning msg="[linters_context/goanalysis] Failed to persist facts to cache: failed to save data to low-level cache by key nilness/facts for package strings: open /home/agent/.cache/golangci-lint/67/67f0a2d9e2b4f8b70d76e529595ef0ed179babbe6d2e975aa238445eca34509c-d: no space left on device"
level=warning msg="[linters_context/goanalysis] Failed to persist facts to cache: failed to save data to low-level cache by key fact_deprecated/facts for package syscall: open /home/agent/.cache/golangci-lint/b6/b6085f6604deb5608c3e37a91f024a0b05c5997462b3bad1cfbeb6473aac6023-d: no space left on device"
level=warning msg="[linters_context/goanalysis] Failed to persist facts to cache: failed to save data to low-level cache by key ctrlflow/facts for package reflect: open /home/agent/.cache/golangci-lint/a5/a55b519df03cb5a71bc63f1b8eec6df5f6d305d4189d3c51eec9eb6a0a81c1dd-a: no space left on device"
level=warning msg="[linters_context/goanalysis] Failed to persist facts to cache: failed to save data to low-level cache by key ctrlflow/facts for package syscall: open /home/agent/.cache/golangci-lint/d8/d8ba804f782570c35d7ec6851b0f0f038cfb39e486037a68b3fdfc165f867a73-a: no space left on device"
level=warning msg="[linters_context/goanalysis] Failed to persist facts to cache: failed to save data to low-level cache by key printf/facts for package impl: open /home/agent/.cache/golangci-lint/33/3365a6a89e374bffaf9bcdca0ad5f6297f05652d91f82b2569980956f6d940f5-a: no space left on device"
level=warning msg="[linters_context/goanalysis] Failed to persist facts to cache: failed to save data to low-level cache by key fact_deprecated/facts for package impl: open /home/agent/.cache/golangci-lint/11/11f058707162f801258dfd21689bf9781ffc787b44b1619ca95aed2877572fbc-a: no space left on device"
level=warning msg="[linters_context/goanalysis] Failed to persist facts to cache: failed to save data to low-level cache by key exhaustive/facts for package impl: open /home/agent/.cache/golangci-lint/ad/ad939751808b851288154c9b9520118aa2d587e490344dac0aab20b55981697c-a: no space left on device"
level=warning msg="[linters_context/goanalysis] Failed to persist facts to cache: failed to save data to low-level cache by key inline/facts for package impl: open /home/agent/.cache/golangci-lint/9c/9c4b3dfc620d1a60943441c1efb6110cb9a4bc5c12f4e078ff39864afc454c13-a: no space left on device"
level=warning msg="[linters_context/goanalysis] Failed to persist facts to cache: failed to save data to low-level cache by key ctrlflow/facts for package impl: open /home/agent/.cache/golangci-lint/64/64d768542fb4bdc54c603b387a59506416a0a38d342b57e3fd4817b9198904fb-a: no space left on device"
level=warning msg="[linters_context/goanalysis] Failed to persist facts to cache: failed to save data to low-level cache by key printf/facts for package reflect: open /home/agent/.cache/golangci-lint/ff/ff2c24363f6a5a7cf450abff4fa058de950a81fdb20c5abdefecdc8a56e68275-a: no space left on device"
level=warning msg="[linters_context/goanalysis] Failed to persist facts to cache: failed to save data to low-level cache by key SA5012/facts for package impl: open /home/agent/.cache/golangci-lint/96/9698c7ceed3e4a1f88fd78f4ac7a0417c831f727fd96e49445329498f3b379d0-a: no space left on device"
level=warning msg="[linters_context/goanalysis] Failed to persist facts to cache: failed to save data to low-level cache by key fact_purity/facts for package impl: open /home/agent/.cache/golangci-lint/0a/0addb3e67a3b1680733427417c4df405f1614e2b2eb79504f3e95a69f9ec0884-a: no space left on device"
level=warning msg="[linters_context/goanalysis] Failed to persist facts to cache: failed to save data to low-level cache by key nilness/facts for package impl: open /home/agent/.cache/golangci-lint/f6/f6090fea32ac3d7cd323eadf4d3b51da7a59ad9961429492e1cc92429f4df8a6-a: no space left on device"
level=warning msg="[linters_context/goanalysis] Failed to persist facts to cache: failed to save data to low-level cache by key inline/facts for package reflect: open /home/agent/.cache/golangci-lint/b5/b57f8726cb626a283a11fd5f6377d27391ffa01873050a4133d7007f94ebf4d4-a: no space left on device"
level=warning msg="[linters_context/goanalysis] Failed to persist facts to cache: failed to save data to low-level cache by key inline/facts for package syscall: open /home/agent/.cache/golangci-lint/71/71797385ce75c5d98b93d9eec5611f9bff36ef9302dc47981bbd5e3814bffaf9-a: no space left on device"
level=warning msg="[linters_context/goanalysis] Failed to persist facts to cache: failed to save data to low-level cache by key exhaustive/facts for package syscall: open /home/agent/.cache/golangci-lint/03/03c612076b48dca199d8badace6a28241e7eaab72f80844329fc4eabd831bf12-d: no space left on device"
level=warning msg="[linters_context/goanalysis] Failed to persist facts to cache: failed to save data to low-level cache by key printf/facts for package syscall: open /home/agent/.cache/golangci-lint/95/954a612395c33d6801bf6749f93b79d706b473e03ad028d4b3d6a885d35157cb-a: no space left on device"
level=warning msg="[linters_context/goanalysis] Failed to persist facts to cache: failed to save data to low-level cache by key exhaustive/facts for package bufio: open /home/agent/.cache/golangci-lint/35/357378a151fcb8f4bb63267e1afa2035fc6338fe9fa9c309a4c267137f1f6525-a: no space left on device"
level=warning msg="[linters_context/goanalysis] Failed to persist facts to cache: failed to save data to low-level cache by key inline/facts for package bufio: open /home/agent/.cache/golangci-lint/11/11067daffba5da3ce324139091513b23120ff70157c436421955b3a2044a6e19-a: no space left on device"
level=warning msg="[linters_context/goanalysis] Failed to persist facts to cache: failed to save data to low-level cache by key inline/facts for package fips140: open /home/agent/.cache/golangci-lint/52/527ca08c4f4cf7b2a07c7b72874d817ecf851077da50bad9af1616cebea67778-a: no space left on device"
level=warning msg="[linters_context/goanalysis] Failed to persist facts to cache: failed to save data to low-level cache by key ctrlflow/facts for package jsonwire: open /home/agent/.cache/golangci-lint/6a/6a30f242c4c2d7dffbbfbc743a3a88ec00d545d1269acd93a5f1328ad86985b4-a: no space left on device"
level=warning msg="[linters_context/goanalysis] Failed to persist facts to cache: failed to save data to low-level cache by key ctrlflow/facts for package semver: open /home/agent/.cache/golangci-lint/44/44f014adbf6cee7618b6782f87ccf24a469269295a106616af38130f8bec018a-a: no space left on device"
level=warning msg="[linters_context/goanalysis] Failed to persist facts to cache: failed to save data to low-level cache by key printf/facts for package jsonwire: open /home/agent/.cache/golangci-lint/83/839db278b04e86c28c6cc1f76cf7a024016d2a9ca0e203655f698eba128f3fab-a: no space left on device"
level=warning msg="[linters_context/goanalysis] Failed to persist facts to cache: failed to save data to low-level cache by key inline/facts for package jsonwire: open /home/agent/.cache/golangci-lint/6a/6a9ea706b9e370b2d9ec7df6f5e02e26bb85c5296fc1339d9857953efdbb5b2b-a: no space left on device"
level=warning msg="[linters_context/goanalysis] Failed to persist facts to cache: failed to save data to low-level cache by key printf/facts for package fips140: open /home/agent/.cache/golangci-lint/8f/8f56564b3ad45ab73e4758b9ef096bae696f57a7cd96ed3b9fec3537d2292cc3-a: no space left on device"
level=warning msg="[linters_context/goanalysis] Failed to persist facts to cache: failed to save data to low-level cache by key printf/facts for package bufio: open /home/agent/.cache/golangci-lint/f9/f9baecc14f2b3542bbbcd9115a6a71d05fd4237854d3cb9fc063a2fcbe6ec471-a: no space left on device"
level=warning msg="[linters_context/goanalysis] Failed to persist facts to cache: failed to save data to low-level cache by key fact_deprecated/facts for package bufio: open /home/agent/.cache/golangci-lint/2d/2d8b84b6bfd84273e18830d10df82c805d8e3d82a7cb18aae94fc8fe715fc3ae-a: no space left on device"
level=warning msg="[linters_context/goanalysis] Failed to persist facts to cache: failed to save data to low-level cache by key ctrlflow/facts for package bufio: open /home/agent/.cache/golangci-lint/88/88669a9d93c9af9c09e899148049d716e7c8fb31699639cb1aa1d6d6939e9bb4-a: no space left on device"
level=warning msg="[linters_context/goanalysis] Failed to persist facts to cache: failed to save data to low-level cache by key ctrlflow/facts for package fips140: open /home/agent/.cache/golangci-lint/f2/f2678226793f82dbed3b862e559723fbd85d1c440a1c08a09f1394227bc144cc-a: no space left on device"
level=warning msg="[linters_context/goanalysis] Failed to persist facts to cache: failed to save data to low-level cache by key exhaustive/facts for package fips140: open /home/agent/.cache/golangci-lint/7b/7bd2c88640fbd31de8f9bb7af6751cae38d5992f26e28665f0dfe8c7251aa7a5-a: no space left on device"
level=warning msg="[linters_context/goanalysis] Failed to persist facts to cache: failed to save data to low-level cache by key fact_deprecated/facts for package fips140: open /home/agent/.cache/golangci-lint/66/66c75466913fe884d732e0be75dde9614d8f8cca94bacaa01f2c2769847f8b3b-a: no space left on device"
level=warning msg="[linters_context/goanalysis] Failed to persist facts to cache: failed to save data to low-level cache by key fact_deprecated/facts for package constraint: open /home/agent/.cache/golangci-lint/b8/b8814a9e549d729e58f813d86e2fad28be226ed517d17f87b5e5d4b5a9ce2cef-a: no space left on device"
level=warning msg="[linters_context/goanalysis] Failed to persist facts to cache: failed to save data to low-level cache by key printf/facts for package semver: open /home/agent/.cache/golangci-lint/98/988d040adc37107585f00db2f7fcb6d964acdc79632605846844946e6f136e1e-a: no space left on device"
level=warning msg="[linters_context/goanalysis] Failed to persist facts to cache: failed to save data to low-level cache by key inline/facts for package semver: open /home/agent/.cache/golangci-lint/4c/4c843625785d896ea58c85fd30afff600f8d6b3a84d36fb5b53a1126794e0022-a: no space left on device"
level=warning msg="[linters_context/goanalysis] Failed to persist facts to cache: failed to save data to low-level cache by key exhaustive/facts for package semver: open /home/agent/.cache/golangci-lint/d7/d74ac10a50381b3b5530960b1cd7d277c629780f527cfed91c837667cc7b7ab4-a: no space left on device"
level=warning msg="[linters_context/goanalysis] Failed to persist facts to cache: failed to save data to low-level cache by key ctrlflow/facts for package constraint: open /home/agent/.cache/golangci-lint/14/14c8ac35ff6b28d59b85e9e3890606f0151fa6fab66792cde6836a963e44ca80-a: no space left on device"
level=warning msg="[linters_context/goanalysis] Failed to persist facts to cache: failed to save data to low-level cache by key fact_deprecated/facts for package jsonwire: open /home/agent/.cache/golangci-lint/1b/1bacb73872f5dfbb8eec5ddd82bb47e9bb917cdc92a4939ab9f593efe311ddcb-a: no space left on device"
level=warning msg="[linters_context/goanalysis] Failed to persist facts to cache: failed to save data to low-level cache by key printf/facts for package constraint: open /home/agent/.cache/golangci-lint/1a/1a151e675cb3056f1698e8107a8edf3c76a6aca6bab4ea93de1929a1f9c04c24-a: no space left on device"
level=warning msg="[linters_context/goanalysis] Failed to persist facts to cache: failed to save data to low-level cache by key fact_deprecated/facts for package semver: open /home/agent/.cache/golangci-lint/d5/d58284764197f4e61017e341d6726a128c828f276dfb4eb8c742576dd6d49ef9-a: no space left on device"
level=warning msg="[linters_context/goanalysis] Failed to persist facts to cache: failed to save data to low-level cache by key inline/facts for package constraint: open /home/agent/.cache/golangci-lint/84/84e4bdc074d2da4560f5e00d5d84dee267611a04235e40264f0a6add7763ba2f-a: no space left on device"
level=warning msg="[linters_context/goanalysis] Failed to persist facts to cache: failed to save data to low-level cache by key exhaustive/facts for package constraint: open /home/agent/.cache/golangci-lint/e8/e8dc8b77e6046f0dd35f4b9af40d6ca0471a5d1a66a69212c45e588b973056cf-a: no space left on device"
level=warning msg="[linters_context/goanalysis] Failed to persist facts to cache: failed to save data to low-level cache by key exhaustive/facts for package jsonwire: open /home/agent/.cache/golangci-lint/85/850df50d5785f4cc03e15a31313269d901b0919225da767331eeb02603b81211-d: no space left on device"
level=warning msg="[linters_context/goanalysis] Failed to persist facts to cache: failed to save data to low-level cache by key SA5012/facts for package semver: open /home/agent/.cache/golangci-lint/8f/8fb6236a37f8d392e27652bfec78275a7bcb227fda22b38b80b3475b5eb1a52b-a: no space left on device"
level=warning msg="[linters_context/goanalysis] Failed to persist facts to cache: failed to save data to low-level cache by key fact_purity/facts for package semver: open /home/agent/.cache/golangci-lint/55/55f9c4e0482b955172689a7b254faf07cae9156522b7c124149d284f5da2f2c9-a: no space left on device"
level=warning msg="[linters_context/goanalysis] Failed to persist facts to cache: failed to save data to low-level cache by key nilness/facts for package semver: open /home/agent/.cache/golangci-lint/4d/4de98ff65dd70873b924d006a0ae9ce8fb8e456279d837c500a2c1f867abb3db-a: no space left on device"
level=warning msg="[linters_context/goanalysis] Failed to persist facts to cache: failed to save data to low-level cache by key exhaustive/facts for package reflect: open /home/agent/.cache/golangci-lint/7b/7b9cf7f242cd5ba7359f4a944a9e24f987002b49edeae19bca7eddb612f6c7b5-d: no space left on device"
level=warning msg="[linters_context/goanalysis] Failed to persist facts to cache: failed to save data to low-level cache by key SA5012/facts for package constraint: open /home/agent/.cache/golangci-lint/ea/ea03f111d02425f44c29fa8c84350e3dad7f2cda0a0b8a0cf4bbaca4feb5ff62-a: no space left on device"
level=warning msg="[linters_context/goanalysis] Failed to persist facts to cache: failed to save data to low-level cache by key nilness/facts for package fips140: open /home/agent/.cache/golangci-lint/88/88b36216095c5eb7671c51ce45f93298a7e4df2e374aef31431088db23c62176-a: no space left on device"
level=warning msg="[linters_context/goanalysis] Failed to persist facts to cache: failed to save data to low-level cache by key fact_purity/facts for package constraint: open /home/agent/.cache/golangci-lint/19/19dbcf6cd1f8b4ab0911bafeefa4c9aa14f14b0e95b83f307127290eedf206a8-a: no space left on device"
level=warning msg="[linters_context/goanalysis] Failed to persist facts to cache: failed to save data to low-level cache by key SA5012/facts for package fips140: open /home/agent/.cache/golangci-lint/7c/7cea84f7fd0c194cb9aed1bec5eb7d199fa60a2080480daea2f9d455168ccf75-a: no space left on device"
level=warning msg="[linters_context/goanalysis] Failed to persist facts to cache: failed to save data to low-level cache by key fact_purity/facts for package fips140: open /home/agent/.cache/golangci-lint/60/607bb57e94e4f4fa2d7d2dd1044e7be86153028cf8e523d686adba3c2a00d838-a: no space left on device"
level=warning msg="[linters_context/goanalysis] Failed to persist facts to cache: failed to save data to low-level cache by key nilness/facts for package constraint: open /home/agent/.cache/golangci-lint/36/364bc5d9a2c01f02f8d98e96828d99abf7b21bcaa579da6517c51f57ab0467a1-a: no space left on device"
level=warning msg="[linters_context/goanalysis] Failed to persist facts to cache: failed to save data to low-level cache by key fact_deprecated/facts for package syntax: open /home/agent/.cache/golangci-lint/60/60066dda159c0d9d4f389bb05eb3c7d34f243e176801458316e6234d5141cfff-a: no space left on device"
level=warning msg="[linters_context/goanalysis] Failed to persist facts to cache: failed to save data to low-level cache by key fact_deprecated/facts for package sha256: open /home/agent/.cache/golangci-lint/a7/a77d61c6b670ee7c2cddc58b8e5e5dae1ef9df2fda16d94d30fd3d010048524b-a: no space left on device"
level=warning msg="[linters_context/goanalysis] Failed to persist facts to cache: failed to save data to low-level cache by key fact_purity/facts for package bufio: open /home/agent/.cache/golangci-lint/fb/fb5dc051cafc4d35e49dcf90eed0e3632e225607f1ac8d474908cdef9cf77d08-a: no space left on device"
level=warning msg="[linters_context/goanalysis] Failed to persist facts to cache: failed to save data to low-level cache by key SA5012/facts for package jsonwire: open /home/agent/.cache/golangci-lint/b7/b72099c2c691720a4c038df0c634673ce019f6e85308f319f0eb3281112b4ce0-a: no space left on device"
level=warning msg="[linters_context/goanalysis] Failed to persist facts to cache: failed to save data to low-level cache by key fact_deprecated/facts for package sha512: open /home/agent/.cache/golangci-lint/e9/e99cc77316b83c2d087746a0faaeb29c93190e689d20c18f638f1d6c5c7e7fd3-a: no space left on device"
level=warning msg="[linters_context/goanalysis] Failed to persist facts to cache: failed to save data to low-level cache by key printf/facts for package sha256: open /home/agent/.cache/golangci-lint/a1/a1b814965f67b2808bc61c18d8961987ff1db4a39de1da259fdd19ed24f6229c-a: no space left on device"
level=warning msg="[linters_context/goanalysis] Failed to persist facts to cache: failed to save data to low-level cache by key ctrlflow/facts for package sha256: open /home/agent/.cache/golangci-lint/bb/bbaa68d79d81319c4a0151e153be8997c9550ebe25982467e7fa3379182f6ad5-a: no space left on device"
level=warning msg="[linters_context/goanalysis] Failed to persist facts to cache: failed to save data to low-level cache by key exhaustive/facts for package sha256: open /home/agent/.cache/golangci-lint/1b/1b1a6bb624d7659a4e744a0fc986d050d1b53a92953dbfceb4192cf66383274f-a: no space left on device"
level=warning msg="[linters_context/goanalysis] Failed to persist facts to cache: failed to save data to low-level cache by key printf/facts for package sha512: open /home/agent/.cache/golangci-lint/f7/f7fb66114992ea2d6d4c6e51416381735ddccb2ff5dd1a34c76209ec5536d2c3-a: no space left on device"
level=warning msg="[linters_context/goanalysis] Failed to persist facts to cache: failed to save data to low-level cache by key fact_purity/facts for package jsonwire: open /home/agent/.cache/golangci-lint/e6/e699b151ba6c38c4dd63a5dd40cdc1ef257839f571bdca0e319dbbbc79dbbe3a-a: no space left on device"
level=warning msg="[linters_context/goanalysis] Failed to persist facts to cache: failed to save data to low-level cache by key inline/facts for package sha512: open /home/agent/.cache/golangci-lint/41/41bf0aa9d7c3d6165be0e68da89f89c6b233d86589c85a71d8adf51de1af7bbb-a: no space left on device"
level=warning msg="[linters_context/goanalysis] Failed to persist facts to cache: failed to save data to low-level cache by key printf/facts for package syntax: open /home/agent/.cache/golangci-lint/fe/feb4344c54c5d595d6f1e7a7e3c525449b583fc6c7667f0fc88246b88695f570-a: no space left on device"
level=warning msg="[linters_context/goanalysis] Failed to persist facts to cache: failed to save data to low-level cache by key exhaustive/facts for package sha512: open /home/agent/.cache/golangci-lint/80/80dc0f04ee9ffa408757fe750b02093dc0a5d4d6dca61ad6b74d3c5bbbb6137b-a: no space left on device"
level=warning msg="[linters_context/goanalysis] Failed to persist facts to cache: failed to save data to low-level cache by key SA5012/facts for package sha256: open /home/agent/.cache/golangci-lint/9d/9d0cacc346ff3d7d828243ed42e026644d5f34f3e47a07485d1d4c5399936fbf-a: no space left on device"
level=warning msg="[linters_context/goanalysis] Failed to persist facts to cache: failed to save data to low-level cache by key ctrlflow/facts for package sha512: open /home/agent/.cache/golangci-lint/b3/b30f17b605a428b8a8ade16365305a8407de72d7a6bc7b629e76d0d4be5e5b79-a: no space left on device"
level=warning msg="[linters_context/goanalysis] Failed to persist facts to cache: failed to save data to low-level cache by key inline/facts for package sha256: open /home/agent/.cache/golangci-lint/80/807f6dd260c041d90363287639179e792a3e067412c79887eafd1556e124039e-a: no space left on device"
level=warning msg="[linters_context/goanalysis] Failed to persist facts to cache: failed to save data to low-level cache by key ctrlflow/facts for package syntax: open /home/agent/.cache/golangci-lint/3d/3d6a7d6d4a3e3ca1198a8f7e390da151ed58f5c95967e70025b924e6c3d1a478-a: no space left on device"
level=warning msg="[linters_context/goanalysis] Failed to persist facts to cache: failed to save data to low-level cache by key SA5012/facts for package bufio: open /home/agent/.cache/golangci-lint/2c/2ccbba088892ef72ff521d5b7590ee910fbcc941767db407b4397a040d2755b2-a: no space left on device"
level=warning msg="[linters_context/goanalysis] Failed to persist facts to cache: failed to save data to low-level cache by key nilness/facts for package bufio: open /home/agent/.cache/golangci-lint/65/65a0bd1de08a4ebc8da2095a5556c224dd8236ef9b5d0b5df3d3269ade8a5016-d: no space left on device"
level=warning msg="[linters_context/goanalysis] Failed to persist facts to cache: failed to save data to low-level cache by key inline/facts for package syntax: open /home/agent/.cache/golangci-lint/98/98403279b28dc0e7c139260b41f8850aae982b5af62e4cb6779ee5136b9e3662-a: no space left on device"
level=warning msg="[linters_context/goanalysis] Failed to persist facts to cache: failed to save data to low-level cache by key nilness/facts for package sha256: open /home/agent/.cache/golangci-lint/03/039e861e59690b61626d1dbe2ed36b80382b7d3d86c772a4951bc72dbf613b75-d: no space left on device"
level=warning msg="[linters_context/goanalysis] Failed to persist facts to cache: failed to save data to low-level cache by key fact_purity/facts for package sha256: open /home/agent/.cache/golangci-lint/5c/5cb7af9705113a4ba4ea572bcf41995f4776e88018b398c041f35c4b6ef1c9b7-a: no space left on device"
level=warning msg="[linters_context/goanalysis] Failed to persist facts to cache: failed to save data to low-level cache by key SA5012/facts for package syscall: open /home/agent/.cache/golangci-lint/9a/9aa8a53b4c42a9c5929b23f7270a9fa1d8ad7581b8a34e61a28ccac836a5b8c9-a: no space left on device"
level=warning msg="[linters_context/goanalysis] Failed to persist facts to cache: failed to save data to low-level cache by key nilness/facts for package jsonwire: open /home/agent/.cache/golangci-lint/65/65b1035cf4936107aab58233b7ded25d20c122b38ccabda46863dc67f0fdd820-a: no space left on device"
level=warning msg="[linters_context/goanalysis] Failed to persist facts to cache: failed to save data to low-level cache by key fact_purity/facts for package sha512: open /home/agent/.cache/golangci-lint/47/472f5c73016d0a2ac9ded29363f4485c33c01b346d9704de5d56b81d44313418-a: no space left on device"
level=warning msg="[linters_context/goanalysis] Failed to persist facts to cache: failed to save data to low-level cache by key fact_purity/facts for package syscall: open /home/agent/.cache/golangci-lint/7b/7be9b149112ee0f2ea63e52e50a169af8356528097fad7dfcbb3bd6fecb99ed2-d: no space left on device"
level=warning msg="[linters_context/goanalysis] Failed to persist facts to cache: failed to save data to low-level cache by key SA5012/facts for package sha512: open /home/agent/.cache/golangci-lint/6c/6c5ce55ea46ec25c842ebda6420f5b200172fd2fb98f5b931657bd4971d3b628-a: no space left on device"
level=warning msg="[linters_context/goanalysis] Failed to persist facts to cache: failed to save data to low-level cache by key nilness/facts for package sha512: open /home/agent/.cache/golangci-lint/b5/b5d191ce692fc30927c260c36ea6322ce6ea2b26cf23ade14923cff68fb12ff6-d: no space left on device"
level=warning msg="[linters_context/goanalysis] Failed to persist facts to cache: failed to save data to low-level cache by key fact_deprecated/facts for package sha3: open /home/agent/.cache/golangci-lint/0e/0ecf152d930e9e0248f1d81dc0c141ed669b7f6519cd36b96a43ab182d9e33b5-a: no space left on device"
level=warning msg="[linters_context/goanalysis] Failed to persist facts to cache: failed to save data to low-level cache by key ctrlflow/facts for package sha3: open /home/agent/.cache/golangci-lint/77/77775c54beaa7839132856ff77b34a2492b6cddc790d7af7554359a653dfa949-a: no space left on device"
level=warning msg="[linters_context/goanalysis] Failed to persist facts to cache: failed to save data to low-level cache by key exhaustive/facts for package syntax: open /home/agent/.cache/golangci-lint/6b/6bab6309f4aab1b0eba558f19340ef6f99fede0cea966212924972cafcc5c5c1-d: no space left on device"
level=warning msg="[linters_context/goanalysis] Failed to persist facts to cache: failed to save data to low-level cache by key inline/facts for package sha3: open /home/agent/.cache/golangci-lint/e8/e87edcca3b1919dadab436a532a628cc9f7f40336b81db396a0bd53c2f5fe8f9-a: no space left on device"
level=warning msg="[linters_context/goanalysis] Failed to persist facts to cache: failed to save data to low-level cache by key printf/facts for package sha3: open /home/agent/.cache/golangci-lint/81/8118aa01e6b11354dbb0af1e733fc667e27fd296dfa90ed6ab2689356d7adcd2-a: no space left on device"
level=warning msg="[linters_context/goanalysis] Failed to persist facts to cache: failed to save data to low-level cache by key exhaustive/facts for package sha3: open /home/agent/.cache/golangci-lint/d3/d39125bb2d5533f41d791a0a6e0c3128af9964d0021fb3a5412f92a6d0b15662-a: no space left on device"
level=warning msg="[linters_context/goanalysis] Failed to persist facts to cache: failed to save data to low-level cache by key nilness/facts for package syscall: open /home/agent/.cache/golangci-lint/e9/e95d08a80e3b1d5874d97ee702ac7cd6232b48cc65392afff6acd4f4902136c0-d: no space left on device"
level=warning msg="[linters_context/goanalysis] Failed to persist facts to cache: failed to save data to low-level cache by key fact_purity/facts for package reflect: open /home/agent/.cache/golangci-lint/6e/6ed55e487b613bb752f320b4cbf0b7cd604476866052355f14a7ee33a9de4472-a: no space left on device"
level=warning msg="[linters_context/goanalysis] Failed to persist facts to cache: failed to save data to low-level cache by key exhaustive/facts for package execenv: open /home/agent/.cache/golangci-lint/26/263efc9ac2c652b280a049d64c94521b29e2b7741ccaa860e6d786a66b3c20b6-a: no space left on device"
level=warning msg="[linters_context/goanalysis] Failed to persist facts to cache: failed to save data to low-level cache by key fact_deprecated/facts for package execenv: open /home/agent/.cache/golangci-lint/04/04065bfbfc31fb7919de956c41d325984a4879bf18573916ba684bb322623251-a: no space left on device"
level=warning msg="[linters_context/goanalysis] Failed to persist facts to cache: failed to save data to low-level cache by key printf/facts for package execenv: open /home/agent/.cache/golangci-lint/e0/e068d8c16b0812aeb2f20cdc597dd3c9ef4296d10bfaffdd9719ecfb2e51dbab-a: no space left on device"
level=warning msg="[linters_context/goanalysis] Failed to persist facts to cache: failed to save data to low-level cache by key ctrlflow/facts for package execenv: open /home/agent/.cache/golangci-lint/7a/7a3711ffc961042e9d9815aff7d4b9428c3e171a635b516237496914b5a8722f-a: no space left on device"
level=warning msg="[linters_context/goanalysis] Failed to persist facts to cache: failed to save data to low-level cache by key inline/facts for package execenv: open /home/agent/.cache/golangci-lint/66/66c20384e2b8d12a2f7145114c975bd3f98d303bc5b626e7719010a40fdbc9c8-a: no space left on device"
level=warning msg="[linters_context/goanalysis] Failed to persist facts to cache: failed to save data to low-level cache by key SA5012/facts for package reflect: open /home/agent/.cache/golangci-lint/54/5419aeee7db149e96e676dbb1f27cc3786d85c54409abd30b31b1ed17080a711-a: no space left on device"
level=warning msg="[linters_context/goanalysis] Failed to persist facts to cache: failed to save data to low-level cache by key nilness/facts for package execenv: open /home/agent/.cache/golangci-lint/65/65beacec2877e8cbdec5d14afe1063375735b203e57375eeaf0efc1a47ed59e8-a: no space left on device"
level=warning msg="[linters_context/goanalysis] Failed to persist facts to cache: failed to save data to low-level cache by key fact_purity/facts for package execenv: open /home/agent/.cache/golangci-lint/17/172e6020a02f611f80abce7461d0908620635d7727c5dead7e2bd44cd1d509ac-a: no space left on device"
level=warning msg="[linters_context/goanalysis] Failed to persist facts to cache: failed to save data to low-level cache by key SA5012/facts for package execenv: open /home/agent/.cache/golangci-lint/b4/b4839d332124fbd64fada9e7654f87bdcdbebcd7b024cfce186367148bbb2e75-a: no space left on device"
level=warning msg="[linters_context/goanalysis] Failed to persist facts to cache: failed to save data to low-level cache by key fact_deprecated/facts for package unix: open /home/agent/.cache/golangci-lint/8b/8b0bb0e929b7cfe07e5d2405d5996d7874cffbebc16fa8791d55bf1afea846b4-a: no space left on device"
level=warning msg="[linters_context/goanalysis] Failed to persist facts to cache: failed to save data to low-level cache by key ctrlflow/facts for package unix: open /home/agent/.cache/golangci-lint/ba/baad1c0b66ebfefb0ac654413d8cbe82dace57f215ab3304ab937e6d1bb087dd-a: no space left on device"
level=warning msg="[linters_context/goanalysis] Failed to persist facts to cache: failed to save data to low-level cache by key printf/facts for package unix: open /home/agent/.cache/golangci-lint/36/368f70569959ca19a09603e7e381c982911458054f2aee0925869ff053bac2e5-a: no space left on device"
level=warning msg="[linters_context/goanalysis] Failed to persist facts to cache: failed to save data to low-level cache by key inline/facts for package unix: open /home/agent/.cache/golangci-lint/0d/0d6ba5e926d2c52b2482062784a22f9c5f5f14badcc681c094d311aeadc5ec84-a: no space left on device"
level=warning msg="[linters_context/goanalysis] Failed to persist facts to cache: failed to save data to low-level cache by key exhaustive/facts for package unix: open /home/agent/.cache/golangci-lint/34/3488d8830d1c5a1a25c4bc30b7116547c0df7b8ffdd32de16d3f0ad3f922d4e4-d: no space left on device"
level=warning msg="[linters_context/goanalysis] Failed to persist facts to cache: failed to save data to low-level cache by key fact_purity/facts for package sha3: open /home/agent/.cache/golangci-lint/f7/f70e8289740d15b0b6b1c28faaa4491b1cc57bb469fbd980f475bcab0bd78301-a: no space left on device"
level=warning msg="[linters_context/goanalysis] Failed to persist facts to cache: failed to save data to low-level cache by key SA5012/facts for package sha3: open /home/agent/.cache/golangci-lint/28/28909cbda7c934487df08635f4acb63e9344c9388eda052e206ecbd764831403-a: no space left on device"
level=warning msg="[linters_context/goanalysis] Failed to persist facts to cache: failed to save data to low-level cache by key nilness/facts for package sha3: open /home/agent/.cache/golangci-lint/f0/f0e259cf97c5005fe9e307532c56b3457e9579fb6b7daf946ae79e21e31cb084-d: no space left on device"
level=warning msg="[linters_context/goanalysis] Failed to persist facts to cache: failed to save data to low-level cache by key SA5012/facts for package syntax: open /home/agent/.cache/golangci-lint/3e/3e97b62f6d64919619561a33619f0d262a23a1e860fb3535a98cc5819923f493-a: no space left on device"
level=warning msg="[linters_context/goanalysis] Failed to persist facts to cache: failed to save data to low-level cache by key ctrlflow/facts for package hmac: open /home/agent/.cache/golangci-lint/70/70d0b0b1efe95177a06ed888ee2d13a0200747290cdd54c6428563128c1987bd-a: no space left on device"
level=warning msg="[linters_context/goanalysis] Failed to persist facts to cache: failed to save data to low-level cache by key fact_deprecated/facts for package hmac: open /home/agent/.cache/golangci-lint/ee/ee9fd5689bea656fa8434231b15e7cc901614d0f9171f6ac34f2549e153ce00b-a: no space left on device"
level=warning msg="[linters_context/goanalysis] Failed to persist facts to cache: failed to save data to low-level cache by key exhaustive/facts for package hmac: open /home/agent/.cache/golangci-lint/6d/6d359b30b67e7cd3ab28be4795f46622489d1f52c9e7903182d36419c76272b8-a: no space left on device"
level=warning msg="[linters_context/goanalysis] Failed to persist facts to cache: failed to save data to low-level cache by key inline/facts for package hmac: open /home/agent/.cache/golangci-lint/3f/3f15609607bf48728e9453e67845dbef616a4f1bfa3a346be9f8358837b2d43f-a: no space left on device"
level=warning msg="[linters_context/goanalysis] Failed to persist facts to cache: failed to save data to low-level cache by key fact_deprecated/facts for package sha3: open /home/agent/.cache/golangci-lint/b2/b2fb7961a83fc8b28b81b3a79eeba78ae2f325d8787d4fd70aa3280e07af0529-a: no space left on device"
level=warning msg="[linters_context/goanalysis] Failed to persist facts to cache: failed to save data to low-level cache by key printf/facts for package hmac: open /home/agent/.cache/golangci-lint/72/72a58b34dc35f38a1259811b0591284bfae24bd87154c83a96bcf57647416abf-a: no space left on device"
level=warning msg="[linters_context/goanalysis] Failed to persist facts to cache: failed to save data to low-level cache by key SA5012/facts for package hmac: open /home/agent/.cache/golangci-lint/9a/9aa63241078d08f2d678f4f1d1aec9f658bc29cf17aec30ff00134c7d2864b6a-a: no space left on device"
level=warning msg="[linters_context/goanalysis] Failed to persist facts to cache: failed to save data to low-level cache by key nilness/facts for package hmac: open /home/agent/.cache/golangci-lint/f9/f9a284424ffc39cf99536af276dfb5592f92092974934f25a16fcafe451c31ce-a: no space left on device"
level=warning msg="[linters_context/goanalysis] Failed to persist facts to cache: failed to save data to low-level cache by key ctrlflow/facts for package sha3: open /home/agent/.cache/golangci-lint/7c/7c3a6780946a701bed8e5de3b9fd9b6ea65617162a673155dad3b9f773515ac4-a: no space left on device"
level=warning msg="[linters_context/goanalysis] Failed to persist facts to cache: failed to save data to low-level cache by key fact_purity/facts for package hmac: open /home/agent/.cache/golangci-lint/a0/a02befd90e853f03e8e7395eaa0a223a14df3148c4b90a15f40845f933b60202-a: no space left on device"
level=warning msg="[linters_context/goanalysis] Failed to persist facts to cache: failed to save data to low-level cache by key printf/facts for package sha3: open /home/agent/.cache/golangci-lint/54/54f84460a7b8ac17a2be6bf47e969a04d1effa1cea93958a554bd22c4a7c94c4-a: no space left on device"
level=warning msg="[linters_context/goanalysis] Failed to persist facts to cache: failed to save data to low-level cache by key fact_purity/facts for package syntax: open /home/agent/.cache/golangci-lint/39/399eb47679b65786d2847e9131cb0712a22cc7f0812b5e6201790e145fb25e57-a: no space left on device"
level=warning msg="[linters_context/goanalysis] Failed to persist facts to cache: failed to save data to low-level cache by key exhaustive/facts for package sha3: open /home/agent/.cache/golangci-lint/df/df615e3414392ac27784850c61889a984f58b6474d57724af7cc93de5b239d3b-a: no space left on device"
level=warning msg="[linters_context/goanalysis] Failed to persist facts to cache: failed to save data to low-level cache by key inline/facts for package sha3: open /home/agent/.cache/golangci-lint/4d/4daa993f62485f134178d717a292698aff70090d556351cc1a959493763e5731-a: no space left on device"
level=warning msg="[linters_context/goanalysis] Failed to persist facts to cache: failed to save data to low-level cache by key nilness/facts for package syntax: open /home/agent/.cache/golangci-lint/10/108aecc01384b6a75cdfc34f67a79213ff7bcb5f044e8a9578d5e0c448393cbb-a: no space left on device"
level=warning msg="[linters_context/goanalysis] Failed to persist facts to cache: failed to save data to low-level cache by key SA5012/facts for package sha3: open /home/agent/.cache/golangci-lint/9c/9c63731aead32bdeb91ca27cf8d033fac4baea7bbc42f3665fe6d6f680193826-a: no space left on device"
level=warning msg="[linters_context/goanalysis] Failed to persist facts to cache: failed to save data to low-level cache by key nilness/facts for package sha3: open /home/agent/.cache/golangci-lint/94/94637cf9a79c8062059c896b0dbeab2f80ef3505e91e49f422226cfc6745ed90-d: no space left on device"
level=warning msg="[linters_context/goanalysis] Failed to persist facts to cache: failed to save data to low-level cache by key printf/facts for package jsontext: open /home/agent/.cache/golangci-lint/21/214019f6beb1c9886c26665d151e41d8e77f61341de2955455762cac67d6a6ab-a: no space left on device"
level=warning msg="[linters_context/goanalysis] Failed to persist facts to cache: failed to save data to low-level cache by key inline/facts for package jsontext: open /home/agent/.cache/golangci-lint/cc/cc133c20fa4e27bde5d83182c365371d8ad8f52d240201bb6c79f12c3b2f9a76-a: no space left on device"
level=warning msg="[linters_context/goanalysis] Failed to persist facts to cache: failed to save data to low-level cache by key fact_purity/facts for package sha3: open /home/agent/.cache/golangci-lint/da/dad0e08358231868e62bd7529766c4ae57b6b48ff45c1e2f5e5fc8389a5a8b41-a: no space left on device"
level=warning msg="[linters_context/goanalysis] Failed to persist facts to cache: failed to save data to low-level cache by key exhaustive/facts for package check: open /home/agent/.cache/golangci-lint/e2/e2fae9322249d5f938c445c93d02b85f44b8453abe66b85b2757acf73fd0e1ff-a: no space left on device"
level=warning msg="[linters_context/goanalysis] Failed to persist facts to cache: failed to save data to low-level cache by key fact_deprecated/facts for package jsontext: open /home/agent/.cache/golangci-lint/52/52492e15d39e1590ebc2476cf26f04ae9004e82e0d7fa08097967b72db495c54-a: no space left on device"
level=warning msg="[linters_context/goanalysis] Failed to persist facts to cache: failed to save data to low-level cache by key inline/facts for package check: open /home/agent/.cache/golangci-lint/24/2404aaf8409d0e735142f80f389e974a9bc6903f8cebee35bb32f3f7781ba26e-a: no space left on device"
level=warning msg="[linters_context/goanalysis] Failed to persist facts to cache: failed to save data to low-level cache by key fact_deprecated/facts for package check: open /home/agent/.cache/golangci-lint/d8/d8839cc828e14280bac15be3fd6a04db1abb3d11c6ab28dde997b8a33412e556-a: no space left on device"
level=warning msg="[linters_context/goanalysis] Failed to persist facts to cache: failed to save data to low-level cache by key printf/facts for package check: open /home/agent/.cache/golangci-lint/ec/ec700138c663a090d791e8b58850e20227170f56cfc4c2dbf7bc2c23c5287720-a: no space left on device"
level=warning msg="[linters_context/goanalysis] Failed to persist facts to cache: failed to save data to low-level cache by key ctrlflow/facts for package check: open /home/agent/.cache/golangci-lint/69/697b9cbe4febdc0fe4cf7671941ca37cac24629ce0b361171395852bbfeff8b7-a: no space left on device"
level=warning msg="[linters_context/goanalysis] Failed to persist facts to cache: failed to save data to low-level cache by key nilness/facts for package reflect: open /home/agent/.cache/golangci-lint/2a/2a66a34a1248d706e4692cdb472db71cfc86eb1fa63acbb27c010a174bb9b87e-d: no space left on device"
level=warning msg="[linters_context/goanalysis] Failed to persist facts to cache: failed to save data to low-level cache by key SA5012/facts for package unix: open /home/agent/.cache/golangci-lint/d3/d325fab0f6dc09b09041ae27a7b1d6add0d52b73430dcd0de4b7578d313b5ac9-a: no space left on device"
level=warning msg="[linters_context/goanalysis] Failed to persist facts to cache: failed to save data to low-level cache by key fact_purity/facts for package unix: open /home/agent/.cache/golangci-lint/41/41a61a76cc48dabf67d9b77b7cf295bdee48e81b8db4afea5b4cc73fdc6cee53-a: no space left on device"
level=warning msg="[linters_context/goanalysis] Failed to persist facts to cache: failed to save data to low-level cache by key fact_deprecated/facts for package fips140hash: open /home/agent/.cache/golangci-lint/1f/1fb165b522fb14961094bcdcb273a3124f8248e392bcbb5a723b4eca219197cd-a: no space left on device"
level=warning msg="[linters_context/goanalysis] Failed to persist facts to cache: failed to save data to low-level cache by key nilness/facts for package unix: open /home/agent/.cache/golangci-lint/61/61219476b2aab8e75de1af785a2031e2585c0dc6b9884d3fdd6e1b219759b5af-a: no space left on device"
level=warning msg="[linters_context/goanalysis] Failed to persist facts to cache: failed to save data to low-level cache by key fact_deprecated/facts for package time: open /home/agent/.cache/golangci-lint/5c/5cad4d4a03ccc571d24c0e20ae3f9a29d13dd78112aaa2d208f0517bf9b3e1b0-a: no space left on device"
level=warning msg="[linters_context/goanalysis] Failed to persist facts to cache: failed to save data to low-level cache by key inline/facts for package fips140hash: open /home/agent/.cache/golangci-lint/30/30e5229e930d01f87d072b9a314e4eb93b11d73e96d1f2e4f17e356a173a0881-a: no space left on device"
level=warning msg="[linters_context/goanalysis] Failed to persist facts to cache: failed to save data to low-level cache by key exhaustive/facts for package fips140hash: open /home/agent/.cache/golangci-lint/53/534fdc7c1f595d2e481767f3a1258e79dbc722e848a453115772b0606271a424-a: no space left on device"
level=warning msg="[linters_context/goanalysis] Failed to persist facts to cache: failed to save data to low-level cache by key SA5012/facts for package check: open /home/agent/.cache/golangci-lint/01/0196b3e55f35a01f47794eb6dd5ed8fc657dfece7a51f68f8ed3210f1d011a7a-a: no space left on device"
level=warning msg="[linters_context/goanalysis] Failed to persist facts to cache: failed to save data to low-level cache by key fact_purity/facts for package check: open /home/agent/.cache/golangci-lint/44/44d85a59c0d1ed7f5e682e7ac07388a8298daf4d91ba82a884f4faa055c04b0f-a: no space left on device"
level=warning msg="[linters_context/goanalysis] Failed to persist facts to cache: failed to save data to low-level cache by key ctrlflow/facts for package jsontext: open /home/agent/.cache/golangci-lint/b1/b198b1663017a3828f58de3e6c3158e1b8ba7e27c37def23055e34d30276684f-a: no space left on device"
level=warning msg="[linters_context/goanalysis] Failed to persist facts to cache: failed to save data to low-level cache by key fact_deprecated/facts for package fmtsort: open /home/agent/.cache/golangci-lint/fc/fc7731ee51aed6921e02733786eb2fdbed52275ca9da44cdd26e7089bbf8a8ef-a: no space left on device"
level=warning msg="[linters_context/goanalysis] Failed to persist facts to cache: failed to save data to low-level cache by key exhaustive/facts for package fmtsort: open /home/agent/.cache/golangci-lint/6a/6a8462f43831f61619aaf37e869ba94c1e2efd6435e9de9093d43c072190e572-a: no space left on device"
level=warning msg="[linters_context/goanalysis] Failed to persist facts to cache: failed to save data to low-level cache by key ctrlflow/facts for package fmtsort: open /home/agent/.cache/golangci-lint/5d/5da1b9fb49761e4bb31d3f38e06396bac97bfbd76670debf71341cb51b158220-a: no space left on device"
level=warning msg="[linters_context/goanalysis] Failed to persist facts to cache: failed to save data to low-level cache by key printf/facts for package fmtsort: open /home/agent/.cache/golangci-lint/2d/2dde48de247591e6f3fd028e9b18ff59882a207183236ffd7ee78e12ca5a3cd4-a: no space left on device"
level=warning msg="[linters_context/goanalysis] Failed to persist facts to cache: failed to save data to low-level cache by key printf/facts for package fips140hash: open /home/agent/.cache/golangci-lint/8d/8db7b2997dfec4c447323068e3a656ccb14a0e9c1643de5a7fcb73a5b57c3a65-a: no space left on device"
level=warning msg="[linters_context/goanalysis] Failed to persist facts to cache: failed to save data to low-level cache by key ctrlflow/facts for package fips140hash: open /home/agent/.cache/golangci-lint/ca/ca70486efc8b3fa84b8077f169398530ce55283ef576ea4b4bc2d30e4f2d78bc-a: no space left on device"
level=warning msg="[linters_context/goanalysis] Failed to persist facts to cache: failed to save data to low-level cache by key printf/facts for package time: open /home/agent/.cache/golangci-lint/25/25f97ba538c67d183b7ac8f02a62911759013ee154961eb87a04c3a293e76c63-a: no space left on device"
level=warning msg="[linters_context/goanalysis] Failed to persist facts to cache: failed to save data to low-level cache by key nilness/facts for package check: open /home/agent/.cache/golangci-lint/52/52143c396640efca7bc9f03563320b162420bd3647deb031050b8443d50f1515-a: no space left on device"
level=warning msg="[linters_context/goanalysis] Failed to persist facts to cache: failed to save data to low-level cache by key ctrlflow/facts for package time: open /home/agent/.cache/golangci-lint/0a/0a6cc2786e7c99b8986c7100c1bcbf687f66caa692016d4a10fb3a8d254711da-a: no space left on device"
level=warning msg="[linters_context/goanalysis] Failed to persist facts to cache: failed to save data to low-level cache by key fact_purity/facts for package fips140hash: open /home/agent/.cache/golangci-lint/f1/f11a5ff5c263ed7158b0bb792ec53df5d94e770ebde3b4cca02cdef7c4fd0898-a: no space left on device"
level=warning msg="[linters_context/goanalysis] Failed to persist facts to cache: failed to save data to low-level cache by key inline/facts for package fmtsort: open /home/agent/.cache/golangci-lint/30/3039bff61a149eb4df09879e0b2ea00918b55b353755d9d640bfb8b57a9010ee-a: no space left on device"
level=warning msg="[linters_context/goanalysis] Failed to persist facts to cache: failed to save data to low-level cache by key SA5012/facts for package fips140hash: open /home/agent/.cache/golangci-lint/d7/d7db804e778e5c6a772737c1f65f8cd991d01379c6b2509f958a0eb11745138e-a: no space left on device"
level=warning msg="[linters_context/goanalysis] Failed to persist facts to cache: failed to save data to low-level cache by key inline/facts for package time: open /home/agent/.cache/golangci-lint/ff/ff70ff887cbdc1b3fe2654848404ecee0ff722984bb6ae093d1dfa5a0bdd8aac-a: no space left on device"
level=warning msg="[linters_context/goanalysis] Failed to persist facts to cache: failed to save data to low-level cache by key nilness/facts for package fips140hash: open /home/agent/.cache/golangci-lint/fd/fdde494005e4e4004d3324f384831682a5d622da3822e62205fd3981d0af9899-a: no space left on device"
level=warning msg="[linters_context/goanalysis] Failed to persist facts to cache: failed to save data to low-level cache by key fact_purity/facts for package fmtsort: open /home/agent/.cache/golangci-lint/a7/a764a647bd669195189f8ff8690d1dac095a9ea6c07a79f95d32a3b68a4ff103-a: no space left on device"
level=warning msg="[linters_context/goanalysis] Failed to persist facts to cache: failed to save data to low-level cache by key SA5012/facts for package fmtsort: open /home/agent/.cache/golangci-lint/6d/6d6422f021992229efcbdd9bf79c8b207cde92886b9ce349e321421036779514-a: no space left on device"
level=warning msg="[linters_context/goanalysis] Failed to persist facts to cache: failed to save data to low-level cache by key fact_deprecated/facts for package regexp: open /home/agent/.cache/golangci-lint/1a/1a57a07984132fa87a6dfb80a17ac970ea6206cbf966f62c2713ee5a8b662b91-a: no space left on device"
level=warning msg="[linters_context/goanalysis] Failed to persist facts to cache: failed to save data to low-level cache by key inline/facts for package binary: open /home/agent/.cache/golangci-lint/2c/2c3049cf1ad42e1d7deee18c45200a836fcb504547401ffeafd5f7e48543c5a2-a: no space left on device"
level=warning msg="[linters_context/goanalysis] Failed to persist facts to cache: failed to save data to low-level cache by key fact_deprecated/facts for package binary: open /home/agent/.cache/golangci-lint/c2/c2319e28a99f8fe6dbd265a6c10fe0296d78e0a12ef444268c783ea4c0b3f6a0-a: no space left on device"
level=warning msg="[linters_context/goanalysis] Failed to persist facts to cache: failed to save data to low-level cache by key ctrlflow/facts for package binary: open /home/agent/.cache/golangci-lint/85/856641f9723cedc74c9ceada69e661a662d84765d6216280a4ff270f08d3fbc4-a: no space left on device"
level=warning msg="[linters_context/goanalysis] Failed to persist facts to cache: failed to save data to low-level cache by key ctrlflow/facts for package regexp: open /home/agent/.cache/golangci-lint/bd/bdc277cedf00bbc13f572234224f591e08d12da798432c7063590a9de40b1bc1-a: no space left on device"
level=warning msg="[linters_context/goanalysis] Failed to persist facts to cache: failed to save data to low-level cache by key inline/facts for package regexp: open /home/agent/.cache/golangci-lint/d7/d77329f573c2bf293a4dcae6c9f724cee9a57d9dabb17cbfd32008701c5b20ac-a: no space left on device"
level=warning msg="[linters_context/goanalysis] Failed to persist facts to cache: failed to save data to low-level cache by key printf/facts for package binary: open /home/agent/.cache/golangci-lint/cd/cd1c3165620cab0b39ace392d6184d6144c41366e7bde08e71b8a100f6761049-a: no space left on device"
level=warning msg="[linters_context/goanalysis] Failed to persist facts to cache: failed to save data to low-level cache by key exhaustive/facts for package binary: open /home/agent/.cache/golangci-lint/77/77b226e3b6a76e046714ad9cfa5446a4b0cec2a781fd7b29d4e015cbc0931a47-a: no space left on device"
level=warning msg="[linters_context/goanalysis] Failed to persist facts to cache: failed to save data to low-level cache by key nilness/facts for package fmtsort: open /home/agent/.cache/golangci-lint/54/54f5bf135b8faea51a252def61046a7a5e1250afb2ff1a6a67145f45a6a7b7d5-a: no space left on device"
level=warning msg="[linters_context/goanalysis] Failed to persist facts to cache: failed to save data to low-level cache by key fact_deprecated/facts for package fips140: open /home/agent/.cache/golangci-lint/3c/3cfa27b5a151cf17f2caab3eb33bcdf056426746e79d5b564ba71ee9a4e8aa0d-a: no space left on device"
level=warning msg="[linters_context/goanalysis] Failed to persist facts to cache: failed to save data to low-level cache by key printf/facts for package fips140: open /home/agent/.cache/golangci-lint/29/298e40fd3de6e0fbf49c649a76285138e5b9c80e411891230c7c9d8dd31dfb86-a: no space left on device"
level=warning msg="[linters_context/goanalysis] Failed to persist facts to cache: failed to save data to low-level cache by key ctrlflow/facts for package fips140: open /home/agent/.cache/golangci-lint/10/1086f26822359781ce1e47f6fb47c7464c78d671b144a7802bdfcee042a8a32e-a: no space left on device"
level=warning msg="[linters_context/goanalysis] Failed to persist facts to cache: failed to save data to low-level cache by key printf/facts for package regexp: open /home/agent/.cache/golangci-lint/25/25d6e01c667e5d54e8cced95b554c63111ad0efc8c31a2b76c7d6ec1d7307c89-a: no space left on device"
level=warning msg="[linters_context/goanalysis] Failed to persist facts to cache: failed to save data to low-level cache by key inline/facts for package fips140: open /home/agent/.cache/golangci-lint/95/95c4e4a5e1603d842f9294329672ebd82ac7d485dfbf74aa83c2f15357b4081d-a: no space left on device"
level=warning msg="[linters_context/goanalysis] Failed to persist facts to cache: failed to save data to low-level cache by key exhaustive/facts for package fips140: open /home/agent/.cache/golangci-lint/81/8178bd9cd560a22843275c4138a1792b374ea2830409bd2743d14e4ac337bd9e-a: no space left on device"
level=warning msg="[linters_context/goanalysis] Failed to persist facts to cache: failed to save data to low-level cache by key SA5012/facts for package fips140: open /home/agent/.cache/golangci-lint/0c/0c743ac7c6d50a55e00003240372a205cdf8b890aa04e47cc92962856229fd3d-a: no space left on device"
level=warning msg="[linters_context/goanalysis] Failed to persist facts to cache: failed to save data to low-level cache by key nilness/facts for package fips140: open /home/agent/.cache/golangci-lint/5e/5e583d159e897168d9e75949c97a7347f72e85edb3040036608f8458f80cdee2-a: no space left on device"
level=warning msg="[linters_context/goanalysis] Failed to persist facts to cache: failed to save data to low-level cache by key fact_purity/facts for package fips140: open /home/agent/.cache/golangci-lint/1f/1f70bb1bb1a0622233742f58f996ee4f1ff45e98854da3b9eea8b9a4705a3dc8-a: no space left on device"
level=warning msg="[linters_context/goanalysis] Failed to persist facts to cache: failed to save data to low-level cache by key fact_purity/facts for package jsontext: open /home/agent/.cache/golangci-lint/0d/0d2b475f5f1431234e5c8aa2aba54fee4d091bea2ae6b049904018f305c55459-d: no space left on device"
level=warning msg="[linters_context/goanalysis] Failed to persist facts to cache: failed to save data to low-level cache by key SA5012/facts for package jsontext: open /home/agent/.cache/golangci-lint/31/31af91a71309b1a592660c7403e1c8bf4b62c3f19f7dbe69dfe430378338409c-a: no space left on device"
level=warning msg="[linters_context/goanalysis] Failed to persist facts to cache: failed to save data to low-level cache by key nilness/facts for package binary: open /home/agent/.cache/golangci-lint/b8/b84cd5f8d9e009c78bf364ef4af5bf46c80d4540c6a9aa78c02350beaa1218d1-a: no space left on device"
level=warning msg="[linters_context/goanalysis] Failed to persist facts to cache: failed to save data to low-level cache by key SA5012/facts for package binary: open /home/agent/.cache/golangci-lint/11/118406cbcd0a0e9f16c7d652210224b4c035e4dd434b97082e4c8c5fe933bd7e-a: no space left on device"
level=warning msg="[linters_context/goanalysis] Failed to persist facts to cache: failed to save data to low-level cache by key fact_deprecated/facts for package aes: open /home/agent/.cache/golangci-lint/9b/9b3ce65a9a1c3cd40d718448e00993ee788b2602931a30be6c53103c2553848a-a: no space left on device"
level=warning msg="[linters_context/goanalysis] Failed to persist facts to cache: failed to save data to low-level cache by key fact_purity/facts for package binary: open /home/agent/.cache/golangci-lint/56/564e7e2aecf8d3c1d2b86903a0fda64e94139ee805d64b193275b57afee47a0d-a: no space left on device"
level=warning msg="[linters_context/goanalysis] Failed to persist facts to cache: failed to save data to low-level cache by key ctrlflow/facts for package aes: open /home/agent/.cache/golangci-lint/2d/2d6675262b963146359c2e7cda839626b6fe3c97c60c0ea33c12b16aa9c00309-a: no space left on device"
level=warning msg="[linters_context/goanalysis] Failed to persist facts to cache: failed to save data to low-level cache by key printf/facts for package aes: open /home/agent/.cache/golangci-lint/f9/f998252a2f78bbe0fb865944e1ebfc054f4342a21c4bfe5a21721702e28dfd36-a: no space left on device"
level=warning msg="[linters_context/goanalysis] Failed to persist facts to cache: failed to save data to low-level cache by key exhaustive/facts for package aes: open /home/agent/.cache/golangci-lint/a7/a784c3dcfc054308e0ff79c7c766650d83f2758f132b1f2891edcce75abdd2c1-a: no space left on device"
level=warning msg="[linters_context/goanalysis] Failed to persist facts to cache: failed to save data to low-level cache by key inline/facts for package aes: open /home/agent/.cache/golangci-lint/45/45cc7a6b6794bd0320d91a2dd378d9fdd3b0c230fb7825c9a7cd59689025ecca-a: no space left on device"
level=warning msg="[linters_context/goanalysis] Failed to persist facts to cache: failed to save data to low-level cache by key exhaustive/facts for package time: open /home/agent/.cache/golangci-lint/b1/b1e12981dbf8a0125db494a7bd4712b10a019b92d8dc4b1451149eccd6ccb81a-d: no space left on device"
level=warning msg="[linters_context/goanalysis] Failed to persist facts to cache: failed to save data to low-level cache by key fact_purity/facts for package aes: open /home/agent/.cache/golangci-lint/f1/f1069e6a18aa2248bc6344a9e71256218c213b7177e09f0586c0034c44b69108-a: no space left on device"
level=warning msg="[linters_context/goanalysis] Failed to persist facts to cache: failed to save data to low-level cache by key nilness/facts for package jsontext: open /home/agent/.cache/golangci-lint/45/4542ce3a6562fbb67327b7778b3f9337cb459f4a43637ecbd5c2d16876cedb6f-d: no space left on device"
level=warning msg="[linters_context/goanalysis] Failed to persist facts to cache: failed to save data to low-level cache by key exhaustive/facts for package jsontext: open /home/agent/.cache/golangci-lint/2e/2ebeb6895ae6b471b2733c59d0e2cd127ddc77bc67426a0ed5a2e5fff8f7a068-d: no space left on device"
level=warning msg="[linters_context/goanalysis] Failed to persist facts to cache: failed to save data to low-level cache by key SA5012/facts for package aes: open /home/agent/.cache/golangci-lint/a6/a6f1ef55f75cf73b94dd367d4a7d7a9c614626da1059d1ca9e8b183141e28001-a: no space left on device"
level=warning msg="[linters_context/goanalysis] Failed to persist facts to cache: failed to save data to low-level cache by key SA5012/facts for package regexp: open /home/agent/.cache/golangci-lint/5c/5c4b8ed1b640271f4a6c1cae9b724372badaee76adc233dea21e2944b20a929e-a: no space left on device"
level=warning msg="[linters_context/goanalysis] Failed to persist facts to cache: failed to save data to low-level cache by key fact_deprecated/facts for package wire: open /home/agent/.cache/golangci-lint/89/89b3d70f132545faf03d521968984f7e0b2f61f84ded3bc89921a4c77221ad34-a: no space left on device"
level=warning msg="[linters_context/goanalysis] Failed to persist facts to cache: failed to save data to low-level cache by key ctrlflow/facts for package wire: open /home/agent/.cache/golangci-lint/3b/3b74f4b366502c4d6eb2d2d34b9dac78d856b02ef860f3e09d2f6b54d7a0ca73-a: no space left on device"
level=warning msg="[linters_context/goanalysis] Failed to persist facts to cache: failed to save data to low-level cache by key fact_purity/facts for package time: open /home/agent/.cache/golangci-lint/13/13b6c5df2b9a481bd570812e8aa8af6b6aa40b6e188e1c6d876e76b37bc1fead-d: no space left on device"
level=warning msg="[linters_context/goanalysis] Failed to persist facts to cache: failed to save data to low-level cache by key inline/facts for package wire: open /home/agent/.cache/golangci-lint/c1/c152714c44c097300d4c25f6364076418f611f460633b3c1bbb9f2211e89625a-a: no space left on device"
level=warning msg="[linters_context/goanalysis] Failed to persist facts to cache: failed to save data to low-level cache by key SA5012/facts for package time: open /home/agent/.cache/golangci-lint/c0/c01ef6e656bec783cfecad3121c5d46922da52fd647df61f9d90d396560a79b2-a: no space left on device"
level=warning msg="[linters_context/goanalysis] Failed to persist facts to cache: failed to save data to low-level cache by key exhaustive/facts for package regexp: open /home/agent/.cache/golangci-lint/0f/0f08d1e448b716a38914309adef2a1ff517c186a040fb6405469bcad9aaa25e7-a: no space left on device"
level=warning msg="[linters_context/goanalysis] Failed to persist facts to cache: failed to save data to low-level cache by key printf/facts for package wire: open /home/agent/.cache/golangci-lint/16/16da52d8b77bd9c5993463c0032b84d918a8663f156be85403af23980539883f-a: no space left on device"
level=warning msg="[linters_context/goanalysis] Failed to persist facts to cache: failed to save data to low-level cache by key nilness/facts for package aes: open /home/agent/.cache/golangci-lint/5e/5e38ce69f086a2c75e71de025bdbff73ccf8113dc1e57a91c4a84d004a034212-a: no space left on device"
level=warning msg="[linters_context/goanalysis] Failed to persist facts to cache: failed to save data to low-level cache by key exhaustive/facts for package wire: open /home/agent/.cache/golangci-lint/87/87ce7786c23c8e641f04be569d11ef99edf80e428bd3b12022a4a4ad1bc31172-d: no space left on device"
level=warning msg="[linters_context/goanalysis] Failed to persist facts to cache: failed to save data to low-level cache by key fact_deprecated/facts for package wire: open /home/agent/.cache/golangci-lint/a1/a1fb8541864be63669680418cefeb78f26d419547b48622baea591529904dda3-a: no space left on device"
level=warning msg="[linters_context/goanalysis] Failed to persist facts to cache: failed to save data to low-level cache by key nilness/facts for package regexp: open /home/agent/.cache/golangci-lint/15/15a83a4f2b00dfa610ea511a3b0fa0d75e9b4f74a818ef6e51cbbc9c7cbcbdbd-d: no space left on device"
level=warning msg="[linters_context/goanalysis] Failed to persist facts to cache: failed to save data to low-level cache by key ctrlflow/facts for package wire: open /home/agent/.cache/golangci-lint/56/5664857dd724fe50f27c0441c42977def28927ff3a0be5d2bf9db94db0ad3929-a: no space left on device"
level=warning msg="[linters_context/goanalysis] Failed to persist facts to cache: failed to save data to low-level cache by key SA5012/facts for package wire: open /home/agent/.cache/golangci-lint/57/572e2d2a978e2d580cf25f135afa63f9703440ea0323f5418fba76209672cbaf-a: no space left on device"
level=warning msg="[linters_context/goanalysis] Failed to persist facts to cache: failed to save data to low-level cache by key inline/facts for package wire: open /home/agent/.cache/golangci-lint/46/46a12f68b2de904dde20560bedf9e271b3b0fa8c27eca79b78238ee45e8c1366-a: no space left on device"
level=warning msg="[linters_context/goanalysis] Failed to persist facts to cache: failed to save data to low-level cache by key exhaustive/facts for package wire: open /home/agent/.cache/golangci-lint/9b/9b6f4ff3df3063d35caaf7b7b4bdc556a83aa7516bc9d426e08b646b6db46884-d: no space left on device"
level=warning msg="[linters_context/goanalysis] Failed to persist facts to cache: failed to save data to low-level cache by key printf/facts for package wire: open /home/agent/.cache/golangci-lint/9d/9de932a6ab1310e67acd3e3e40a361f8c2e842ffe76041e16613db3da7791311-a: no space left on device"
level=warning msg="[linters_context/goanalysis] Failed to persist facts to cache: failed to save data to low-level cache by key fact_purity/facts for package wire: open /home/agent/.cache/golangci-lint/ef/efe622d584fa8a20b1d49daf3ea5760c16a9613859fe7f311b417b520b96b05a-a: no space left on device"
level=warning msg="[linters_context/goanalysis] Failed to persist facts to cache: failed to save data to low-level cache by key nilness/facts for package wire: open /home/agent/.cache/golangci-lint/4f/4f2876875285e59afe16cfa978ebdd6fd0c0645436efb7cb81ed455d85f8e2f9-a: no space left on device"
level=warning msg="[linters_context/goanalysis] Failed to persist facts to cache: failed to save data to low-level cache by key fact_purity/facts for package regexp: open /home/agent/.cache/golangci-lint/0b/0b5d01956be0d53a6d13bf8c9f4db6a94c0695aa0b8425627e996733f0a8e0d3-a: no space left on device"
level=warning msg="[linters_context/goanalysis] Failed to persist facts to cache: failed to save data to low-level cache by key fact_purity/facts for package wire: open /home/agent/.cache/golangci-lint/c0/c0cc6febd627594bf4bc6084a6e718a7b1b517b9406758653c14ae70abd58704-d: no space left on device"
level=warning msg="[linters_context/goanalysis] Failed to persist facts to cache: failed to save data to low-level cache by key SA5012/facts for package wire: open /home/agent/.cache/golangci-lint/ab/ab5991a693a990e07aaaf23bb9746b4f8dadd54fd8ba462a26092158ee9c48d0-a: no space left on device"
level=warning msg="[linters_context/goanalysis] Failed to persist facts to cache: failed to save data to low-level cache by key nilness/facts for package wire: open /home/agent/.cache/golangci-lint/7a/7a4acdf5e75166459cf7997bbeee84b8b078e600ea18d763f44b94cf5f84b689-a: no space left on device"
level=warning msg="[linters_context/goanalysis] Failed to persist facts to cache: failed to save data to low-level cache by key nilness/facts for package time: open /home/agent/.cache/golangci-lint/41/418dd193841ed49130e5ddf6d8bad3e9510d04def2f8a51a57fc521c5feb7e6b-d: no space left on device"
level=warning msg="[linters_context/goanalysis] Failed to persist facts to cache: failed to save data to low-level cache by key fact_deprecated/facts for package context: open /home/agent/.cache/golangci-lint/a0/a0cdeca71898364512bd8ce2fdf2245e665bfc22ef02eedefbed4bdc6d00559d-a: no space left on device"
level=warning msg="[linters_context/goanalysis] Failed to persist facts to cache: failed to save data to low-level cache by key exhaustive/facts for package context: open /home/agent/.cache/golangci-lint/23/23b13e8edd2e543d6d8f4a662975e8c6c6d3442b4d2bcf02e358c94816d5faf3-a: no space left on device"
level=warning msg="[linters_context/goanalysis] Failed to persist facts to cache: failed to save data to low-level cache by key ctrlflow/facts for package context: open /home/agent/.cache/golangci-lint/49/49f766a420339224860cb44f6e777453d1a8628039435b8c65af1476432a43cb-a: no space left on device"
level=warning msg="[linters_context/goanalysis] Failed to persist facts to cache: failed to save data to low-level cache by key printf/facts for package context: open /home/agent/.cache/golangci-lint/ee/ee5d53f62e2c1963af501d759d90d0ae85784343b65171abad80e77499fa0f09-a: no space left on device"
level=warning msg="[linters_context/goanalysis] Failed to persist facts to cache: failed to save data to low-level cache by key inline/facts for package context: open /home/agent/.cache/golangci-lint/92/927a4f47fc8f6da4f599169c6b9218f0743992f46c3413fd31db5f8090e4f0f1-a: no space left on device"
level=warning msg="[linters_context/goanalysis] Failed to persist facts to cache: failed to save data to low-level cache by key fact_deprecated/facts for package fs: open /home/agent/.cache/golangci-lint/04/04c781df4a2237e93c64331aecd83e62b77fd544ca5accd3a012d592b26261b3-a: no space left on device"
level=warning msg="[linters_context/goanalysis] Failed to persist facts to cache: failed to save data to low-level cache by key ctrlflow/facts for package fs: open /home/agent/.cache/golangci-lint/a0/a078991e4bf8dd38332eadc2c85d46061e73cd5495d31292d2900eb8e5aa5f03-a: no space left on device"
level=warning msg="[linters_context/goanalysis] Failed to persist facts to cache: failed to save data to low-level cache by key exhaustive/facts for package fs: open /home/agent/.cache/golangci-lint/f3/f3a34e4bc97ecc47e67e8d26c02cfd02127f977f04defb4015c8ca3750e649b5-d: no space left on device"
level=warning msg="[linters_context/goanalysis] Failed to persist facts to cache: failed to save data to low-level cache by key printf/facts for package fs: open /home/agent/.cache/golangci-lint/a0/a0cfe12aff39a8ef53a022ffcb8480306e51b36624a45fe2189d809fbe61bc3a-a: no space left on device"
level=warning msg="[linters_context/goanalysis] Failed to persist facts to cache: failed to save data to low-level cache by key inline/facts for package fs: open /home/agent/.cache/golangci-lint/c2/c2e6630254fe17e2657ff39a3dab7317c0bb2a2991f77553ed42e038ed73aff7-a: no space left on device"
level=warning msg="[linters_context/goanalysis] Failed to persist facts to cache: failed to save data to low-level cache by key SA5012/facts for package context: open /home/agent/.cache/golangci-lint/52/5247f44017b37b1f7003905b0a5e0d273bc10a70abd71eeaa6d3049d2d0da29b-a: no space left on device"
level=warning msg="[linters_context/goanalysis] Failed to persist facts to cache: failed to save data to low-level cache by key fact_purity/facts for package context: open /home/agent/.cache/golangci-lint/c2/c2be1daea9739a30080c8ee5e499c316303ce3229166e882e4ac39a32f39cb09-a: no space left on device"
level=warning msg="[linters_context/goanalysis] Failed to persist facts to cache: failed to save data to low-level cache by key nilness/facts for package context: open /home/agent/.cache/golangci-lint/f4/f448bdd32df2486cd6a9e3d44769aca53d11526b749646d20bc02121af2163ba-d: no space left on device"
level=warning msg="[linters_context/goanalysis] Failed to persist facts to cache: failed to save data to low-level cache by key SA5012/facts for package fs: open /home/agent/.cache/golangci-lint/6e/6eb6a4e193eadbc8799f224c833f5c020dd6079627d78352a8ba2af59abfca3c-a: no space left on device"
level=warning msg="[linters_context/goanalysis] Failed to persist facts to cache: failed to save data to low-level cache by key nilness/facts for package fs: open /home/agent/.cache/golangci-lint/1f/1f7cbd6dfe0cb229b96cd2ec9c4145e6f791e2dd721f2a4f61fea07624acef65-a: no space left on device"
level=warning msg="[linters_context/goanalysis] Failed to persist facts to cache: failed to save data to low-level cache by key fact_purity/facts for package fs: open /home/agent/.cache/golangci-lint/96/96d5da1b5dde437461f8e6c53153eec22e6e9ba0f7c533ce2736337f4a23e5aa-a: no space left on device"
level=warning msg="[linters_context/goanalysis] Failed to persist facts to cache: failed to save data to low-level cache by key fact_deprecated/facts for package poll: open /home/agent/.cache/golangci-lint/b3/b30c9442e04f8a51349643f615110525ca2fd7dd29bb66a46ee075c292501c00-a: no space left on device"
level=warning msg="[linters_context/goanalysis] Failed to persist facts to cache: failed to save data to low-level cache by key fact_deprecated/facts for package filepathlite: open /home/agent/.cache/golangci-lint/d2/d2481b8912c6689d144dde6c137579f4efd35bce19936a60bdf23f9c8ec6f0b5-a: no space left on device"
level=warning msg="[linters_context/goanalysis] Failed to persist facts to cache: failed to save data to low-level cache by key fact_deprecated/facts for package embed: open /home/agent/.cache/golangci-lint/9d/9d0c5385bc6e63b8a0935e215de9938e174d4ca0c589cc8e4827c663471e35cf-a: no space left on device"
level=warning msg="[linters_context/goanalysis] Failed to persist facts to cache: failed to save data to low-level cache by key printf/facts for package embed: open /home/agent/.cache/golangci-lint/37/370b9116110f46e53345e43c9eb1579f8d574f990b90d4c8d36ae726810e3620-a: no space left on device"
level=warning msg="[linters_context/goanalysis] Failed to persist facts to cache: failed to save data to low-level cache by key ctrlflow/facts for package embed: open /home/agent/.cache/golangci-lint/e0/e0622c578dd75b0e7c114eb03b172dc12f4f5ccdb2f6daffccbeafdb8d584ae0-a: no space left on device"
level=warning msg="[linters_context/goanalysis] Failed to persist facts to cache: failed to save data to low-level cache by key exhaustive/facts for package filepathlite: open /home/agent/.cache/golangci-lint/90/90c643e9c0de144769583a9e67c162b32a45bf139d90c565fead0d9acff66150-a: no space left on device"
level=warning msg="[linters_context/goanalysis] Failed to persist facts to cache: failed to save data to low-level cache by key printf/facts for package filepathlite: open /home/agent/.cache/golangci-lint/52/52ae0fb168b42eef939ba1eb68e02aa0e5986864d1abd18ce8e65b88c334d4a9-a: no space left on device"
level=warning msg="[linters_context/goanalysis] Failed to persist facts to cache: failed to save data to low-level cache by key inline/facts for package filepathlite: open /home/agent/.cache/golangci-lint/9a/9aed586d35831a7ff633d8edc66161dbdd5a57d16ae265dfb3380136c069094f-a: no space left on device"
level=warning msg="[linters_context/goanalysis] Failed to persist facts to cache: failed to save data to low-level cache by key ctrlflow/facts for package filepathlite: open /home/agent/.cache/golangci-lint/16/165d1cc5588a14dcac2ac56382ab38060cf73e9a5cadde210e79640756e31b79-a: no space left on device"
level=warning msg="[linters_context/goanalysis] Failed to persist facts to cache: failed to save data to low-level cache by key inline/facts for package embed: open /home/agent/.cache/golangci-lint/22/2202d1862a7dd18550142ddd70ba2d17036f3057f5a46718aeb0d0252f145286-a: no space left on device"
level=warning msg="[linters_context/goanalysis] Failed to persist facts to cache: failed to save data to low-level cache by key ctrlflow/facts for package poll: open /home/agent/.cache/golangci-lint/37/377a89cad96197b55954fe52e38a31b788f3b21475b879b6a6074b9a5def637a-a: no space left on device"
level=warning msg="[linters_context/goanalysis] Failed to persist facts to cache: failed to save data to low-level cache by key fact_purity/facts for package embed: open /home/agent/.cache/golangci-lint/a2/a2cc76441ab5ac7cf6a5d46a640790ee2266141cf89f0c011af7f306f1bb67cf-a: no space left on device"
level=warning msg="[linters_context/goanalysis] Failed to persist facts to cache: failed to save data to low-level cache by key exhaustive/facts for package embed: open /home/agent/.cache/golangci-lint/f5/f54c15e402a9c307d6b8542bdd64cdc3a03b442c798a9a1ccad33f6588cfc054-a: no space left on device"
level=warning msg="[linters_context/goanalysis] Failed to persist facts to cache: failed to save data to low-level cache by key exhaustive/facts for package poll: open /home/agent/.cache/golangci-lint/76/76e90a99904a619cc1929cc9b807d9602b97a918f32f1b0e6dd2181b9ce12edc-a: no space left on device"
level=warning msg="[linters_context/goanalysis] Failed to persist facts to cache: failed to save data to low-level cache by key printf/facts for package poll: open /home/agent/.cache/golangci-lint/80/80ce146388a09d6f536833b229ede044fec8c2601fc7886db4a47d1138f62968-a: no space left on device"
level=warning msg="[linters_context/goanalysis] Failed to persist facts to cache: failed to save data to low-level cache by key nilness/facts for package filepathlite: open /home/agent/.cache/golangci-lint/97/97ad0c7b362905d6005f48d2fc910b64b865b95119bee3663ae8bb551aa79b3a-a: no space left on device"
level=warning msg="[linters_context/goanalysis] Failed to persist facts to cache: failed to save data to low-level cache by key SA5012/facts for package embed: open /home/agent/.cache/golangci-lint/3e/3e30a95f0bc8924e3768a4af96246ca4761a40c3fcfd9691fda721d88cec1506-a: no space left on device"
level=warning msg="[linters_context/goanalysis] Failed to persist facts to cache: failed to save data to low-level cache by key SA5012/facts for package filepathlite: open /home/agent/.cache/golangci-lint/ca/cabfc1353541501f60d062509048a7416f87c21f35538e7537f1e40b3083520b-a: no space left on device"
level=warning msg="[linters_context/goanalysis] Failed to persist facts to cache: failed to save data to low-level cache by key inline/facts for package poll: open /home/agent/.cache/golangci-lint/6d/6dd08a8c6bb996ce785369cb3c7d8d06215a5a7156553a8b29f286920f4ede7a-a: no space left on device"
level=warning msg="[linters_context/goanalysis] Failed to persist facts to cache: failed to save data to low-level cache by key nilness/facts for package embed: open /home/agent/.cache/golangci-lint/94/9485ef51af9cb3c16be59bbdb9354868794b12dfdb5e8d2b8fb64c8d25ce35e5-d: no space left on device"
level=warning msg="[linters_context/goanalysis] Failed to persist facts to cache: failed to save data to low-level cache by key fact_purity/facts for package filepathlite: open /home/agent/.cache/golangci-lint/fd/fda35d29c8079119d02f20dbd18889160bb095655b175035664b6c78ac293909-a: no space left on device"
level=warning msg="[linters_context/goanalysis] Failed to persist facts to cache: failed to save data to low-level cache by key SA5012/facts for package poll: open /home/agent/.cache/golangci-lint/35/35e2812fe50023679f1c17ced095731f97478e26fb6b740947f07f2f64e7ecc0-a: no space left on device"
level=warning msg="[linters_context/goanalysis] Failed to persist facts to cache: failed to save data to low-level cache by key fact_purity/facts for package poll: open /home/agent/.cache/golangci-lint/22/22777d64fbc0370ff0e8be35caf37605284f82f43285a3abf1ad17e95c2ae16c-a: no space left on device"
level=warning msg="[linters_context/goanalysis] Failed to persist facts to cache: failed to save data to low-level cache by key nilness/facts for package poll: open /home/agent/.cache/golangci-lint/21/21a69e265e251d5e38d9314a62e54db69a54b04d597c45d6b62a51a0aa83e96e-a: no space left on device"
level=warning msg="[linters_context/goanalysis] Failed to persist facts to cache: failed to save data to low-level cache by key fact_deprecated/facts for package os: open /home/agent/.cache/golangci-lint/07/07a75b15f2f53f126aa9c44cd48c1df86906d04f26d9a656dd1485d948b2e4a8-a: no space left on device"
level=warning msg="[linters_context/goanalysis] Failed to persist facts to cache: failed to save data to low-level cache by key ctrlflow/facts for package os: open /home/agent/.cache/golangci-lint/9a/9a43d4df7fed44b477cd116f7121a16d905d1c6cb1121d9226731e7b01ea69fa-a: no space left on device"
level=warning msg="[linters_context/goanalysis] Failed to persist facts to cache: failed to save data to low-level cache by key printf/facts for package os: open /home/agent/.cache/golangci-lint/63/63f10f9416f84a6421742c3a2e0b7d6a603993ee82f4fffa904d5b6cebfdabed-a: no space left on device"
level=warning msg="[linters_context/goanalysis] Failed to persist facts to cache: failed to save data to low-level cache by key inline/facts for package os: open /home/agent/.cache/golangci-lint/d5/d5e2a2f936add62770ca93bf059d70294b3b7a8865160565d5a6981835572265-a: no space left on device"
level=warning msg="[linters_context/goanalysis] Failed to persist facts to cache: failed to save data to low-level cache by key exhaustive/facts for package os: open /home/agent/.cache/golangci-lint/4a/4ac3bacdccb93be10159967b97e8ccb67b79c30d1bd7583f85fcc11d207812d6-d: no space left on device"
level=warning msg="[linters_context/goanalysis] Failed to persist facts to cache: failed to save data to low-level cache by key SA5012/facts for package os: open /home/agent/.cache/golangci-lint/3a/3a22b53730ee3de20faad045e414755f35bdf6473bc8b7b5535cddcd1e6f2f2e-a: no space left on device"
level=warning msg="[linters_context/goanalysis] Failed to persist facts to cache: failed to save data to low-level cache by key fact_purity/facts for package os: open /home/agent/.cache/golangci-lint/4e/4e5d428be6d1818f0404fc0678853c0ba8333678a93bc45430a3daa4d9940ade-a: no space left on device"
level=warning msg="[linters_context/goanalysis] Failed to persist facts to cache: failed to save data to low-level cache by key nilness/facts for package os: open /home/agent/.cache/golangci-lint/39/39517c31801e9058b9b00317a2382f57c797c0876beb757158ec96eb7d2dcc69-d: no space left on device"
level=warning msg="[linters_context/goanalysis] Failed to persist facts to cache: failed to save data to low-level cache by key fact_deprecated/facts for package sysrand: open /home/agent/.cache/golangci-lint/86/86bddc00be0c11deca2814b738a4382d84d25ead50fe1895cbbb5d6fd65de33a-a: no space left on device"
level=warning msg="[linters_context/goanalysis] Failed to persist facts to cache: failed to save data to low-level cache by key ctrlflow/facts for package sysrand: open /home/agent/.cache/golangci-lint/bb/bba89dabe7d7dd04b16e5eec9232c8b65c5017af6475cf26ce622fa78f535f00-a: no space left on device"
level=warning msg="[linters_context/goanalysis] Failed to persist facts to cache: failed to save data to low-level cache by key printf/facts for package lazyregexp: open /home/agent/.cache/golangci-lint/00/00aa8ffa3798bec99a6ae4fbe6557d1128a3ceafa850f5506aec6b5b246d7c74-a: no space left on device"
level=warning msg="[linters_context/goanalysis] Failed to persist facts to cache: failed to save data to low-level cache by key fact_deprecated/facts for package lazyregexp: open /home/agent/.cache/golangci-lint/9f/9f56a6b759a2e03763877aec50301680f70b01ec7434b660f041527c75761170-a: no space left on device"
level=warning msg="[linters_context/goanalysis] Failed to persist facts to cache: failed to save data to low-level cache by key ctrlflow/facts for package lazyregexp: open /home/agent/.cache/golangci-lint/4c/4c4ec99f1264db71532a3cd875381f65df97f532d29cce75a2229df573abeb02-a: no space left on device"
level=warning msg="[linters_context/goanalysis] Failed to persist facts to cache: failed to save data to low-level cache by key printf/facts for package signal: open /home/agent/.cache/golangci-lint/b8/b8f319d7e1b3ababf6e893486bc1c99a91d638bc81e99f59296f8f60fe9763b1-a: no space left on device"
level=warning msg="[linters_context/goanalysis] Failed to persist facts to cache: failed to save data to low-level cache by key inline/facts for package signal: open /home/agent/.cache/golangci-lint/b5/b54117f35ea80d6d12d16fefa68bbb95a6592624bdd0f62a21e6e6b7864c0a02-a: no space left on device"
level=warning msg="[linters_context/goanalysis] Failed to persist facts to cache: failed to save data to low-level cache by key printf/facts for package sysrand: open /home/agent/.cache/golangci-lint/1f/1f94dc8a967f0f7d458c493104125656dd9d19c5d145425f7ff472b70aaed65e-a: no space left on device"
level=warning msg="[linters_context/goanalysis] Failed to persist facts to cache: failed to save data to low-level cache by key inline/facts for package sysrand: open /home/agent/.cache/golangci-lint/ae/ae991c87ae95003e670968482efcd5613aa8b9d6441ae2d2165cd5380a632631-a: no space left on device"
level=warning msg="[linters_context/goanalysis] Failed to persist facts to cache: failed to save data to low-level cache by key exhaustive/facts for package lazyregexp: open /home/agent/.cache/golangci-lint/41/417860ea39b6b9755452e9cd9060f151b09503d76d03d844ed23a869a423383b-a: no space left on device"
level=warning msg="[linters_context/goanalysis] Failed to persist facts to cache: failed to save data to low-level cache by key exhaustive/facts for package sysrand: open /home/agent/.cache/golangci-lint/84/84d1cb3b3716a2772c0a5f3947c9cecb4b5133144ba51858f355b45faa0cabca-a: no space left on device"
level=warning msg="[linters_context/goanalysis] Failed to persist facts to cache: failed to save data to low-level cache by key inline/facts for package lazyregexp: open /home/agent/.cache/golangci-lint/ee/ee88de8369517b064f1a87592fd4410b3921d05d6ef79738a1be112eeb9e2612-a: no space left on device"
level=warning msg="[linters_context/goanalysis] Failed to persist facts to cache: failed to save data to low-level cache by key inline/facts for package sysinfo: open /home/agent/.cache/golangci-lint/b0/b0d5d0a76014cf07a62d0f7b7452f8df31108cbc8a4e01d47a416d5d9cc59f11-a: no space left on device"
level=warning msg="[linters_context/goanalysis] Failed to persist facts to cache: failed to save data to low-level cache by key exhaustive/facts for package sysinfo: open /home/agent/.cache/golangci-lint/85/85c7524cab17a16fb4970b0642766bc2c04d1c425c65b6e89b14d487159076df-a: no space left on device"
level=warning msg="[linters_context/goanalysis] Failed to persist facts to cache: failed to save data to low-level cache by key ctrlflow/facts for package sysinfo: open /home/agent/.cache/golangci-lint/b1/b14fde87948c93db9a91f2546e5b5472d683f1c596399beab3815220502ca5ac-a: no space left on device"
level=warning msg="[linters_context/goanalysis] Failed to persist facts to cache: failed to save data to low-level cache by key fact_purity/facts for package sysinfo: open /home/agent/.cache/golangci-lint/50/50d0e82249652afc3ada2df6f2ea1a4dabb26a53b7df8e71e928d1f2e2d89e02-a: no space left on device"
level=warning msg="[linters_context/goanalysis] Failed to persist facts to cache: failed to save data to low-level cache by key fact_deprecated/facts for package signal: open /home/agent/.cache/golangci-lint/a3/a3f69235d036b6729aad432de953d71f98e28fc0fa7b744112398f406d292e0e-a: no space left on device"
level=warning msg="[linters_context/goanalysis] Failed to persist facts to cache: failed to save data to low-level cache by key ctrlflow/facts for package signal: open /home/agent/.cache/golangci-lint/dc/dcdc8a82887b9163c2cca30bda6ee5f7fcd5635abeb45897a60c3af3cf5e76ff-a: no space left on device"
level=warning msg="[linters_context/goanalysis] Failed to persist facts to cache: failed to save data to low-level cache by key SA5012/facts for package sysinfo: open /home/agent/.cache/golangci-lint/73/73843e0393e4dffb4308a92bc470194c53e9518d0eb5f50db0e6b76fca97232d-a: no space left on device"
level=warning msg="[linters_context/goanalysis] Failed to persist facts to cache: failed to save data to low-level cache by key fact_deprecated/facts for package sysinfo: open /home/agent/.cache/golangci-lint/a6/a6e9785ee76c1d8db80cad4150a43408e892a7fb787685fad744ef4c54705acb-a: no space left on device"
level=warning msg="[linters_context/goanalysis] Failed to persist facts to cache: failed to save data to low-level cache by key exhaustive/facts for package signal: open /home/agent/.cache/golangci-lint/bc/bc5be268c1273041110efed4b4c56b0e740125382de8202f1647615783a837db-a: no space left on device"
level=warning msg="[linters_context/goanalysis] Failed to persist facts to cache: failed to save data to low-level cache by key printf/facts for package sysinfo: open /home/agent/.cache/golangci-lint/4d/4dc79c06d3f3b4e6313d9e9a9d06b25b95b916ab00c00a23cf1916ad856b3904-a: no space left on device"
level=warning msg="[linters_context/goanalysis] Failed to persist facts to cache: failed to save data to low-level cache by key nilness/facts for package sysinfo: open /home/agent/.cache/golangci-lint/70/709803a5bc33f6eab200faec084aff3e576100c8645bbc9026daf7feda456012-a: no space left on device"
level=warning msg="[linters_context/goanalysis] Failed to persist facts to cache: failed to save data to low-level cache by key fact_purity/facts for package lazyregexp: open /home/agent/.cache/golangci-lint/e9/e99e1d54ed73a60d4bac538ea9e3f1c9c09050ccf35f62b6fd8df6766665d665-a: no space left on device"
level=warning msg="[linters_context/goanalysis] Failed to persist facts to cache: failed to save data to low-level cache by key SA5012/facts for package lazyregexp: open /home/agent/.cache/golangci-lint/6c/6c6a9371c92ab75a985ea12185a3e9df0cd773f5964184d611682a228ff053af-a: no space left on device"
level=warning msg="[linters_context/goanalysis] Failed to persist facts to cache: failed to save data to low-level cache by key nilness/facts for package lazyregexp: open /home/agent/.cache/golangci-lint/f3/f30ebafc8f7439f354a1ac894158d9faeac60fbdb0d38897f21f1c56e1913102-a: no space left on device"
level=warning msg="[linters_context/goanalysis] Failed to persist facts to cache: failed to save data to low-level cache by key nilness/facts for package sysrand: open /home/agent/.cache/golangci-lint/ae/ae9a4ebe6fc5b0e6a1de5d3ea73b96e150ce935cb3f6b4b926679283db4df1dc-a: no space left on device"
level=warning msg="[linters_context/goanalysis] Failed to persist facts to cache: failed to save data to low-level cache by key fact_purity/facts for package sysrand: open /home/agent/.cache/golangci-lint/e6/e6b300e44ab3728259cd4b90b49ef5eb30f7c8e2750d936c0f8987c45ad30405-a: no space left on device"
level=warning msg="[linters_context/goanalysis] Failed to persist facts to cache: failed to save data to low-level cache by key SA5012/facts for package sysrand: open /home/agent/.cache/golangci-lint/03/03237ccd3ee6b9536969a24ae0db4aa3713cbc4e4f7ce96675ccb9c369d33268-a: no space left on device"
level=warning msg="[linters_context/goanalysis] Failed to persist facts to cache: failed to save data to low-level cache by key inline/facts for package filepath: open /home/agent/.cache/golangci-lint/e4/e41d689c2a8e3f1743ecdcdb1ef0c8f3019f829367d8f556de0aff937be33f09-a: no space left on device"
level=warning msg="[linters_context/goanalysis] Failed to persist facts to cache: failed to save data to low-level cache by key printf/facts for package filepath: open /home/agent/.cache/golangci-lint/9f/9f8a42f02d28f11767bcc8265bb523cfd2604dc70829d85096372b8ce4713857-a: no space left on device"
level=warning msg="[linters_context/goanalysis] Failed to persist facts to cache: failed to save data to low-level cache by key ctrlflow/facts for package filepath: open /home/agent/.cache/golangci-lint/e4/e49c21f69f7ffb6c0ca16a67e9f3248079b06ff315ca1a58f146f44941a8b40a-a: no space left on device"
level=warning msg="[linters_context/goanalysis] Failed to persist facts to cache: failed to save data to low-level cache by key exhaustive/facts for package filepath: open /home/agent/.cache/golangci-lint/bb/bb279f4999471129cea4f3b560d1ec56f27666d63ca61dab4a920828c3d85a83-a: no space left on device"
level=warning msg="[linters_context/goanalysis] Failed to persist facts to cache: failed to save data to low-level cache by key fact_deprecated/facts for package drbg: open /home/agent/.cache/golangci-lint/5a/5a8d1ad2189dab1e629d8d9e6b42ae0d1b02d691ae2daff7f58d2f1539101ddd-a: no space left on device"
level=warning msg="[linters_context/goanalysis] Failed to persist facts to cache: failed to save data to low-level cache by key fact_purity/facts for package signal: open /home/agent/.cache/golangci-lint/3e/3ec8526a55f02840cffc22bd43b916cb3d5ffd353714b4a2d1bbb09e0c37302c-a: no space left on device"
level=warning msg="[linters_context/goanalysis] Failed to persist facts to cache: failed to save data to low-level cache by key nilness/facts for package signal: open /home/agent/.cache/golangci-lint/48/48606a51f663a65d88930abab536c3b0070cc940048340b12d71ba2dae7928e2-a: no space left on device"
level=warning msg="[linters_context/goanalysis] Failed to persist facts to cache: failed to save data to low-level cache by key ctrlflow/facts for package drbg: open /home/agent/.cache/golangci-lint/a3/a36003139d424c4f38e72f8dcd853cebd50d561d76f24f61ca50eddd06d1722d-a: no space left on device"
level=warning msg="[linters_context/goanalysis] Failed to persist facts to cache: failed to save data to low-level cache by key exhaustive/facts for package drbg: open /home/agent/.cache/golangci-lint/ee/ee42f17af31c830bfb9f42b65dda9dd17f691eb8dc31d733fbfbf31d39fcbc28-a: no space left on device"
level=warning msg="[linters_context/goanalysis] Failed to persist facts to cache: failed to save data to low-level cache by key printf/facts for package drbg: open /home/agent/.cache/golangci-lint/dd/dd09977c337a1f91cdd35b40e3a6a3529b67c1dc2ad35732eff5febac14d4179-a: no space left on device"
level=warning msg="[linters_context/goanalysis] Failed to persist facts to cache: failed to save data to low-level cache by key SA5012/facts for package signal: open /home/agent/.cache/golangci-lint/3f/3fc4d9a9e21c163bd6e8a449def88662a6d801cdc16ea8202acefb4beedf6991-a: no space left on device"
level=warning msg="[linters_context/goanalysis] Failed to persist facts to cache: failed to save data to low-level cache by key inline/facts for package drbg: open /home/agent/.cache/golangci-lint/dd/dda1e6212b40062cafe87d5c18b32cee3a9eba7f92ac14987714e44deebeaacd-a: no space left on device"
level=warning msg="[linters_context/goanalysis] Failed to persist facts to cache: failed to save data to low-level cache by key fact_deprecated/facts for package filepath: open /home/agent/.cache/golangci-lint/1d/1db43f438697981be61700cb0affbe1a7b5ca3dca7fe87391f401e7c1a6fbf82-a: no space left on device"
level=warning msg="[linters_context/goanalysis] Failed to persist facts to cache: failed to save data to low-level cache by key fact_purity/facts for package drbg: open /home/agent/.cache/golangci-lint/3d/3d5a626c9d9c9341ee1f364d68bdb552013c8b1b5937e93657355dfe53b4d493-a: no space left on device"
level=warning msg="[linters_context/goanalysis] Failed to persist facts to cache: failed to save data to low-level cache by key nilness/facts for package drbg: open /home/agent/.cache/golangci-lint/18/1899e7a0f7fd168cff445a83dc7b14cb933b74466e90859cdb63185a7d693265-a: no space left on device"
level=warning msg="[linters_context/goanalysis] Failed to persist facts to cache: failed to save data to low-level cache by key SA5012/facts for package drbg: open /home/agent/.cache/golangci-lint/f3/f39f4c224bbd30c428660b89740ceb1ff2f0ea13e5c1147281c35cc12acfd7ae-a: no space left on device"
level=warning msg="[linters_context/goanalysis] Failed to persist facts to cache: failed to save data to low-level cache by key inline/facts for package fips140only: open /home/agent/.cache/golangci-lint/0d/0dafd7dab3e81076c0e27aa266432857c2fc7a1e4d9e4fe4d0739a2034276ff3-a: no space left on device"
level=warning msg="[linters_context/goanalysis] Failed to persist facts to cache: failed to save data to low-level cache by key fact_deprecated/facts for package fips140only: open /home/agent/.cache/golangci-lint/46/46024f0ced5cbe25d0c97a7daa6f2708277b2d3f6f91fc82572ff7425a5e6d67-a: no space left on device"
level=warning msg="[linters_context/goanalysis] Failed to persist facts to cache: failed to save data to low-level cache by key ctrlflow/facts for package fips140only: open /home/agent/.cache/golangci-lint/81/8112ce44c40b0faf2dce822b827553829ed735dbcdaca9f8e556bb654a1a14ec-a: no space left on device"
level=warning msg="[linters_context/goanalysis] Failed to persist facts to cache: failed to save data to low-level cache by key printf/facts for package fips140only: open /home/agent/.cache/golangci-lint/89/89b4738e42c65cb61a05449c1d7582bb377e62c2720f8c3c1da399ea432c5bd9-a: no space left on device"
level=warning msg="[linters_context/goanalysis] Failed to persist facts to cache: failed to save data to low-level cache by key exhaustive/facts for package fips140only: open /home/agent/.cache/golangci-lint/64/641665589b8faf48b71a2d3e0e236ec13e157c96800537f701de15c8280216fb-a: no space left on device"
level=warning msg="[linters_context/goanalysis] Failed to persist facts to cache: failed to save data to low-level cache by key fact_purity/facts for package fips140only: open /home/agent/.cache/golangci-lint/56/56e0de75619864ced97e242abf7aa3d2736e4baf32c23b23ceafe92399f14519-a: no space left on device"
level=warning msg="[linters_context/goanalysis] Failed to persist facts to cache: failed to save data to low-level cache by key nilness/facts for package fips140only: open /home/agent/.cache/golangci-lint/1a/1ab8a69d82ad59731e0c7204588390c313e9842ddde8c5a6611c1076cc6e8fa5-a: no space left on device"
level=warning msg="[linters_context/goanalysis] Failed to persist facts to cache: failed to save data to low-level cache by key SA5012/facts for package fips140only: open /home/agent/.cache/golangci-lint/25/2516714699164c332b6a173b6176c9fb8664e42b57d647cd85fdff6294d2ddea-a: no space left on device"
level=warning msg="[linters_context/goanalysis] Failed to persist facts to cache: failed to save data to low-level cache by key fact_deprecated/facts for package fmt: open /home/agent/.cache/golangci-lint/40/40d70036d6f3025039e09a59cf4b012f495aafe4b1669f893187c4e0383f103c-a: no space left on device"
level=warning msg="[linters_context/goanalysis] Failed to persist facts to cache: failed to save data to low-level cache by key fact_deprecated/facts for package gcm: open /home/agent/.cache/golangci-lint/9c/9c508bdbc9ac0f7f268334bae05fc255c1f876deef1843117dd0d273243673ce-a: no space left on device"
level=warning msg="[linters_context/goanalysis] Failed to persist facts to cache: failed to save data to low-level cache by key exhaustive/facts for package gcm: open /home/agent/.cache/golangci-lint/ac/ac664ded6f0088facbb965e70287e9dab4dda99fe8a8d7f74be02eca723e9801-a: no space left on device"
level=warning msg="[linters_context/goanalysis] Failed to persist facts to cache: failed to save data to low-level cache by key printf/facts for package gcm: open /home/agent/.cache/golangci-lint/ba/ba4a1ea2fe1c24f25808ac2b61bdbaeedf4dd9e6f7e386a436b39404a33d3568-a: no space left on device"
level=warning msg="[linters_context/goanalysis] Failed to persist facts to cache: failed to save data to low-level cache by key ctrlflow/facts for package gcm: open /home/agent/.cache/golangci-lint/05/05eb4cbb18aba1c7d7c14c6e959c4ceaa4f764f6a25b783ac8c2c631cea302df-a: no space left on device"
level=warning msg="[linters_context/goanalysis] Failed to persist facts to cache: failed to save data to low-level cache by key fact_purity/facts for package filepath: open /home/agent/.cache/golangci-lint/3d/3d5b13dc30f67ae4764572758bdcebada05dd74477df057fa369827ffae36e5d-d: no space left on device"
level=warning msg="[linters_context/goanalysis] Failed to persist facts to cache: failed to save data to low-level cache by key SA5012/facts for package filepath: open /home/agent/.cache/golangci-lint/43/435baf2411ad20985dfb89fecee7adf5d31f7317b55a519a9060ee7c94632be8-a: no space left on device"
level=warning msg="[linters_context/goanalysis] Failed to persist facts to cache: failed to save data to low-level cache by key ctrlflow/facts for package fmt: open /home/agent/.cache/golangci-lint/82/82513ef0f2e7bc9fd2f1b66b1d98072bead68a14d520d980be485906eb522475-a: no space left on device"
level=warning msg="[linters_context/goanalysis] Failed to persist facts to cache: failed to save data to low-level cache by key inline/facts for package fmt: open /home/agent/.cache/golangci-lint/49/498ed450bc8b73a0e80e80a50fe138d32fb0b2f44c0b97f9df2d2919456ef610-a: no space left on device"
level=warning msg="[linters_context/goanalysis] Failed to persist facts to cache: failed to save data to low-level cache by key printf/facts for package fmt: open /home/agent/.cache/golangci-lint/e7/e71755531b740797b735ea9e0ab0e9a2dde74021730faf6c4daddd11fb8dca06-a: no space left on device"
level=warning msg="[linters_context/goanalysis] Failed to persist facts to cache: failed to save data to low-level cache by key inline/facts for package gcm: open /home/agent/.cache/golangci-lint/19/199f43e8f0f4e45953c72392379876003e54a7832f28584363caae163392b746-a: no space left on device"
level=warning msg="[linters_context/goanalysis] Failed to persist facts to cache: failed to save data to low-level cache by key nilness/facts for package filepath: open /home/agent/.cache/golangci-lint/98/98f3d549fe29b91eea63692912dbb28580e35cbafd22e2b11c8099a60a7b8507-a: no space left on device"
level=warning msg="[linters_context/goanalysis] Failed to persist facts to cache: failed to save data to low-level cache by key SA5012/facts for package gcm: open /home/agent/.cache/golangci-lint/c9/c9d7cd55d321642bfde85e2e550d2950c804c6cefd5337d82100f1511f6b0c07-a: no space left on device"
level=warning msg="[linters_context/goanalysis] Failed to persist facts to cache: failed to save data to low-level cache by key fact_purity/facts for package gcm: open /home/agent/.cache/golangci-lint/0c/0c81fa32024912a13b4c33dee000fe73e47dff45374f670f44e592faecf45094-a: no space left on device"
level=warning msg="[linters_context/goanalysis] Failed to persist facts to cache: failed to save data to low-level cache by key nilness/facts for package gcm: open /home/agent/.cache/golangci-lint/d1/d1ce5bedcdb45f17e85bf3b108b6eac1390daade02089ba17517556f993affae-d: no space left on device"
level=warning msg="[linters_context/goanalysis] Failed to persist facts to cache: failed to save data to low-level cache by key exhaustive/facts for package fmt: open /home/agent/.cache/golangci-lint/a3/a3674955c8e96022d979531e617e284078af1cc53e99cbb90d3affd2553f6d27-a: no space left on device"
level=warning msg="[linters_context/goanalysis] Failed to persist facts to cache: failed to save data to low-level cache by key fact_deprecated/facts for package exec: open /home/agent/.cache/golangci-lint/2e/2e7828a8e01bd66d53594984f58572dbed926c0b6e74ede4f2c7502ddc8e9fe8-a: no space left on device"
level=warning msg="[linters_context/goanalysis] Failed to persist facts to cache: failed to save data to low-level cache by key ctrlflow/facts for package exec: open /home/agent/.cache/golangci-lint/3e/3e6108fbffbb0c694e158c940724946f02ee634b547c1457a7a2a0ab960b28a0-a: no space left on device"
level=warning msg="[linters_context/goanalysis] Failed to persist facts to cache: failed to save data to low-level cache by key printf/facts for package exec: open /home/agent/.cache/golangci-lint/65/653677c797a3ce2eacb256acd80f55bf87e42de68d03a79334a2dd1fe4353ef1-a: no space left on device"
level=warning msg="[linters_context/goanalysis] Failed to persist facts to cache: failed to save data to low-level cache by key fact_deprecated/facts for package cipher: open /home/agent/.cache/golangci-lint/e6/e69aa06c69ed25687cd00639a2504749fd07fe9c78768fa01914479f38d7af6a-a: no space left on device"
level=warning msg="[linters_context/goanalysis] Failed to persist facts to cache: failed to save data to low-level cache by key inline/facts for package exec: open /home/agent/.cache/golangci-lint/6d/6df7ba9d89bd4f35a962c310bfaf7495ab3cff6a3dfc2d4a4409b9d365e0d819-a: no space left on device"
level=warning msg="[linters_context/goanalysis] Failed to persist facts to cache: failed to save data to low-level cache by key exhaustive/facts for package exec: open /home/agent/.cache/golangci-lint/47/47014a0e626e6f2cbc1fa7283dcbabcfdc0e25c90fcc2f726dd43689f8c8e663-a: no space left on device"
level=warning msg="[linters_context/goanalysis] Failed to persist facts to cache: failed to save data to low-level cache by key exhaustive/facts for package cipher: open /home/agent/.cache/golangci-lint/40/4079c2f00b436dbe77a9c8e48ff8dfd646cb141e936fda9ae288c699e6cdefca-a: no space left on device"
level=warning msg="[linters_context/goanalysis] Failed to persist facts to cache: failed to save data to low-level cache by key printf/facts for package cipher: open /home/agent/.cache/golangci-lint/e4/e4746c2529d69d4222bb86aeee7638bfca45140668d90a5d30f17e983e86fdfc-a: no space left on device"
level=warning msg="[linters_context/goanalysis] Failed to persist facts to cache: failed to save data to low-level cache by key ctrlflow/facts for package cipher: open /home/agent/.cache/golangci-lint/62/62a6c9ccc69a9d22bff0f9a7b729e826344f73ab0d2fd7fc3bb1774302ad1fa5-a: no space left on device"
level=warning msg="[linters_context/goanalysis] Failed to persist facts to cache: failed to save data to low-level cache by key inline/facts for package cipher: open /home/agent/.cache/golangci-lint/d6/d6526fe1841cacbdac7700f0d3f25e4a5da887f21033ca5f1e91123060ec229c-a: no space left on device"
level=warning msg="[linters_context/goanalysis] Failed to persist facts to cache: failed to save data to low-level cache by key fact_purity/facts for package cipher: open /home/agent/.cache/golangci-lint/42/42951ee6c7b7dfd367b4b75f7995dd096d145e865fdab929a499a23ab6bf85fa-a: no space left on device"
level=warning msg="[linters_context/goanalysis] Failed to persist facts to cache: failed to save data to low-level cache by key fact_purity/facts for package exec: open /home/agent/.cache/golangci-lint/d7/d7e1242eb4bf48074c90ae206d41c188aef079ece4cac59c996f8a1e642eb36b-a: no space left on device"
level=warning msg="[linters_context/goanalysis] Failed to persist facts to cache: failed to save data to low-level cache by key SA5012/facts for package cipher: open /home/agent/.cache/golangci-lint/52/524ff7b47553d502c4c58e12c196004dcf20a6d158d7482d71a903ca62b0734d-a: no space left on device"
level=warning msg="[linters_context/goanalysis] Failed to persist facts to cache: failed to save data to low-level cache by key SA5012/facts for package exec: open /home/agent/.cache/golangci-lint/19/19a9f91f61e02bf5c0d524d5ffad1db7e69769984c643ee09d21353b9f39d861-a: no space left on device"
level=warning msg="[linters_context/goanalysis] Failed to persist facts to cache: failed to save data to low-level cache by key SA5012/facts for package fmt: open /home/agent/.cache/golangci-lint/85/858fbb66025d5bf15eba85d7ec679ff11e93f3dce336301833cbfb644bfd244a-a: no space left on device"
level=warning msg="[linters_context/goanalysis] Failed to persist facts to cache: failed to save data to low-level cache by key fact_purity/facts for package fmt: open /home/agent/.cache/golangci-lint/34/347354296d0b3ece77493b4bada85816ebdb671b49f2ba074ffe9e079229bcab-a: no space left on device"
level=warning msg="[linters_context/goanalysis] Failed to persist facts to cache: failed to save data to low-level cache by key nilness/facts for package cipher: open /home/agent/.cache/golangci-lint/93/9349f3ea662085ebac724b9839b2762fa5455b9769317a1868f1fd4887bb1eaf-a: no space left on device"
level=warning msg="[linters_context/goanalysis] Failed to persist facts to cache: failed to save data to low-level cache by key nilness/facts for package fmt: open /home/agent/.cache/golangci-lint/ce/cebe3a8b9e5df8117bf00f68381d0b6b6adfe3bebaaa603c919c100bf6ca524d-d: no space left on device"
level=warning msg="[linters_context/goanalysis] Failed to persist facts to cache: failed to save data to low-level cache by key fact_deprecated/facts for package boring: open /home/agent/.cache/golangci-lint/5a/5a45493f4f1cbc57446269a447fd5731f1bec34e34eff506d093ae22ae2c9d61-a: no space left on device"
level=warning msg="[linters_context/goanalysis] Failed to persist facts to cache: failed to save data to low-level cache by key printf/facts for package boring: open /home/agent/.cache/golangci-lint/87/87daecc038f4aec58edeb9f8e5e7c71ab60c0fee4eebc8c49ffe31f2b602b7a3-a: no space left on device"
level=warning msg="[linters_context/goanalysis] Failed to persist facts to cache: failed to save data to low-level cache by key nilness/facts for package exec: open /home/agent/.cache/golangci-lint/b2/b26dbdc3bac2aacbb6260d19409c2bde93f480a84c8e0c318ddca5a0f6528d51-a: no space left on device"
level=warning msg="[linters_context/goanalysis] Failed to persist facts to cache: failed to save data to low-level cache by key fact_deprecated/facts for package debug: open /home/agent/.cache/golangci-lint/2e/2e6680e56e89c72c0c5fe63a1b079a8d3603cd34856f58e072c14ff2233c4419-a: no space left on device"
level=warning msg="[linters_context/goanalysis] Failed to persist facts to cache: failed to save data to low-level cache by key exhaustive/facts for package debug: open /home/agent/.cache/golangci-lint/69/69c436b7d99d07817551c350ca90313e716a0e0a91baab17e584712baffdcacc-a: no space left on device"
level=warning msg="[linters_context/goanalysis] Failed to persist facts to cache: failed to save data to low-level cache by key exhaustive/facts for package boring: open /home/agent/.cache/golangci-lint/55/55a978eba79672f91841089811e74eb40fd0ff615f74e43a5dc55fb6f06a4342-d: no space left on device"
level=warning msg="[linters_context/goanalysis] Failed to persist facts to cache: failed to save data to low-level cache by key fact_deprecated/facts for package hex: open /home/agent/.cache/golangci-lint/84/845b3384821e8614bc009d1b91eaa98ea1bad737827190b840935a412010ad70-a: no space left on device"
level=warning msg="[linters_context/goanalysis] Failed to persist facts to cache: failed to save data to low-level cache by key ctrlflow/facts for package hex: open /home/agent/.cache/golangci-lint/00/00ca2f1e8bbdc5ab2444849d9dd7dab1f5c72c130a90e7423ebefb1fed211f23-a: no space left on device"
level=warning msg="[linters_context/goanalysis] Failed to persist facts to cache: failed to save data to low-level cache by key printf/facts for package debug: open /home/agent/.cache/golangci-lint/a1/a127a06d5044ff7727b9734176282dd8e487d462803a8ca7f85dae404b931d59-a: no space left on device"
level=warning msg="[linters_context/goanalysis] Failed to persist facts to cache: failed to save data to low-level cache by key ctrlflow/facts for package boring: open /home/agent/.cache/golangci-lint/70/70c738340b4c834f3c9424a7f3b53d6522e29dde11efbf8aa25f9ae6eb2861c3-d: no space left on device"
level=warning msg="[linters_context/goanalysis] Failed to persist facts to cache: failed to save data to low-level cache by key inline/facts for package debug: open /home/agent/.cache/golangci-lint/5a/5a9b2b470e4dc4b76e31ac7b6679c42784ae01510c830dbce9caaed57a05554e-a: no space left on device"
level=warning msg="[linters_context/goanalysis] Failed to persist facts to cache: failed to save data to low-level cache by key fact_purity/facts for package boring: open /home/agent/.cache/golangci-lint/ac/accfdd1b6b5eaea76eb14c207fe396bb350f53bedcb1942667035fc27081b570-a: no space left on device"
level=warning msg="[linters_context/goanalysis] Failed to persist facts to cache: failed to save data to low-level cache by key SA5012/facts for package hex: open /home/agent/.cache/golangci-lint/30/309785ea33d7310d8310236fb59167b224364a7c5425f113c39adfa1854d8b97-a: no space left on device"
level=warning msg="[linters_context/goanalysis] Failed to persist facts to cache: failed to save data to low-level cache by key inline/facts for package boring: open /home/agent/.cache/golangci-lint/3a/3a84e0bd3192cdb6479e6c2ad5e186a5334a7bce2fdbceceeaa52bd91a7ad0cc-a: no space left on device"
level=warning msg="[linters_context/goanalysis] Failed to persist facts to cache: failed to save data to low-level cache by key ctrlflow/facts for package debug: open /home/agent/.cache/golangci-lint/f5/f5625b8fbf132b139f10992f6d9a3caddcc37daedbda5ed486b1ea06d1b2dae9-a: no space left on device"
level=warning msg="[linters_context/goanalysis] Failed to persist facts to cache: failed to save data to low-level cache by key nilness/facts for package boring: open /home/agent/.cache/golangci-lint/dd/dd6612f6b1a757cccdb191198a15b93606189be8381afcb8fe30c75ce31cc688-a: no space left on device"
level=warning msg="[linters_context/goanalysis] Failed to persist facts to cache: failed to save data to low-level cache by key SA5012/facts for package boring: open /home/agent/.cache/golangci-lint/6e/6e54dfc988e0827b40919d1bd6065734abb16379121d0f2446d1753cf928255a-a: no space left on device"
level=warning msg="[linters_context/goanalysis] Failed to persist facts to cache: failed to save data to low-level cache by key printf/facts for package tabwriter: open /home/agent/.cache/golangci-lint/b0/b064aec1f5b74016bee55ebc123d88bee4a067886e56ead442eecb8dc9d4360c-a: no space left on device"
level=warning msg="[linters_context/goanalysis] Failed to persist facts to cache: failed to save data to low-level cache by key SA5012/facts for package debug: open /home/agent/.cache/golangci-lint/90/90286713a3fb5afbcd16b9f2106c1e48454f9b53c72257600b9edf40406b52f8-a: no space left on device"
level=warning msg="[linters_context/goanalysis] Failed to persist facts to cache: failed to save data to low-level cache by key ctrlflow/facts for package tabwriter: open /home/agent/.cache/golangci-lint/f5/f5c4f664a893fff60c1131bf5deb5686abe1f9a86512e3afd524951b50c13c49-a: no space left on device"
level=warning msg="[linters_context/goanalysis] Failed to persist facts to cache: failed to save data to low-level cache by key inline/facts for package tabwriter: open /home/agent/.cache/golangci-lint/d7/d73d3491e0a08b6da534c470aa89b395e0c1b8cdf470a349b804bfe7587e6d20-a: no space left on device"
level=warning msg="[linters_context/goanalysis] Failed to persist facts to cache: failed to save data to low-level cache by key fact_deprecated/facts for package tabwriter: open /home/agent/.cache/golangci-lint/1f/1f8d3ec8de3157ac8d37dfa44b98ac7b90584957036550395977d00d4bc5c539-a: no space left on device"
level=warning msg="[linters_context/goanalysis] Failed to persist facts to cache: failed to save data to low-level cache by key nilness/facts for package hex: open /home/agent/.cache/golangci-lint/6a/6a1ed10fda3c6d209ac0ea1da6b80202174c6bddf4eee9c522efbb652ed6ec97-d: no space left on device"
level=warning msg="[linters_context/goanalysis] Failed to persist facts to cache: failed to save data to low-level cache by key inline/facts for package hex: open /home/agent/.cache/golangci-lint/0e/0e519debebaaaa5deb27c6a5e8e186f2f5ec15f786a1241a1a454ac31748c378-a: no space left on device"
level=warning msg="[linters_context/goanalysis] Failed to persist facts to cache: failed to save data to low-level cache by key printf/facts for package hex: open /home/agent/.cache/golangci-lint/fc/fcb5aaaee5eb2001436728961353187b75c1b62a0724152958c96b4bd1c618fa-a: no space left on device"
level=warning msg="[linters_context/goanalysis] Failed to persist facts to cache: failed to save data to low-level cache by key fact_purity/facts for package hex: open /home/agent/.cache/golangci-lint/a3/a3d99195b0318bd75423ec05337c5ecfaeef188d7842c8e0d44f4ce06698e1fe-a: no space left on device"
level=warning msg="[linters_context/goanalysis] Failed to persist facts to cache: failed to save data to low-level cache by key exhaustive/facts for package hex: open /home/agent/.cache/golangci-lint/e3/e38b9c7643d06368e0e2b47fb24ce48a03cb763c49d921a02da4006309486cb4-a: no space left on device"
level=warning msg="[linters_context/goanalysis] Failed to persist facts to cache: failed to save data to low-level cache by key fact_deprecated/facts for package zstd: open /home/agent/.cache/golangci-lint/c3/c39fbfb820607feab1c22364e5e953232ad5382ecc3953e04149821eb902e3f2-a: no space left on device"
level=warning msg="[linters_context/goanalysis] Failed to persist facts to cache: failed to save data to low-level cache by key fact_deprecated/facts for package plan9obj: open /home/agent/.cache/golangci-lint/cb/cb2f090fa366b232c00ab63144a98f51bb31944c0ba89ce2831e3338d3873009-a: no space left on device"
level=warning msg="[linters_context/goanalysis] Failed to persist facts to cache: failed to save data to low-level cache by key fact_purity/facts for package debug: open /home/agent/.cache/golangci-lint/2b/2baa15bfb8f515aa28b5133a523b9a8a2a783e906a230647271fd5bb3ea1f522-a: no space left on device"
level=warning msg="[linters_context/goanalysis] Failed to persist facts to cache: failed to save data to low-level cache by key fact_deprecated/facts for package comment: open /home/agent/.cache/golangci-lint/97/97b9da32a74e1f3a4b34742f7f1af12e868b9da82f6f3ef6b4368a9f8389e1a6-a: no space left on device"
level=warning msg="[linters_context/goanalysis] Failed to persist facts to cache: failed to save data to low-level cache by key ctrlflow/facts for package comment: open /home/agent/.cache/golangci-lint/cf/cf11b8cdbc5f9f1f3db497206ae1d18593812d06f144958ce91be6e21da806cc-a: no space left on device"
level=warning msg="[linters_context/goanalysis] Failed to persist facts to cache: failed to save data to low-level cache by key nilness/facts for package debug: open /home/agent/.cache/golangci-lint/17/170a4e2fd46dd390e3839a6a5ec2d8e61aed8cd46468526761113bbcd6888eb3-a: no space left on device"
level=warning msg="[linters_context/goanalysis] Failed to persist facts to cache: failed to save data to low-level cache by key ctrlflow/facts for package flag: open /home/agent/.cache/golangci-lint/a1/a15c65a1cbd0102581bdea0edf5818367f6bb24e252e7b89804ba827a2755887-a: no space left on device"
level=warning msg="[linters_context/goanalysis] Failed to persist facts to cache: failed to save data to low-level cache by key inline/facts for package flag: open /home/agent/.cache/golangci-lint/41/41ce2b4af20d966f73f8ee20e81320aa043341fb5286ddc581642bedab6b7047-a: no space left on device"
level=warning msg="[linters_context/goanalysis] Failed to persist facts to cache: failed to save data to low-level cache by key printf/facts for package comment: open /home/agent/.cache/golangci-lint/76/76cc081443d862fb136c908ed8923ad1e5495ba3fc4a35462df7c091fe5045f3-a: no space left on device"
level=warning msg="[linters_context/goanalysis] Failed to persist facts to cache: failed to save data to low-level cache by key inline/facts for package plan9obj: open /home/agent/.cache/golangci-lint/41/41ccd9a5a4fb34beac7988172795a8424644316be8c9fb31984858714b45ba08-a: no space left on device"
level=warning msg="[linters_context/goanalysis] Failed to persist facts to cache: failed to save data to low-level cache by key inline/facts for package hostfs: open /home/agent/.cache/golangci-lint/b7/b7ef240d8ea73e941cac3efa081e285656aa2268e1a0955f005032c9d51f4cc3-a: no space left on device"
level=warning msg="[linters_context/goanalysis] Failed to persist facts to cache: failed to save data to low-level cache by key printf/facts for package zstd: open /home/agent/.cache/golangci-lint/34/3435f0537bd4a6ec05026ff001d0eebc639418964e3cf3395386b129477f58e4-a: no space left on device"
level=warning msg="[linters_context/goanalysis] Failed to persist facts to cache: failed to save data to low-level cache by key inline/facts for package zstd: open /home/agent/.cache/golangci-lint/c0/c05f40a1e83bfab7b6630b908a3e69d8e38910dad8541aaedd784977e6175d02-a: no space left on device"
level=warning msg="[linters_context/goanalysis] Failed to persist facts to cache: failed to save data to low-level cache by key ctrlflow/facts for package plan9obj: open /home/agent/.cache/golangci-lint/99/9944ddd28caeec76143ae1c3e724d4671012cebde32653a03cdb942cacafed7f-a: no space left on device"
level=warning msg="[linters_context/goanalysis] Failed to persist facts to cache: failed to save data to low-level cache by key fact_deprecated/facts for package hostfs: open /home/agent/.cache/golangci-lint/ae/ae71767370d761400df5546bd1e3244513c13d6a49685f1d9820ffbee1194d0e-a: no space left on device"
level=warning msg="[linters_context/goanalysis] Failed to persist facts to cache: failed to save data to low-level cache by key exhaustive/facts for package hostfs: open /home/agent/.cache/golangci-lint/d2/d2a92d9a0fbbccca5ad124a816357d9c12a656ad9312e4d1b237f75a8c4ec8f2-a: no space left on device"
level=warning msg="[linters_context/goanalysis] Failed to persist facts to cache: failed to save data to low-level cache by key printf/facts for package hostfs: open /home/agent/.cache/golangci-lint/c8/c8a23ede7ac86bc0fdea7905af31f52714bec3baad93ad60552d31c709c37d23-a: no space left on device"
level=warning msg="[linters_context/goanalysis] Failed to persist facts to cache: failed to save data to low-level cache by key printf/facts for package plan9obj: open /home/agent/.cache/golangci-lint/dd/dd6a5938dfbfe8277e79e81f87250c95a7f85aef26127cf747ca140c25bfce72-a: no space left on device"
level=warning msg="[linters_context/goanalysis] Failed to persist facts to cache: failed to save data to low-level cache by key ctrlflow/facts for package zstd: open /home/agent/.cache/golangci-lint/81/813082c4e4ddaf260f621193ca80a79b2dc22d7b93ab2dba0b210bb258bf5138-a: no space left on device"
level=warning msg="[linters_context/goanalysis] Failed to persist facts to cache: failed to save data to low-level cache by key exhaustive/facts for package zstd: open /home/agent/.cache/golangci-lint/51/5195123aa66b3309faa9c667e054148a83f6303b2c44e545afaa819caf29db82-d: no space left on device"
level=warning msg="[linters_context/goanalysis] Failed to persist facts to cache: failed to save data to low-level cache by key fact_deprecated/facts for package flag: open /home/agent/.cache/golangci-lint/30/300374fc5887b6ce65a2461b76e5ed402082e3b4aa2d03229e8163a1d803518c-a: no space left on device"
level=warning msg="[linters_context/goanalysis] Failed to persist facts to cache: failed to save data to low-level cache by key inline/facts for package comment: open /home/agent/.cache/golangci-lint/60/60dc87543359f3c999e3417b3e8c1e558d8ef70ea4eeddb0741defbe13c64afe-a: no space left on device"
level=warning msg="[linters_context/goanalysis] Failed to persist facts to cache: failed to save data to low-level cache by key ctrlflow/facts for package hostfs: open /home/agent/.cache/golangci-lint/8c/8cf3e8169d8fccb2939b20a63e0890fb147647fbf228e9a77f655bfb90fb2ff9-a: no space left on device"
level=warning msg="[linters_context/goanalysis] Failed to persist facts to cache: failed to save data to low-level cache by key exhaustive/facts for package plan9obj: open /home/agent/.cache/golangci-lint/07/076eb1727ee30c01cefc2d10d3ad965f5d1a988cfb7426ff1aa20d2d66743604-a: no space left on device"
level=warning msg="[linters_context/goanalysis] Failed to persist facts to cache: failed to save data to low-level cache by key printf/facts for package flag: open /home/agent/.cache/golangci-lint/83/83e2a03d051b1ce16f5ae69107bd23e3fdadf27bc10f622deaf1a15366a469f7-a: no space left on device"
level=warning msg="[linters_context/goanalysis] Failed to persist facts to cache: failed to save data to low-level cache by key fact_purity/facts for package plan9obj: open /home/agent/.cache/golangci-lint/2e/2eb74cf4cbbb2360afe216d557fb434f5c886560014e3df322f51bb1e9b3860d-a: no space left on device"
level=warning msg="[linters_context/goanalysis] Failed to persist facts to cache: failed to save data to low-level cache by key exhaustive/facts for package flag: open /home/agent/.cache/golangci-lint/4e/4eec3c5373f0570d0e30d69b33dcc6e70d4795ae43d94c7cd30bbea16f750a72-d: no space left on device"
level=warning msg="[linters_context/goanalysis] Failed to persist facts to cache: failed to save data to low-level cache by key fact_purity/facts for package tabwriter: open /home/agent/.cache/golangci-lint/8c/8ce0a154f8d905da00130b0aa819ea7ac44061193dfb07dce3c0c7703522dccb-a: no space left on device"
level=warning msg="[linters_context/goanalysis] Failed to persist facts to cache: failed to save data to low-level cache by key SA5012/facts for package tabwriter: open /home/agent/.cache/golangci-lint/0d/0d87d4137521707054c9f623e274a8b6fc31859b5c54c40e45669103e6062c1e-a: no space left on device"
level=warning msg="[linters_context/goanalysis] Failed to persist facts to cache: failed to save data to low-level cache by key exhaustive/facts for package comment: open /home/agent/.cache/golangci-lint/56/568aa3bc833897313127d68001d3b2d3f77ed963a66afeb9469848938f2fd9c9-d: no space left on device"
level=warning msg="[linters_context/goanalysis] Failed to persist facts to cache: failed to save data to low-level cache by key fact_purity/facts for package comment: open /home/agent/.cache/golangci-lint/cd/cd314e029aa84d1724944e11644ce230d2c3bd580fd113f0d98e4d05961cadcc-a: no space left on device"
level=warning msg="[linters_context/goanalysis] Failed to persist facts to cache: failed to save data to low-level cache by key SA5012/facts for package comment: open /home/agent/.cache/golangci-lint/a5/a5286395d26136a7aab57e014744d69b63f0c0c5c85bb7737a9471ad4616544e-a: no space left on device"
level=warning msg="[linters_context/goanalysis] Failed to persist facts to cache: failed to save data to low-level cache by key fact_deprecated/facts for package module: open /home/agent/.cache/golangci-lint/fc/fccd87ba17ae8e9991d717008619c986e48c61ae346b77bdf1cfaae365450478-a: no space left on device"
level=warning msg="[linters_context/goanalysis] Failed to persist facts to cache: failed to save data to low-level cache by key exhaustive/facts for package tabwriter: open /home/agent/.cache/golangci-lint/cc/cc033fd7a536cf8b47292cb2efcb673e27736e0e3d119bcad67e7eb032156069-a: no space left on device"
level=warning msg="[linters_context/goanalysis] Failed to persist facts to cache: failed to save data to low-level cache by key ctrlflow/facts for package module: open /home/agent/.cache/golangci-lint/84/846709ce937f3f418e9d3b2fccda2ae9ebe1b2d1599f1adbb857f9e389ad9e30-a: no space left on device"
level=warning msg="[linters_context/goanalysis] Failed to persist facts to cache: failed to save data to low-level cache by key nilness/facts for package tabwriter: open /home/agent/.cache/golangci-lint/46/4661b5c5b440d4135a23993decd2fac12a6a2e66c20fc41d4dbc0b997d860547-a: no space left on device"
level=warning msg="[linters_context/goanalysis] Failed to persist facts to cache: failed to save data to low-level cache by key printf/facts for package module: open /home/agent/.cache/golangci-lint/89/8981c986d9d445ec0a5e1d4d4632146e5ccc1af974ed98f2878552cf395a9b78-a: no space left on device"
level=warning msg="[linters_context/goanalysis] Failed to persist facts to cache: failed to save data to low-level cache by key inline/facts for package module: open /home/agent/.cache/golangci-lint/56/56fa98e339fba3a3c938c1a91973b05d59ff6d9549438122e256525b03383fd7-a: no space left on device"
level=warning msg="[linters_context/goanalysis] Failed to persist facts to cache: failed to save data to low-level cache by key nilness/facts for package comment: open /home/agent/.cache/golangci-lint/6b/6b1b3d94bdcfbbfe0360ef25eb59fe9cb7d4e6bf1bef19d4840a27ba36d9ffdf-d: no space left on device"
level=warning msg="[linters_context/goanalysis] Failed to persist facts to cache: failed to save data to low-level cache by key fact_purity/facts for package hostfs: open /home/agent/.cache/golangci-lint/80/8080ea91d242326fef6859cf0d8b2ab7f495e7838c15ede228387994b7c85405-a: no space left on device"
level=warning msg="[linters_context/goanalysis] Failed to persist facts to cache: failed to save data to low-level cache by key fact_deprecated/facts for package dwarf: open /home/agent/.cache/golangci-lint/29/29f1f2f2161f3d517a94597a60995ef624ac01a8863c1155ff6303e73763e396-a: no space left on device"
level=warning msg="[linters_context/goanalysis] Failed to persist facts to cache: failed to save data to low-level cache by key nilness/facts for package flag: open /home/agent/.cache/golangci-lint/fa/fac6848088f578edbec9da4e54f382aaccf777af7ace5b446a6e0d48bf7d9ff4-d: no space left on device"
level=warning msg="[linters_context/goanalysis] Failed to persist facts to cache: failed to save data to low-level cache by key nilness/facts for package plan9obj: open /home/agent/.cache/golangci-lint/e4/e4aa24aa7fface2a4965089d875f5b66dba2b1eaf9200bd45ed28f9662aea511-a: no space left on device"
level=warning msg="[linters_context/goanalysis] Failed to persist facts to cache: failed to save data to low-level cache by key SA5012/facts for package plan9obj: open /home/agent/.cache/golangci-lint/aa/aaffabed52553cb36745c4dbd51e005a9774e48156985d71d6d4af36e2341f8d-a: no space left on device"
level=warning msg="[linters_context/goanalysis] Failed to persist facts to cache: failed to save data to low-level cache by key exhaustive/facts for package trace: open /home/agent/.cache/golangci-lint/e1/e1f68e0824de6629f678d638c233da89613b671e1508971cee2b0603ffa19691-a: no space left on device"
level=warning msg="[linters_context/goanalysis] Failed to persist facts to cache: failed to save data to low-level cache by key fact_deprecated/facts for package trace: open /home/agent/.cache/golangci-lint/9d/9da520ee8f522a49b79d54d1465ac15e432212570e381be5695b4b91641ddfbc-a: no space left on device"
level=warning msg="[linters_context/goanalysis] Failed to persist facts to cache: failed to save data to low-level cache by key ctrlflow/facts for package trace: open /home/agent/.cache/golangci-lint/04/0421c55ecb5009ef220ca175ff89a9d850798a9e3e51b8c560a501c468b53d58-a: no space left on device"
level=warning msg="[linters_context/goanalysis] Failed to persist facts to cache: failed to save data to low-level cache by key fact_deprecated/facts for package sha256: open /home/agent/.cache/golangci-lint/05/05aface3d0d242a45ffab1308f4ff6f280ab36f6e7589e701ab32136f81c68e2-a: no space left on device"
level=warning msg="[linters_context/goanalysis] Failed to persist facts to cache: failed to save data to low-level cache by key SA5012/facts for package zstd: open /home/agent/.cache/golangci-lint/31/31ca4ef0161ac35f3cd293ab2a15512381c89bf748c9e0346ae2658bd6e08d35-a: no space left on device"
level=warning msg="[linters_context/goanalysis] Failed to persist facts to cache: failed to save data to low-level cache by key SA5012/facts for package flag: open /home/agent/.cache/golangci-lint/80/80982e5966ce5d5368fc92e2e094b745855a566918e2291246a90ad97477f7dc-a: no space left on device"
level=warning msg="[linters_context/goanalysis] Failed to persist facts to cache: failed to save data to low-level cache by key exhaustive/facts for package module: open /home/agent/.cache/golangci-lint/11/1151e360593fa86d74b62ba96944ee12d0e597662529f57bd94cec4702253370-d: no space left on device"
level=warning msg="[linters_context/goanalysis] Failed to persist facts to cache: failed to save data to low-level cache by key SA5012/facts for package module: open /home/agent/.cache/golangci-lint/a0/a02d29e409ee0d2633c029556e83001fe6914c1b442c9bd3ab54ea12e209cc81-a: no space left on device"
level=warning msg="[linters_context/goanalysis] Failed to persist facts to cache: failed to save data to low-level cache by key fact_purity/facts for package module: open /home/agent/.cache/golangci-lint/78/78dd9a35aee48963deece5258da96a27c36c020e8fcd829fd4d541b411bee92d-a: no space left on device"
level=warning msg="[linters_context/goanalysis] Failed to persist facts to cache: failed to save data to low-level cache by key inline/facts for package trace: open /home/agent/.cache/golangci-lint/21/219626ecdc35a2b2d42a3f018e7d3e7015775fa5d10782e0d85990e92eef6149-a: no space left on device"
level=warning msg="[linters_context/goanalysis] Failed to persist facts to cache: failed to save data to low-level cache by key nilness/facts for package hostfs: open /home/agent/.cache/golangci-lint/a7/a755a0953e7f7d4fd83aa7827305bc106c0d44c9c9f557b7f11587f7eba77c60-a: no space left on device"
level=warning msg="[linters_context/goanalysis] Failed to persist facts to cache: failed to save data to low-level cache by key printf/facts for package trace: open /home/agent/.cache/golangci-lint/60/60a2c5bcd917e4ac7b01fb98af0326ab986d2fd87befe1bdbe38b84e25c0c06b-a: no space left on device"
level=warning msg="[linters_context/goanalysis] Failed to persist facts to cache: failed to save data to low-level cache by key fact_purity/facts for package zstd: open /home/agent/.cache/golangci-lint/22/223d9260845ddd1c824ad97c0c25f3d390c91e99fbd2039941e56e95f14b38b5-a: no space left on device"
level=warning msg="[linters_context/goanalysis] Failed to persist facts to cache: failed to save data to low-level cache by key fact_purity/facts for package flag: open /home/agent/.cache/golangci-lint/7a/7ace5de8dc4091e89d54216d9c24efa82f02abc4d2cf23fdfe81c1ccac7cbdf9-a: no space left on device"
level=warning msg="[linters_context/goanalysis] Failed to persist facts to cache: failed to save data to low-level cache by key printf/facts for package token: open /home/agent/.cache/golangci-lint/f9/f96cd3d1b33ce43a8fa18ed365f56b8f0975b61585cf634d1900c01f57b33fa8-a: no space left on device"
level=warning msg="[linters_context/goanalysis] Failed to persist facts to cache: failed to save data to low-level cache by key exhaustive/facts for package token: open /home/agent/.cache/golangci-lint/0d/0d960483f251b90b24f49758af0ebc9f4ccfb5a87f0a9126972e04b7fce78a14-d: no space left on device"
level=warning msg="[linters_context/goanalysis] Failed to persist facts to cache: failed to save data to low-level cache by key printf/facts for package sha256: open /home/agent/.cache/golangci-lint/b2/b2e0eab555bbc070cfdc5d0e054e122acf3cf64cbd7da30f2a684977988c7344-a: no space left on device"
level=warning msg="[linters_context/goanalysis] Failed to persist facts to cache: failed to save data to low-level cache by key SA5012/facts for package hostfs: open /home/agent/.cache/golangci-lint/55/55520f5c1eced9baa6f5d90395fee958457796d32e7421959995616b6d00dc41-a: no space left on device"
level=warning msg="[linters_context/goanalysis] Failed to persist facts to cache: failed to save data to low-level cache by key fact_deprecated/facts for package net: open /home/agent/.cache/golangci-lint/77/77d869096f0cfda0e164a81167a472d519040c054915f28f1eef412d1e6994e8-a: no space left on device"
level=warning msg="[linters_context/goanalysis] Failed to persist facts to cache: failed to save data to low-level cache by key fact_deprecated/facts for package token: open /home/agent/.cache/golangci-lint/a1/a155c35834206c4fa23a13d06466fe378e85eccbfe10c9c2d1b9f84f0ab488e8-a: no space left on device"
level=warning msg="[linters_context/goanalysis] Failed to persist facts to cache: failed to save data to low-level cache by key nilness/facts for package module: open /home/agent/.cache/golangci-lint/c7/c751048c49540e56c0bbd2c8c723e52db9cc01129c04266e21e6c407b13c68de-a: no space left on device"
level=warning msg="[linters_context/goanalysis] Failed to persist facts to cache: failed to save data to low-level cache by key inline/facts for package dwarf: open /home/agent/.cache/golangci-lint/da/da30792e320029648c81d0b29a69bf3577c8c8eeced91d6828f62aa1f835f70f-a: no space left on device"
level=warning msg="[linters_context/goanalysis] Failed to persist facts to cache: failed to save data to low-level cache by key inline/facts for package token: open /home/agent/.cache/golangci-lint/d4/d4c2a85ff9f88c46ecaae33b17ea142c490aeff7373477169184590f8e1c74ac-a: no space left on device"
level=warning msg="[linters_context/goanalysis] Failed to persist facts to cache: failed to save data to low-level cache by key exhaustive/facts for package dwarf: open /home/agent/.cache/golangci-lint/2c/2c2e9595306f74cd47fcb1bf61b17f40974d7ffc2821b540671171af7b2842a7-d: no space left on device"
level=warning msg="[linters_context/goanalysis] Failed to persist facts to cache: failed to save data to low-level cache by key SA5012/facts for package trace: open /home/agent/.cache/golangci-lint/f3/f3577345e2d95d9b4b2ce5b2c5b5db131e4aa2e896d5b9460b6dda1bd607e6e9-a: no space left on device"
level=warning msg="[linters_context/goanalysis] Failed to persist facts to cache: failed to save data to low-level cache by key fact_purity/facts for package trace: open /home/agent/.cache/golangci-lint/a9/a998eb8d95af359aaa371dcfa93e61c14720e9ac8a7f22eac9920119346b5495-a: no space left on device"
level=warning msg="[linters_context/goanalysis] Failed to persist facts to cache: failed to save data to low-level cache by key ctrlflow/facts for package sha256: open /home/agent/.cache/golangci-lint/29/29216014ade1cac48fcd6d136ac9d6e1d0fb66b5dbe39109c3b26102f9224923-a: no space left on device"
level=warning msg="[linters_context/goanalysis] Failed to persist facts to cache: failed to save data to low-level cache by key nilness/facts for package trace: open /home/agent/.cache/golangci-lint/36/36bb8f29e5791481443b628a615efe67fdc59358a2c7316c5ec54bdb5624ba8c-a: no space left on device"
level=warning msg="[linters_context/goanalysis] Failed to persist facts to cache: failed to save data to low-level cache by key fact_purity/facts for package sha256: open /home/agent/.cache/golangci-lint/a4/a45cf31509833f4a34457ce11f687f6cd59e5849c142b071fdcf8718521fcc78-a: no space left on device"
level=warning msg="[linters_context/goanalysis] Failed to persist facts to cache: failed to save data to low-level cache by key ctrlflow/facts for package dwarf: open /home/agent/.cache/golangci-lint/13/13f53af6f79c5ce8582f44d1e7ba81ed5e05942d794e830885659e6dd8d17c82-a: no space left on device"
level=warning msg="[linters_context/goanalysis] Failed to persist facts to cache: failed to save data to low-level cache by key inline/facts for package hmac: open /home/agent/.cache/golangci-lint/21/21af58d60d2fd575ee0efa0d5bb4b3c565a77130622321165b7cc20120a35509-a: no space left on device"
level=warning msg="[linters_context/goanalysis] Failed to persist facts to cache: failed to save data to low-level cache by key printf/facts for package hmac: open /home/agent/.cache/golangci-lint/79/7998a0653beff3618361b981ac92e12a08ada622aa220787b8789f3b955c0f4e-a: no space left on device"
level=warning msg="[linters_context/goanalysis] Failed to persist facts to cache: failed to save data to low-level cache by key fact_deprecated/facts for package rand: open /home/agent/.cache/golangci-lint/76/766d1624b92bc62529ece7f8d4f71d497ce78191a261698590a451ca84290c6d-a: no space left on device"
level=warning msg="[linters_context/goanalysis] Failed to persist facts to cache: failed to save data to low-level cache by key exhaustive/facts for package sha256: open /home/agent/.cache/golangci-lint/c8/c86ab67279e076f999c6c5544794835b71ad1d315dff2e167c91c25dec551f19-a: no space left on device"
level=warning msg="[linters_context/goanalysis] Failed to persist facts to cache: failed to save data to low-level cache by key ctrlflow/facts for package hmac: open /home/agent/.cache/golangci-lint/dd/dd31bb0add617a580ff70a97b32c357b115c4f6ce0276250694319fb28e3e447-a: no space left on device"
level=warning msg="[linters_context/goanalysis] Failed to persist facts to cache: failed to save data to low-level cache by key ctrlflow/facts for package build: open /home/agent/.cache/golangci-lint/71/71e0146211942de0454c74c83bdaee58af901ccea0ac3314535f0edf1a2d671c-a: no space left on device"
level=warning msg="[linters_context/goanalysis] Failed to persist facts to cache: failed to save data to low-level cache by key inline/facts for package net: open /home/agent/.cache/golangci-lint/d1/d10b8e108544b6a17a134671d60f6e2f3184f37234c13df543992941d4865a34-a: no space left on device"
level=warning msg="[linters_context/goanalysis] Failed to persist facts to cache: failed to save data to low-level cache by key inline/facts for package build: open /home/agent/.cache/golangci-lint/7e/7ea59335a70d612e6ccffc4cba85f272fd9b7d3ae59d271fb722391da85931cb-a: no space left on device"
level=warning msg="[linters_context/goanalysis] Failed to persist facts to cache: failed to save data to low-level cache by key printf/facts for package rand: open /home/agent/.cache/golangci-lint/32/320bb20a3ccec38ea101c47cde080cf70159a525cdf50ac3f44181925ac343c1-a: no space left on device"
level=warning msg="[linters_context/goanalysis] Failed to persist facts to cache: failed to save data to low-level cache by key printf/facts for package dwarf: open /home/agent/.cache/golangci-lint/bd/bd4d68ec6c7766773ca5a688e872822066901c9a89cf6c964f6ed7e2b2c3d6e9-a: no space left on device"
level=warning msg="[linters_context/goanalysis] Failed to persist facts to cache: failed to save data to low-level cache by key exhaustive/facts for package hmac: open /home/agent/.cache/golangci-lint/c5/c50113a924a838919429338c5057fe05c393d9ca84e4a397883af3ff4f1a36ee-a: no space left on device"
level=warning msg="[linters_context/goanalysis] Failed to persist facts to cache: failed to save data to low-level cache by key ctrlflow/facts for package token: open /home/agent/.cache/golangci-lint/08/0891db3089a517ca8ea31edf8493a826931879d5b88eaa3a66ddec4be75e7baf-a: no space left on device"
level=warning msg="[linters_context/goanalysis] Failed to persist facts to cache: failed to save data to low-level cache by key nilness/facts for package hmac: open /home/agent/.cache/golangci-lint/d4/d4dbb6c33634435ab050f545696c591dc393bcd99d8d2c11a5c961d052ebb32c-a: no space left on device"
level=warning msg="[linters_context/goanalysis] Failed to persist facts to cache: failed to save data to low-level cache by key printf/facts for package net: open /home/agent/.cache/golangci-lint/da/daf08c21be7679390cf4e6a21e153396ebe9af10f6707729923550a80c77fed3-a: no space left on device"
level=warning msg="[linters_context/goanalysis] Failed to persist facts to cache: failed to save data to low-level cache by key ctrlflow/facts for package net: open /home/agent/.cache/golangci-lint/2c/2c33873b82a463cbaeac6c34b9dc302aa3f8a3e7ada2d34f927273a7216f873b-a: no space left on device"
level=warning msg="[linters_context/goanalysis] Failed to persist facts to cache: failed to save data to low-level cache by key ctrlflow/facts for package flate: open /home/agent/.cache/golangci-lint/04/0409d2e87314fc3a77d505260ba42b0272dc11566ecb080e5b3ecd205f1e7f40-a: no space left on device"
level=warning msg="[linters_context/goanalysis] Failed to persist facts to cache: failed to save data to low-level cache by key nilness/facts for package build: open /home/agent/.cache/golangci-lint/78/7837209d5fac826290e694906c9b556da5f6822bffc2f4c43373eeb9f5b0e6ec-a: no space left on device"
level=warning msg="[linters_context/goanalysis] Failed to persist facts to cache: failed to save data to low-level cache by key exhaustive/facts for package build: open /home/agent/.cache/golangci-lint/6f/6f41af92cd47cbac7ecf5a0bd959dd49618f4e8601a8a88e95a6ef722f4df320-a: no space left on device"
level=warning msg="[linters_context/goanalysis] Failed to persist facts to cache: failed to save data to low-level cache by key fact_deprecated/facts for package flate: open /home/agent/.cache/golangci-lint/30/303010a69764d49c948a84ccf8f2a9b5e8dd1a379d2c7ffe81f34cde9f82428b-a: no space left on device"
level=warning msg="[linters_context/goanalysis] Failed to persist facts to cache: failed to save data to low-level cache by key nilness/facts for package zstd: open /home/agent/.cache/golangci-lint/59/5938aa00ab0ff533947513f116b1220eb12bd9b24f4851d98dab3e718696e9a2-a: no space left on device"
level=warning msg="[linters_context/goanalysis] Failed to persist facts to cache: failed to save data to low-level cache by key fact_deprecated/facts for package hmac: open /home/agent/.cache/golangci-lint/23/232e1adc1151b2a04425a1aa98665cea3b75d75cdfd854887357b3cf79034f18-a: no space left on device"
level=warning msg="[linters_context/goanalysis] Failed to persist facts to cache: failed to save data to low-level cache by key fact_deprecated/facts for package build: open /home/agent/.cache/golangci-lint/1d/1d4152a31e0b33ff577628e2b6d1d87fadfa64070138fb2c1f85022010a2125e-a: no space left on device"
level=warning msg="[linters_context/goanalysis] Failed to persist facts to cache: failed to save data to low-level cache by key fact_purity/facts for package hmac: open /home/agent/.cache/golangci-lint/05/050f22b5333050d1f8daccc59ee86c202669c9d0b5c59f6636cb24d622307f12-a: no space left on device"
level=warning msg="[linters_context/goanalysis] Failed to persist facts to cache: failed to save data to low-level cache by key SA5012/facts for package sha256: open /home/agent/.cache/golangci-lint/b8/b868acc8fbf462638fe69dde437bed34eea179234929f0a9475cb98cc023b135-a: no space left on device"
level=warning msg="[linters_context/goanalysis] Failed to persist facts to cache: failed to save data to low-level cache by key nilness/facts for package sha256: open /home/agent/.cache/golangci-lint/b4/b44da8c6d879065a106257b9c837e94bcd2a0731f6ea027d2ed1f6fc38f919c7-a: no space left on device"
level=warning msg="[linters_context/goanalysis] Failed to persist facts to cache: failed to save data to low-level cache by key SA5012/facts for package build: open /home/agent/.cache/golangci-lint/5f/5ff7c2ac974e849be934c16f2a3cb5492c7f7d15fee06cacfe9343d1d2e04d2a-a: no space left on device"
level=warning msg="[linters_context/goanalysis] Failed to persist facts to cache: failed to save data to low-level cache by key SA5012/facts for package hmac: open /home/agent/.cache/golangci-lint/03/032ada36b50a02f05366174fc173bb613a23b73d2f63e878bb0e182489c4bb1b-a: no space left on device"
level=warning msg="[linters_context/goanalysis] Failed to persist facts to cache: failed to save data to low-level cache by key inline/facts for package sha256: open /home/agent/.cache/golangci-lint/77/774cbaf503762d4b313354419ab8a16c9a2baad5c80dd26bfb829b809219eb45-a: no space left on device"
level=warning msg="[linters_context/goanalysis] Failed to persist facts to cache: failed to save data to low-level cache by key fact_deprecated/facts for package big: open /home/agent/.cache/golangci-lint/04/04440ea67e289449c5f3cee2f2eb06cee5edfe1595413a942eef80b085d41241-a: no space left on device"
level=warning msg="[linters_context/goanalysis] Failed to persist facts to cache: failed to save data to low-level cache by key inline/facts for package flate: open /home/agent/.cache/golangci-lint/cc/cc493bc5d25672c01e8f5bb2026ff9fb189b64fc39021b4f71d31531214e59ca-a: no space left on device"
level=warning msg="[linters_context/goanalysis] Failed to persist facts to cache: failed to save data to low-level cache by key ctrlflow/facts for package rand: open /home/agent/.cache/golangci-lint/a0/a0861b044f658114e5b874771438ccc60e5c36000e568f5c4761b89493a7c288-a: no space left on device"
level=warning msg="[linters_context/goanalysis] Failed to persist facts to cache: failed to save data to low-level cache by key printf/facts for package flate: open /home/agent/.cache/golangci-lint/7f/7f47053d8dd4aa3e8355ecdba8cd8b05e18c4be82c2f017b3b53e226d5605fdf-a: no space left on device"
level=warning msg="[linters_context/goanalysis] Failed to persist facts to cache: failed to save data to low-level cache by key fact_purity/facts for package rand: open /home/agent/.cache/golangci-lint/8e/8e399ac3e47aab4179fd2f138d202609ac908b09aa9f13238f94ffdf1667b1a1-a: no space left on device"
level=warning msg="[linters_context/goanalysis] Failed to persist facts to cache: failed to save data to low-level cache by key SA5012/facts for package token: open /home/agent/.cache/golangci-lint/81/812365a87f5f0b51046af3d6b6aca4bb63cc602121e5b796649995b23eefe554-a: no space left on device"
level=warning msg="[linters_context/goanalysis] Failed to persist facts to cache: failed to save data to low-level cache by key ctrlflow/facts for package big: open /home/agent/.cache/golangci-lint/70/70c4410bb70499a73a0a30dc7bc649a68608955d19d243ae17365af8386be49c-a: no space left on device"
level=warning msg="[linters_context/goanalysis] Failed to persist facts to cache: failed to save data to low-level cache by key fact_purity/facts for package build: open /home/agent/.cache/golangci-lint/67/67518f1cbb5a932d1252528d8e2bd2ddef5f09da280eb9c6bca4d227054f3f86-a: no space left on device"
level=warning msg="[linters_context/goanalysis] Failed to persist facts to cache: failed to save data to low-level cache by key nilness/facts for package rand: open /home/agent/.cache/golangci-lint/ca/ca031e4537f0795e72f98b136cf849cd7aeab3a682e719b0ba78c970e2da7780-a: no space left on device"
level=warning msg="[linters_context/goanalysis] Failed to persist facts to cache: failed to save data to low-level cache by key exhaustive/facts for package rand: open /home/agent/.cache/golangci-lint/48/48fbf0f642b196bd8c462c5cb6c1615e59dcc4622ab376aac317466b00fd87ab-a: no space left on device"
level=warning msg="[linters_context/goanalysis] Failed to persist facts to cache: failed to save data to low-level cache by key printf/facts for package big: open /home/agent/.cache/golangci-lint/76/7683d0b5a53a841ecef67ded824755a3c9fdb1ae4e0d858ddf75be2781af5a95-a: no space left on device"
level=warning msg="[linters_context/goanalysis] Failed to persist facts to cache: failed to save data to low-level cache by key exhaustive/facts for package net: open /home/agent/.cache/golangci-lint/76/761f38863557487abb21387c05c0682e363753c75bed0e64035e743e7c915d40-d: no space left on device"
level=warning msg="[linters_context/goanalysis] Failed to persist facts to cache: failed to save data to low-level cache by key inline/facts for package big: open /home/agent/.cache/golangci-lint/d3/d34102f1c39bd98069192aaba250a9381207d76d1a949f95ab03df6d657209db-a: no space left on device"
level=warning msg="[linters_context/goanalysis] Failed to persist facts to cache: failed to save data to low-level cache by key fact_purity/facts for package token: open /home/agent/.cache/golangci-lint/ef/ef840c888dae0f88d073ca4f9fd94948e1e3bcf79d59910551cbfa4aa08e6096-a: no space left on device"
level=warning msg="[linters_context/goanalysis] Failed to persist facts to cache: failed to save data to low-level cache by key inline/facts for package rand: open /home/agent/.cache/golangci-lint/3e/3ee2528c063319f617af454e11fac7a4d5e4bed4e7e539bf5808999d212969a7-a: no space left on device"
level=warning msg="[linters_context/goanalysis] Failed to persist facts to cache: failed to save data to low-level cache by key nilness/facts for package token: open /home/agent/.cache/golangci-lint/f2/f2c647ff7a1103cb5d42e8f1b6ee5a53e20212c4b37c0d9e1876522dbd539e85-d: no space left on device"
level=warning msg="[linters_context/goanalysis] Failed to persist facts to cache: failed to save data to low-level cache by key SA5012/facts for package rand: open /home/agent/.cache/golangci-lint/39/39897ed52ce8609c15ffbae466168ec42510c375e476154e96f67677be342aa9-a: no space left on device"
level=warning msg="[linters_context/goanalysis] Failed to persist facts to cache: failed to save data to low-level cache by key printf/facts for package build: open /home/agent/.cache/golangci-lint/49/492f10ae32ac63e0a5252da4ab62fa15bb54476d62b75ac20297514aeea8e631-a: no space left on device"
level=warning msg="[linters_context/goanalysis] Failed to persist facts to cache: failed to save data to low-level cache by key fact_deprecated/facts for package hostexec: open /home/agent/.cache/golangci-lint/83/832e28846c3515fdc8601e500138d3f221d356de7354d08cf30c9a23ffb29b95-a: no space left on device"
level=warning msg="[linters_context/goanalysis] Failed to persist facts to cache: failed to save data to low-level cache by key ctrlflow/facts for package hostexec: open /home/agent/.cache/golangci-lint/e6/e63647ee1dcb578c89eb10b9568dc048cae5976b36afb62f8dbc5acec2cb560f-a: no space left on device"
level=warning msg="[linters_context/goanalysis] Failed to persist facts to cache: failed to save data to low-level cache by key exhaustive/facts for package modfile: open /home/agent/.cache/golangci-lint/ca/ca79e0c2ce1a6219c9e01c2b8e22674849e37c47c95a84b18a3ac425624cce5c-d: no space left on device"
level=warning msg="[linters_context/goanalysis] Failed to persist facts to cache: failed to save data to low-level cache by key printf/facts for package hostexec: open /home/agent/.cache/golangci-lint/fb/fbef69fa2d615e43844f8087bf17625e74a165c8c8b930e727b58ada1613b863-a: no space left on device"
level=warning msg="[linters_context/goanalysis] Failed to persist facts to cache: failed to save data to low-level cache by key SA5012/facts for package dwarf: open /home/agent/.cache/golangci-lint/5a/5a289764489bfdeb5fdc953d9c90d5ec6ad1af5c1f8ff1b96e4b0fcccf5b187e-a: no space left on device"
level=warning msg="[linters_context/goanalysis] Failed to persist facts to cache: failed to save data to low-level cache by key fact_deprecated/facts for package modfile: open /home/agent/.cache/golangci-lint/5d/5d1a059ff70371ca9d538d022794a254a35a8c17df0fcc77ae027c66ad87986d-a: no space left on device"
level=warning msg="[linters_context/goanalysis] Failed to persist facts to cache: failed to save data to low-level cache by key fact_deprecated/facts for package installation: open /home/agent/.cache/golangci-lint/c0/c06bc6d4cfac32add6f093b34f0f808bb9a16b596841c9462b945f9a72e22055-a: no space left on device"
level=warning msg="[linters_context/goanalysis] Failed to persist facts to cache: failed to save data to low-level cache by key fact_deprecated/facts for package scanner: open /home/agent/.cache/golangci-lint/be/be04c823dcdafb2cb337b10b2c066409737c40c7fb2c19e3f41ee51ec39c04ee-a: no space left on device"
level=warning msg="[linters_context/goanalysis] Failed to persist facts to cache: failed to save data to low-level cache by key inline/facts for package installation: open /home/agent/.cache/golangci-lint/dd/dd3b1d00f85ad52397e97a8cf87307862e2e9dd7cc05759eceff089c142c7ef6-a: no space left on device"
level=warning msg="[linters_context/goanalysis] Failed to persist facts to cache: failed to save data to low-level cache by key fact_deprecated/facts for package json: open /home/agent/.cache/golangci-lint/e0/e0ac1929aba0a396d63710d08fd16353003b40292248cded4f1eb3bee48d39cd-a: no space left on device"
level=warning msg="[linters_context/goanalysis] Failed to persist facts to cache: failed to save data to low-level cache by key ctrlflow/facts for package installation: open /home/agent/.cache/golangci-lint/91/91b3d6b9ed39d9393ce39598420f5abf7b6a3f89d8e74e3df10b1350068a90be-a: no space left on device"
level=warning msg="[linters_context/goanalysis] Failed to persist facts to cache: failed to save data to low-level cache by key exhaustive/facts for package installation: open /home/agent/.cache/golangci-lint/fe/fea034667c8548d1a36fff4d181e7de9318c906a73b4ef1e2f1b35693c53f609-a: no space left on device"
level=warning msg="[linters_context/goanalysis] Failed to persist facts to cache: failed to save data to low-level cache by key printf/facts for package installation: open /home/agent/.cache/golangci-lint/e8/e85f614b11ae22c6bedd5a7b6539da1becc117c82a14155464b38b2dbd69eb28-a: no space left on device"
level=warning msg="[linters_context/goanalysis] Failed to persist facts to cache: failed to save data to low-level cache by key exhaustive/facts for package hostexec: open /home/agent/.cache/golangci-lint/96/9610558c7600fa4b2e0dc2299528bd20f8258cce1b9738ae811abd4e82072733-d: no space left on device"
level=warning msg="[linters_context/goanalysis] Failed to persist facts to cache: failed to save data to low-level cache by key fact_purity/facts for package dwarf: open /home/agent/.cache/golangci-lint/90/9051ae7181eaf5e0e10ed4c09390dec5c2b8a5cefb4c1c976a018ff3f1ae44d6-a: no space left on device"
level=warning msg="[linters_context/goanalysis] Failed to persist facts to cache: failed to save data to low-level cache by key fact_deprecated/facts for package sourceinventory: open /home/agent/.cache/golangci-lint/01/0142c9b7f11dba228500d26ff472448665e82b12ebf1df12a23f780380310763-a: no space left on device"
level=warning msg="[linters_context/goanalysis] Failed to persist facts to cache: failed to save data to low-level cache by key inline/facts for package modfile: open /home/agent/.cache/golangci-lint/87/87bf5e585981821932c87f4d99cb97e3d91235e4cef29d2042b468509a1d8648-a: no space left on device"
level=warning msg="[linters_context/goanalysis] Failed to persist facts to cache: failed to save data to low-level cache by key ctrlflow/facts for package modfile: open /home/agent/.cache/golangci-lint/6f/6f550a30523b3501948b8ae513523e4826fd8b150c4c6600117ddf6eca52b500-a: no space left on device"
level=warning msg="[linters_context/goanalysis] Failed to persist facts to cache: failed to save data to low-level cache by key ctrlflow/facts for package scanner: open /home/agent/.cache/golangci-lint/3e/3e2e62fc5a56ed551e898e83821abf1e6823ba9bf0329238ef2839894afa0c52-a: no space left on device"
level=warning msg="[linters_context/goanalysis] Failed to persist facts to cache: failed to save data to low-level cache by key printf/facts for package scanner: open /home/agent/.cache/golangci-lint/f4/f48456040037f82090cfccce8cc3c431ed45df9b0370342150fabfed4348c05e-a: no space left on device"
level=warning msg="[linters_context/goanalysis] Failed to persist facts to cache: failed to save data to low-level cache by key exhaustive/facts for package big: open /home/agent/.cache/golangci-lint/bc/bc90574ff9c85a7d15e9b1382d47b5e5872a9df0090dabf4e9fe7de6c01d9755-d: no space left on device"
level=warning msg="[linters_context/goanalysis] Failed to persist facts to cache: failed to save data to low-level cache by key inline/facts for package scanner: open /home/agent/.cache/golangci-lint/de/de02adf6454e5af6849e4864023e344b8ba2e6f299bc00bf822d879064d4db3b-a: no space left on device"
level=warning msg="[linters_context/goanalysis] Failed to persist facts to cache: failed to save data to low-level cache by key exhaustive/facts for package flate: open /home/agent/.cache/golangci-lint/f9/f923740f20a2c4ff606a53209653045cfa7f8ed1db0dd2ef586a3cce6ada3b1b-a: no space left on device"
level=warning msg="[linters_context/goanalysis] Failed to persist facts to cache: failed to save data to low-level cache by key nilness/facts for package dwarf: open /home/agent/.cache/golangci-lint/3c/3c6475a799d4d07845d13ed8783602e220982c1bb6e0453aa0fe66f7cd9ca442-d: no space left on device"
level=warning msg="[linters_context/goanalysis] Failed to persist facts to cache: failed to save data to low-level cache by key exhaustive/facts for package scanner: open /home/agent/.cache/golangci-lint/ad/ad0e1f9297c2548ec8b95a62cda630ae02946f8f928ff4c2804279b6d8dc38b1-d: no space left on device"
level=warning msg="[linters_context/goanalysis] Failed to persist facts to cache: failed to save data to low-level cache by key ctrlflow/facts for package json: open /home/agent/.cache/golangci-lint/4b/4ba53f4714cd244347e162e1052fcece65333d9d50e1debd728d6786a9aac606-a: no space left on device"
level=warning msg="[linters_context/goanalysis] Failed to persist facts to cache: failed to save data to low-level cache by key inline/facts for package json: open /home/agent/.cache/golangci-lint/c9/c95c0bd64076236db1c6548654670deb24fa11e81efa6385e2bceb3d566fbce6-a: no space left on device"
level=warning msg="[linters_context/goanalysis] Failed to persist facts to cache: failed to save data to low-level cache by key ctrlflow/facts for package sourceinventory: open /home/agent/.cache/golangci-lint/2c/2c0dfd14c29d9c17a8209ee1d2386d5e4f739c7b31cb5cc62f7096655552b735-a: no space left on device"
level=warning msg="[linters_context/goanalysis] Failed to persist facts to cache: failed to save data to low-level cache by key printf/facts for package sourceinventory: open /home/agent/.cache/golangci-lint/6a/6a6c49f33aab86a40a02487e45872d799f7f367aefe28698e69e6a5c86ba132c-a: no space left on device"
level=warning msg="[linters_context/goanalysis] Failed to persist facts to cache: failed to save data to low-level cache by key inline/facts for package sourceinventory: open /home/agent/.cache/golangci-lint/c4/c441fb6311dbe517f94a3ad61c5b331d6fd3234e2a9e3cdc6a966e129ddbcb88-a: no space left on device"
level=warning msg="[linters_context/goanalysis] Failed to persist facts to cache: failed to save data to low-level cache by key exhaustive/facts for package sourceinventory: open /home/agent/.cache/golangci-lint/cd/cde9870f62cc384f33d2df91132e2ce4cdaf1015389834c998756542d33dc048-a: no space left on device"
level=warning msg="[linters_context/goanalysis] Failed to persist facts to cache: failed to save data to low-level cache by key nilness/facts for package sourceinventory: open /home/agent/.cache/golangci-lint/42/42e6b9d469df8623547a605ef09a39c83461c15e4302ab0cbc3e4c71e842ff3e-a: no space left on device"
level=warning msg="[linters_context/goanalysis] Failed to persist facts to cache: failed to save data to low-level cache by key SA5012/facts for package sourceinventory: open /home/agent/.cache/golangci-lint/80/8002f78a58d72826eb533444acb89daa4af7107f460acad153dff93a5b8424a9-a: no space left on device"
level=warning msg="[linters_context/goanalysis] Failed to persist facts to cache: failed to save data to low-level cache by key fact_purity/facts for package sourceinventory: open /home/agent/.cache/golangci-lint/3a/3a47a7f2229f113dd1cbd0dd6f8985c45390fd41168c9af1d00e509641ca513f-a: no space left on device"
level=warning msg="[linters_context/goanalysis] Failed to persist facts to cache: failed to save data to low-level cache by key SA5012/facts for package installation: open /home/agent/.cache/golangci-lint/1e/1e765b86cf6b2ceeba08068265f27fb63e64921b9dfedddef4b66c846e36e8b9-a: no space left on device"
level=warning msg="[linters_context/goanalysis] Failed to persist facts to cache: failed to save data to low-level cache by key fact_purity/facts for package scanner: open /home/agent/.cache/golangci-lint/38/3889ac370d321dfe2ff1a5884c07a9a1411c9ac0465c2fa17336e4f4ec58cf7f-a: no space left on device"
level=warning msg="[linters_context/goanalysis] Failed to persist facts to cache: failed to save data to low-level cache by key SA5012/facts for package hostexec: open /home/agent/.cache/golangci-lint/33/334cb39ea188f0d117550500868833917560dc9513d13c7ba45b09df1e03af8c-a: no space left on device"
level=warning msg="[linters_context/goanalysis] Failed to persist facts to cache: failed to save data to low-level cache by key nilness/facts for package scanner: open /home/agent/.cache/golangci-lint/15/15f4b2028ee98a1fb876d5d60c647f5892ee16da2cde054cff4feb9ebcd9384e-a: no space left on device"
level=warning msg="[linters_context/goanalysis] Failed to persist facts to cache: failed to save data to low-level cache by key SA5012/facts for package scanner: open /home/agent/.cache/golangci-lint/7c/7c665b96331397c5f8c7ce8aad41c1f2688e4df3110000b9fff03e103f6ef514-a: no space left on device"
level=warning msg="[linters_context/goanalysis] Failed to persist facts to cache: failed to save data to low-level cache by key nilness/facts for package hostexec: open /home/agent/.cache/golangci-lint/58/583c36bd66aafee72fee3ae6d3406dee81e69420ddab6fa8873c6904d846f19d-a: no space left on device"
level=warning msg="[linters_context/goanalysis] Failed to persist facts to cache: failed to save data to low-level cache by key fact_purity/facts for package hostexec: open /home/agent/.cache/golangci-lint/f3/f3340779e1d5f0cd9d80a4dbf266e60af6033fae9019e52c75ed347491dae751-a: no space left on device"
level=warning msg="[linters_context/goanalysis] Failed to persist facts to cache: failed to save data to low-level cache by key printf/facts for package xcoff: open /home/agent/.cache/golangci-lint/4a/4a5fc6b7ac66868805eee756de3110d1a3929f6f46c2380fedf0da05671af76f-a: no space left on device"
level=warning msg="[linters_context/goanalysis] Failed to persist facts to cache: failed to save data to low-level cache by key fact_deprecated/facts for package xcoff: open /home/agent/.cache/golangci-lint/fa/fa2f9f837e9c3ab9dbe156b5e132b445a57cbd9dad2345c90556e3f80a621a0a-a: no space left on device"
level=warning msg="[linters_context/goanalysis] Failed to persist facts to cache: failed to save data to low-level cache by key ctrlflow/facts for package xcoff: open /home/agent/.cache/golangci-lint/a9/a935feb0c0fe0e4a1bbf5bf7fa6d892e9f732b7ed9fcd512c87aee6b554466a0-a: no space left on device"
level=warning msg="[linters_context/goanalysis] Failed to persist facts to cache: failed to save data to low-level cache by key fact_purity/facts for package installation: open /home/agent/.cache/golangci-lint/35/35b27c65fcecffcec77044f3e1bf1b8f435aa731860a0ada984b9624facce6af-a: no space left on device"
level=warning msg="[linters_context/goanalysis] Failed to persist facts to cache: failed to save data to low-level cache by key nilness/facts for package installation: open /home/agent/.cache/golangci-lint/b6/b67ef3b2efb0889ba634b0ed52df863a4939ae296073bd33c1dedf05dd10cf80-a: no space left on device"
level=warning msg="[linters_context/goanalysis] Failed to persist facts to cache: failed to save data to low-level cache by key inline/facts for package xcoff: open /home/agent/.cache/golangci-lint/93/93f54cb1836e0c5e6112d01e1898399d9a4c3bbd4c003b179a1b3c12893bdfe0-a: no space left on device"
level=warning msg="[linters_context/goanalysis] Failed to persist facts to cache: failed to save data to low-level cache by key printf/facts for package modfile: open /home/agent/.cache/golangci-lint/24/24c29f878623d1cc6a1a2359925348d82dc92313eb9943be3a3ad9354fdd6565-a: no space left on device"
level=warning msg="[linters_context/goanalysis] Failed to persist facts to cache: failed to save data to low-level cache by key inline/facts for package hostexec: open /home/agent/.cache/golangci-lint/6d/6d3d22e690f8e367cb1cf20ee9a780649acccb5beca32feed2053553f8ce1aa1-a: no space left on device"
level=warning msg="[linters_context/goanalysis] Failed to persist facts to cache: failed to save data to low-level cache by key printf/facts for package json: open /home/agent/.cache/golangci-lint/a7/a727c5a831e43a64856e18d5f5041a230fd384b1c747fe26c8bbfc6b74af5e27-a: no space left on device"
level=warning msg="[linters_context/goanalysis] Failed to persist facts to cache: failed to save data to low-level cache by key exhaustive/facts for package xcoff: open /home/agent/.cache/golangci-lint/59/5983de400a8167a3620fa539b25f8e064418b083822d335be4cef012d1baf9aa-a: no space left on device"
level=warning msg="[linters_context/goanalysis] Failed to persist facts to cache: failed to save data to low-level cache by key printf/facts for package gocommand: open /home/agent/.cache/golangci-lint/94/94ef33ace0fb104b51976c5d8696c63bbfa7aa6ebe55b2895048c7aff56ccabb-a: no space left on device"
level=warning msg="[linters_context/goanalysis] Failed to persist facts to cache: failed to save data to low-level cache by key fact_deprecated/facts for package gocommand: open /home/agent/.cache/golangci-lint/28/28afbaab7ce25fcf5463b209e1293b4bb4291a0a9caa78a27b49402c2136073a-a: no space left on device"
level=warning msg="[linters_context/goanalysis] Failed to persist facts to cache: failed to save data to low-level cache by key exhaustive/facts for package gocommand: open /home/agent/.cache/golangci-lint/9f/9fed38666e7d572a0b3888f0b3e2326e59ea0060b208e689a4d416cc674ac8af-a: no space left on device"
level=warning msg="[linters_context/goanalysis] Failed to persist facts to cache: failed to save data to low-level cache by key ctrlflow/facts for package gocommand: open /home/agent/.cache/golangci-lint/b3/b3c1305bca65af96490747df76a350acdb8af8cc02a7969c77cbfbf3c8570e1c-a: no space left on device"
level=warning msg="[linters_context/goanalysis] Failed to persist facts to cache: failed to save data to low-level cache by key fact_purity/facts for package flate: open /home/agent/.cache/golangci-lint/5a/5a8511f34f7fd7ef904bf30ac14029f6358ea360103279e12551331865979d96-d: no space left on device"
level=warning msg="[linters_context/goanalysis] Failed to persist facts to cache: failed to save data to low-level cache by key SA5012/facts for package flate: open /home/agent/.cache/golangci-lint/b9/b9fb2f80be6148bb5ecffaf20df439169a25d05a5ae47ad2b4f5b70aaba4cd33-a: no space left on device"
level=warning msg="[linters_context/goanalysis] Failed to persist facts to cache: failed to save data to low-level cache by key nilness/facts for package flate: open /home/agent/.cache/golangci-lint/a0/a05258f915132728f333d3b1fb340bc58adf18fae6c6916c174bf308eaaaf744-d: no space left on device"
level=warning msg="[linters_context/goanalysis] Failed to persist facts to cache: failed to save data to low-level cache by key fact_deprecated/facts for package choice: open /home/agent/.cache/golangci-lint/4b/4b5068c55a64a09b5e8f82be88761662434809f3d75db0f11ecd1c083f94e872-a: no space left on device"
level=warning msg="[linters_context/goanalysis] Failed to persist facts to cache: failed to save data to low-level cache by key SA5012/facts for package gocommand: open /home/agent/.cache/golangci-lint/00/00de993aabd0098a2aed82f9d8b114b26b58c9b02de452e4f2d7257fc00ea1fd-a: no space left on device"
level=warning msg="[linters_context/goanalysis] Failed to persist facts to cache: failed to save data to low-level cache by key printf/facts for package choice: open /home/agent/.cache/golangci-lint/1d/1db232ebc0a31167942676ca70b723305501f60149765e1c5d5bc31aa74128e5-a: no space left on device"
level=warning msg="[linters_context/goanalysis] Failed to persist facts to cache: failed to save data to low-level cache by key fact_purity/facts for package gocommand: open /home/agent/.cache/golangci-lint/b1/b17610a4368d3e9431324f88b7cc2fd9db8961e1cf0b68a345433199884e0344-a: no space left on device"
level=warning msg="[linters_context/goanalysis] Failed to persist facts to cache: failed to save data to low-level cache by key ctrlflow/facts for package choice: open /home/agent/.cache/golangci-lint/cb/cb30b6cec04e92c00f5229c9ae8285c4b5c0e7a35c8dd88bda4c92f2368b5626-a: no space left on device"
level=warning msg="[linters_context/goanalysis] Failed to persist facts to cache: failed to save data to low-level cache by key inline/facts for package gocommand: open /home/agent/.cache/golangci-lint/02/02e9746e1105f761c94e6b60704fb7348d4a620d8f40d10249c1fdc32d47ee58-a: no space left on device"
level=warning msg="[linters_context/goanalysis] Failed to persist facts to cache: failed to save data to low-level cache by key nilness/facts for package gocommand: open /home/agent/.cache/golangci-lint/4a/4ac5417bbe385f98c8d948d3630840cee1c99cb5bda9615c66d91cb152887457-a: no space left on device"
level=warning msg="[linters_context/goanalysis] Failed to persist facts to cache: failed to save data to low-level cache by key ctrlflow/facts for package testing: open /home/agent/.cache/golangci-lint/90/900435d77157618a824d1dee34f501639c790f986ba7c9953d46860f7bdf48ab-d: no space left on device"
level=warning msg="[linters_context/goanalysis] Failed to persist facts to cache: failed to save data to low-level cache by key exhaustive/facts for package zlib: open /home/agent/.cache/golangci-lint/07/079e31f70a1f1b4e748f718445ab4e076eb89b7655d3dc7d3d31beaa1bc6d2f2-a: no space left on device"
level=warning msg="[linters_context/goanalysis] Failed to persist facts to cache: failed to save data to low-level cache by key exhaustive/facts for package json: open /home/agent/.cache/golangci-lint/0e/0e6fe2bb3d008075c16203f14b1a352c62fc87c46d756d17a8409513fabe5f23-a: no space left on device"
level=warning msg="[linters_context/goanalysis] Failed to persist facts to cache: failed to save data to low-level cache by key inline/facts for package testing: open /home/agent/.cache/golangci-lint/7e/7e3c488a49e71fc10faa146a039decf187af316c3d4acf5667bfff482cdd865b-a: no space left on device"
level=warning msg="[linters_context/goanalysis] Failed to persist facts to cache: failed to save data to low-level cache by key fact_purity/facts for package modfile: open /home/agent/.cache/golangci-lint/ce/ce327a1f607771cc7bd132f75f79cc55b271aeaa37cd076f54b07548a1188079-a: no space left on device"
level=warning msg="[linters_context/goanalysis] Failed to persist facts to cache: failed to save data to low-level cache by key SA5012/facts for package modfile: open /home/agent/.cache/golangci-lint/41/41dcdd80dfee9a88c8c9ca0f7a5e7fdcbdb555fd54391dd99af7031439070f17-a: no space left on device"
level=warning msg="[linters_context/goanalysis] Failed to persist facts to cache: failed to save data to low-level cache by key printf/facts for package testing: open /home/agent/.cache/golangci-lint/46/46c3b501518fa59d5c2987cfac63e3cbd41f3591cd461f54e530922cf68c0d3b-d: no space left on device"
level=warning msg="[linters_context/goanalysis] Failed to persist facts to cache: failed to save data to low-level cache by key fact_deprecated/facts for package testing: open /home/agent/.cache/golangci-lint/87/876c68cd60b55c246866633722af2049828e2d15b82c665bb51b374f068856b8-a: no space left on device"
level=warning msg="[linters_context/goanalysis] Failed to persist facts to cache: failed to save data to low-level cache by key ctrlflow/facts for package zlib: open /home/agent/.cache/golangci-lint/3d/3d191fc7a64f1746e6ad429db29da8edcd86805f437db511094442eea9272e9f-a: no space left on device"
level=warning msg="[linters_context/goanalysis] Failed to persist facts to cache: failed to save data to low-level cache by key inline/facts for package choice: open /home/agent/.cache/golangci-lint/f3/f3aecc04fadef0671cb8f25e4aba620e873802e5fd3a2c5802d59b26f6804df6-a: no space left on device"
level=warning msg="[linters_context/goanalysis] Failed to persist facts to cache: failed to save data to low-level cache by key printf/facts for package zlib: open /home/agent/.cache/golangci-lint/75/7546b9806b246f9a0b32a798fe0b3ceb08b22a9b8ce367835390042879a05c1f-a: no space left on device"
level=warning msg="[linters_context/goanalysis] Failed to persist facts to cache: failed to save data to low-level cache by key inline/facts for package zlib: open /home/agent/.cache/golangci-lint/e2/e251354efa7fba4a09c8e9363aa8564e48a8b4609148e59c7175ae8eeefe627f-a: no space left on device"
level=warning msg="[linters_context/goanalysis] Failed to persist facts to cache: failed to save data to low-level cache by key fact_deprecated/facts for package ast: open /home/agent/.cache/golangci-lint/02/025324143563f998c305fd5257bd5481f12dc85dd1304dc6b2c8c1d217ac7f2a-d: no space left on device"
level=warning msg="[linters_context/goanalysis] Failed to persist facts to cache: failed to save data to low-level cache by key fact_purity/facts for package zlib: open /home/agent/.cache/golangci-lint/dc/dc10cdcf6059d2ade32595626084e6f94c9f6d3a7ff68fee2c65c19b3e75d506-a: no space left on device"
level=warning msg="[linters_context/goanalysis] Failed to persist facts to cache: failed to save data to low-level cache by key inline/facts for package ast: open /home/agent/.cache/golangci-lint/34/349bd2e7ae167fe4da73cb33021df2d53509923926e42c9d8817685a1dc07000-a: no space left on device"
level=warning msg="[linters_context/goanalysis] Failed to persist facts to cache: failed to save data to low-level cache by key nilness/facts for package modfile: open /home/agent/.cache/golangci-lint/13/13acdfaf941d68ca8cb3eef521563bf229b49f9bcfdd023b8b4489bcf9c88377-d: no space left on device"
level=warning msg="[linters_context/goanalysis] Failed to persist facts to cache: failed to save data to low-level cache by key fact_deprecated/facts for package zlib: open /home/agent/.cache/golangci-lint/10/109995850f9254ae414154deec3357b8eef65ed109e953b147ee562b050d169c-a: no space left on device"
level=warning msg="[linters_context/goanalysis] Failed to persist facts to cache: failed to save data to low-level cache by key printf/facts for package ast: open /home/agent/.cache/golangci-lint/eb/eb83c9b425f0ee22ddfdfa386dd8d6540c0871ba49e02f43c9b65321f92be852-a: no space left on device"
level=warning msg="[linters_context/goanalysis] Failed to persist facts to cache: failed to save data to low-level cache by key exhaustive/facts for package choice: open /home/agent/.cache/golangci-lint/97/9770ac7811ce8f48d008c5d68a8e4a6643d78d57c2e4aeeaba112bb905c35215-d: no space left on device"
level=warning msg="[linters_context/goanalysis] Failed to persist facts to cache: failed to save data to low-level cache by key nilness/facts for package zlib: open /home/agent/.cache/golangci-lint/c1/c1874883f508eba01999ade0f54432615660d7a2eb2a32402421d6218e5ef2fd-a: no space left on device"
level=warning msg="[linters_context/goanalysis] Failed to persist facts to cache: failed to save data to low-level cache by key SA5012/facts for package zlib: open /home/agent/.cache/golangci-lint/bd/bdd90b788ba1dcefac3d10089e74e049b0a453eefcef1ea76190253d5c88af40-a: no space left on device"
level=warning msg="[linters_context/goanalysis] Failed to persist facts to cache: failed to save data to low-level cache by key ctrlflow/facts for package ast: open /home/agent/.cache/golangci-lint/a8/a8064ea281be6e36d29575496305aae22793d3df26ca3ef9b6251bb7f809d023-a: no space left on device"
level=warning msg="[linters_context/goanalysis] Failed to persist facts to cache: failed to save data to low-level cache by key SA5012/facts for package json: open /home/agent/.cache/golangci-lint/47/4704a266160267eefcb3f87d69a59afca7b37eaae8f65c789bb1ad6f37cce46d-a: no space left on device"
level=warning msg="[linters_context/goanalysis] Failed to persist facts to cache: failed to save data to low-level cache by key fact_purity/facts for package big: open /home/agent/.cache/golangci-lint/02/02a028110ceb92810b07bf2da199604626fe1c456b1a460c121ea8c59dc61f3b-a: no space left on device"
level=warning msg="[linters_context/goanalysis] Failed to persist facts to cache: failed to save data to low-level cache by key SA5012/facts for package big: open /home/agent/.cache/golangci-lint/4e/4e2cd4ceca3b4e700da5b54d91c564c53d83bd4e51f305c721843c57dbf9de20-a: no space left on device"
level=warning msg="[linters_context/goanalysis] Failed to persist facts to cache: failed to save data to low-level cache by key fact_purity/facts for package xcoff: open /home/agent/.cache/golangci-lint/8e/8e7e73a345548b069e88ef6fa29523a0d8b08ea45246a963132f72789e87414e-a: no space left on device"
level=warning msg="[linters_context/goanalysis] Failed to persist facts to cache: failed to save data to low-level cache by key SA5012/facts for package xcoff: open /home/agent/.cache/golangci-lint/3a/3a9b184030dbb5caa0f19b62c5ec4143db73572d60e0565e52a6832541014628-a: no space left on device"
level=warning msg="[linters_context/goanalysis] Failed to persist facts to cache: failed to save data to low-level cache by key nilness/facts for package xcoff: open /home/agent/.cache/golangci-lint/2d/2d17d806ed686a38b56eb9d3bd316d06f62c00b372a172752f5f72e2a71a8935-a: no space left on device"
level=warning msg="[linters_context/goanalysis] Failed to persist facts to cache: failed to save data to low-level cache by key exhaustive/facts for package ast: open /home/agent/.cache/golangci-lint/51/512cb2745666b8b2ac072b889d3d4958f9a2ba810accbf1f16f0d9a7a73443db-d: no space left on device"
level=warning msg="[linters_context/goanalysis] Failed to persist facts to cache: failed to save data to low-level cache by key fact_deprecated/facts for package macho: open /home/agent/.cache/golangci-lint/b9/b90c861ae20861348c3e9be4aa7fc9b4d9f60941fa47f5f1c424b29a6122bac9-a: no space left on device"
level=warning msg="[linters_context/goanalysis] Failed to persist facts to cache: failed to save data to low-level cache by key printf/facts for package macho: open /home/agent/.cache/golangci-lint/24/24a04c576953730b0445d831b64059de22dc37243877dba2c8bccd9e0388b1c1-a: no space left on device"
level=warning msg="[linters_context/goanalysis] Failed to persist facts to cache: failed to save data to low-level cache by key ctrlflow/facts for package macho: open /home/agent/.cache/golangci-lint/61/61975d53a6546a630be93097952e5716d58d32fcfa4c0c403b835b47414aa220-a: no space left on device"
level=warning msg="[linters_context/goanalysis] Failed to persist facts to cache: failed to save data to low-level cache by key exhaustive/facts for package testing: open /home/agent/.cache/golangci-lint/dc/dc8ba87b89f4c368dca0cbb294ea5d5af0b584c0b7736ebb610f771a68e81f83-d: no space left on device"
level=warning msg="[linters_context/goanalysis] Failed to persist facts to cache: failed to save data to low-level cache by key inline/facts for package macho: open /home/agent/.cache/golangci-lint/2a/2ac725ed305fad8c48dc014189f1642a3482dc858a735b488c5233f969e8ae4d-a: no space left on device"
level=warning msg="[linters_context/goanalysis] Failed to persist facts to cache: failed to save data to low-level cache by key fact_purity/facts for package choice: open /home/agent/.cache/golangci-lint/f2/f2706e7c57f5f18e50900f0e578ffcd16bc1b1afa6c180dd4ed135a2530e4de8-d: no space left on device"
level=warning msg="[linters_context/goanalysis] Failed to persist facts to cache: failed to save data to low-level cache by key SA5012/facts for package choice: open /home/agent/.cache/golangci-lint/b5/b58baaf6e103dd57d91c78cf6db14e5d97d0a5c1212d93d8ae3f7b3220385548-a: no space left on device"
level=warning msg="[linters_context/goanalysis] Failed to persist facts to cache: failed to save data to low-level cache by key fact_purity/facts for package json: open /home/agent/.cache/golangci-lint/9a/9a63b369daa84abdb837a51f2bd0383eac3853a07a65e6820b2a7d4e41e6da04-d: no space left on device"
level=warning msg="[linters_context/goanalysis] Failed to persist facts to cache: failed to save data to low-level cache by key exhaustive/facts for package macho: open /home/agent/.cache/golangci-lint/5b/5b26d1044b12b3910f158a3be1e2579e48b65d7146b8f9b56c43e38ffb0d2a18-d: no space left on device"
level=warning msg="[linters_context/goanalysis] Failed to persist facts to cache: failed to save data to low-level cache by key fact_purity/facts for package net: open /home/agent/.cache/golangci-lint/63/63a6a0557e5a13d2607e5b6702d56466ac9b42fc93a95729f82396cb3f9527fe-d: no space left on device"
level=warning msg="[linters_context/goanalysis] Failed to persist facts to cache: failed to save data to low-level cache by key nilness/facts for package big: open /home/agent/.cache/golangci-lint/77/778a9b3a09ff32c654d7e0dfa4b4c7b39dcfa27b1820386351756f2f793b79cd-d: no space left on device"
level=warning msg="[linters_context/goanalysis] Failed to persist facts to cache: failed to save data to low-level cache by key nilness/facts for package json: open /home/agent/.cache/golangci-lint/bb/bbb48da924b40be47289e608043acf26899a378e8a12b5ab77e1dc019cd4ace4-d: no space left on device"
level=warning msg="[linters_context/goanalysis] Failed to persist facts to cache: failed to save data to low-level cache by key SA5012/facts for package macho: open /home/agent/.cache/golangci-lint/5b/5b28983cb0b0947d6bcd4ed897c453f248572578ea883042a55d2e83b503639b-a: no space left on device"
level=warning msg="[linters_context/goanalysis] Failed to persist facts to cache: failed to save data to low-level cache by key fact_purity/facts for package macho: open /home/agent/.cache/golangci-lint/71/71fb6af789add194f345d7035a25ae1c0e020178bfc84141ac5fa9bffab69dd6-a: no space left on device"
level=warning msg="[linters_context/goanalysis] Failed to persist facts to cache: failed to save data to low-level cache by key SA5012/facts for package net: open /home/agent/.cache/golangci-lint/d0/d0f5e29e2d12cd90d3e95812be3c48cb4e9c19afafa2a9b4ccd4ec4bfc5a8d14-a: no space left on device"
level=warning msg="[linters_context/goanalysis] Failed to persist facts to cache: failed to save data to low-level cache by key fact_deprecated/facts for package rand: open /home/agent/.cache/golangci-lint/47/4756ebf237a72716192438a5ce4e18e4aa15440a6728d056a26944cfa3d66dcc-a: no space left on device"
level=warning msg="[linters_context/goanalysis] Failed to persist facts to cache: failed to save data to low-level cache by key inline/facts for package rand: open /home/agent/.cache/golangci-lint/12/12d52b17f4e49b10f65ad1089590f01480d1988cb796b3a61a6157e4249db2f4-a: no space left on device"
level=warning msg="[linters_context/goanalysis] Failed to persist facts to cache: failed to save data to low-level cache by key ctrlflow/facts for package rand: open /home/agent/.cache/golangci-lint/16/163770e8144b927e87705aba941822165fb9442469635e7f75806b2994e4c982-a: no space left on device"
level=warning msg="[linters_context/goanalysis] Failed to persist facts to cache: failed to save data to low-level cache by key printf/facts for package rand: open /home/agent/.cache/golangci-lint/64/64a8e84c52f9e11033c8c083650ab437d8409b0f1c5a77d7697322c6e2a5a8db-a: no space left on device"
level=warning msg="[linters_context/goanalysis] Failed to persist facts to cache: failed to save data to low-level cache by key exhaustive/facts for package rand: open /home/agent/.cache/golangci-lint/6f/6ff9d17de46dbb4e18bdfb6093260c4f2eb4f590fcfa592b89a36fbd8c68fa4d-a: no space left on device"
level=warning msg="[linters_context/goanalysis] Failed to persist facts to cache: failed to save data to low-level cache by key fact_purity/facts for package ast: open /home/agent/.cache/golangci-lint/7a/7acf2c9d8c5015830cb74f2a403f47bb3a86917c92cb020e3ebc8d9042bef37c-a: no space left on device"
level=warning msg="[linters_context/goanalysis] Failed to persist facts to cache: failed to save data to low-level cache by key SA5012/facts for package ast: open /home/agent/.cache/golangci-lint/07/077a4b485d0916f88ed54d62875337ed1f2fcdc2c8260936c25b9e78d3ddaeee-a: no space left on device"
level=warning msg="[linters_context/goanalysis] Failed to persist facts to cache: failed to save data to low-level cache by key fact_deprecated/facts for package pe: open /home/agent/.cache/golangci-lint/2b/2bdd360b4058f0576f5f956234d928335404254771c696a10a96bf6314fb30ff-a: no space left on device"
level=warning msg="[linters_context/goanalysis] Failed to persist facts to cache: failed to save data to low-level cache by key SA5012/facts for package rand: open /home/agent/.cache/golangci-lint/69/69aa6cf07a44df2886f3e451d95931ccd73f868dc10f128d055d361f4e9a3f38-a: no space left on device"
level=warning msg="[linters_context/goanalysis] Failed to persist facts to cache: failed to save data to low-level cache by key fact_purity/facts for package rand: open /home/agent/.cache/golangci-lint/56/560700cdedbb9e944e447f5ac6fa4424ab2a21fc724f39e8f903fa204a51e1a5-a: no space left on device"
level=warning msg="[linters_context/goanalysis] Failed to persist facts to cache: failed to save data to low-level cache by key nilness/facts for package rand: open /home/agent/.cache/golangci-lint/9b/9b6f8386cf2f3b10696b7e84d5c791957fc8e6ff8459754e0b8cb76c6f597c8f-a: no space left on device"
level=warning msg="[linters_context/goanalysis] Failed to persist facts to cache: failed to save data to low-level cache by key nilness/facts for package choice: open /home/agent/.cache/golangci-lint/ab/ab32d6d7aed74ac4589f8da93d7ad4803c90500fe15093a3a1811ad162a63be4-a: no space left on device"
level=warning msg="[linters_context/goanalysis] Failed to persist facts to cache: failed to save data to low-level cache by key nilness/facts for package ast: open /home/agent/.cache/golangci-lint/f2/f27759eb4056cc08bcfd9dc66c16e7afd942638dbfc5777978811f7762208d77-d: no space left on device"
level=warning msg="[linters_context/goanalysis] Failed to persist facts to cache: failed to save data to low-level cache by key nilness/facts for package macho: open /home/agent/.cache/golangci-lint/b3/b30bfdd0041f961ffe17b7c573e78bdfc6418bee727b142876b2e3decb6ff7bb-a: no space left on device"
level=warning msg="[linters_context/goanalysis] Failed to persist facts to cache: failed to save data to low-level cache by key fact_deprecated/facts for package json: open /home/agent/.cache/golangci-lint/7f/7ff7fa602e39829d3ee44b85b8c2f8779dff3fd95d277204b72b8203c1184450-a: no space left on device"
level=warning msg="[linters_context/goanalysis] Failed to persist facts to cache: failed to save data to low-level cache by key inline/facts for package pe: open /home/agent/.cache/golangci-lint/0b/0b0d4704057f84607e39d2cc75b4d9a784ea6e7ede8e4c8dc7e426bca0bfc059-a: no space left on device"
level=warning msg="[linters_context/goanalysis] Failed to persist facts to cache: failed to save data to low-level cache by key ctrlflow/facts for package json: open /home/agent/.cache/golangci-lint/6d/6d7b64f3418ebddf958aa3dc733caacc46e9568477748cdcf02c54910cb49840-a: no space left on device"
level=warning msg="[linters_context/goanalysis] Failed to persist facts to cache: failed to save data to low-level cache by key ctrlflow/facts for package pe: open /home/agent/.cache/golangci-lint/98/9854d49f073d5fe12705c10e8246610ad0beb7926f64fa7e82c97ef9bb5b6b9c-a: no space left on device"
level=warning msg="[linters_context/goanalysis] Failed to persist facts to cache: failed to save data to low-level cache by key printf/facts for package pe: open /home/agent/.cache/golangci-lint/de/de41da7af64602b47e221b970da4209c4ac0bafa4eabcef0c4a76d9f9e06ae43-a: no space left on device"
level=warning msg="[linters_context/goanalysis] Failed to persist facts to cache: failed to save data to low-level cache by key printf/facts for package json: open /home/agent/.cache/golangci-lint/58/5822334f1a8700f72aff9d66383c0c8830127839d4186ea84b1a0d2d60fc029c-a: no space left on device"
level=warning msg="[linters_context/goanalysis] Failed to persist facts to cache: failed to save data to low-level cache by key inline/facts for package json: open /home/agent/.cache/golangci-lint/53/536c1e1593a9a9900d5441be1750da06af67c522928c4b7a8d5c887e41e3b31c-a: no space left on device"
level=warning msg="[linters_context/goanalysis] Failed to persist facts to cache: failed to save data to low-level cache by key exhaustive/facts for package pe: open /home/agent/.cache/golangci-lint/04/04bf3af9092bd68040795dc8f7afe19549903666d01fd8a1b30716bd94ade076-a: no space left on device"
level=warning msg="[linters_context/goanalysis] Failed to persist facts to cache: failed to save data to low-level cache by key exhaustive/facts for package json: open /home/agent/.cache/golangci-lint/ba/ba1841e0a7939b6e17bedf9e5d430bf277c147efed9ff079d14f3f71cf2214eb-a: no space left on device"
level=warning msg="[linters_context/goanalysis] Failed to persist facts to cache: failed to save data to low-level cache by key SA5012/facts for package json: open /home/agent/.cache/golangci-lint/13/131c2a1bfbd1131a337ae0d873ba4c2ef711f089b4c3b3e16b57a6b1db7c9576-a: no space left on device"
level=warning msg="[linters_context/goanalysis] Failed to persist facts to cache: failed to save data to low-level cache by key fact_deprecated/facts for package elf: open /home/agent/.cache/golangci-lint/d5/d54a92098ed7bb5b7afbc5c6173df87d426ee528871cccea3ae19e545b93e5c7-a: no space left on device"
level=warning msg="[linters_context/goanalysis] Failed to persist facts to cache: failed to save data to low-level cache by key fact_purity/facts for package json: open /home/agent/.cache/golangci-lint/5a/5a5d330ec4775e983e628b10edfb78e70aea22e7e0dfc68068e50a5111790138-d: no space left on device"
level=warning msg="[linters_context/goanalysis] Failed to persist facts to cache: failed to save data to low-level cache by key ctrlflow/facts for package elf: open /home/agent/.cache/golangci-lint/b8/b8aac160902e8f47b325b3d13b3f2a8cf913c470649a475d18f297796af3fdb0-a: no space left on device"
level=warning msg="[linters_context/goanalysis] Failed to persist facts to cache: failed to save data to low-level cache by key printf/facts for package elf: open /home/agent/.cache/golangci-lint/d8/d8cbcfc441bfa1be3b25436d4a4ffc1f3da8225cc1bfa2030658a3c16ec050a5-a: no space left on device"
level=warning msg="[linters_context/goanalysis] Failed to persist facts to cache: failed to save data to low-level cache by key inline/facts for package elf: open /home/agent/.cache/golangci-lint/38/380edbaee18fc92aec3d73c54a68fa00be76bced9fa671c852663626a19010f1-a: no space left on device"
level=warning msg="[linters_context/goanalysis] Failed to persist facts to cache: failed to save data to low-level cache by key fact_purity/facts for package pe: open /home/agent/.cache/golangci-lint/c8/c889ce4cd207700441d36fa4258d7c484a201479d567b3c3b75dd34ea94a2448-a: no space left on device"
level=warning msg="[linters_context/goanalysis] Failed to persist facts to cache: failed to save data to low-level cache by key nilness/facts for package json: open /home/agent/.cache/golangci-lint/6c/6c0dc85b96c6cbf2948a42bf7fd5cc92b454815573ff668ddb95c285a358f304-d: no space left on device"
level=warning msg="[linters_context/goanalysis] Failed to persist facts to cache: failed to save data to low-level cache by key nilness/facts for package pe: open /home/agent/.cache/golangci-lint/fe/fe8602a3219fa61d40077b1648e03105f4445fe1e15b7e1a48cae1aaa5400e36-d: no space left on device"
level=warning msg="[linters_context/goanalysis] Failed to persist facts to cache: failed to save data to low-level cache by key SA5012/facts for package pe: open /home/agent/.cache/golangci-lint/ee/ee6f79fb6d1d8a6fe1a75b51ea24890865124c5e5696b217e655c1783192cd49-a: no space left on device"
level=warning msg="[linters_context/goanalysis] Failed to persist facts to cache: failed to save data to low-level cache by key fact_deprecated/facts for package canonicaljson: open /home/agent/.cache/golangci-lint/26/2605b334ef0298b03a8b3a3f34f485cc7fedcf37818394351193f58cb74427ab-a: no space left on device"
level=warning msg="[linters_context/goanalysis] Failed to persist facts to cache: failed to save data to low-level cache by key exhaustive/facts for package canonicaljson: open /home/agent/.cache/golangci-lint/a0/a05fd73daf3067e523cfcca677636879dd5e634b489b39d45673d3d57219ef36-a: no space left on device"
level=warning msg="[linters_context/goanalysis] Failed to persist facts to cache: failed to save data to low-level cache by key ctrlflow/facts for package canonicaljson: open /home/agent/.cache/golangci-lint/ea/ea821e5dbc8a67d304d59a0efcaff8c231f13adc8f7e9f1d0d178a1343aef2e6-a: no space left on device"
level=warning msg="[linters_context/goanalysis] Failed to persist facts to cache: failed to save data to low-level cache by key ctrlflow/facts for package printer: open /home/agent/.cache/golangci-lint/09/0934e313cc91579ebaeecf7b78d5af85a1a2579a783b4ba79462ebc54c8d4582-a: no space left on device"
level=warning msg="[linters_context/goanalysis] Failed to persist facts to cache: failed to save data to low-level cache by key inline/facts for package canonicaljson: open /home/agent/.cache/golangci-lint/5a/5a6f51896025110af92961d48ac342ed3c63e81766e0be02842c9fb5bf1b9738-a: no space left on device"
level=warning msg="[linters_context/goanalysis] Failed to persist facts to cache: failed to save data to low-level cache by key fact_deprecated/facts for package printer: open /home/agent/.cache/golangci-lint/2a/2a0219cdfb440914fc168363ec0fa8522c6da49293b76cb6749cb167a19be572-a: no space left on device"
level=warning msg="[linters_context/goanalysis] Failed to persist facts to cache: failed to save data to low-level cache by key printf/facts for package printer: open /home/agent/.cache/golangci-lint/a4/a4ed4f2ee47e68d252b3057b0a783034d4571b051e86b85d3333da3f5c51514f-a: no space left on device"
level=warning msg="[linters_context/goanalysis] Failed to persist facts to cache: failed to save data to low-level cache by key exhaustive/facts for package elf: open /home/agent/.cache/golangci-lint/05/05b4c765c321d9190802a91c525ed51c8d443045182ba28a97a2e5eb420649f7-d: no space left on device"
level=warning msg="[linters_context/goanalysis] Failed to persist facts to cache: failed to save data to low-level cache by key fact_purity/facts for package canonicaljson: open /home/agent/.cache/golangci-lint/ec/ec37966493bfe38ada772dcc7d2592065290b23190ebf2b299430721cd25816b-a: no space left on device"
level=warning msg="[linters_context/goanalysis] Failed to persist facts to cache: failed to save data to low-level cache by key SA5012/facts for package canonicaljson: open /home/agent/.cache/golangci-lint/ef/ef6e2af387d852ea403daf051abc9a2d13072ff813440e5d09d486c81f9d16fb-a: no space left on device"
level=warning msg="[linters_context/goanalysis] Failed to persist facts to cache: failed to save data to low-level cache by key nilness/facts for package net: open /home/agent/.cache/golangci-lint/51/51cc16799b155919ea38c2fafa00569f07bc6ce0fb0b80a75581f89a233371fd-d: no space left on device"
level=warning msg="[linters_context/goanalysis] Failed to persist facts to cache: failed to save data to low-level cache by key printf/facts for package parser: open /home/agent/.cache/golangci-lint/ae/ae8a89831608c1da53216636ac9e8bd109b76a020fb0de3c987a9cc4482965fa-a: no space left on device"
level=warning msg="[linters_context/goanalysis] Failed to persist facts to cache: failed to save data to low-level cache by key printf/facts for package canonicaljson: open /home/agent/.cache/golangci-lint/99/9924350f827f3429a358e349245517100f428638ac78b81bc111fcf5dbb7b006-a: no space left on device"
level=warning msg="[linters_context/goanalysis] Failed to persist facts to cache: failed to save data to low-level cache by key fact_deprecated/facts for package capabilityreview: open /home/agent/.cache/golangci-lint/58/583ef5a8637ecfece410e433136544c6097d46cfed98ec7011934b4546d8ed68-a: no space left on device"
level=warning msg="[linters_context/goanalysis] Failed to persist facts to cache: failed to save data to low-level cache by key ctrlflow/facts for package capabilityreview: open /home/agent/.cache/golangci-lint/72/72280dce69e4509582e8e92d4fd483e5c1d6e883d3a5d1f58a28e962fc50ebfc-a: no space left on device"
level=warning msg="[linters_context/goanalysis] Failed to persist facts to cache: failed to save data to low-level cache by key ctrlflow/facts for package parser: open /home/agent/.cache/golangci-lint/29/29bff419103ec712bba5b8524b3e85b8d9ee313b812f8d31aa8ad7179c4e92cc-a: no space left on device"
level=warning msg="[linters_context/goanalysis] Failed to persist facts to cache: failed to save data to low-level cache by key SA5012/facts for package capabilityreview: open /home/agent/.cache/golangci-lint/71/7174cf4ad91f52a88e7487f7b07726068c4c3ff1239ceeda0cbdd532368e574d-a: no space left on device"
level=warning msg="[linters_context/goanalysis] Failed to persist facts to cache: failed to save data to low-level cache by key inline/facts for package printer: open /home/agent/.cache/golangci-lint/39/39988aeda33ec8cf00f1778b7b65fe9b97800056a99a2dee3704c1daedf40010-a: no space left on device"
level=warning msg="[linters_context/goanalysis] Failed to persist facts to cache: failed to save data to low-level cache by key fact_purity/facts for package testing: open /home/agent/.cache/golangci-lint/0d/0df1fbf34496066b2503840ed219b0adea27da8a033858c4f123a2e160e4c6a9-a: no space left on device"
level=warning msg="[linters_context/goanalysis] Failed to persist facts to cache: failed to save data to low-level cache by key fact_deprecated/facts for package parser: open /home/agent/.cache/golangci-lint/5d/5decd6a47825c803466784d2c68bafe37507b482f66204ba6cb436b50676d06f-a: no space left on device"
level=warning msg="[linters_context/goanalysis] Failed to persist facts to cache: failed to save data to low-level cache by key fact_purity/facts for package capabilityreview: open /home/agent/.cache/golangci-lint/9e/9eebc84ceadf10ed021e18c0accba07142df4bb79fd74ca305c04b56ac6309f5-a: no space left on device"
level=warning msg="[linters_context/goanalysis] Failed to persist facts to cache: failed to save data to low-level cache by key inline/facts for package capabilityreview: open /home/agent/.cache/golangci-lint/0a/0a373ac401d308b264cb2b30ec7e5867768c1b3d69b564e7b2cea612ba4a5f00-a: no space left on device"
level=warning msg="[linters_context/goanalysis] Failed to persist facts to cache: failed to save data to low-level cache by key inline/facts for package parser: open /home/agent/.cache/golangci-lint/43/4318437a1ff43aa6f285e3246d000df8e8593f6481bd9f64daa3ac9075aa6475-a: no space left on device"
level=warning msg="[linters_context/goanalysis] Failed to persist facts to cache: failed to save data to low-level cache by key printf/facts for package capabilityreview: open /home/agent/.cache/golangci-lint/5b/5b147c969b5afb3badd37bed3c6e5972f5eba7660492dbf8a8fad908e84b332f-a: no space left on device"
level=warning msg="[linters_context/goanalysis] Failed to persist facts to cache: failed to save data to low-level cache by key exhaustive/facts for package capabilityreview: open /home/agent/.cache/golangci-lint/b2/b2d36abea2f9084d2cac4eee7a543e945756308384bc913cd1ba54d38690a4c1-a: no space left on device"
level=warning msg="[linters_context/goanalysis] Failed to persist facts to cache: failed to save data to low-level cache by key nilness/facts for package canonicaljson: open /home/agent/.cache/golangci-lint/8f/8fd6bf1cc4ae85b9631dd55060c609fff84d803f4da2e8a780b6083c743e66d5-a: no space left on device"
level=warning msg="[linters_context/goanalysis] Failed to persist facts to cache: failed to save data to low-level cache by key SA5012/facts for package testing: open /home/agent/.cache/golangci-lint/6d/6d897e28ad14a609081394ba4c40d000b028cab97e706659007e0db63e8baebd-a: no space left on device"
level=warning msg="[linters_context/goanalysis] Failed to persist facts to cache: failed to save data to low-level cache by key nilness/facts for package capabilityreview: open /home/agent/.cache/golangci-lint/77/77fd2b6ce08fa738f615695bd06fba4a43c2a1a5e466d73ee534b79e8eb0beb6-a: no space left on device"
level=warning msg="[linters_context/goanalysis] Failed to persist facts to cache: failed to save data to low-level cache by key exhaustive/facts for package printer: open /home/agent/.cache/golangci-lint/82/825ad7d61d3e76f33cc3a6baba656cc5c44725632684a2060be393b110b1a75a-d: no space left on device"
level=warning msg="[linters_context/goanalysis] Failed to persist facts to cache: failed to save data to low-level cache by key nilness/facts for package testing: open /home/agent/.cache/golangci-lint/4d/4d7670831e1ab451b574574d5e232b087df4563b1303150b749763a34700255a-d: no space left on device"
level=warning msg="[linters_context/goanalysis] Failed to persist facts to cache: failed to save data to low-level cache by key fact_deprecated/facts for package provenance: open /home/agent/.cache/golangci-lint/25/25a53724d86e0599061d6251c6d81863a0a29726905d05996f75ea4a308c959b-a: no space left on device"
level=warning msg="[linters_context/goanalysis] Failed to persist facts to cache: failed to save data to low-level cache by key exhaustive/facts for package provenance: open /home/agent/.cache/golangci-lint/76/769a35549d1b144ce172311ba4c2e0ec8480e091ccb8a9ffcaa9d217888564af-a: no space left on device"
level=warning msg="[linters_context/goanalysis] Failed to persist facts to cache: failed to save data to low-level cache by key ctrlflow/facts for package provenance: open /home/agent/.cache/golangci-lint/53/5357fc677ae33ea0080b8cc22cb82b3198ffd86771c3851f6c29d24c8602b496-a: no space left on device"
level=warning msg="[linters_context/goanalysis] Failed to persist facts to cache: failed to save data to low-level cache by key printf/facts for package provenance: open /home/agent/.cache/golangci-lint/ac/ac5492cd362e83a0ef8648d20e941c5c3aee0a3ffc7ec8bf7fd6c2f0a9223ab4-a: no space left on device"
level=warning msg="[linters_context/goanalysis] Failed to persist facts to cache: failed to save data to low-level cache by key SA5012/facts for package provenance: open /home/agent/.cache/golangci-lint/c4/c46ebec16e46953e242a1ff4fc1fd9a42ba0fdd474d9474e3fb9b8244b3bf115-a: no space left on device"
level=warning msg="[linters_context/goanalysis] Failed to persist facts to cache: failed to save data to low-level cache by key inline/facts for package provenance: open /home/agent/.cache/golangci-lint/c5/c586db1835ab8915af79b02a5d9d94f379cd51960c76a0e9ef4b988d192871c9-a: no space left on device"
level=warning msg="[linters_context/goanalysis] Failed to persist facts to cache: failed to save data to low-level cache by key fact_purity/facts for package provenance: open /home/agent/.cache/golangci-lint/e3/e3c9516e14f05f7657ee1fb8d5cbd9c9c5751e3b98f8fa85191198b0241fd98d-a: no space left on device"
level=warning msg="[linters_context/goanalysis] Failed to persist facts to cache: failed to save data to low-level cache by key nilness/facts for package provenance: open /home/agent/.cache/golangci-lint/72/72ebe7b408bd87bc3e98435ab54d26aa2250626cf1d438329627b7b89a484a45-a: no space left on device"
level=warning msg="[linters_context/goanalysis] Failed to persist facts to cache: failed to save data to low-level cache by key SA5012/facts for package elf: open /home/agent/.cache/golangci-lint/e0/e0c1733a25b7295209f1ac1b619a22c0fbaacc8f622219520ccead4b31bc31ee-a: no space left on device"
level=warning msg="[linters_context/goanalysis] Failed to persist facts to cache: failed to save data to low-level cache by key fact_purity/facts for package elf: open /home/agent/.cache/golangci-lint/72/72e2a88e69ee5363fef017cd90e064ad2d9322de90ddb67ba25e617bd3ebb539-d: no space left on device"
level=warning msg="[linters_context/goanalysis] Failed to persist facts to cache: failed to save data to low-level cache by key fact_purity/facts for package printer: open /home/agent/.cache/golangci-lint/d0/d048ea2cd00e538da0cfb80695415d2fe957814a3b9561c65689baa4b3f92ad8-a: no space left on device"
level=warning msg="[linters_context/goanalysis] Failed to persist facts to cache: failed to save data to low-level cache by key SA5012/facts for package printer: open /home/agent/.cache/golangci-lint/58/58aebb4c1198ed6540008dcdd666fe0e924bca9513137ac9544e5e936527b06c-a: no space left on device"
level=warning msg="[linters_context/goanalysis] Failed to persist facts to cache: failed to save data to low-level cache by key nilness/facts for package printer: open /home/agent/.cache/golangci-lint/41/41d82bfc1fa8aa7c24a7a70ace307b03d63c75cd56de92168b910ef1e6c0466c-a: no space left on device"
level=warning msg="[linters_context/goanalysis] Failed to persist facts to cache: failed to save data to low-level cache by key nilness/facts for package elf: open /home/agent/.cache/golangci-lint/95/95c8d9f5e1d016030b175f833eb3cdd12889cbd2764d9efa7991a72cea4eef41-d: no space left on device"
level=warning msg="[linters_context/goanalysis] Failed to persist facts to cache: failed to save data to low-level cache by key fact_deprecated/facts for package world: open /home/agent/.cache/golangci-lint/be/beeea61322d8324f5687d7a19b0a3c9f88d2cd054fa2e72906eb08217366a508-a: no space left on device"
level=warning msg="[linters_context/goanalysis] Failed to persist facts to cache: failed to save data to low-level cache by key ctrlflow/facts for package world: open /home/agent/.cache/golangci-lint/09/094aecaa82601db5ab275a3afe0bddfdf62aa7e8fe58f681fafdb72bd2f7e731-a: no space left on device"
level=warning msg="[linters_context/goanalysis] Failed to persist facts to cache: failed to save data to low-level cache by key fact_deprecated/facts for package record: open /home/agent/.cache/golangci-lint/b1/b1f88769aae9dac0ced17d3be4b0404c5d6f8d10f355a6ddbfd8d25a573f44ff-a: no space left on device"
level=warning msg="[linters_context/goanalysis] Failed to persist facts to cache: failed to save data to low-level cache by key fact_deprecated/facts for package buildinfo: open /home/agent/.cache/golangci-lint/f8/f89944448c27f4a99c7da95c19387313ebce04216af816b59b55d9c7ceae367c-a: no space left on device"
level=warning msg="[linters_context/goanalysis] Failed to persist facts to cache: failed to save data to low-level cache by key printf/facts for package buildinfo: open /home/agent/.cache/golangci-lint/2e/2e7ec0eff715efc2f0c20b2dd4dd90f8947c80f94b96318eecb220ae67cd071a-a: no space left on device"
level=warning msg="[linters_context/goanalysis] Failed to persist facts to cache: failed to save data to low-level cache by key printf/facts for package world: open /home/agent/.cache/golangci-lint/6b/6bb12168c8b23f18e35c3035d6f3cc069637d87d8b7fceeaa0a90859512851d2-a: no space left on device"
level=warning msg="[linters_context/goanalysis] Failed to persist facts to cache: failed to save data to low-level cache by key inline/facts for package world: open /home/agent/.cache/golangci-lint/74/746a6326fa647dffc5894b98287e89353cfe20a80417388e0d9001fca077cf53-a: no space left on device"
level=warning msg="[linters_context/goanalysis] Failed to persist facts to cache: failed to save data to low-level cache by key exhaustive/facts for package buildinfo: open /home/agent/.cache/golangci-lint/77/7731117310a1a0822f859b0721d366dbd084d75237281d0bccabf3426707aabf-a: no space left on device"
level=warning msg="[linters_context/goanalysis] Failed to persist facts to cache: failed to save data to low-level cache by key ctrlflow/facts for package buildinfo: open /home/agent/.cache/golangci-lint/eb/ebbc6c41f55dc560f2fee21e0af3f84c6c63a8f765ea08e5ce08402e2e275bad-a: no space left on device"
level=warning msg="[linters_context/goanalysis] Failed to persist facts to cache: failed to save data to low-level cache by key exhaustive/facts for package world: open /home/agent/.cache/golangci-lint/03/0389728349a1c6d50d3a544b3a5a744052e0a4f85c7d5b7573780765d2552255-d: no space left on device"
level=warning msg="[linters_context/goanalysis] Failed to persist facts to cache: failed to save data to low-level cache by key inline/facts for package buildinfo: open /home/agent/.cache/golangci-lint/08/08c944a5f9b5dcced2d874f1ab2505ac7fa834eac66a5672593a7393febee542-a: no space left on device"
level=warning msg="[linters_context/goanalysis] Failed to persist facts to cache: failed to save data to low-level cache by key printf/facts for package record: open /home/agent/.cache/golangci-lint/63/63e05fd9dd99ad886b572d6bda2ff55b628000fcf55a67219128e0179f9499fe-a: no space left on device"
level=warning msg="[linters_context/goanalysis] Failed to persist facts to cache: failed to save data to low-level cache by key ctrlflow/facts for package record: open /home/agent/.cache/golangci-lint/13/138d913ee2ae098a7a6e47311dc34a0150dbe64d938dc5422754a93cde22582f-a: no space left on device"
level=warning msg="[linters_context/goanalysis] Failed to persist facts to cache: failed to save data to low-level cache by key inline/facts for package record: open /home/agent/.cache/golangci-lint/31/31dc9dbca3955df0416829bb2b7d4cd85ec99db32229e0bc15fcee2490ff58ac-a: no space left on device"
level=warning msg="[linters_context/goanalysis] Failed to persist facts to cache: failed to save data to low-level cache by key exhaustive/facts for package parser: open /home/agent/.cache/golangci-lint/63/63cdf366e3db23827f87a59f1ca0a220498321ef31b775501acf3ef44a1efacb-d: no space left on device"
level=warning msg="[linters_context/goanalysis] Failed to persist facts to cache: failed to save data to low-level cache by key exhaustive/facts for package record: open /home/agent/.cache/golangci-lint/8e/8eadefcc187f003d004d1cf53e64e1c770b42f54924e80c99478c3276fbbe958-a: no space left on device"
level=warning msg="[linters_context/goanalysis] Failed to persist facts to cache: failed to save data to low-level cache by key fact_purity/facts for package parser: open /home/agent/.cache/golangci-lint/52/521d6102f979e0559bf53c164d4d20374ea65128bde90c30063b865f3727d00a-a: no space left on device"
level=warning msg="[linters_context/goanalysis] Failed to persist facts to cache: failed to save data to low-level cache by key SA5012/facts for package parser: open /home/agent/.cache/golangci-lint/6f/6f8d39ed8005942db4ce4130b30ca666df662573167a31fd6ab1f78d3e74bfb7-a: no space left on device"
level=warning msg="[linters_context/goanalysis] Failed to persist facts to cache: failed to save data to low-level cache by key SA5012/facts for package buildinfo: open /home/agent/.cache/golangci-lint/5c/5c1193abddf2c5046e5c0b33786a2ee7bfc208576bf1c36db5a70f5706adb73d-a: no space left on device"
level=warning msg="[linters_context/goanalysis] Failed to persist facts to cache: failed to save data to low-level cache by key fact_purity/facts for package buildinfo: open /home/agent/.cache/golangci-lint/37/3799032b936a0aa9a77d943f316e157f3dd628df186e8abf04e46e53fbbdc380-a: no space left on device"
level=warning msg="[linters_context/goanalysis] Failed to persist facts to cache: failed to save data to low-level cache by key nilness/facts for package buildinfo: open /home/agent/.cache/golangci-lint/41/417660fd6de65b617a750badf71c93232f9bff67c8a059739e135dfdd3e9149b-d: no space left on device"
level=warning msg="[linters_context/goanalysis] Failed to persist facts to cache: failed to save data to low-level cache by key SA5012/facts for package record: open /home/agent/.cache/golangci-lint/80/8045ac300076f4386a57df746dcb4969a2654961805f3f8ae5ce0237e3ae4cff-a: no space left on device"
level=warning msg="[linters_context/goanalysis] Failed to persist facts to cache: failed to save data to low-level cache by key fact_purity/facts for package record: open /home/agent/.cache/golangci-lint/ab/ab688e9641572e42c30ce4e748df59adc6f188e2bddb1aa103552d443a3da659-a: no space left on device"
level=warning msg="[linters_context/goanalysis] Failed to persist facts to cache: failed to save data to low-level cache by key nilness/facts for package parser: open /home/agent/.cache/golangci-lint/67/67c69ec47a0780af0028b630402f9144ce8efae1c63b7c4f8c5ec3113547a0f0-d: no space left on device"
level=warning msg="[linters_context/goanalysis] Failed to persist facts to cache: failed to save data to low-level cache by key SA5012/facts for package world: open /home/agent/.cache/golangci-lint/c3/c3945e86a510a8158775827f3f7f4da298eabaeb1125bfc9a2595620fa7ec5cf-a: no space left on device"
level=warning msg="[linters_context/goanalysis] Failed to persist facts to cache: failed to save data to low-level cache by key fact_purity/facts for package world: open /home/agent/.cache/golangci-lint/19/195333ea2f9a0997eba2ef8e23743da2371012ad13f0c4f59deffd2df182447f-a: no space left on device"
level=warning msg="[linters_context/goanalysis] Failed to persist facts to cache: failed to save data to low-level cache by key fact_deprecated/facts for package format: open /home/agent/.cache/golangci-lint/a4/a4a85bf2be37133273455a16a99dc2e99cd67a51913e38db0863a769f031d6f2-a: no space left on device"
level=warning msg="[linters_context/goanalysis] Failed to persist facts to cache: failed to save data to low-level cache by key nilness/facts for package record: open /home/agent/.cache/golangci-lint/a7/a729ac328eb5167f369c4865fdb4c8b590010ade06958d29279a8c7f6a93a51f-a: no space left on device"
level=warning msg="[linters_context/goanalysis] Failed to persist facts to cache: failed to save data to low-level cache by key ctrlflow/facts for package format: open /home/agent/.cache/golangci-lint/59/597da30921c4ac467b229f44d35d94e8d40c63c33add4f0eb67c7d5ebf58776f-a: no space left on device"
level=warning msg="[linters_context/goanalysis] Failed to persist facts to cache: failed to save data to low-level cache by key exhaustive/facts for package format: open /home/agent/.cache/golangci-lint/42/42609af050579f33b149a0c3a092b2aff0c6b72027bd7218974a02c6b8bed811-a: no space left on device"
level=warning msg="[linters_context/goanalysis] Failed to persist facts to cache: failed to save data to low-level cache by key printf/facts for package format: open /home/agent/.cache/golangci-lint/e8/e81f3cea60ba21f82716b063535d8318c632a40ef32a077241a82664324994fa-a: no space left on device"
level=warning msg="[linters_context/goanalysis] Failed to persist facts to cache: failed to save data to low-level cache by key inline/facts for package format: open /home/agent/.cache/golangci-lint/12/1242ec8d414c11e91fad69cdd7768754766d07d01a1a83def9887a0ceae75415-a: no space left on device"
level=warning msg="[linters_context/goanalysis] Failed to persist facts to cache: failed to save data to low-level cache by key SA5012/facts for package format: open /home/agent/.cache/golangci-lint/9a/9a665485d3a554ad3e349270ccce9af16b25ab5402c4d7bbeb7b6e103d2602bd-a: no space left on device"
level=warning msg="[linters_context/goanalysis] Failed to persist facts to cache: failed to save data to low-level cache by key fact_purity/facts for package format: open /home/agent/.cache/golangci-lint/0f/0f6c84df5514bbb5a73995d22baf278b3ae42a678deafc58dfb5afaf656204de-a: no space left on device"
level=warning msg="[linters_context/goanalysis] Failed to persist facts to cache: failed to save data to low-level cache by key printf/facts for package exploration: open /home/agent/.cache/golangci-lint/a1/a1743203a8778a211c33a841c4dc733fc77f32913f23abf5d0d9ea7d2c3faf8a-a: no space left on device"
level=warning msg="[linters_context/goanalysis] Failed to persist facts to cache: failed to save data to low-level cache by key inline/facts for package exploration: open /home/agent/.cache/golangci-lint/2b/2bd386a21afb682d09b821e20e6b88f754b4219561fdbee3370a33304199f6c0-a: no space left on device"
level=warning msg="[linters_context/goanalysis] Failed to persist facts to cache: failed to save data to low-level cache by key exhaustive/facts for package exploration: open /home/agent/.cache/golangci-lint/a6/a68adebfa6d1da64b43fd265dbc1827654bbc9a239269b3fcc2cbc7dc3e4f6bd-a: no space left on device"
level=warning msg="[linters_context/goanalysis] Failed to persist facts to cache: failed to save data to low-level cache by key ctrlflow/facts for package exploration: open /home/agent/.cache/golangci-lint/86/8633612fd6216e62ab6e173149b7345c232202fa9d44525d462f24399abe7a3e-a: no space left on device"
level=warning msg="[linters_context/goanalysis] Failed to persist facts to cache: failed to save data to low-level cache by key fact_deprecated/facts for package exploration: open /home/agent/.cache/golangci-lint/3c/3c9cdcf6723f224d4c22e70315a5efdd7b0991f6246d024ba3ad76297a75b0c1-a: no space left on device"
level=warning msg="[linters_context/goanalysis] Failed to persist facts to cache: failed to save data to low-level cache by key nilness/facts for package format: open /home/agent/.cache/golangci-lint/90/9082268c8c7315628ff5aeea33f7b5af90db677abb1d336a194e60930ea25f15-a: no space left on device"
level=warning msg="[linters_context/goanalysis] Failed to persist facts to cache: failed to save data to low-level cache by key nilness/facts for package world: open /home/agent/.cache/golangci-lint/57/57f576366023cebbec574156b8ff5349611e389debc6d679a29a9a0b49bd2ddb-d: no space left on device"
level=warning msg="[linters_context/goanalysis] Failed to persist facts to cache: failed to save data to low-level cache by key fact_purity/facts for package exploration: open /home/agent/.cache/golangci-lint/85/85b00d0ad42e69cbd3aa983bc089d820f338c5303447fef4a32db5f5805a40b9-a: no space left on device"
level=warning msg="[linters_context/goanalysis] Failed to persist facts to cache: failed to save data to low-level cache by key SA5012/facts for package exploration: open /home/agent/.cache/golangci-lint/c2/c29f6ed8693d09d123f250547e908131f7e3e8ffcde67a104129adcaa6c24061-a: no space left on device"
level=warning msg="[linters_context/goanalysis] Failed to persist facts to cache: failed to save data to low-level cache by key nilness/facts for package exploration: open /home/agent/.cache/golangci-lint/b8/b8a4096993c69f37a1e1b0481791c7bd6381150da2d4503d83dc8e5c6747d86d-a: no space left on device"
level=warning msg="[linters_context/goanalysis] Failed to persist facts to cache: failed to save data to low-level cache by key ctrlflow/facts for package process: open /home/agent/.cache/golangci-lint/4d/4d239f2d0f6b7ed5126e147b35a9eb39729653b59400b1bae2fb85554b1abc6c-a: no space left on device"
level=warning msg="[linters_context/goanalysis] Failed to persist facts to cache: failed to save data to low-level cache by key fact_purity/facts for package process: open /home/agent/.cache/golangci-lint/f2/f23ff262993d34ed078a07cb4f82b8cb9062ca63fcc68aaadcd536674bc8855c-a: no space left on device"
level=warning msg="[linters_context/goanalysis] Failed to persist facts to cache: failed to save data to low-level cache by key inline/facts for package choice: open /home/agent/.cache/golangci-lint/3f/3f0dffb236d04ad4acad25f2c0fcb933f3c74e0b30daeb01dc87cb3aa66bdf9c-a: no space left on device"
level=warning msg="[linters_context/goanalysis] Failed to persist facts to cache: failed to save data to low-level cache by key fact_deprecated/facts for package version: open /home/agent/.cache/golangci-lint/11/11d4adf0739a4ddef28f70bdf12260761ebd4fbff1529f86c29257c39335ba0d-a: no space left on device"
level=warning msg="[linters_context/goanalysis] Failed to persist facts to cache: failed to save data to low-level cache by key printf/facts for package process: open /home/agent/.cache/golangci-lint/68/685759b26e807c6075fd99f293ffed2b945beee9cad3dc5d8dc2aa78909caaa4-a: no space left on device"
level=warning msg="[linters_context/goanalysis] Failed to persist facts to cache: failed to save data to low-level cache by key fact_deprecated/facts for package process: open /home/agent/.cache/golangci-lint/91/915056046922260084fa02745a72bbcd8fe4a42043e0fc801f4e4ff74b3de39b-a: no space left on device"
level=warning msg="[linters_context/goanalysis] Failed to persist facts to cache: failed to save data to low-level cache by key exhaustive/facts for package process: open /home/agent/.cache/golangci-lint/39/39a1a84fe01150a934cc675922e4ae9a003313b779cb80092567ff9b41b0cc5e-a: no space left on device"
level=warning msg="[linters_context/goanalysis] Failed to persist facts to cache: failed to save data to low-level cache by key inline/facts for package process: open /home/agent/.cache/golangci-lint/36/36c4eb2fae17c2b9fb167415f920cc8655b0310bc979d08e4ee8913cad82cc4b-a: no space left on device"
level=warning msg="[linters_context/goanalysis] Failed to persist facts to cache: failed to save data to low-level cache by key ctrlflow/facts for package choice: open /home/agent/.cache/golangci-lint/61/6193435f06e39f2fb7ccc1ac5b4e343aed9809941d2d3d1aba539929ae77812a-a: no space left on device"
level=warning msg="[linters_context/goanalysis] Failed to persist facts to cache: failed to save data to low-level cache by key nilness/facts for package process: open /home/agent/.cache/golangci-lint/55/55a2564c01a93b1f0c4a9ca7f74abaec1728b8d998afdfbb6bbda5b2e082986d-a: no space left on device"
level=warning msg="[linters_context/goanalysis] Failed to persist facts to cache: failed to save data to low-level cache by key fact_deprecated/facts for package compatibility: open /home/agent/.cache/golangci-lint/19/19b07ff7fd69308290f27ca8601825125fb662c7278725029e886e14d6664c0e-a: no space left on device"
level=warning msg="[linters_context/goanalysis] Failed to persist facts to cache: failed to save data to low-level cache by key ctrlflow/facts for package version: open /home/agent/.cache/golangci-lint/18/18aec6825484c12be8df149381b8ebcccd727c8eca47f894f4b8bad4b019d819-a: no space left on device"
level=warning msg="[linters_context/goanalysis] Failed to persist facts to cache: failed to save data to low-level cache by key printf/facts for package version: open /home/agent/.cache/golangci-lint/d6/d6c0071b6b0ceaa2a4c14132246af50bea06854418b67cab88a8162847dfc38e-a: no space left on device"
level=warning msg="[linters_context/goanalysis] Failed to persist facts to cache: failed to save data to low-level cache by key fact_deprecated/facts for package choice: open /home/agent/.cache/golangci-lint/13/136f04f6134b41fe705bc03599ba98f130b86ba609a4f519f6fc3a55c3fcbee5-a: no space left on device"
level=warning msg="[linters_context/goanalysis] Failed to persist facts to cache: failed to save data to low-level cache by key inline/facts for package version: open /home/agent/.cache/golangci-lint/ac/ac9bd938d8e9dab4476d9439efd749cb247b4864cca18c63186d0cbbd39652a0-a: no space left on device"
level=warning msg="[linters_context/goanalysis] Failed to persist facts to cache: failed to save data to low-level cache by key fact_deprecated/facts for package mailbox: open /home/agent/.cache/golangci-lint/5b/5b87a370eaead84274143460b2363cee8202d2635381b6353724b599da63cf7e-a: no space left on device"
level=warning msg="[linters_context/goanalysis] Failed to persist facts to cache: failed to save data to low-level cache by key printf/facts for package choice: open /home/agent/.cache/golangci-lint/85/85ace38fd33660c59e39dd983c138f2c76f91b412d52a036d551ec865b93b77d-a: no space left on device"
level=warning msg="[linters_context/goanalysis] Failed to persist facts to cache: failed to save data to low-level cache by key exhaustive/facts for package compatibility: open /home/agent/.cache/golangci-lint/b2/b2ac3fd3189e2a69fd061aa4fd7f27008a6973d38d16b24cb6279cdc3d78380e-d: no space left on device"
level=warning msg="[linters_context/goanalysis] Failed to persist facts to cache: failed to save data to low-level cache by key inline/facts for package livecap: open /home/agent/.cache/golangci-lint/0b/0b30791df07bc85691841a31e4521ca27586121bdbc418ecae4c513ec7f750c0-a: no space left on device"
level=warning msg="[linters_context/goanalysis] Failed to persist facts to cache: failed to save data to low-level cache by key inline/facts for package mailbox: open /home/agent/.cache/golangci-lint/24/248159947150b8dfe63d67ebe943ecf9f20c5d3682380540868e514faaabd369-a: no space left on device"
level=warning msg="[linters_context/goanalysis] Failed to persist facts to cache: failed to save data to low-level cache by key ctrlflow/facts for package livecap: open /home/agent/.cache/golangci-lint/1c/1cd0e0d3bdf382c9fc145045e8dea389a7046b5132232471fc6c4cf8496cb721-a: no space left on device"
level=warning msg="[linters_context/goanalysis] Failed to persist facts to cache: failed to save data to low-level cache by key SA5012/facts for package process: open /home/agent/.cache/golangci-lint/1d/1dd8442216ab790df7dc0afbc134e2edd2d65434ffb30706d0f8204c3edd7418-a: no space left on device"
level=warning msg="[linters_context/goanalysis] Failed to persist facts to cache: failed to save data to low-level cache by key exhaustive/facts for package choice: open /home/agent/.cache/golangci-lint/5b/5bd2981246687d448ea11aa5a54a42713e3aeaa5539dadb751d8d27892a281d2-d: no space left on device"
level=warning msg="[linters_context/goanalysis] Failed to persist facts to cache: failed to save data to low-level cache by key exhaustive/facts for package livecap: open /home/agent/.cache/golangci-lint/18/18b0c6bf260d1961ded1503a1a2cfe165132db97a9db445924eefa6a6053c9a4-d: no space left on device"
level=warning msg="[linters_context/goanalysis] Failed to persist facts to cache: failed to save data to low-level cache by key printf/facts for package livecap: open /home/agent/.cache/golangci-lint/5b/5b84248c080a6ab4ed2439d82c6b74c29db7cefc916a34dec63ffaf5b1b88569-a: no space left on device"
level=warning msg="[linters_context/goanalysis] Failed to persist facts to cache: failed to save data to low-level cache by key exhaustive/facts for package mailbox: open /home/agent/.cache/golangci-lint/fa/fa151c8ca70c83ab317c7ccbd67c41c0e6b2b074a40b6e92eb419ad93a54f997-d: no space left on device"
level=warning msg="[linters_context/goanalysis] Failed to persist facts to cache: failed to save data to low-level cache by key ctrlflow/facts for package compatibility: open /home/agent/.cache/golangci-lint/60/6066d10b1f0bb31b35ae2dc25e95855bac51ef23f6af88f4d84e9a7513d0e92d-a: no space left on device"
level=warning msg="[linters_context/goanalysis] Failed to persist facts to cache: failed to save data to low-level cache by key fact_deprecated/facts for package livecap: open /home/agent/.cache/golangci-lint/8d/8d53dc2cfccdf40ca4641b996a7b25368382c0bdacef3d9880b9f9456b2e81fd-a: no space left on device"
level=warning msg="[linters_context/goanalysis] Failed to persist facts to cache: failed to save data to low-level cache by key printf/facts for package compatibility: open /home/agent/.cache/golangci-lint/79/79ebb85ceedf6659ad77df1858427482da4f1667ed3cb8b8e08a53aaf3e100a2-a: no space left on device"
level=warning msg="[linters_context/goanalysis] Failed to persist facts to cache: failed to save data to low-level cache by key fact_deprecated/facts for package readonlymount: open /home/agent/.cache/golangci-lint/02/026027f93fb8666851b7583135dea55acc31f55a341d194ee56618234322cdaf-a: no space left on device"
level=warning msg="[linters_context/goanalysis] Failed to persist facts to cache: failed to save data to low-level cache by key exhaustive/facts for package version: open /home/agent/.cache/golangci-lint/7d/7d580d161f54b691b5d92efa9802f4f53155dfd5b4bf1fbaf831a10bc9f29801-a: no space left on device"
level=warning msg="[linters_context/goanalysis] Failed to persist facts to cache: failed to save data to low-level cache by key fact_deprecated/facts for package simulation: open /home/agent/.cache/golangci-lint/52/52aa9656a58a5db713f7a164c6de19c3e8c77dd9051e34868c5d8b20f2fee3b7-a: no space left on device"
level=warning msg="[linters_context/goanalysis] Failed to persist facts to cache: failed to save data to low-level cache by key inline/facts for package readonlymount: open /home/agent/.cache/golangci-lint/67/677a1f98629cfa036ff4c3bd434c3998ed5e3d48b995a6d279dd0a9a814b26bf-a: no space left on device"
level=warning msg="[linters_context/goanalysis] Failed to persist facts to cache: failed to save data to low-level cache by key printf/facts for package mailbox: open /home/agent/.cache/golangci-lint/32/32144b4eb3f96227b5c6914b8f6c94d5852617bd2f048011e9d3fa2ed9584100-a: no space left on device"
level=warning msg="[linters_context/goanalysis] Failed to persist facts to cache: failed to save data to low-level cache by key ctrlflow/facts for package readonlymount: open /home/agent/.cache/golangci-lint/9b/9b91e2dbc5f871978f57b14fa6c763cba6ea393c6abca4845497a96e3b4b00e2-a: no space left on device"
level=warning msg="[linters_context/goanalysis] Failed to persist facts to cache: failed to save data to low-level cache by key exhaustive/facts for package readonlymount: open /home/agent/.cache/golangci-lint/db/dbc79881213bf5c08899ebdad1f32f3f9764e8e05a12dd80c1e64616f5694d31-d: no space left on device"
level=warning msg="[linters_context/goanalysis] Failed to persist facts to cache: failed to save data to low-level cache by key printf/facts for package simulation: open /home/agent/.cache/golangci-lint/7f/7f34e210dd6b4c3fc87934716a015897dc99c230d7e1dd3a5262d9cae26a5959-a: no space left on device"
level=warning msg="[linters_context/goanalysis] Failed to persist facts to cache: failed to save data to low-level cache by key inline/facts for package simulation: open /home/agent/.cache/golangci-lint/d2/d21e95f2a57820db598848014d042fcc2e0aed6b8be4fd9db691a961a1807dd9-a: no space left on device"
level=warning msg="[linters_context/goanalysis] Failed to persist facts to cache: failed to save data to low-level cache by key inline/facts for package compatibility: open /home/agent/.cache/golangci-lint/ca/cab73e13754e83dd4f12e042ea90a348470f2e9e2977c7335a3fa3cb992c717b-a: no space left on device"
level=warning msg="[linters_context/goanalysis] Failed to persist facts to cache: failed to save data to low-level cache by key SA5012/facts for package version: open /home/agent/.cache/golangci-lint/c0/c02b942fb5b8f76a5faa0762aa5563f68003aba51d66023099fdb4f622bed0fb-a: no space left on device"
level=warning msg="[linters_context/goanalysis] Failed to persist facts to cache: failed to save data to low-level cache by key SA5012/facts for package choice: open /home/agent/.cache/golangci-lint/58/5895d44893b1bb916d21282a8e93da3ebb9208cfffddad496ca40abac0bf2f32-a: no space left on device"
level=warning msg="[linters_context/goanalysis] Failed to persist facts to cache: failed to save data to low-level cache by key fact_purity/facts for package choice: open /home/agent/.cache/golangci-lint/06/06ee1a093809221295d38cf2d6fb2535daf91c61d7f29e57494ba05e2fb61e7d-a: no space left on device"
level=warning msg="[linters_context/goanalysis] Failed to persist facts to cache: failed to save data to low-level cache by key nilness/facts for package version: open /home/agent/.cache/golangci-lint/5a/5a1078232afcca059f3cd1edbc499ad0601aa67eef71e599834056a9729e360a-a: no space left on device"
level=warning msg="[linters_context/goanalysis] Failed to persist facts to cache: failed to save data to low-level cache by key ctrlflow/facts for package mailbox: open /home/agent/.cache/golangci-lint/7e/7e3e392e03dddd7f863bdbad7974ac60935841e1f95e88be2e8bf3b56f78dc82-a: no space left on device"
level=warning msg="[linters_context/goanalysis] Failed to persist facts to cache: failed to save data to low-level cache by key fact_purity/facts for package version: open /home/agent/.cache/golangci-lint/63/6347542e41dc812ec4151486b4741f01ef94dd0dfa9cbd456f5d2e6567832086-a: no space left on device"
level=warning msg="[linters_context/goanalysis] Failed to persist facts to cache: failed to save data to low-level cache by key exhaustive/facts for package simulation: open /home/agent/.cache/golangci-lint/e2/e23ff64fea1a0af7e9d96b4e0557c5ffa9171f6b93978fd9ce58e1cf6cce0cc5-d: no space left on device"
level=warning msg="[linters_context/goanalysis] Failed to persist facts to cache: failed to save data to low-level cache by key ctrlflow/facts for package simulation: open /home/agent/.cache/golangci-lint/22/22913589238100267d75a5cadf84f10635e02516dab304a936e514c14af43db5-a: no space left on device"
level=warning msg="[linters_context/goanalysis] Failed to persist facts to cache: failed to save data to low-level cache by key nilness/facts for package mailbox: open /home/agent/.cache/golangci-lint/cc/cc68caca7b25c97701727cf2d2cf502ac1db33760909fee57e8168ae5a70427c-a: no space left on device"
level=warning msg="[linters_context/goanalysis] Failed to persist facts to cache: failed to save data to low-level cache by key printf/facts for package readonlymount: open /home/agent/.cache/golangci-lint/ff/ffbef6594e2aa5a32119a9538f17e345e9da4515bcdfe8c4308e57561ced953d-a: no space left on device"
level=warning msg="[linters_context/goanalysis] Failed to persist facts to cache: failed to save data to low-level cache by key SA5012/facts for package mailbox: open /home/agent/.cache/golangci-lint/dc/dcfd260e5767d8b90d10b2753c36b4f49d2979abb65c0008bed5479251996490-a: no space left on device"
level=warning msg="[linters_context/goanalysis] Failed to persist facts to cache: failed to save data to low-level cache by key fact_purity/facts for package mailbox: open /home/agent/.cache/golangci-lint/e3/e3a8f61bf6ee84e3dbd29c760b470d6a2402bca070cb267d46fe95377f8baa48-a: no space left on device"
level=warning msg="[linters_context/goanalysis] Failed to persist facts to cache: failed to save data to low-level cache by key SA5012/facts for package livecap: open /home/agent/.cache/golangci-lint/4a/4a7e060b527146e09d2be8f320742a6a32b273d7607ea565634218578b79ad74-a: no space left on device"
level=warning msg="[linters_context/goanalysis] Failed to persist facts to cache: failed to save data to low-level cache by key fact_purity/facts for package livecap: open /home/agent/.cache/golangci-lint/ea/ea3423a0997759898057f989d1cc5c712661e784414a7bbac760b7be93c8c844-a: no space left on device"
level=warning msg="[linters_context/goanalysis] Failed to persist facts to cache: failed to save data to low-level cache by key nilness/facts for package livecap: open /home/agent/.cache/golangci-lint/ca/ca4ac7bc65decf0ba8d0c3eecdc71f1b691f614e1d0fb837e106ec9c96a79b31-a: no space left on device"
level=warning msg="[linters_context/goanalysis] Failed to persist facts to cache: failed to save data to low-level cache by key SA5012/facts for package simulation: open /home/agent/.cache/golangci-lint/e4/e4a0c14900449d19435677c5390a63ea073d46e7112599f6c0617c720dbe03f4-a: no space left on device"
level=warning msg="[linters_context/goanalysis] Failed to persist facts to cache: failed to save data to low-level cache by key fact_purity/facts for package simulation: open /home/agent/.cache/golangci-lint/a6/a605e419d96f07b3e16e9ee944a53bc5d757033d0d2c078f10a84e7360333a45-a: no space left on device"
level=warning msg="[linters_context/goanalysis] Failed to persist facts to cache: failed to save data to low-level cache by key nilness/facts for package choice: open /home/agent/.cache/golangci-lint/a7/a77706b1f08b6120f09a112d279ba59d66161f5b5fe0b147d5a2c665eb87247d-a: no space left on device"
level=warning msg="[linters_context/goanalysis] Failed to persist facts to cache: failed to save data to low-level cache by key SA5012/facts for package readonlymount: open /home/agent/.cache/golangci-lint/ce/ce78690cffa01e19e6175f6673d776c248597c9178fb9c3bcbb4c866a0baedd0-a: no space left on device"
level=warning msg="[linters_context/goanalysis] Failed to persist facts to cache: failed to save data to low-level cache by key SA5012/facts for package compatibility: open /home/agent/.cache/golangci-lint/ca/ca145d923267114e0ed7a4108ac6870077c28f160945eb350f68bbfa3ea2fad2-a: no space left on device"
level=warning msg="[linters_context/goanalysis] Failed to persist facts to cache: failed to save data to low-level cache by key fact_purity/facts for package compatibility: open /home/agent/.cache/golangci-lint/00/00e4822b0ae020b77284927f6d592f067f35f1509b654f6f8e245329b9ac2fbc-a: no space left on device"
level=warning msg="[linters_context/goanalysis] Failed to persist facts to cache: failed to save data to low-level cache by key fact_purity/facts for package readonlymount: open /home/agent/.cache/golangci-lint/be/bee0135a5e834a944c4a3515082773eeee054b44f04d82f15d41e36f2c2464a7-a: no space left on device"
level=warning msg="[linters_context/goanalysis] Failed to persist facts to cache: failed to save data to low-level cache by key nilness/facts for package simulation: open /home/agent/.cache/golangci-lint/1f/1fc4056307ac9c2ce558889ad93c6d68c4dc4e106ee4ce731dc86ac435373fce-a: no space left on device"
level=warning msg="[linters_context/goanalysis] Failed to persist facts to cache: failed to save data to low-level cache by key nilness/facts for package compatibility: open /home/agent/.cache/golangci-lint/31/3122488ee17ffa4acff0b26790b7f0fcfb4b28b496412f1bd2e9d900e5d3c0a4-a: no space left on device"
level=warning msg="[linters_context/goanalysis] Failed to persist facts to cache: failed to save data to low-level cache by key nilness/facts for package readonlymount: open /home/agent/.cache/golangci-lint/78/786b90ed677bca65ff4279d2d818590de96d7500429579c47673959793fea231-a: no space left on device"
level=warning msg="[linters_context/goanalysis] Failed to persist facts to cache: failed to save data to low-level cache by key fact_deprecated/facts for package capabilitypolicy: open /home/agent/.cache/golangci-lint/79/79709ca928416e02a7e082db1bbb6105813909a80e8999b4c80937a9b1687738-a: no space left on device"
level=warning msg="[linters_context/goanalysis] Failed to persist facts to cache: failed to save data to low-level cache by key inline/facts for package capabilitypolicy: open /home/agent/.cache/golangci-lint/95/95f7f896791f050c60ab6ea5550ef007e1c70f1a6c420456041ee9886796237f-a: no space left on device"
level=warning msg="[linters_context/goanalysis] Failed to persist facts to cache: failed to save data to low-level cache by key printf/facts for package capabilitypolicy: open /home/agent/.cache/golangci-lint/b8/b8bb389dfc617d106624f1983406a7cfa86ee519ef970429105c7227dc9b5ade-a: no space left on device"
level=warning msg="[linters_context/goanalysis] Failed to persist facts to cache: failed to save data to low-level cache by key ctrlflow/facts for package capabilitypolicy: open /home/agent/.cache/golangci-lint/9f/9fb2939fdf7da9d8f85415610bbfc6f217fdf6dd8ac40919f4fc69f5c4ec0fcd-a: no space left on device"
level=warning msg="[linters_context/goanalysis] Failed to persist facts to cache: failed to save data to low-level cache by key exhaustive/facts for package capabilitypolicy: open /home/agent/.cache/golangci-lint/3b/3be056b99ef8d0d1289e1566d1de5cb6498149923c7816a93e1e683aecf66864-d: no space left on device"
level=warning msg="[linters_context/goanalysis] Failed to persist facts to cache: failed to save data to low-level cache by key fact_deprecated/facts for package simulationrecord: open /home/agent/.cache/golangci-lint/ff/ffa0b2ea3d2cc212c5228731ded50fc4105b2fb4f3044350f96939b4ad641578-a: no space left on device"
level=warning msg="[linters_context/goanalysis] Failed to persist facts to cache: failed to save data to low-level cache by key ctrlflow/facts for package simulationrecord: open /home/agent/.cache/golangci-lint/c3/c37290eade3099dc75f7b01560cc74d28d4ec4fcfa9fc925bc26f53fe9dc1b11-a: no space left on device"
level=warning msg="[linters_context/goanalysis] Failed to persist facts to cache: failed to save data to low-level cache by key fact_deprecated/facts for package minimizer: open /home/agent/.cache/golangci-lint/0f/0f1533577413b8cbbae6fff4814ef4e71d9896b20cc4d0bef072d9dda19b9ad8-a: no space left on device"
level=warning msg="[linters_context/goanalysis] Failed to persist facts to cache: failed to save data to low-level cache by key fact_purity/facts for package capabilitypolicy: open /home/agent/.cache/golangci-lint/5c/5c8bc1b078a8db9f874ff1dea3b03709d5a7ec684e35c1adf162c9d847d89505-a: no space left on device"
level=warning msg="[linters_context/goanalysis] Failed to persist facts to cache: failed to save data to low-level cache by key printf/facts for package simulationrecord: open /home/agent/.cache/golangci-lint/db/dbd2ce76108ff7990e22876b7d48fd3bdce51086e39c970022d34a1459e02f7f-a: no space left on device"
level=warning msg="[linters_context/goanalysis] Failed to persist facts to cache: failed to save data to low-level cache by key inline/facts for package simulationrecord: open /home/agent/.cache/golangci-lint/04/04467013edf00b560fe2484ee6141e9773f59980010c856ee6b505d5a462c808-a: no space left on device"
level=warning msg="[linters_context/goanalysis] Failed to persist facts to cache: failed to save data to low-level cache by key SA5012/facts for package capabilitypolicy: open /home/agent/.cache/golangci-lint/b3/b3784c3bcab9fe5847b7ace4bda2a981e6a47671c26d6beb44afe81ee781662d-a: no space left on device"
level=warning msg="[linters_context/goanalysis] Failed to persist facts to cache: failed to save data to low-level cache by key exhaustive/facts for package simulationrecord: open /home/agent/.cache/golangci-lint/82/82fa9f4643517ab45c4ebbd96d1b7c7d36af133a9a069131cf16f52e6bdcc6f7-a: no space left on device"
level=warning msg="[linters_context/goanalysis] Failed to persist facts to cache: failed to save data to low-level cache by key nilness/facts for package capabilitypolicy: open /home/agent/.cache/golangci-lint/69/694140b4e38a4efd8ac373b6b106d68ffd4cac3dfc70ffe66f5333742e847287-a: no space left on device"
level=warning msg="[linters_context/goanalysis] Failed to persist facts to cache: failed to save data to low-level cache by key ctrlflow/facts for package minimizer: open /home/agent/.cache/golangci-lint/61/615c8c0fa295fefb7176baca18337d1ac72223109bcb9a4eb43475f8f6c06314-a: no space left on device"
level=warning msg="[linters_context/goanalysis] Failed to persist facts to cache: failed to save data to low-level cache by key inline/facts for package minimizer: open /home/agent/.cache/golangci-lint/d3/d314a5a51b6242ad6f52bb0c22f3804750302dfc5f1ec6a5b45f655c69e3fa06-a: no space left on device"
level=warning msg="[linters_context/goanalysis] Failed to persist facts to cache: failed to save data to low-level cache by key printf/facts for package minimizer: open /home/agent/.cache/golangci-lint/fc/fc6ed2efa1830de31e928d379e2e14c3492d08df963bd9d22d9c314b129f0749-a: no space left on device"
level=warning msg="[linters_context/goanalysis] Failed to persist facts to cache: failed to save data to low-level cache by key exhaustive/facts for package minimizer: open /home/agent/.cache/golangci-lint/e0/e0f8a1db29ad8d552defa373a09c42ed4120e85a75f8ced60a4cb10d9a061d3d-d: no space left on device"
level=warning msg="[linters_context/goanalysis] Failed to persist facts to cache: failed to save data to low-level cache by key SA5012/facts for package simulationrecord: open /home/agent/.cache/golangci-lint/8f/8f2dc96224c651f22474b5c1c40d227e66b771d5e1995298d9f8d47647fa83c5-a: no space left on device"
level=warning msg="[linters_context/goanalysis] Failed to persist facts to cache: failed to save data to low-level cache by key fact_purity/facts for package simulationrecord: open /home/agent/.cache/golangci-lint/fd/fd720fadd3908aa9f6fd9384c62cf4463fb9c8a05ea5244bb689788b9c364dd8-a: no space left on device"
level=warning msg="[linters_context/goanalysis] Failed to persist facts to cache: failed to save data to low-level cache by key SA5012/facts for package minimizer: open /home/agent/.cache/golangci-lint/e4/e485b96289a99c4a56a634d5e261621e3a6dd67022c77d3a8ab27a48856019ae-a: no space left on device"
level=warning msg="[linters_context/goanalysis] Failed to persist facts to cache: failed to save data to low-level cache by key fact_purity/facts for package minimizer: open /home/agent/.cache/golangci-lint/9c/9c4673048fcbb63168983b49e7d8993370a1ca87a61dfb0d3cc57cf0b682bdfb-a: no space left on device"
level=warning msg="[linters_context/goanalysis] Failed to persist facts to cache: failed to save data to low-level cache by key nilness/facts for package simulationrecord: open /home/agent/.cache/golangci-lint/5e/5e0637c4c10783a850f0408df84e291e60b8132d2f3913073ac4ece54f8c9758-a: no space left on device"
level=warning msg="[linters_context/goanalysis] Failed to persist facts to cache: failed to save data to low-level cache by key nilness/facts for package minimizer: open /home/agent/.cache/golangci-lint/cb/cb08a3f0cd525796e95bd828fe02d0b75683ebe3d01a94f858e08ff49f0df1fe-a: no space left on device"
level=warning msg="[linters_context/goanalysis] Failed to persist facts to cache: failed to save data to low-level cache by key fact_deprecated/facts for package target: open /home/agent/.cache/golangci-lint/ad/add5e9e517afcad9de653ea6b43196613d1897e6992c2bdf9b372ac156bb3eff-a: no space left on device"
level=warning msg="[linters_context/goanalysis] Failed to persist facts to cache: failed to save data to low-level cache by key ctrlflow/facts for package target: open /home/agent/.cache/golangci-lint/91/915a43541fbda8f891228ba5f4413a12e139d66b9760c0198faed18281fb8dbc-a: no space left on device"
level=warning msg="[linters_context/goanalysis] Failed to persist facts to cache: failed to save data to low-level cache by key printf/facts for package target: open /home/agent/.cache/golangci-lint/32/32e1c904afe614a2e972d6b24d541088e8b3fba1146a960b1dcd964c02a67a30-a: no space left on device"
level=warning msg="[linters_context/goanalysis] Failed to persist facts to cache: failed to save data to low-level cache by key inline/facts for package target: open /home/agent/.cache/golangci-lint/f5/f5f188837b7b0fe0ca4fc4d42281790b49cb581dee25fd265e83c381efbc724f-a: no space left on device"
level=warning msg="[linters_context/goanalysis] Failed to persist facts to cache: failed to save data to low-level cache by key exhaustive/facts for package target: open /home/agent/.cache/golangci-lint/d2/d208aa31a75f96c2385484497e202709a87f5e79986f0c57a859654878d7aea3-d: no space left on device"
level=warning msg="[linters_context/goanalysis] Failed to persist facts to cache: failed to save data to low-level cache by key SA5012/facts for package target: open /home/agent/.cache/golangci-lint/65/657aeab048ba4024752cd0cfe433eb7d16b6881ec30ca03632120f7b1c70898f-a: no space left on device"
level=warning msg="[linters_context/goanalysis] Failed to persist facts to cache: failed to save data to low-level cache by key fact_purity/facts for package target: open /home/agent/.cache/golangci-lint/4a/4a193af7b8e357d4f2c5c7a96e43917d019cd28a98f2e27c1f0072a3ce5d846c-a: no space left on device"
level=warning msg="[linters_context/goanalysis] Failed to persist facts to cache: failed to save data to low-level cache by key nilness/facts for package target: open /home/agent/.cache/golangci-lint/f1/f163ae03f65543aee0fd888be3173f0ebb1752bf2ce102b62b0ce4fb47dde737-a: no space left on device"
level=warning msg="[linters_context/goanalysis] Failed to persist facts to cache: failed to save data to low-level cache by key fact_deprecated/facts for package artifact: open /home/agent/.cache/golangci-lint/d4/d4c75b8b2e42b503247a747fb086c6b8ca16d8af6f30b768c7c67bc4c7ab9ed2-a: no space left on device"
level=warning msg="[linters_context/goanalysis] Failed to persist facts to cache: failed to save data to low-level cache by key ctrlflow/facts for package artifact: open /home/agent/.cache/golangci-lint/68/68d03ad07e5c69c79954e24eba29ed388090c8eb2f0e47d581d2f92fec0d619f-a: no space left on device"
level=warning msg="[linters_context/goanalysis] Failed to persist facts to cache: failed to save data to low-level cache by key inline/facts for package artifact: open /home/agent/.cache/golangci-lint/a8/a864b51810188cd3626ad9c427a79b2d2fc25d8bf1c576245b2331065bcb30ef-a: no space left on device"
level=warning msg="[linters_context/goanalysis] Failed to persist facts to cache: failed to save data to low-level cache by key printf/facts for package artifact: open /home/agent/.cache/golangci-lint/be/be026c3da0e10e0cb8d4c33345f7b0b2ffb4af83d37a4c2d4e72be650e86f34f-a: no space left on device"
level=warning msg="[linters_context/goanalysis] Failed to persist facts to cache: failed to save data to low-level cache by key exhaustive/facts for package artifact: open /home/agent/.cache/golangci-lint/fa/fa88cd37303c707e08997670642480a73876ee9f1ab374c2c2a7e7ec8d4a2e83-d: no space left on device"
level=warning msg="[linters_context/goanalysis] Failed to persist facts to cache: failed to save data to low-level cache by key SA5012/facts for package artifact: open /home/agent/.cache/golangci-lint/3b/3b4e86d4dfcbfa960d564e5054dfb64ff4248bca03967fcdda382660e028ce5b-a: no space left on device"
level=warning msg="[linters_context/goanalysis] Failed to persist facts to cache: failed to save data to low-level cache by key fact_purity/facts for package artifact: open /home/agent/.cache/golangci-lint/6b/6b5f9a90509facabdca3b0fdae2b2531c2c857a8fc158a06204d6979b698d9bd-a: no space left on device"
level=warning msg="[linters_context/goanalysis] Failed to persist facts to cache: failed to save data to low-level cache by key fact_deprecated/facts for package deterministicio: open /home/agent/.cache/golangci-lint/12/126faa507830b078fa5cfb6ad5ea2a01717121d25f2893ea8ba232fdad8c0654-a: no space left on device"
level=warning msg="[linters_context/goanalysis] Failed to persist facts to cache: failed to save data to low-level cache by key exhaustive/facts for package deterministicio: open /home/agent/.cache/golangci-lint/a7/a74678e4655dda54e4229a7b7564beac07e66e5cf7154ab5c1e14dc56734c21f-a: no space left on device"
level=warning msg="[linters_context/goanalysis] Failed to persist facts to cache: failed to save data to low-level cache by key ctrlflow/facts for package deterministicio: open /home/agent/.cache/golangci-lint/21/217a22faf7847a42500068d73defb772f1935927541a277caef7ffbce7f2ca2d-a: no space left on device"
level=warning msg="[linters_context/goanalysis] Failed to persist facts to cache: failed to save data to low-level cache by key nilness/facts for package artifact: open /home/agent/.cache/golangci-lint/04/04f3cb2920dec925762caa9ff0bbed2de7ac9ad8261f432dbd67c07c35663434-a: no space left on device"
level=warning msg="[linters_context/goanalysis] Failed to persist facts to cache: failed to save data to low-level cache by key printf/facts for package deterministicio: open /home/agent/.cache/golangci-lint/cb/cbed8d857b43117c50418b7cc6a652d044dd9540d7e25b949f00e0d7e60f8dd9-a: no space left on device"
level=warning msg="[linters_context/goanalysis] Failed to persist facts to cache: failed to save data to low-level cache by key inline/facts for package deterministicio: open /home/agent/.cache/golangci-lint/e3/e36816f762f5a1aa9e0ce59e01034c228dd8a8cbacc598441fc66c281264e5fb-a: no space left on device"
level=warning msg="[linters_context/goanalysis] Failed to persist facts to cache: failed to save data to low-level cache by key SA5012/facts for package deterministicio: open /home/agent/.cache/golangci-lint/ad/ade464f4c36f5c13d54f78f15e680dcf44ae4bbea6591eef3838a876e40e2e6b-a: no space left on device"
level=warning msg="[linters_context/goanalysis] Failed to persist facts to cache: failed to save data to low-level cache by key fact_purity/facts for package deterministicio: open /home/agent/.cache/golangci-lint/71/71f920949012829b475cf9fa2dbed15a48d00a624fde54a64aab0528947df471-a: no space left on device"
level=warning msg="[linters_context/goanalysis] Failed to persist facts to cache: failed to save data to low-level cache by key nilness/facts for package deterministicio: open /home/agent/.cache/golangci-lint/4e/4e345f2b8dedfc5f99826b391d58e408d08615b06ab9890a93916f525e8b93eb-a: no space left on device"
level=warning msg="[linters_context/goanalysis] Failed to persist facts to cache: failed to save data to low-level cache by key fact_deprecated/facts for package preparation: open /home/agent/.cache/golangci-lint/d7/d771ad377ec2dcdd357c81b47510cb98c9d5d6bf0c157a5f2ad18039a54a35fb-a: no space left on device"
level=warning msg="[linters_context/goanalysis] Failed to persist facts to cache: failed to save data to low-level cache by key ctrlflow/facts for package preparation: open /home/agent/.cache/golangci-lint/22/22e22959b2817752e8827fa7620d398d6bc2060826836b800f2b3ad2e881b427-a: no space left on device"
level=warning msg="[linters_context/goanalysis] Failed to persist facts to cache: failed to save data to low-level cache by key inline/facts for package preparation: open /home/agent/.cache/golangci-lint/b8/b861e34414ca978bbdc6d6b8764a37689ba2c3274bb2a4ce9b1c990fcfa4f966-a: no space left on device"
level=warning msg="[linters_context/goanalysis] Failed to persist facts to cache: failed to save data to low-level cache by key printf/facts for package preparation: open /home/agent/.cache/golangci-lint/28/2871787b123e0f73f7105af5b214d17db57b435833556443089ba06ea7dd60e5-a: no space left on device"
level=warning msg="[linters_context/goanalysis] Failed to persist facts to cache: failed to save data to low-level cache by key exhaustive/facts for package preparation: open /home/agent/.cache/golangci-lint/62/6275bd3c3b4c5ced7332d88709cc3ac2b17a9087eceeffe88f4b72a092884a9d-d: no space left on device"
level=warning msg="[linters_context/goanalysis] Failed to persist facts to cache: failed to save data to low-level cache by key SA5012/facts for package preparation: open /home/agent/.cache/golangci-lint/5a/5aa6599680787e5609dddb76fc35a693c1b619454869261aa42519b90b4499fe-a: no space left on device"
level=warning msg="[linters_context/goanalysis] Failed to persist facts to cache: failed to save data to low-level cache by key fact_purity/facts for package preparation: open /home/agent/.cache/golangci-lint/b9/b9a3a2e2999eeacf8c0cc62ca0e2260e61e22433e9cf238ed90e7c2ff61f2c4b-a: no space left on device"
level=warning msg="[linters_context/goanalysis] Failed to persist facts to cache: failed to save data to low-level cache by key nilness/facts for package preparation: open /home/agent/.cache/golangci-lint/3d/3d26024544b90749436f02e6693fbaacf19b31098897b664ea0e10e85bbb6a9e-a: no space left on device"
level=warning msg="[linters_context/goanalysis] Failed to persist facts to cache: failed to save data to low-level cache by key fact_deprecated/facts for package corpus: open /home/agent/.cache/golangci-lint/2f/2f3ea4dee73e4b818e71f1b327ee26e7892021304332c2e6bb2817a54e088f8f-a: no space left on device"
level=warning msg="[linters_context/goanalysis] Failed to persist facts to cache: failed to save data to low-level cache by key ctrlflow/facts for package corpus: open /home/agent/.cache/golangci-lint/90/90a4ad3eaa2c1da1e879344560eb8aaa8f4aa05a737711c67dedd11ac94b33dd-a: no space left on device"
level=warning msg="[linters_context/goanalysis] Failed to persist facts to cache: failed to save data to low-level cache by key exhaustive/facts for package corpus: open /home/agent/.cache/golangci-lint/66/66503e32a9d23a7beb3798b79aa070fdd903e2f77d6899b3c47dbc084bd24f4a-a: no space left on device"
level=warning msg="[linters_context/goanalysis] Failed to persist facts to cache: failed to save data to low-level cache by key inline/facts for package corpus: open /home/agent/.cache/golangci-lint/78/7868e13f0c554a89bc55e0f531a5eb37c7aae79bdd1bdd457ec2b6a595e70191-a: no space left on device"
level=warning msg="[linters_context/goanalysis] Failed to persist facts to cache: failed to save data to low-level cache by key printf/facts for package corpus: open /home/agent/.cache/golangci-lint/2d/2d4372709eff7361a60308f7fc827dbe6905331e5d0d5eba0d605d24ac98064e-a: no space left on device"
level=warning msg="[linters_context/goanalysis] Failed to persist facts to cache: failed to save data to low-level cache by key SA5012/facts for package corpus: open /home/agent/.cache/golangci-lint/54/541097875e256814ca0bc13e68bd7c62e9b4fe76754d13d5db2ac69192ba6cbd-a: no space left on device"
level=warning msg="[linters_context/goanalysis] Failed to persist facts to cache: failed to save data to low-level cache by key fact_purity/facts for package corpus: open /home/agent/.cache/golangci-lint/ca/ca85fe4fc8007370c73d2a8892d816f9dcd52ec53de313eaf69e1700289ce59e-a: no space left on device"
level=warning msg="[linters_context/goanalysis] Failed to persist facts to cache: failed to save data to low-level cache by key nilness/facts for package corpus: open /home/agent/.cache/golangci-lint/9f/9fd8c3d3923dce5e2f1add81eb0e88c21bccf583f9683169a82685cfd54ceb77-a: no space left on device"
level=warning msg="[linters_context/goanalysis] Failed to persist facts to cache: failed to save data to low-level cache by key fact_deprecated/facts for package execution: open /home/agent/.cache/golangci-lint/70/7029a59d9ca6f8b8d1b9abf7e4a388774483616823ffdcb0945ee210700c6748-a: no space left on device"
level=warning msg="[linters_context/goanalysis] Failed to persist facts to cache: failed to save data to low-level cache by key ctrlflow/facts for package execution: open /home/agent/.cache/golangci-lint/40/40c01b244286536cf3364480457509fe57c2153ad208e0395537c4eb7d61beee-a: no space left on device"
level=warning msg="[linters_context/goanalysis] Failed to persist facts to cache: failed to save data to low-level cache by key exhaustive/facts for package execution: open /home/agent/.cache/golangci-lint/70/70409e5dd2532996a2e5c56e806e51975daa4d70807948c16cb446e2d73e6f6c-d: no space left on device"
level=warning msg="[linters_context/goanalysis] Failed to persist facts to cache: failed to save data to low-level cache by key printf/facts for package execution: open /home/agent/.cache/golangci-lint/8b/8bc3462576e8af360d155c62ffd3ea7703567337db6cc5934b77d3f75c4d7eb0-a: no space left on device"
level=warning msg="[linters_context/goanalysis] Failed to persist facts to cache: failed to save data to low-level cache by key inline/facts for package execution: open /home/agent/.cache/golangci-lint/a8/a83e5eb50d4fd708a8d409d53129a8f337bff1f688331a0d287bf58a9c43c08c-a: no space left on device"
level=warning msg="[linters_context/goanalysis] Failed to persist facts to cache: failed to save data to low-level cache by key fact_deprecated/facts for package campaign: open /home/agent/.cache/golangci-lint/b2/b2eb851027abb3625059729280afeec500aee5230309abcd767582296d297c6e-a: no space left on device"
level=warning msg="[linters_context/goanalysis] Failed to persist facts to cache: failed to save data to low-level cache by key ctrlflow/facts for package campaign: open /home/agent/.cache/golangci-lint/ed/ed1bfe71be3ec7678447121b3b78de6d0d863c9d4da11b5a9fccf8ca4cbaaf6a-a: no space left on device"
level=warning msg="[linters_context/goanalysis] Failed to persist facts to cache: failed to save data to low-level cache by key exhaustive/facts for package campaign: open /home/agent/.cache/golangci-lint/fa/fa515a77b687fc221ae0d6a4c4e9063ab83a3fa0381b9c87631935458227dc57-d: no space left on device"
level=warning msg="[linters_context/goanalysis] Failed to persist facts to cache: failed to save data to low-level cache by key inline/facts for package campaign: open /home/agent/.cache/golangci-lint/7d/7d1c1fc31b587c4e667907841b0c7b29b82d8b5b4635475afca1422764b2cfc6-a: no space left on device"
level=warning msg="[linters_context/goanalysis] Failed to persist facts to cache: failed to save data to low-level cache by key printf/facts for package campaign: open /home/agent/.cache/golangci-lint/76/767385bdd564e74c7abbc43cc39017c995814a06f036f21496ae9325f5c0d10b-a: no space left on device"
level=warning msg="[linters_context/goanalysis] Failed to persist facts to cache: failed to save data to low-level cache by key SA5012/facts for package execution: open /home/agent/.cache/golangci-lint/6b/6b879b6bc3db08653ea40453f790beae7030a4b6d88ffb96de341dbed9712f8c-a: no space left on device"
level=warning msg="[linters_context/goanalysis] Failed to persist facts to cache: failed to save data to low-level cache by key fact_purity/facts for package execution: open /home/agent/.cache/golangci-lint/4c/4c575dd4f7bd4ae13275ac52eaadfc251d555d5fdf3beffbfef88ce8f0da5bc6-a: no space left on device"
level=warning msg="[linters_context/goanalysis] Failed to persist facts to cache: failed to save data to low-level cache by key SA5012/facts for package campaign: open /home/agent/.cache/golangci-lint/d7/d72f5ea2705a67aa2bef3641bfbc9974e8d62bc8c99d986bb7fc853a52292e52-a: no space left on device"
level=warning msg="[linters_context/goanalysis] Failed to persist facts to cache: failed to save data to low-level cache by key fact_purity/facts for package campaign: open /home/agent/.cache/golangci-lint/a3/a3626118231a1f8d56bc1eab01d025eb12cdbdc5c58431416d50f6c2df93252b-a: no space left on device"
level=warning msg="[linters_context/goanalysis] Failed to persist facts to cache: failed to save data to low-level cache by key nilness/facts for package execution: open /home/agent/.cache/golangci-lint/7a/7ad0b9c4c95ceeac1ace17c217b87e5a0f113a7a108bc6c3d9c2753e4d719c39-a: no space left on device"
level=warning msg="[linters_context/goanalysis] Failed to persist facts to cache: failed to save data to low-level cache by key nilness/facts for package campaign: open /home/agent/.cache/golangci-lint/3c/3c51b63dfe0a6c30f1ff2a65f37d3a3fd4c24d9b5262f2555ef7fd4375acf99b-a: no space left on device"
level=warning msg="[linters_context/goanalysis] Failed to persist facts to cache: failed to save data to low-level cache by key fact_deprecated/facts for package runner: open /home/agent/.cache/golangci-lint/50/50fe4dcb42015e4c7d2d272e63ec37353a0bff84a3597288a2b7a4692ebf7ccd-a: no space left on device"
level=warning msg="[linters_context/goanalysis] Failed to persist facts to cache: failed to save data to low-level cache by key ctrlflow/facts for package runner: open /home/agent/.cache/golangci-lint/13/13af277a531727a80aeb05727a8ccf7d23e72aa199da81bef60e1295168ce8a1-d: no space left on device"
level=warning msg="[linters_context/goanalysis] Failed to persist facts to cache: failed to save data to low-level cache by key inline/facts for package runner: open /home/agent/.cache/golangci-lint/ec/ecd83e7c7472cc535313500d27482831e0286abe0ea1445b866aae5490e39589-a: no space left on device"
level=warning msg="[linters_context/goanalysis] Failed to persist facts to cache: failed to save data to low-level cache by key exhaustive/facts for package runner: open /home/agent/.cache/golangci-lint/db/dbbdc0ecf54db08f697305d0a56e1944aba24fb84b64c583b6f565311be4c8a8-d: no space left on device"
level=warning msg="[linters_context/goanalysis] Failed to persist facts to cache: failed to save data to low-level cache by key printf/facts for package runner: open /home/agent/.cache/golangci-lint/eb/eb3172a4a4be6e6b33c16301f0e09a9621f0e341b4ea48b63f8754e13305a9df-a: no space left on device"
level=warning msg="[linters_context/goanalysis] Failed to persist facts to cache: failed to save data to low-level cache by key SA5012/facts for package runner: open /home/agent/.cache/golangci-lint/56/5685dcf4c479e9ad3d3655c1bc9014523b88f272d2d936fb06ae9c5aade99b14-a: no space left on device"
level=warning msg="[linters_context/goanalysis] Failed to persist facts to cache: failed to save data to low-level cache by key fact_purity/facts for package runner: open /home/agent/.cache/golangci-lint/e2/e2532aff966adebbc2f16d89d764000cf3705f142ea84e299023c584d110577c-d: no space left on device"
level=warning msg="[linters_context/goanalysis] Failed to persist facts to cache: failed to save data to low-level cache by key nilness/facts for package runner: open /home/agent/.cache/golangci-lint/37/37c270c2df4419781eb032b5360f6c23cbef20444f0e73d188b7bda7664b3f5d-d: no space left on device"
level=info msg="[linters_context] Failed to save package go.temporal.io/server/tools/gomad3/runner [go.temporal.io/server/tools/gomad3/runner.test] issues (249) to cache: failed to save data to low-level cache by key lint/result:QF1001,QF1002,QF1003,QF1004,QF1005,QF1006,QF1007,QF1008,QF1009,QF1010,QF1011,QF1012,S1000,S1001,S1002,S1003,S1004,S1005,S1006,S1007,S1008,S1009,S1010,S1011,S1012,S1016,S1017,S1018,S1019,S1020,S1021,S1023,S1024,S1025,S1028,S1029,S1030,S1031,S1032,S1033,S1034,S1035,S1036,S1037,S1038,S1039,S1040,SA1000,SA1001,SA1002,SA1003,SA1004,SA1005,SA1006,SA1007,SA1008,SA1010,SA1011,SA1012,SA1013,SA1014,SA1015,SA1016,SA1017,SA1018,SA1019,SA1020,SA1021,SA1023,SA1024,SA1025,SA1026,SA1027,SA1028,SA1029,SA1030,SA1031,SA1032,SA2000,SA2001,SA2002,SA2003,SA3000,SA3001,SA4000,SA4001,SA4003,SA4004,SA4005,SA4006,SA4008,SA4009,SA4010,SA4011,SA4012,SA4013,SA4014,SA4015,SA4016,SA4017,SA4018,SA4019,SA4020,SA4021,SA4022,SA4023,SA4024,SA4025,SA4026,SA4027,SA4028,SA4029,SA4030,SA4031,SA4032,SA5000,SA5001,SA5002,SA5003,SA5004,SA5005,SA5007,SA5008,SA5009,SA5010,SA5012,SA6000,SA6001,SA6002,SA6003,SA6005,SA6006,SA9001,SA9002,SA9003,SA9004,SA9005,SA9006,SA9007,SA9008,SA9009,SA9010,ST1001,ST1003,ST1005,ST1006,ST1008,ST1011,ST1012,ST1013,ST1015,ST1016,ST1017,ST1018,ST1019,ST1020,ST1021,ST1022,ST1023,appends,asmdecl,assign,atomic,bools,buildtag,cgocall,composites,copylocks,defers,depguard,directive,errcheck,errorsas,exhaustive,forbidigo,framepointer,gci,godox,goimports,hostport,httpresponse,ifaceassert,importas,inline,iotamixing,lostcancel,nilfunc,printf,revive,shift,sigchanyzer,slog,stdmethods,stdversion,stringintconv,structtag,testifylint,testinggoroutine,tests,timeformat,typecheck,unmarshal,unreachable,unsafeptr,unusedresult,waitgroup for package runner: open /home/agent/.cache/golangci-lint/eb/ebfa630bfe76e8c507d28499b9a8a56869281456d6827476cd5163ddf7049015-d: no space left on device"
level=info msg="[linters_context/goanalysis] analyzers took 7.767963502s with top 10 stages: revive: 1.219823042s, buildir: 1.203559427s, exhaustive: 723.521298ms, nilness: 584.750129ms, printf: 533.833963ms, goimports: 363.92625ms, ctrlflow: 341.498541ms, inline: 324.371342ms, fact_purity: 295.018372ms, fact_deprecated: 284.707662ms"
level=info msg="[runner/exclusion_paths] Skipped 0 issues by pattern \"^api\""
level=info msg="[runner/exclusion_paths] Skipped 0 issues by pattern \"^proto\""
level=info msg="[runner/exclusion_paths] Skipped 0 issues by pattern \"^.git\""
level=info msg="[runner/exclusion_rules] Skipped 34 issues by rules: [Text: \"time.Now\", Path Except: \"chasm/lib/.*\\\\.go$\", Linters: \"forbidigo\"]"
level=info msg="[runner/exclusion_rules] Skipped 0 issues by rules: [Text: \"ActiveInCluster\", Path: \"common/namespace/(namespace|replication_resolver)(_test)?\\\\.go$\", Linters: \"forbidigo\"]"
level=info msg="[runner/exclusion_rules] Skipped 0 issues by rules: [Text: \"Eventually\", Path: \"tests/(nexus_standalone|nexus_workflow|schedule|schedule_migration)_test\\\\.go$\", Linters: \"forbidigo\"]"
level=info msg="[runner/exclusion_rules] Skipped 0 issues by rules: [Text: \"use of `softassert\\\\.\\\\w+`\", Linters: \"forbidigo\"]"
level=info msg="[runner/exclusion_rules] Skipped 168 issues by rules: [Path: \"^tools\\\\/.+\\\\.go\", Linters: \"revive\"]"
level=info msg="[runner/exclusion_rules] Skipped 0 issues by rules: [Text: \"Unix|UnixMilli|UnixNano\", Path Except: \"common/persistence/cassandra/.*\\\\.go$\", Linters: \"forbidigo\"]"
level=info msg="[runner/exclusion_rules] Skipped 0 issues by rules: [Text: \"Unix|UnixMilli|UnixNano\", Path: \"_test\\\\.go$\", Linters: \"forbidigo\"]"
level=info msg="[runner/exclusion_rules] Skipped 2 issues by rules: [Text: \"panic\", Path: \"_test\\\\.go|tests/.+\\\\.go|common/testing/\", Linters: \"forbidigo\"]"
level=info msg="[runner/exclusion_rules] Skipped 0 issues by rules: [Text: \"FunctionalTestBase\", Path: \"tests/testcore/.*\\\\.go$\", Linters: \"forbidigo\"]"
level=info msg="[runner/exclusion_rules] Skipped 0 issues by rules: [Text: \"context.Background\", Path Except: \"tests/.+_test\\\\.go\", Linters: \"forbidigo\"]"
level=info msg="[runner/exclusion_rules] Skipped 37 issues by rules: [Text: \"(cyclomatic|cognitive)\", Path: \"_test\\\\.go|tests/.+\\\\.go|common/testing/\", Linters: \"revive\"]"
level=info msg="[runner/exclusion_rules] Skipped 0 issues by rules: [Text: \"time.Sleep\", Path Except: \"_test\\\\.go|tests/.+\\\\.go\", Linters: \"forbidigo\"]"
level=info msg="[runner/exclusion_rules] Skipped 0 issues by rules: [Text: \"time.Now\", Path: \"chasm/lib/.*_test\\\\.go$\", Linters: \"forbidigo\"]"
level=info msg="[runner/exclusion_rules] Skipped 2 issues by rules: [Text: \"(dot-imports|unchecked-type-assertion)\", Path: \"_test\\\\.go|tests/.+\\\\.go|common/testing/\", Linters: \"revive\"]"
level=info msg="[runner/exclusion_rules] Skipped 0 issues by rules: [Text: \"^use of `panic` forbidden because \\\"Please avoid using panic in application code\\\"$\", Source: \"^\\\\t\\\\tpanic\\\\(\\\"gomad3: completed (an inactive campaign attempt|a campaign attempt without a classification)\\\"\\\\)$\", Path: \"^tools/gomad3/runner/internal/campaign/controller\\\\.go$\", Linters: \"forbidigo\"]"
level=info msg="[runner/exclusion_rules] Skipped 0 issues by rules: [Text: \"panic\", Path: \"chasm/lib/activity/model/.*\\\\.go$\", Linters: \"forbidigo\"]"
level=info msg="[runner/exclusion_rules] Skipped 0 issues by rules: [Text: \"assert\\\\.CollectT\", Path: \"tests/(nexus_standalone|nexus_workflow)_test\\\\.go$\", Linters: \"forbidigo\"]"
level=info msg="[runner/exclusion_rules] Skipped 0 issues by rules: [Text: \"SA1019: go.temporal.io/server/service/history/hsm/(callbacks|nexusoperations) is deprecated\", Linters: \"staticcheck\"]"
level=info msg="[runner] Issues before processing: 249, after processing: 6"
level=info msg="[runner] Processors filtering stat (in/out): path_prettifier: 6/6, path_absoluter: 249/249, invalid_issue: 249/249, max_same_issues: 6/6, exclusion_paths: 249/249, exclusion_rules: 249/6, fixer: 6/6, max_from_linter: 6/6, severity-rules: 6/6, generated_file_filter: 249/249, nolint_filter: 6/6, max_per_file_from_linter: 6/6, source_code: 6/6, path_shortener: 6/6, sort_results: 6/6, cgo: 249/249, filename_unadjuster: 249/249, path_relativity: 249/249, diff: 6/6, uniq_by_line: 6/6"
level=info msg="[runner] processing took 7.742835ms with stages: generated_file_filter: 3.529292ms, nolint_filter: 2.355042ms, exclusion_rules: 1.144791ms, source_code: 385.833µs, path_relativity: 210µs, exclusion_paths: 96.292µs, cgo: 6.541µs, invalid_issue: 6.292µs, uniq_by_line: 1.958µs, filename_unadjuster: 1.458µs, sort_results: 1.167µs, path_shortener: 1.001µs, path_absoluter: 792ns, max_same_issues: 750ns, diff: 376ns, max_per_file_from_linter: 375ns, fixer: 333ns, path_prettifier: 292ns, severity-rules: 125ns, max_from_linter: 125ns"
level=info msg="[runner] linters took 2.143150459s with stages: goanalysis_metalinter: 2.135329918s"
tools/gomad3/runner/campaign.go:11:4: use of `panic` forbidden because "Please avoid using panic in application code" (forbidigo)
			panic("gomad3: duplicate execution completion")
			^
tools/gomad3/runner/campaign.go:25:3: use of `panic` forbidden because "Please avoid using panic in application code" (forbidigo)
		panic("gomad3: execution completion order has an unresolved gap")
		^
tools/gomad3/runner/completion.go:39:10: ST1005: error strings should not be capitalized (staticcheck)
			err = fmt.Errorf("World record seed or schema does not match seed %d", seed)
			      ^
tools/gomad3/runner/inspect.go:647:3: use of `panic` forbidden because "Please avoid using panic in application code" (forbidigo)
		panic(fmt.Sprintf("unknown validated choice kind %d", kind))
		^
tools/gomad3/runner/replay_operation.go:483:15: ST1005: error strings should not be capitalized (staticcheck)
		return nil, fmt.Errorf("World seed does not match target seed")
		            ^
tools/gomad3/runner/runner.go:401:33: ST1005: error strings should not be capitalized (staticcheck)
			return SeedSelection{}, nil, fmt.Errorf("Runner build identity is required for campaign resume")
			                             ^
6 issues:
* forbidigo: 3
* staticcheck: 3
level=info msg="File cache stats: 5 entries of total size 121.8KiB"
level=info msg="Memory: 26 samples, avg is 295.0MB, max is 390.3MB"
level=info msg="Execution took 2.417929001s"
