{"Time":"2026-10-08T19:12:55.552399158Z","Action":"start","Package":"go.temporal.io/server/tools/gomad3/cmd/gomadtool"}
{"Time":"2026-10-08T19:12:55.552723449Z","Action":"start","Package":"go.temporal.io/server/tools/gomad3/upgrade"}
{"Time":"2026-10-08T19:12:55.552946033Z","Action":"start","Package":"go.temporal.io/server/tools/gomad3/toolchain/version"}
{"Time":"2026-10-08T19:12:55.553171824Z","Action":"start","Package":"go.temporal.io/server/tools/gomad3/internal/compatibilitypack"}
{"Time":"2026-10-08T19:12:55.553367074Z","Action":"start","Package":"go.temporal.io/server/tools/gomad3/internal/compatibilitypack/authoring"}
{"Time":"2026-10-08T19:12:55.562588366Z","Action":"run","Package":"go.temporal.io/server/tools/gomad3/toolchain/version","Test":"TestGenerateAcceptsPinnedPseudoVersion"}
{"Time":"2026-10-08T19:12:55.562709158Z","Action":"output","Package":"go.temporal.io/server/tools/gomad3/toolchain/version","Test":"TestGenerateAcceptsPinnedPseudoVersion","Output":"=== RUN   TestGenerateAcceptsPinnedPseudoVersion\n","OutputType":"frame"}
{"Time":"2026-10-08T19:12:55.563487533Z","Action":"run","Package":"go.temporal.io/server/tools/gomad3/internal/compatibilitypack","Test":"TestSelectionProjectsExactActivationAndAllowanceEvidence"}
{"Time":"2026-10-08T19:12:55.563570116Z","Action":"output","Package":"go.temporal.io/server/tools/gomad3/internal/compatibilitypack","Test":"TestSelectionProjectsExactActivationAndAllowanceEvidence","Output":"=== RUN   TestSelectionProjectsExactActivationAndAllowanceEvidence\n","OutputType":"frame"}
{"Time":"2026-10-08T19:12:55.563635158Z","Action":"run","Package":"go.temporal.io/server/tools/gomad3/internal/compatibilitypack","Test":"TestSelectionProjectsExactActivationAndAllowanceEvidence/modernc-libc-xsys-v047"}
{"Time":"2026-10-08T19:12:55.563665033Z","Action":"output","Package":"go.temporal.io/server/tools/gomad3/internal/compatibilitypack","Test":"TestSelectionProjectsExactActivationAndAllowanceEvidence/modernc-libc-xsys-v047","Output":"=== RUN   TestSelectionProjectsExactActivationAndAllowanceEvidence/modernc-libc-xsys-v047\n","OutputType":"frame"}
{"Time":"2026-10-08T19:12:55.564542658Z","Action":"run","Package":"go.temporal.io/server/tools/gomad3/upgrade","Test":"TestRunRenderingFailurePreservesGateEvidence"}
{"Time":"2026-10-08T19:12:55.564769033Z","Action":"output","Package":"go.temporal.io/server/tools/gomad3/upgrade","Test":"TestRunRenderingFailurePreservesGateEvidence","Output":"=== RUN   TestRunRenderingFailurePreservesGateEvidence\n","OutputType":"frame"}
{"Time":"2026-10-08T19:12:55.564889324Z","Action":"run","Package":"go.temporal.io/server/tools/gomad3/upgrade","Test":"TestRunRenderingFailurePreservesGateEvidence/qualified"}
{"Time":"2026-10-08T19:12:55.564918158Z","Action":"output","Package":"go.temporal.io/server/tools/gomad3/upgrade","Test":"TestRunRenderingFailurePreservesGateEvidence/qualified","Output":"=== RUN   TestRunRenderingFailurePreservesGateEvidence/qualified\n","OutputType":"frame"}
{"Time":"2026-10-08T19:12:55.565200241Z","Action":"output","Package":"go.temporal.io/server/tools/gomad3/internal/compatibilitypack","Test":"TestSelectionProjectsExactActivationAndAllowanceEvidence/modernc-libc-xsys-v047","Output":"--- PASS: TestSelectionProjectsExactActivationAndAllowanceEvidence/modernc-libc-xsys-v047 (0.00s)\n","OutputType":"frame"}
{"Time":"2026-10-08T19:12:55.565231491Z","Action":"pass","Package":"go.temporal.io/server/tools/gomad3/internal/compatibilitypack","Test":"TestSelectionProjectsExactActivationAndAllowanceEvidence/modernc-libc-xsys-v047","Elapsed":0}
{"Time":"2026-10-08T19:12:55.565252033Z","Action":"run","Package":"go.temporal.io/server/tools/gomad3/internal/compatibilitypack","Test":"TestSelectionProjectsExactActivationAndAllowanceEvidence/modernc-libc-xsys-v041"}
{"Time":"2026-10-08T19:12:55.565264033Z","Action":"output","Package":"go.temporal.io/server/tools/gomad3/internal/compatibilitypack","Test":"TestSelectionProjectsExactActivationAndAllowanceEvidence/modernc-libc-xsys-v041","Output":"=== RUN   TestSelectionProjectsExactActivationAndAllowanceEvidence/modernc-libc-xsys-v041\n","OutputType":"frame"}
{"Time":"2026-10-08T19:12:55.566842658Z","Action":"run","Package":"go.temporal.io/server/tools/gomad3/internal/compatibilitypack/authoring","Test":"TestDiscoverProjectsCompleteCurrentEvidenceAndClearsApproval"}
{"Time":"2026-10-08T19:12:55.566896241Z","Action":"output","Package":"go.temporal.io/server/tools/gomad3/internal/compatibilitypack/authoring","Test":"TestDiscoverProjectsCompleteCurrentEvidenceAndClearsApproval","Output":"=== RUN   TestDiscoverProjectsCompleteCurrentEvidenceAndClearsApproval\n","OutputType":"frame"}
{"Time":"2026-10-08T19:12:55.568119949Z","Action":"output","Package":"go.temporal.io/server/tools/gomad3/internal/compatibilitypack/authoring","Test":"TestDiscoverProjectsCompleteCurrentEvidenceAndClearsApproval","Output":"--- PASS: TestDiscoverProjectsCompleteCurrentEvidenceAndClearsApproval (0.00s)\n","OutputType":"frame"}
{"Time":"2026-10-08T19:12:55.568183199Z","Action":"pass","Package":"go.temporal.io/server/tools/gomad3/internal/compatibilitypack/authoring","Test":"TestDiscoverProjectsCompleteCurrentEvidenceAndClearsApproval","Elapsed":0}
{"Time":"2026-10-08T19:12:55.568244158Z","Action":"run","Package":"go.temporal.io/server/tools/gomad3/internal/compatibilitypack/authoring","Test":"TestDiscoverAddsNewlyObservedFactsAsDenied"}
{"Time":"2026-10-08T19:12:55.568285658Z","Action":"output","Package":"go.temporal.io/server/tools/gomad3/internal/compatibilitypack/authoring","Test":"TestDiscoverAddsNewlyObservedFactsAsDenied","Output":"=== RUN   TestDiscoverAddsNewlyObservedFactsAsDenied\n","OutputType":"frame"}
{"Time":"2026-10-08T19:12:55.570835074Z","Action":"output","Package":"go.temporal.io/server/tools/gomad3/internal/compatibilitypack/authoring","Test":"TestDiscoverAddsNewlyObservedFactsAsDenied","Output":"--- PASS: TestDiscoverAddsNewlyObservedFactsAsDenied (0.00s)\n","OutputType":"frame"}
{"Time":"2026-10-08T19:12:55.571644824Z","Action":"pass","Package":"go.temporal.io/server/tools/gomad3/internal/compatibilitypack/authoring","Test":"TestDiscoverAddsNewlyObservedFactsAsDenied","Elapsed":0}
{"Time":"2026-10-08T19:12:55.571672991Z","Action":"run","Package":"go.temporal.io/server/tools/gomad3/internal/compatibilitypack/authoring","Test":"TestGenerateStandaloneConsumerPackage"}
{"Time":"2026-10-08T19:12:55.571701991Z","Action":"output","Package":"go.temporal.io/server/tools/gomad3/internal/compatibilitypack/authoring","Test":"TestGenerateStandaloneConsumerPackage","Output":"=== RUN   TestGenerateStandaloneConsumerPackage\n","OutputType":"frame"}
{"Time":"2026-10-08T19:12:55.572779616Z","Action":"run","Package":"go.temporal.io/server/tools/gomad3/cmd/gomadtool","Test":"TestRunAdapterRegenerateDiagnosticFailuresPreserveStatus"}
{"Time":"2026-10-08T19:12:55.574841324Z","Action":"output","Package":"go.temporal.io/server/tools/gomad3/cmd/gomadtool","Test":"TestRunAdapterRegenerateDiagnosticFailuresPreserveStatus","Output":"=== RUN   TestRunAdapterRegenerateDiagnosticFailuresPreserveStatus\n","OutputType":"frame"}
{"Time":"2026-10-08T19:12:55.575026991Z","Action":"run","Package":"go.temporal.io/server/tools/gomad3/cmd/gomadtool","Test":"TestRunAdapterRegenerateDiagnosticFailuresPreserveStatus/flag"}
{"Time":"2026-10-08T19:12:55.575044908Z","Action":"output","Package":"go.temporal.io/server/tools/gomad3/cmd/gomadtool","Test":"TestRunAdapterRegenerateDiagnosticFailuresPreserveStatus/flag","Output":"=== RUN   TestRunAdapterRegenerateDiagnosticFailuresPreserveStatus/flag\n","OutputType":"frame"}
{"Time":"2026-10-08T19:12:55.577295199Z","Action":"output","Package":"go.temporal.io/server/tools/gomad3/internal/compatibilitypack","Test":"TestSelectionProjectsExactActivationAndAllowanceEvidence/modernc-libc-xsys-v041","Output":"--- PASS: TestSelectionProjectsExactActivationAndAllowanceEvidence/modernc-libc-xsys-v041 (0.01s)\n","OutputType":"frame"}
{"Time":"2026-10-08T19:12:55.582171158Z","Action":"pass","Package":"go.temporal.io/server/tools/gomad3/internal/compatibilitypack","Test":"TestSelectionProjectsExactActivationAndAllowanceEvidence/modernc-libc-xsys-v041","Elapsed":0.01}
{"Time":"2026-10-08T19:12:55.582234699Z","Action":"output","Package":"go.temporal.io/server/tools/gomad3/internal/compatibilitypack","Test":"TestSelectionProjectsExactActivationAndAllowanceEvidence","Output":"--- PASS: TestSelectionProjectsExactActivationAndAllowanceEvidence (0.01s)\n","OutputType":"frame"}
{"Time":"2026-10-08T19:12:55.582907574Z","Action":"pass","Package":"go.temporal.io/server/tools/gomad3/internal/compatibilitypack","Test":"TestSelectionProjectsExactActivationAndAllowanceEvidence","Elapsed":0.01}
{"Time":"2026-10-08T19:12:55.582943574Z","Action":"run","Package":"go.temporal.io/server/tools/gomad3/internal/compatibilitypack","Test":"TestSelectionEvaluatesClosedRemediationCategories"}
{"Time":"2026-10-08T19:12:55.582967783Z","Action":"output","Package":"go.temporal.io/server/tools/gomad3/internal/compatibilitypack","Test":"TestSelectionEvaluatesClosedRemediationCategories","Output":"=== RUN   TestSelectionEvaluatesClosedRemediationCategories\n","OutputType":"frame"}
{"Time":"2026-10-08T19:12:55.583013408Z","Action":"run","Package":"go.temporal.io/server/tools/gomad3/internal/compatibilitypack","Test":"TestSelectionEvaluatesClosedRemediationCategories/model"}
{"Time":"2026-10-08T19:12:55.583117658Z","Action":"output","Package":"go.temporal.io/server/tools/gomad3/internal/compatibilitypack","Test":"TestSelectionEvaluatesClosedRemediationCategories/model","Output":"=== RUN   TestSelectionEvaluatesClosedRemediationCategories/model\n","OutputType":"frame"}
{"Time":"2026-10-08T19:12:55.583149033Z","Action":"output","Package":"go.temporal.io/server/tools/gomad3/internal/compatibilitypack","Test":"TestSelectionEvaluatesClosedRemediationCategories/model","Output":"--- PASS: TestSelectionEvaluatesClosedRemediationCategories/model (0.00s)\n","OutputType":"frame"}
{"Time":"2026-10-08T19:12:55.583184199Z","Action":"pass","Package":"go.temporal.io/server/tools/gomad3/internal/compatibilitypack","Test":"TestSelectionEvaluatesClosedRemediationCategories/model","Elapsed":0}
{"Time":"2026-10-08T19:12:55.583216241Z","Action":"run","Package":"go.temporal.io/server/tools/gomad3/internal/compatibilitypack","Test":"TestSelectionEvaluatesClosedRemediationCategories/adapter"}
{"Time":"2026-10-08T19:12:55.583271449Z","Action":"output","Package":"go.temporal.io/server/tools/gomad3/internal/compatibilitypack","Test":"TestSelectionEvaluatesClosedRemediationCategories/adapter","Output":"=== RUN   TestSelectionEvaluatesClosedRemediationCategories/adapter\n","OutputType":"frame"}
{"Time":"2026-10-08T19:12:55.583295491Z","Action":"output","Package":"go.temporal.io/server/tools/gomad3/internal/compatibilitypack","Test":"TestSelectionEvaluatesClosedRemediationCategories/adapter","Output":"--- PASS: TestSelectionEvaluatesClosedRemediationCategories/adapter (0.00s)\n","OutputType":"frame"}
{"Time":"2026-10-08T19:12:55.583320033Z","Action":"pass","Package":"go.temporal.io/server/tools/gomad3/internal/compatibilitypack","Test":"TestSelectionEvaluatesClosedRemediationCategories/adapter","Elapsed":0}
{"Time":"2026-10-08T19:12:55.583364866Z","Action":"run","Package":"go.temporal.io/server/tools/gomad3/internal/compatibilitypack","Test":"TestSelectionEvaluatesClosedRemediationCategories/exact_pack"}
{"Time":"2026-10-08T19:12:55.583376991Z","Action":"output","Package":"go.temporal.io/server/tools/gomad3/internal/compatibilitypack","Test":"TestSelectionEvaluatesClosedRemediationCategories/exact_pack","Output":"=== RUN   TestSelectionEvaluatesClosedRemediationCategories/exact_pack\n","OutputType":"frame"}
{"Time":"2026-10-08T19:12:55.583407616Z","Action":"output","Package":"go.temporal.io/server/tools/gomad3/internal/compatibilitypack","Test":"TestSelectionEvaluatesClosedRemediationCategories/exact_pack","Output":"--- PASS: TestSelectionEvaluatesClosedRemediationCategories/exact_pack (0.00s)\n","OutputType":"frame"}
{"Time":"2026-10-08T19:12:55.583496324Z","Action":"pass","Package":"go.temporal.io/server/tools/gomad3/internal/compatibilitypack","Test":"TestSelectionEvaluatesClosedRemediationCategories/exact_pack","Elapsed":0}
{"Time":"2026-10-08T19:12:55.585313658Z","Action":"run","Package":"go.temporal.io/server/tools/gomad3/internal/compatibilitypack","Test":"TestSelectionEvaluatesClosedRemediationCategories/remove"}
{"Time":"2026-10-08T19:12:55.585328658Z","Action":"output","Package":"go.temporal.io/server/tools/gomad3/internal/compatibilitypack","Test":"TestSelectionEvaluatesClosedRemediationCategories/remove","Output":"=== RUN   TestSelectionEvaluatesClosedRemediationCategories/remove\n","OutputType":"frame"}
{"Time":"2026-10-08T19:12:55.585360033Z","Action":"output","Package":"go.temporal.io/server/tools/gomad3/internal/compatibilitypack","Test":"TestSelectionEvaluatesClosedRemediationCategories/remove","Output":"--- PASS: TestSelectionEvaluatesClosedRemediationCategories/remove (0.00s)\n","OutputType":"frame"}
{"Time":"2026-10-08T19:12:55.585371158Z","Action":"pass","Package":"go.temporal.io/server/tools/gomad3/internal/compatibilitypack","Test":"TestSelectionEvaluatesClosedRemediationCategories/remove","Elapsed":0}
{"Time":"2026-10-08T19:12:55.585380574Z","Action":"run","Package":"go.temporal.io/server/tools/gomad3/internal/compatibilitypack","Test":"TestSelectionEvaluatesClosedRemediationCategories/unsupported"}
{"Time":"2026-10-08T19:12:55.585389949Z","Action":"output","Package":"go.temporal.io/server/tools/gomad3/internal/compatibilitypack","Test":"TestSelectionEvaluatesClosedRemediationCategories/unsupported","Output":"=== RUN   TestSelectionEvaluatesClosedRemediationCategories/unsupported\n","OutputType":"frame"}
{"Time":"2026-10-08T19:12:55.585399908Z","Action":"output","Package":"go.temporal.io/server/tools/gomad3/internal/compatibilitypack","Test":"TestSelectionEvaluatesClosedRemediationCategories/unsupported","Output":"--- PASS: TestSelectionEvaluatesClosedRemediationCategories/unsupported (0.00s)\n","OutputType":"frame"}
{"Time":"2026-10-08T19:12:55.585409949Z","Action":"pass","Package":"go.temporal.io/server/tools/gomad3/internal/compatibilitypack","Test":"TestSelectionEvaluatesClosedRemediationCategories/unsupported","Elapsed":0}
{"Time":"2026-10-08T19:12:55.585424783Z","Action":"output","Package":"go.temporal.io/server/tools/gomad3/internal/compatibilitypack","Test":"TestSelectionEvaluatesClosedRemediationCategories","Output":"--- PASS: TestSelectionEvaluatesClosedRemediationCategories (0.00s)\n","OutputType":"frame"}
{"Time":"2026-10-08T19:12:55.585457199Z","Action":"pass","Package":"go.temporal.io/server/tools/gomad3/internal/compatibilitypack","Test":"TestSelectionEvaluatesClosedRemediationCategories","Elapsed":0}
{"Time":"2026-10-08T19:12:55.585481574Z","Action":"run","Package":"go.temporal.io/server/tools/gomad3/internal/compatibilitypack","Test":"TestExternalPacksLoadNextToEmbeddedPacks"}
{"Time":"2026-10-08T19:12:55.585511658Z","Action":"output","Package":"go.temporal.io/server/tools/gomad3/internal/compatibilitypack","Test":"TestExternalPacksLoadNextToEmbeddedPacks","Output":"=== RUN   TestExternalPacksLoadNextToEmbeddedPacks\n","OutputType":"frame"}
{"Time":"2026-10-08T19:12:55.585555699Z","Action":"output","Package":"go.temporal.io/server/tools/gomad3/cmd/gomadtool","Test":"TestRunAdapterRegenerateDiagnosticFailuresPreserveStatus/flag","Output":"--- PASS: TestRunAdapterRegenerateDiagnosticFailuresPreserveStatus/flag (0.01s)\n","OutputType":"frame"}
{"Time":"2026-10-08T19:12:55.585578699Z","Action":"pass","Package":"go.temporal.io/server/tools/gomad3/cmd/gomadtool","Test":"TestRunAdapterRegenerateDiagnosticFailuresPreserveStatus/flag","Elapsed":0.01}
{"Time":"2026-10-08T19:12:55.585594491Z","Action":"run","Package":"go.temporal.io/server/tools/gomad3/cmd/gomadtool","Test":"TestRunAdapterRegenerateDiagnosticFailuresPreserveStatus/help"}
{"Time":"2026-10-08T19:12:55.585613116Z","Action":"output","Package":"go.temporal.io/server/tools/gomad3/cmd/gomadtool","Test":"TestRunAdapterRegenerateDiagnosticFailuresPreserveStatus/help","Output":"=== RUN   TestRunAdapterRegenerateDiagnosticFailuresPreserveStatus/help\n","OutputType":"frame"}
{"Time":"2026-10-08T19:12:55.603947324Z","Action":"output","Package":"go.temporal.io/server/tools/gomad3/cmd/gomadtool","Test":"TestRunAdapterRegenerateDiagnosticFailuresPreserveStatus/help","Output":"--- PASS: TestRunAdapterRegenerateDiagnosticFailuresPreserveStatus/help (0.02s)\n","OutputType":"frame"}
{"Time":"2026-10-08T19:12:55.604696783Z","Action":"pass","Package":"go.temporal.io/server/tools/gomad3/cmd/gomadtool","Test":"TestRunAdapterRegenerateDiagnosticFailuresPreserveStatus/help","Elapsed":0.02}
{"Time":"2026-10-08T19:12:55.604885533Z","Action":"run","Package":"go.temporal.io/server/tools/gomad3/cmd/gomadtool","Test":"TestRunAdapterRegenerateDiagnosticFailuresPreserveStatus/positional"}
{"Time":"2026-10-08T19:12:55.607392991Z","Action":"output","Package":"go.temporal.io/server/tools/gomad3/cmd/gomadtool","Test":"TestRunAdapterRegenerateDiagnosticFailuresPreserveStatus/positional","Output":"=== RUN   TestRunAdapterRegenerateDiagnosticFailuresPreserveStatus/positional\n","OutputType":"frame"}
{"Time":"2026-10-08T19:12:55.609919741Z","Action":"output","Package":"go.temporal.io/server/tools/gomad3/cmd/gomadtool","Test":"TestRunAdapterRegenerateDiagnosticFailuresPreserveStatus/positional","Output":"--- PASS: TestRunAdapterRegenerateDiagnosticFailuresPreserveStatus/positional (0.00s)\n","OutputType":"frame"}
{"Time":"2026-10-08T19:12:55.610519908Z","Action":"pass","Package":"go.temporal.io/server/tools/gomad3/cmd/gomadtool","Test":"TestRunAdapterRegenerateDiagnosticFailuresPreserveStatus/positional","Elapsed":0}
{"Time":"2026-10-08T19:12:55.610816366Z","Action":"run","Package":"go.temporal.io/server/tools/gomad3/cmd/gomadtool","Test":"TestRunAdapterRegenerateDiagnosticFailuresPreserveStatus/approval_aliases"}
{"Time":"2026-10-08T19:12:55.610866116Z","Action":"output","Package":"go.temporal.io/server/tools/gomad3/cmd/gomadtool","Test":"TestRunAdapterRegenerateDiagnosticFailuresPreserveStatus/approval_aliases","Output":"=== RUN   TestRunAdapterRegenerateDiagnosticFailuresPreserveStatus/approval_aliases\n","OutputType":"frame"}
{"Time":"2026-10-08T19:12:55.610959158Z","Action":"output","Package":"go.temporal.io/server/tools/gomad3/cmd/gomadtool","Test":"TestRunAdapterRegenerateDiagnosticFailuresPreserveStatus/approval_aliases","Output":"--- PASS: TestRunAdapterRegenerateDiagnosticFailuresPreserveStatus/approval_aliases (0.00s)\n","OutputType":"frame"}
{"Time":"2026-10-08T19:12:55.610993158Z","Action":"pass","Package":"go.temporal.io/server/tools/gomad3/cmd/gomadtool","Test":"TestRunAdapterRegenerateDiagnosticFailuresPreserveStatus/approval_aliases","Elapsed":0}
{"Time":"2026-10-08T19:12:55.611030074Z","Action":"run","Package":"go.temporal.io/server/tools/gomad3/cmd/gomadtool","Test":"TestRunAdapterRegenerateDiagnosticFailuresPreserveStatus/stage_approval"}
{"Time":"2026-10-08T19:12:55.611097658Z","Action":"output","Package":"go.temporal.io/server/tools/gomad3/cmd/gomadtool","Test":"TestRunAdapterRegenerateDiagnosticFailuresPreserveStatus/stage_approval","Output":"=== RUN   TestRunAdapterRegenerateDiagnosticFailuresPreserveStatus/stage_approval\n","OutputType":"frame"}
{"Time":"2026-10-08T19:12:55.611529491Z","Action":"output","Package":"go.temporal.io/server/tools/gomad3/internal/compatibilitypack","Test":"TestExternalPacksLoadNextToEmbeddedPacks","Output":"--- PASS: TestExternalPacksLoadNextToEmbeddedPacks (0.03s)\n","OutputType":"frame"}
{"Time":"2026-10-08T19:12:55.611606991Z","Action":"pass","Package":"go.temporal.io/server/tools/gomad3/internal/compatibilitypack","Test":"TestExternalPacksLoadNextToEmbeddedPacks","Elapsed":0.03}
{"Time":"2026-10-08T19:12:55.611643991Z","Action":"run","Package":"go.temporal.io/server/tools/gomad3/internal/compatibilitypack","Test":"TestExternalPacksFailClosed"}
{"Time":"2026-10-08T19:12:55.611682366Z","Action":"output","Package":"go.temporal.io/server/tools/gomad3/internal/compatibilitypack","Test":"TestExternalPacksFailClosed","Output":"=== RUN   TestExternalPacksFailClosed\n","OutputType":"frame"}
{"Time":"2026-10-08T19:12:55.611729533Z","Action":"run","Package":"go.temporal.io/server/tools/gomad3/internal/compatibilitypack","Test":"TestExternalPacksFailClosed/relative_directory"}
{"Time":"2026-10-08T19:12:55.611797824Z","Action":"output","Package":"go.temporal.io/server/tools/gomad3/internal/compatibilitypack","Test":"TestExternalPacksFailClosed/relative_directory","Output":"=== RUN   TestExternalPacksFailClosed/relative_directory\n","OutputType":"frame"}
{"Time":"2026-10-08T19:12:55.614686283Z","Action":"output","Package":"go.temporal.io/server/tools/gomad3/cmd/gomadtool","Test":"TestRunAdapterRegenerateDiagnosticFailuresPreserveStatus/stage_approval","Output":"--- PASS: TestRunAdapterRegenerateDiagnosticFailuresPreserveStatus/stage_approval (0.00s)\n","OutputType":"frame"}
{"Time":"2026-10-08T19:12:55.614823449Z","Action":"pass","Package":"go.temporal.io/server/tools/gomad3/cmd/gomadtool","Test":"TestRunAdapterRegenerateDiagnosticFailuresPreserveStatus/stage_approval","Elapsed":0}
{"Time":"2026-10-08T19:12:55.615439741Z","Action":"run","Package":"go.temporal.io/server/tools/gomad3/cmd/gomadtool","Test":"TestRunAdapterRegenerateDiagnosticFailuresPreserveStatus/recover"}
{"Time":"2026-10-08T19:12:55.615475699Z","Action":"output","Package":"go.temporal.io/server/tools/gomad3/cmd/gomadtool","Test":"TestRunAdapterRegenerateDiagnosticFailuresPreserveStatus/recover","Output":"=== RUN   TestRunAdapterRegenerateDiagnosticFailuresPreserveStatus/recover\n","OutputType":"frame"}
{"Time":"2026-10-08T19:12:55.617759158Z","Action":"output","Package":"go.temporal.io/server/tools/gomad3/cmd/gomadtool","Test":"TestRunAdapterRegenerateDiagnosticFailuresPreserveStatus/recover","Output":"--- PASS: TestRunAdapterRegenerateDiagnosticFailuresPreserveStatus/recover (0.00s)\n","OutputType":"frame"}
{"Time":"2026-10-08T19:12:55.617882199Z","Action":"pass","Package":"go.temporal.io/server/tools/gomad3/cmd/gomadtool","Test":"TestRunAdapterRegenerateDiagnosticFailuresPreserveStatus/recover","Elapsed":0}
{"Time":"2026-10-08T19:12:55.618017158Z","Action":"run","Package":"go.temporal.io/server/tools/gomad3/cmd/gomadtool","Test":"TestRunAdapterRegenerateDiagnosticFailuresPreserveStatus/missing_Go"}
{"Time":"2026-10-08T19:12:55.618167991Z","Action":"output","Package":"go.temporal.io/server/tools/gomad3/cmd/gomadtool","Test":"TestRunAdapterRegenerateDiagnosticFailuresPreserveStatus/missing_Go","Output":"=== RUN   TestRunAdapterRegenerateDiagnosticFailuresPreserveStatus/missing_Go\n","OutputType":"frame"}
{"Time":"2026-10-08T19:12:55.618220949Z","Action":"output","Package":"go.temporal.io/server/tools/gomad3/internal/compatibilitypack","Test":"TestExternalPacksFailClosed/relative_directory","Output":"--- PASS: TestExternalPacksFailClosed/relative_directory (0.01s)\n","OutputType":"frame"}
{"Time":"2026-10-08T19:12:55.618355449Z","Action":"pass","Package":"go.temporal.io/server/tools/gomad3/internal/compatibilitypack","Test":"TestExternalPacksFailClosed/relative_directory","Elapsed":0.01}
{"Time":"2026-10-08T19:12:55.618409324Z","Action":"run","Package":"go.temporal.io/server/tools/gomad3/internal/compatibilitypack","Test":"TestExternalPacksFailClosed/missing_directory"}
{"Time":"2026-10-08T19:12:55.618435866Z","Action":"output","Package":"go.temporal.io/server/tools/gomad3/internal/compatibilitypack","Test":"TestExternalPacksFailClosed/missing_directory","Output":"=== RUN   TestExternalPacksFailClosed/missing_directory\n","OutputType":"frame"}
{"Time":"2026-10-08T19:12:55.619258116Z","Action":"output","Package":"go.temporal.io/server/tools/gomad3/toolchain/version","Test":"TestGenerateAcceptsPinnedPseudoVersion","Output":"--- PASS: TestGenerateAcceptsPinnedPseudoVersion (0.06s)\n","OutputType":"frame"}
{"Time":"2026-10-08T19:12:55.619330949Z","Action":"pass","Package":"go.temporal.io/server/tools/gomad3/toolchain/version","Test":"TestGenerateAcceptsPinnedPseudoVersion","Elapsed":0.06}
{"Time":"2026-10-08T19:12:55.619419908Z","Action":"run","Package":"go.temporal.io/server/tools/gomad3/toolchain/version","Test":"TestLoadRejectsNonCanonicalAdapterVersions"}
{"Time":"2026-10-08T19:12:55.619442658Z","Action":"output","Package":"go.temporal.io/server/tools/gomad3/toolchain/version","Test":"TestLoadRejectsNonCanonicalAdapterVersions","Output":"=== RUN   TestLoadRejectsNonCanonicalAdapterVersions\n","OutputType":"frame"}
{"Time":"2026-10-08T19:12:55.619545866Z","Action":"run","Package":"go.temporal.io/server/tools/gomad3/toolchain/version","Test":"TestLoadRejectsNonCanonicalAdapterVersions/#00"}
{"Time":"2026-10-08T19:12:55.619600533Z","Action":"output","Package":"go.temporal.io/server/tools/gomad3/toolchain/version","Test":"TestLoadRejectsNonCanonicalAdapterVersions/#00","Output":"=== RUN   TestLoadRejectsNonCanonicalAdapterVersions/#00\n","OutputType":"frame"}
{"Time":"2026-10-08T19:12:55.621644199Z","Action":"output","Package":"go.temporal.io/server/tools/gomad3/cmd/gomadtool","Test":"TestRunAdapterRegenerateDiagnosticFailuresPreserveStatus/missing_Go","Output":"--- PASS: TestRunAdapterRegenerateDiagnosticFailuresPreserveStatus/missing_Go (0.00s)\n","OutputType":"frame"}
{"Time":"2026-10-08T19:12:55.621735033Z","Action":"pass","Package":"go.temporal.io/server/tools/gomad3/cmd/gomadtool","Test":"TestRunAdapterRegenerateDiagnosticFailuresPreserveStatus/missing_Go","Elapsed":0}
{"Time":"2026-10-08T19:12:55.622008616Z","Action":"run","Package":"go.temporal.io/server/tools/gomad3/cmd/gomadtool","Test":"TestRunAdapterRegenerateDiagnosticFailuresPreserveStatus/verify_usage"}
{"Time":"2026-10-08T19:12:55.622169699Z","Action":"output","Package":"go.temporal.io/server/tools/gomad3/cmd/gomadtool","Test":"TestRunAdapterRegenerateDiagnosticFailuresPreserveStatus/verify_usage","Output":"=== RUN   TestRunAdapterRegenerateDiagnosticFailuresPreserveStatus/verify_usage\n","OutputType":"frame"}
{"Time":"2026-10-08T19:12:55.625987033Z","Action":"output","Package":"go.temporal.io/server/tools/gomad3/internal/compatibilitypack","Test":"TestExternalPacksFailClosed/missing_directory","Output":"--- PASS: TestExternalPacksFailClosed/missing_directory (0.01s)\n","OutputType":"frame"}
{"Time":"2026-10-08T19:12:55.626304033Z","Action":"pass","Package":"go.temporal.io/server/tools/gomad3/internal/compatibilitypack","Test":"TestExternalPacksFailClosed/missing_directory","Elapsed":0.01}
{"Time":"2026-10-08T19:12:55.626376491Z","Action":"run","Package":"go.temporal.io/server/tools/gomad3/internal/compatibilitypack","Test":"TestExternalPacksFailClosed/collision_with_embedded_pack"}
{"Time":"2026-10-08T19:12:55.626408741Z","Action":"output","Package":"go.temporal.io/server/tools/gomad3/internal/compatibilitypack","Test":"TestExternalPacksFailClosed/collision_with_embedded_pack","Output":"=== RUN   TestExternalPacksFailClosed/collision_with_embedded_pack\n","OutputType":"frame"}
{"Time":"2026-10-08T19:12:55.629513158Z","Action":"output","Package":"go.temporal.io/server/tools/gomad3/cmd/gomadtool","Test":"TestRunAdapterRegenerateDiagnosticFailuresPreserveStatus/verify_usage","Output":"--- PASS: TestRunAdapterRegenerateDiagnosticFailuresPreserveStatus/verify_usage (0.01s)\n","OutputType":"frame"}
{"Time":"2026-10-08T19:12:55.629976741Z","Action":"pass","Package":"go.temporal.io/server/tools/gomad3/cmd/gomadtool","Test":"TestRunAdapterRegenerateDiagnosticFailuresPreserveStatus/verify_usage","Elapsed":0.01}
{"Time":"2026-10-08T19:12:55.630139241Z","Action":"run","Package":"go.temporal.io/server/tools/gomad3/cmd/gomadtool","Test":"TestRunAdapterRegenerateDiagnosticFailuresPreserveStatus/verify_failure"}
{"Time":"2026-10-08T19:12:55.632137741Z","Action":"output","Package":"go.temporal.io/server/tools/gomad3/cmd/gomadtool","Test":"TestRunAdapterRegenerateDiagnosticFailuresPreserveStatus/verify_failure","Output":"=== RUN   TestRunAdapterRegenerateDiagnosticFailuresPreserveStatus/verify_failure\n","OutputType":"frame"}
{"Time":"2026-10-08T19:12:55.632999116Z","Action":"output","Package":"go.temporal.io/server/tools/gomad3/cmd/gomadtool","Test":"TestRunAdapterRegenerateDiagnosticFailuresPreserveStatus/verify_failure","Output":"--- PASS: TestRunAdapterRegenerateDiagnosticFailuresPreserveStatus/verify_failure (0.00s)\n","OutputType":"frame"}
{"Time":"2026-10-08T19:12:55.633605533Z","Action":"pass","Package":"go.temporal.io/server/tools/gomad3/cmd/gomadtool","Test":"TestRunAdapterRegenerateDiagnosticFailuresPreserveStatus/verify_failure","Elapsed":0}
{"Time":"2026-10-08T19:12:55.633751616Z","Action":"run","Package":"go.temporal.io/server/tools/gomad3/cmd/gomadtool","Test":"TestRunAdapterRegenerateDiagnosticFailuresPreserveStatus/module_usage"}
{"Time":"2026-10-08T19:12:55.633832324Z","Action":"output","Package":"go.temporal.io/server/tools/gomad3/cmd/gomadtool","Test":"TestRunAdapterRegenerateDiagnosticFailuresPreserveStatus/module_usage","Output":"=== RUN   TestRunAdapterRegenerateDiagnosticFailuresPreserveStatus/module_usage\n","OutputType":"frame"}
{"Time":"2026-10-08T19:12:55.634189658Z","Action":"run","Package":"go.temporal.io/server/tools/gomad3/upgrade","Test":"TestRunRenderingFailurePreservesGateEvidence/qualified/write1"}
{"Time":"2026-10-08T19:12:55.634261699Z","Action":"output","Package":"go.temporal.io/server/tools/gomad3/upgrade","Test":"TestRunRenderingFailurePreservesGateEvidence/qualified/write1","Output":"=== RUN   TestRunRenderingFailurePreservesGateEvidence/qualified/write1\n","OutputType":"frame"}
{"Time":"2026-10-08T19:12:55.635394074Z","Action":"output","Package":"go.temporal.io/server/tools/gomad3/internal/compatibilitypack/authoring","Test":"TestGenerateStandaloneConsumerPackage","Output":"--- PASS: TestGenerateStandaloneConsumerPackage (0.07s)\n","OutputType":"frame"}
{"Time":"2026-10-08T19:12:55.635589699Z","Action":"pass","Package":"go.temporal.io/server/tools/gomad3/internal/compatibilitypack/authoring","Test":"TestGenerateStandaloneConsumerPackage","Elapsed":0.07}
{"Time":"2026-10-08T19:12:55.635608283Z","Action":"run","Package":"go.temporal.io/server/tools/gomad3/internal/compatibilitypack/authoring","Test":"TestGenerateRequiresExactApprovalAndCheckDetectsDrift"}
{"Time":"2026-10-08T19:12:55.635661158Z","Action":"output","Package":"go.temporal.io/server/tools/gomad3/internal/compatibilitypack/authoring","Test":"TestGenerateRequiresExactApprovalAndCheckDetectsDrift","Output":"=== RUN   TestGenerateRequiresExactApprovalAndCheckDetectsDrift\n","OutputType":"frame"}
{"Time":"2026-10-08T19:12:55.635692866Z","Action":"output","Package":"go.temporal.io/server/tools/gomad3/toolchain/version","Test":"TestLoadRejectsNonCanonicalAdapterVersions/#00","Output":"--- PASS: TestLoadRejectsNonCanonicalAdapterVersions/#00 (0.02s)\n","OutputType":"frame"}
{"Time":"2026-10-08T19:12:55.635742699Z","Action":"pass","Package":"go.temporal.io/server/tools/gomad3/toolchain/version","Test":"TestLoadRejectsNonCanonicalAdapterVersions/#00","Elapsed":0.02}
{"Time":"2026-10-08T19:12:55.635772658Z","Action":"run","Package":"go.temporal.io/server/tools/gomad3/toolchain/version","Test":"TestLoadRejectsNonCanonicalAdapterVersions/latest"}
{"Time":"2026-10-08T19:12:55.635884616Z","Action":"output","Package":"go.temporal.io/server/tools/gomad3/toolchain/version","Test":"TestLoadRejectsNonCanonicalAdapterVersions/latest","Output":"=== RUN   TestLoadRejectsNonCanonicalAdapterVersions/latest\n","OutputType":"frame"}
{"Time":"2026-10-08T19:12:55.636925991Z","Action":"output","Package":"go.temporal.io/server/tools/gomad3/internal/compatibilitypack","Test":"TestExternalPacksFailClosed/collision_with_embedded_pack","Output":"--- PASS: TestExternalPacksFailClosed/collision_with_embedded_pack (0.01s)\n","OutputType":"frame"}
{"Time":"2026-10-08T19:12:55.637156741Z","Action":"pass","Package":"go.temporal.io/server/tools/gomad3/internal/compatibilitypack","Test":"TestExternalPacksFailClosed/collision_with_embedded_pack","Elapsed":0.01}
{"Time":"2026-10-08T19:12:55.637461908Z","Action":"run","Package":"go.temporal.io/server/tools/gomad3/internal/compatibilitypack","Test":"TestExternalPacksFailClosed/file_name_does_not_match_ID"}
{"Time":"2026-10-08T19:12:55.637523616Z","Action":"output","Package":"go.temporal.io/server/tools/gomad3/internal/compatibilitypack","Test":"TestExternalPacksFailClosed/file_name_does_not_match_ID","Output":"=== RUN   TestExternalPacksFailClosed/file_name_does_not_match_ID\n","OutputType":"frame"}
{"Time":"2026-10-08T19:12:55.637600783Z","Action":"output","Package":"go.temporal.io/server/tools/gomad3/cmd/gomadtool","Test":"TestRunAdapterRegenerateDiagnosticFailuresPreserveStatus/module_usage","Output":"--- PASS: TestRunAdapterRegenerateDiagnosticFailuresPreserveStatus/module_usage (0.01s)\n","OutputType":"frame"}
{"Time":"2026-10-08T19:12:55.638842033Z","Action":"pass","Package":"go.temporal.io/server/tools/gomad3/cmd/gomadtool","Test":"TestRunAdapterRegenerateDiagnosticFailuresPreserveStatus/module_usage","Elapsed":0.01}
{"Time":"2026-10-08T19:12:55.638880866Z","Action":"run","Package":"go.temporal.io/server/tools/gomad3/cmd/gomadtool","Test":"TestRunAdapterRegenerateDiagnosticFailuresPreserveStatus/input_failure"}
{"Time":"2026-10-08T19:12:55.638909283Z","Action":"output","Package":"go.temporal.io/server/tools/gomad3/cmd/gomadtool","Test":"TestRunAdapterRegenerateDiagnosticFailuresPreserveStatus/input_failure","Output":"=== RUN   TestRunAdapterRegenerateDiagnosticFailuresPreserveStatus/input_failure\n","OutputType":"frame"}
{"Time":"2026-10-08T19:12:55.641705074Z","Action":"output","Package":"go.temporal.io/server/tools/gomad3/cmd/gomadtool","Test":"TestRunAdapterRegenerateDiagnosticFailuresPreserveStatus/input_failure","Output":"--- PASS: TestRunAdapterRegenerateDiagnosticFailuresPreserveStatus/input_failure (0.00s)\n","OutputType":"frame"}
{"Time":"2026-10-08T19:12:55.642354866Z","Action":"pass","Package":"go.temporal.io/server/tools/gomad3/cmd/gomadtool","Test":"TestRunAdapterRegenerateDiagnosticFailuresPreserveStatus/input_failure","Elapsed":0}
{"Time":"2026-10-08T19:12:55.642861741Z","Action":"run","Package":"go.temporal.io/server/tools/gomad3/cmd/gomadtool","Test":"TestRunAdapterRegenerateDiagnosticFailuresPreserveStatus/download_failure"}
{"Time":"2026-10-08T19:12:55.642906741Z","Action":"output","Package":"go.temporal.io/server/tools/gomad3/cmd/gomadtool","Test":"TestRunAdapterRegenerateDiagnosticFailuresPreserveStatus/download_failure","Output":"=== RUN   TestRunAdapterRegenerateDiagnosticFailuresPreserveStatus/download_failure\n","OutputType":"frame"}
{"Time":"2026-10-08T19:12:55.647624283Z","Action":"output","Package":"go.temporal.io/server/tools/gomad3/toolchain/version","Test":"TestLoadRejectsNonCanonicalAdapterVersions/latest","Output":"--- PASS: TestLoadRejectsNonCanonicalAdapterVersions/latest (0.01s)\n","OutputType":"frame"}
{"Time":"2026-10-08T19:12:55.647768949Z","Action":"pass","Package":"go.temporal.io/server/tools/gomad3/toolchain/version","Test":"TestLoadRejectsNonCanonicalAdapterVersions/latest","Elapsed":0.01}
{"Time":"2026-10-08T19:12:55.648518116Z","Action":"run","Package":"go.temporal.io/server/tools/gomad3/toolchain/version","Test":"TestLoadRejectsNonCanonicalAdapterVersions/main"}
{"Time":"2026-10-08T19:12:55.648604199Z","Action":"output","Package":"go.temporal.io/server/tools/gomad3/toolchain/version","Test":"TestLoadRejectsNonCanonicalAdapterVersions/main","Output":"=== RUN   TestLoadRejectsNonCanonicalAdapterVersions/main\n","OutputType":"frame"}
{"Time":"2026-10-08T19:12:55.652009908Z","Action":"output","Package":"go.temporal.io/server/tools/gomad3/internal/compatibilitypack","Test":"TestExternalPacksFailClosed/file_name_does_not_match_ID","Output":"--- PASS: TestExternalPacksFailClosed/file_name_does_not_match_ID (0.02s)\n","OutputType":"frame"}
{"Time":"2026-10-08T19:12:55.652151699Z","Action":"pass","Package":"go.temporal.io/server/tools/gomad3/internal/compatibilitypack","Test":"TestExternalPacksFailClosed/file_name_does_not_match_ID","Elapsed":0.02}
{"Time":"2026-10-08T19:12:55.652627574Z","Action":"run","Package":"go.temporal.io/server/tools/gomad3/internal/compatibilitypack","Test":"TestExternalPacksFailClosed/non-pack_entry"}
{"Time":"2026-10-08T19:12:55.652703991Z","Action":"output","Package":"go.temporal.io/server/tools/gomad3/internal/compatibilitypack","Test":"TestExternalPacksFailClosed/non-pack_entry","Output":"=== RUN   TestExternalPacksFailClosed/non-pack_entry\n","OutputType":"frame"}
{"Time":"2026-10-08T19:12:55.654757366Z","Action":"output","Package":"go.temporal.io/server/tools/gomad3/upgrade","Test":"TestRunRenderingFailurePreservesGateEvidence/qualified/write1","Output":"--- PASS: TestRunRenderingFailurePreservesGateEvidence/qualified/write1 (0.02s)\n","OutputType":"frame"}
{"Time":"2026-10-08T19:12:55.654866866Z","Action":"pass","Package":"go.temporal.io/server/tools/gomad3/upgrade","Test":"TestRunRenderingFailurePreservesGateEvidence/qualified/write1","Elapsed":0.02}
{"Time":"2026-10-08T19:12:55.654909783Z","Action":"run","Package":"go.temporal.io/server/tools/gomad3/upgrade","Test":"TestRunRenderingFailurePreservesGateEvidence/qualified/write2"}
{"Time":"2026-10-08T19:12:55.655033908Z","Action":"output","Package":"go.temporal.io/server/tools/gomad3/upgrade","Test":"TestRunRenderingFailurePreservesGateEvidence/qualified/write2","Output":"=== RUN   TestRunRenderingFailurePreservesGateEvidence/qualified/write2\n","OutputType":"frame"}
{"Time":"2026-10-08T19:12:55.661978991Z","Action":"output","Package":"go.temporal.io/server/tools/gomad3/internal/compatibilitypack","Test":"TestExternalPacksFailClosed/non-pack_entry","Output":"--- PASS: TestExternalPacksFailClosed/non-pack_entry (0.01s)\n","OutputType":"frame"}
{"Time":"2026-10-08T19:12:55.662102908Z","Action":"pass","Package":"go.temporal.io/server/tools/gomad3/internal/compatibilitypack","Test":"TestExternalPacksFailClosed/non-pack_entry","Elapsed":0.01}
{"Time":"2026-10-08T19:12:55.662278324Z","Action":"run","Package":"go.temporal.io/server/tools/gomad3/internal/compatibilitypack","Test":"TestExternalPacksFailClosed/admits_an_unadmittable_capability"}
{"Time":"2026-10-08T19:12:55.662442991Z","Action":"output","Package":"go.temporal.io/server/tools/gomad3/internal/compatibilitypack","Test":"TestExternalPacksFailClosed/admits_an_unadmittable_capability","Output":"=== RUN   TestExternalPacksFailClosed/admits_an_unadmittable_capability\n","OutputType":"frame"}
{"Time":"2026-10-08T19:12:55.663609574Z","Action":"output","Package":"go.temporal.io/server/tools/gomad3/toolchain/version","Test":"TestLoadRejectsNonCanonicalAdapterVersions/main","Output":"--- PASS: TestLoadRejectsNonCanonicalAdapterVersions/main (0.02s)\n","OutputType":"frame"}
{"Time":"2026-10-08T19:12:55.663798991Z","Action":"pass","Package":"go.temporal.io/server/tools/gomad3/toolchain/version","Test":"TestLoadRejectsNonCanonicalAdapterVersions/main","Elapsed":0.02}
{"Time":"2026-10-08T19:12:55.663825908Z","Action":"run","Package":"go.temporal.io/server/tools/gomad3/toolchain/version","Test":"TestLoadRejectsNonCanonicalAdapterVersions/v1"}
{"Time":"2026-10-08T19:12:55.663913949Z","Action":"output","Package":"go.temporal.io/server/tools/gomad3/toolchain/version","Test":"TestLoadRejectsNonCanonicalAdapterVersions/v1","Output":"=== RUN   TestLoadRejectsNonCanonicalAdapterVersions/v1\n","OutputType":"frame"}
{"Time":"2026-10-08T19:12:55.669480074Z","Action":"output","Package":"go.temporal.io/server/tools/gomad3/upgrade","Test":"TestRunRenderingFailurePreservesGateEvidence/qualified/write2","Output":"--- PASS: TestRunRenderingFailurePreservesGateEvidence/qualified/write2 (0.01s)\n","OutputType":"frame"}
{"Time":"2026-10-08T19:12:55.670613408Z","Action":"pass","Package":"go.temporal.io/server/tools/gomad3/upgrade","Test":"TestRunRenderingFailurePreservesGateEvidence/qualified/write2","Elapsed":0.01}
{"Time":"2026-10-08T19:12:55.670722908Z","Action":"output","Package":"go.temporal.io/server/tools/gomad3/internal/compatibilitypack","Test":"TestExternalPacksFailClosed/admits_an_unadmittable_capability","Output":"--- PASS: TestExternalPacksFailClosed/admits_an_unadmittable_capability (0.01s)\n","OutputType":"frame"}
{"Time":"2026-10-08T19:12:55.670747449Z","Action":"pass","Package":"go.temporal.io/server/tools/gomad3/internal/compatibilitypack","Test":"TestExternalPacksFailClosed/admits_an_unadmittable_capability","Elapsed":0.01}
{"Time":"2026-10-08T19:12:55.671294199Z","Action":"output","Package":"go.temporal.io/server/tools/gomad3/internal/compatibilitypack","Test":"TestExternalPacksFailClosed","Output":"--- PASS: TestExternalPacksFailClosed (0.06s)\n","OutputType":"frame"}
{"Time":"2026-10-08T19:12:55.671360074Z","Action":"pass","Package":"go.temporal.io/server/tools/gomad3/internal/compatibilitypack","Test":"TestExternalPacksFailClosed","Elapsed":0.06}
{"Time":"2026-10-08T19:12:55.671562241Z","Action":"run","Package":"go.temporal.io/server/tools/gomad3/internal/compatibilitypack","Test":"TestLoadPackDirectoryReadsOnlyThatDirectory"}
{"Time":"2026-10-08T19:12:55.671617241Z","Action":"output","Package":"go.temporal.io/server/tools/gomad3/internal/compatibilitypack","Test":"TestLoadPackDirectoryReadsOnlyThatDirectory","Output":"=== RUN   TestLoadPackDirectoryReadsOnlyThatDirectory\n","OutputType":"frame"}
{"Time":"2026-10-08T19:12:55.673015866Z","Action":"output","Package":"go.temporal.io/server/tools/gomad3/upgrade","Test":"TestRunRenderingFailurePreservesGateEvidence/qualified","Output":"--- PASS: TestRunRenderingFailurePreservesGateEvidence/qualified (0.11s)\n","OutputType":"frame"}
{"Time":"2026-10-08T19:12:55.673049491Z","Action":"pass","Package":"go.temporal.io/server/tools/gomad3/upgrade","Test":"TestRunRenderingFailurePreservesGateEvidence/qualified","Elapsed":0.11}
{"Time":"2026-10-08T19:12:55.673149741Z","Action":"run","Package":"go.temporal.io/server/tools/gomad3/upgrade","Test":"TestRunRenderingFailurePreservesGateEvidence/gate"}
{"Time":"2026-10-08T19:12:55.673184616Z","Action":"output","Package":"go.temporal.io/server/tools/gomad3/upgrade","Test":"TestRunRenderingFailurePreservesGateEvidence/gate","Output":"=== RUN   TestRunRenderingFailurePreservesGateEvidence/gate\n","OutputType":"frame"}
{"Time":"2026-10-08T19:12:55.674258574Z","Action":"output","Package":"go.temporal.io/server/tools/gomad3/toolchain/version","Test":"TestLoadRejectsNonCanonicalAdapterVersions/v1","Output":"--- PASS: TestLoadRejectsNonCanonicalAdapterVersions/v1 (0.01s)\n","OutputType":"frame"}
{"Time":"2026-10-08T19:12:55.674298033Z","Action":"pass","Package":"go.temporal.io/server/tools/gomad3/toolchain/version","Test":"TestLoadRejectsNonCanonicalAdapterVersions/v1","Elapsed":0.01}
{"Time":"2026-10-08T19:12:55.674326699Z","Action":"run","Package":"go.temporal.io/server/tools/gomad3/toolchain/version","Test":"TestLoadRejectsNonCanonicalAdapterVersions/v1.2"}
{"Time":"2026-10-08T19:12:55.674400574Z","Action":"output","Package":"go.temporal.io/server/tools/gomad3/toolchain/version","Test":"TestLoadRejectsNonCanonicalAdapterVersions/v1.2","Output":"=== RUN   TestLoadRejectsNonCanonicalAdapterVersions/v1.2\n","OutputType":"frame"}
{"Time":"2026-10-08T19:12:55.683488949Z","Action":"output","Package":"go.temporal.io/server/tools/gomad3/internal/compatibilitypack","Test":"TestLoadPackDirectoryReadsOnlyThatDirectory","Output":"--- PASS: TestLoadPackDirectoryReadsOnlyThatDirectory (0.01s)\n","OutputType":"frame"}
{"Time":"2026-10-08T19:12:55.684392116Z","Action":"pass","Package":"go.temporal.io/server/tools/gomad3/internal/compatibilitypack","Test":"TestLoadPackDirectoryReadsOnlyThatDirectory","Elapsed":0.01}
{"Time":"2026-10-08T19:12:55.684476283Z","Action":"run","Package":"go.temporal.io/server/tools/gomad3/internal/compatibilitypack","Test":"TestExternalPackAdmissionRejectsFiveHostImportsWithoutPartialResults"}
{"Time":"2026-10-08T19:12:55.684545199Z","Action":"output","Package":"go.temporal.io/server/tools/gomad3/internal/compatibilitypack","Test":"TestExternalPackAdmissionRejectsFiveHostImportsWithoutPartialResults","Output":"=== RUN   TestExternalPackAdmissionRejectsFiveHostImportsWithoutPartialResults\n","OutputType":"frame"}
{"Time":"2026-10-08T19:12:55.684561658Z","Action":"run","Package":"go.temporal.io/server/tools/gomad3/internal/compatibilitypack","Test":"TestExternalPackAdmissionRejectsFiveHostImportsWithoutPartialResults/import:os/exec"}
{"Time":"2026-10-08T19:12:55.684651283Z","Action":"output","Package":"go.temporal.io/server/tools/gomad3/internal/compatibilitypack","Test":"TestExternalPackAdmissionRejectsFiveHostImportsWithoutPartialResults/import:os/exec","Output":"=== RUN   TestExternalPackAdmissionRejectsFiveHostImportsWithoutPartialResults/import:os/exec\n","OutputType":"frame"}
{"Time":"2026-10-08T19:12:55.687094783Z","Action":"output","Package":"go.temporal.io/server/tools/gomad3/cmd/gomadtool","Test":"TestRunAdapterRegenerateDiagnosticFailuresPreserveStatus/download_failure","Output":"--- PASS: TestRunAdapterRegenerateDiagnosticFailuresPreserveStatus/download_failure (0.05s)\n","OutputType":"frame"}
{"Time":"2026-10-08T19:12:55.687485283Z","Action":"pass","Package":"go.temporal.io/server/tools/gomad3/cmd/gomadtool","Test":"TestRunAdapterRegenerateDiagnosticFailuresPreserveStatus/download_failure","Elapsed":0.05}
{"Time":"2026-10-08T19:12:55.687514116Z","Action":"run","Package":"go.temporal.io/server/tools/gomad3/cmd/gomadtool","Test":"TestRunAdapterRegenerateDiagnosticFailuresPreserveStatus/missing_working_directory"}
{"Time":"2026-10-08T19:12:55.687631699Z","Action":"output","Package":"go.temporal.io/server/tools/gomad3/cmd/gomadtool","Test":"TestRunAdapterRegenerateDiagnosticFailuresPreserveStatus/missing_working_directory","Output":"=== RUN   TestRunAdapterRegenerateDiagnosticFailuresPreserveStatus/missing_working_directory\n","OutputType":"frame"}
{"Time":"2026-10-08T19:12:55.688538491Z","Action":"output","Package":"go.temporal.io/server/tools/gomad3/internal/compatibilitypack/authoring","Test":"TestGenerateRequiresExactApprovalAndCheckDetectsDrift","Output":"--- PASS: TestGenerateRequiresExactApprovalAndCheckDetectsDrift (0.05s)\n","OutputType":"frame"}
{"Time":"2026-10-08T19:12:55.688771991Z","Action":"pass","Package":"go.temporal.io/server/tools/gomad3/internal/compatibilitypack/authoring","Test":"TestGenerateRequiresExactApprovalAndCheckDetectsDrift","Elapsed":0.05}
{"Time":"2026-10-08T19:12:55.688806449Z","Action":"run","Package":"go.temporal.io/server/tools/gomad3/internal/compatibilitypack/authoring","Test":"TestRegenerateUsesOnlyRecordedExactApprovals"}
{"Time":"2026-10-08T19:12:55.688871116Z","Action":"output","Package":"go.temporal.io/server/tools/gomad3/internal/compatibilitypack/authoring","Test":"TestRegenerateUsesOnlyRecordedExactApprovals","Output":"=== RUN   TestRegenerateUsesOnlyRecordedExactApprovals\n","OutputType":"frame"}
{"Time":"2026-10-08T19:12:55.688557574Z","Action":"output","Package":"go.temporal.io/server/tools/gomad3/toolchain/version","Test":"TestLoadRejectsNonCanonicalAdapterVersions/v1.2","Output":"--- PASS: TestLoadRejectsNonCanonicalAdapterVersions/v1.2 (0.01s)\n","OutputType":"frame"}
{"Time":"2026-10-08T19:12:55.688934033Z","Action":"pass","Package":"go.temporal.io/server/tools/gomad3/toolchain/version","Test":"TestLoadRejectsNonCanonicalAdapterVersions/v1.2","Elapsed":0.01}
{"Time":"2026-10-08T19:12:55.688985074Z","Action":"run","Package":"go.temporal.io/server/tools/gomad3/toolchain/version","Test":"TestLoadRejectsNonCanonicalAdapterVersions/v1.2.3invalid"}
{"Time":"2026-10-08T19:12:55.688999616Z","Action":"output","Package":"go.temporal.io/server/tools/gomad3/toolchain/version","Test":"TestLoadRejectsNonCanonicalAdapterVersions/v1.2.3invalid","Output":"=== RUN   TestLoadRejectsNonCanonicalAdapterVersions/v1.2.3invalid\n","OutputType":"frame"}
{"Time":"2026-10-08T19:12:56.095109616Z","Action":"output","Package":"go.temporal.io/server/tools/gomad3/cmd/gomadtool","Test":"TestRunAdapterRegenerateDiagnosticFailuresPreserveStatus/missing_working_directory","Output":"--- PASS: TestRunAdapterRegenerateDiagnosticFailuresPreserveStatus/missing_working_directory (0.41s)\n","OutputType":"frame"}
{"Time":"2026-10-08T19:12:56.095305449Z","Action":"pass","Package":"go.temporal.io/server/tools/gomad3/cmd/gomadtool","Test":"TestRunAdapterRegenerateDiagnosticFailuresPreserveStatus/missing_working_directory","Elapsed":0.41}
{"Time":"2026-10-08T19:12:56.095729158Z","Action":"output","Package":"go.temporal.io/server/tools/gomad3/cmd/gomadtool","Test":"TestRunAdapterRegenerateDiagnosticFailuresPreserveStatus","Output":"--- PASS: TestRunAdapterRegenerateDiagnosticFailuresPreserveStatus (0.52s)\n","OutputType":"frame"}
{"Time":"2026-10-08T19:12:56.096008824Z","Action":"pass","Package":"go.temporal.io/server/tools/gomad3/cmd/gomadtool","Test":"TestRunAdapterRegenerateDiagnosticFailuresPreserveStatus","Elapsed":0.52}
{"Time":"2026-10-08T19:12:56.096047949Z","Action":"run","Package":"go.temporal.io/server/tools/gomad3/cmd/gomadtool","Test":"TestRunAdapterRegenerateOutputFailuresPreserveStatus"}
{"Time":"2026-10-08T19:12:56.096154408Z","Action":"output","Package":"go.temporal.io/server/tools/gomad3/cmd/gomadtool","Test":"TestRunAdapterRegenerateOutputFailuresPreserveStatus","Output":"=== RUN   TestRunAdapterRegenerateOutputFailuresPreserveStatus\n","OutputType":"frame"}
{"Time":"2026-10-08T19:12:56.096310533Z","Action":"run","Package":"go.temporal.io/server/tools/gomad3/cmd/gomadtool","Test":"TestRunAdapterRegenerateOutputFailuresPreserveStatus/human"}
{"Time":"2026-10-08T19:12:56.096407991Z","Action":"output","Package":"go.temporal.io/server/tools/gomad3/cmd/gomadtool","Test":"TestRunAdapterRegenerateOutputFailuresPreserveStatus/human","Output":"=== RUN   TestRunAdapterRegenerateOutputFailuresPreserveStatus/human\n","OutputType":"frame"}
{"Time":"2026-10-08T19:12:56.099435949Z","Action":"output","Package":"go.temporal.io/server/tools/gomad3/toolchain/version","Test":"TestLoadRejectsNonCanonicalAdapterVersions/v1.2.3invalid","Output":"--- PASS: TestLoadRejectsNonCanonicalAdapterVersions/v1.2.3invalid (0.41s)\n","OutputType":"frame"}
{"Time":"2026-10-08T19:12:56.100416991Z","Action":"pass","Package":"go.temporal.io/server/tools/gomad3/toolchain/version","Test":"TestLoadRejectsNonCanonicalAdapterVersions/v1.2.3invalid","Elapsed":0.41}
{"Time":"2026-10-08T19:12:56.100523699Z","Action":"output","Package":"go.temporal.io/server/tools/gomad3/toolchain/version","Test":"TestLoadRejectsNonCanonicalAdapterVersions","Output":"--- PASS: TestLoadRejectsNonCanonicalAdapterVersions (0.48s)\n","OutputType":"frame"}
{"Time":"2026-10-08T19:12:56.100926574Z","Action":"pass","Package":"go.temporal.io/server/tools/gomad3/toolchain/version","Test":"TestLoadRejectsNonCanonicalAdapterVersions","Elapsed":0.48}
{"Time":"2026-10-08T19:12:56.100987449Z","Action":"run","Package":"go.temporal.io/server/tools/gomad3/toolchain/version","Test":"TestGenerateRendersDescriptorConsumers"}
{"Time":"2026-10-08T19:12:56.101019158Z","Action":"output","Package":"go.temporal.io/server/tools/gomad3/toolchain/version","Test":"TestGenerateRendersDescriptorConsumers","Output":"=== RUN   TestGenerateRendersDescriptorConsumers\n","OutputType":"frame"}
{"Time":"2026-10-08T19:12:56.108631824Z","Action":"output","Package":"go.temporal.io/server/tools/gomad3/internal/compatibilitypack","Test":"TestExternalPackAdmissionRejectsFiveHostImportsWithoutPartialResults/import:os/exec","Output":"--- PASS: TestExternalPackAdmissionRejectsFiveHostImportsWithoutPartialResults/import:os/exec (0.42s)\n","OutputType":"frame"}
{"Time":"2026-10-08T19:12:56.109217574Z","Action":"pass","Package":"go.temporal.io/server/tools/gomad3/internal/compatibilitypack","Test":"TestExternalPackAdmissionRejectsFiveHostImportsWithoutPartialResults/import:os/exec","Elapsed":0.42}
{"Time":"2026-10-08T19:12:56.110200074Z","Action":"run","Package":"go.temporal.io/server/tools/gomad3/internal/compatibilitypack","Test":"TestExternalPackAdmissionRejectsFiveHostImportsWithoutPartialResults/import:os/signal"}
{"Time":"2026-10-08T19:12:56.110727408Z","Action":"output","Package":"go.temporal.io/server/tools/gomad3/internal/compatibilitypack","Test":"TestExternalPackAdmissionRejectsFiveHostImportsWithoutPartialResults/import:os/signal","Output":"=== RUN   TestExternalPackAdmissionRejectsFiveHostImportsWithoutPartialResults/import:os/signal\n","OutputType":"frame"}
{"Time":"2026-10-08T19:12:56.125125491Z","Action":"output","Package":"go.temporal.io/server/tools/gomad3/internal/compatibilitypack","Test":"TestExternalPackAdmissionRejectsFiveHostImportsWithoutPartialResults/import:os/signal","Output":"--- PASS: TestExternalPackAdmissionRejectsFiveHostImportsWithoutPartialResults/import:os/signal (0.02s)\n","OutputType":"frame"}
{"Time":"2026-10-08T19:12:56.125264824Z","Action":"pass","Package":"go.temporal.io/server/tools/gomad3/internal/compatibilitypack","Test":"TestExternalPackAdmissionRejectsFiveHostImportsWithoutPartialResults/import:os/signal","Elapsed":0.02}
{"Time":"2026-10-08T19:12:56.125319074Z","Action":"run","Package":"go.temporal.io/server/tools/gomad3/internal/compatibilitypack","Test":"TestExternalPackAdmissionRejectsFiveHostImportsWithoutPartialResults/import:os/user"}
{"Time":"2026-10-08T19:12:56.125364074Z","Action":"output","Package":"go.temporal.io/server/tools/gomad3/internal/compatibilitypack","Test":"TestExternalPackAdmissionRejectsFiveHostImportsWithoutPartialResults/import:os/user","Output":"=== RUN   TestExternalPackAdmissionRejectsFiveHostImportsWithoutPartialResults/import:os/user\n","OutputType":"frame"}
{"Time":"2026-10-08T19:12:56.125718491Z","Action":"run","Package":"go.temporal.io/server/tools/gomad3/upgrade","Test":"TestRunRenderingFailurePreservesGateEvidence/gate/write1"}
{"Time":"2026-10-08T19:12:56.125836658Z","Action":"output","Package":"go.temporal.io/server/tools/gomad3/upgrade","Test":"TestRunRenderingFailurePreservesGateEvidence/gate/write1","Output":"=== RUN   TestRunRenderingFailurePreservesGateEvidence/gate/write1\n","OutputType":"frame"}
{"Time":"2026-10-08T19:12:56.136323783Z","Action":"output","Package":"go.temporal.io/server/tools/gomad3/upgrade","Test":"TestRunRenderingFailurePreservesGateEvidence/gate/write1","Output":"--- PASS: TestRunRenderingFailurePreservesGateEvidence/gate/write1 (0.01s)\n","OutputType":"frame"}
{"Time":"2026-10-08T19:12:56.137799158Z","Action":"pass","Package":"go.temporal.io/server/tools/gomad3/upgrade","Test":"TestRunRenderingFailurePreservesGateEvidence/gate/write1","Elapsed":0.01}
{"Time":"2026-10-08T19:12:56.137936866Z","Action":"run","Package":"go.temporal.io/server/tools/gomad3/upgrade","Test":"TestRunRenderingFailurePreservesGateEvidence/gate/write2"}
{"Time":"2026-10-08T19:12:56.137998283Z","Action":"output","Package":"go.temporal.io/server/tools/gomad3/upgrade","Test":"TestRunRenderingFailurePreservesGateEvidence/gate/write2","Output":"=== RUN   TestRunRenderingFailurePreservesGateEvidence/gate/write2\n","OutputType":"frame"}
{"Time":"2026-10-08T19:12:56.138103408Z","Action":"output","Package":"go.temporal.io/server/tools/gomad3/internal/compatibilitypack","Test":"TestExternalPackAdmissionRejectsFiveHostImportsWithoutPartialResults/import:os/user","Output":"--- PASS: TestExternalPackAdmissionRejectsFiveHostImportsWithoutPartialResults/import:os/user (0.01s)\n","OutputType":"frame"}
{"Time":"2026-10-08T19:12:56.138197408Z","Action":"pass","Package":"go.temporal.io/server/tools/gomad3/internal/compatibilitypack","Test":"TestExternalPackAdmissionRejectsFiveHostImportsWithoutPartialResults/import:os/user","Elapsed":0.01}
{"Time":"2026-10-08T19:12:56.138228533Z","Action":"run","Package":"go.temporal.io/server/tools/gomad3/internal/compatibilitypack","Test":"TestExternalPackAdmissionRejectsFiveHostImportsWithoutPartialResults/import:plugin"}
{"Time":"2026-10-08T19:12:56.138276866Z","Action":"output","Package":"go.temporal.io/server/tools/gomad3/internal/compatibilitypack","Test":"TestExternalPackAdmissionRejectsFiveHostImportsWithoutPartialResults/import:plugin","Output":"=== RUN   TestExternalPackAdmissionRejectsFiveHostImportsWithoutPartialResults/import:plugin\n","OutputType":"frame"}
{"Time":"2026-10-08T19:12:56.148404491Z","Action":"output","Package":"go.temporal.io/server/tools/gomad3/upgrade","Test":"TestRunRenderingFailurePreservesGateEvidence/gate/write2","Output":"--- PASS: TestRunRenderingFailurePreservesGateEvidence/gate/write2 (0.01s)\n","OutputType":"frame"}
{"Time":"2026-10-08T19:12:56.150340866Z","Action":"pass","Package":"go.temporal.io/server/tools/gomad3/upgrade","Test":"TestRunRenderingFailurePreservesGateEvidence/gate/write2","Elapsed":0.01}
{"Time":"2026-10-08T19:12:56.151078574Z","Action":"output","Package":"go.temporal.io/server/tools/gomad3/upgrade","Test":"TestRunRenderingFailurePreservesGateEvidence/gate","Output":"--- PASS: TestRunRenderingFailurePreservesGateEvidence/gate (0.48s)\n","OutputType":"frame"}
{"Time":"2026-10-08T19:12:56.151410991Z","Action":"pass","Package":"go.temporal.io/server/tools/gomad3/upgrade","Test":"TestRunRenderingFailurePreservesGateEvidence/gate","Elapsed":0.48}
{"Time":"2026-10-08T19:12:56.151493491Z","Action":"run","Package":"go.temporal.io/server/tools/gomad3/upgrade","Test":"TestRunRenderingFailurePreservesGateEvidence/host"}
{"Time":"2026-10-08T19:12:56.151543783Z","Action":"output","Package":"go.temporal.io/server/tools/gomad3/upgrade","Test":"TestRunRenderingFailurePreservesGateEvidence/host","Output":"=== RUN   TestRunRenderingFailurePreservesGateEvidence/host\n","OutputType":"frame"}
{"Time":"2026-10-08T19:12:56.154793324Z","Action":"output","Package":"go.temporal.io/server/tools/gomad3/internal/compatibilitypack","Test":"TestExternalPackAdmissionRejectsFiveHostImportsWithoutPartialResults/import:plugin","Output":"--- PASS: TestExternalPackAdmissionRejectsFiveHostImportsWithoutPartialResults/import:plugin (0.02s)\n","OutputType":"frame"}
{"Time":"2026-10-08T19:12:56.155607824Z","Action":"pass","Package":"go.temporal.io/server/tools/gomad3/internal/compatibilitypack","Test":"TestExternalPackAdmissionRejectsFiveHostImportsWithoutPartialResults/import:plugin","Elapsed":0.02}
{"Time":"2026-10-08T19:12:56.155731366Z","Action":"run","Package":"go.temporal.io/server/tools/gomad3/internal/compatibilitypack","Test":"TestExternalPackAdmissionRejectsFiveHostImportsWithoutPartialResults/import:runtime/cgo"}
{"Time":"2026-10-08T19:12:56.155873033Z","Action":"output","Package":"go.temporal.io/server/tools/gomad3/internal/compatibilitypack","Test":"TestExternalPackAdmissionRejectsFiveHostImportsWithoutPartialResults/import:runtime/cgo","Output":"=== RUN   TestExternalPackAdmissionRejectsFiveHostImportsWithoutPartialResults/import:runtime/cgo\n","OutputType":"frame"}
{"Time":"2026-10-08T19:12:56.170378324Z","Action":"output","Package":"go.temporal.io/server/tools/gomad3/internal/compatibilitypack/authoring","Test":"TestRegenerateUsesOnlyRecordedExactApprovals","Output":"--- PASS: TestRegenerateUsesOnlyRecordedExactApprovals (0.48s)\n","OutputType":"frame"}
{"Time":"2026-10-08T19:12:56.172031324Z","Action":"pass","Package":"go.temporal.io/server/tools/gomad3/internal/compatibilitypack/authoring","Test":"TestRegenerateUsesOnlyRecordedExactApprovals","Elapsed":0.48}
{"Time":"2026-10-08T19:12:56.172112616Z","Action":"run","Package":"go.temporal.io/server/tools/gomad3/internal/compatibilitypack/authoring","Test":"TestRegenerateRejectsStaleRecordedApprovalWithoutPublication"}
{"Time":"2026-10-08T19:12:56.172573283Z","Action":"output","Package":"go.temporal.io/server/tools/gomad3/internal/compatibilitypack/authoring","Test":"TestRegenerateRejectsStaleRecordedApprovalWithoutPublication","Output":"=== RUN   TestRegenerateRejectsStaleRecordedApprovalWithoutPublication\n","OutputType":"frame"}
{"Time":"2026-10-08T19:12:56.172802491Z","Action":"output","Package":"go.temporal.io/server/tools/gomad3/internal/compatibilitypack","Test":"TestExternalPackAdmissionRejectsFiveHostImportsWithoutPartialResults/import:runtime/cgo","Output":"--- PASS: TestExternalPackAdmissionRejectsFiveHostImportsWithoutPartialResults/import:runtime/cgo (0.02s)\n","OutputType":"frame"}
{"Time":"2026-10-08T19:12:56.172845324Z","Action":"pass","Package":"go.temporal.io/server/tools/gomad3/internal/compatibilitypack","Test":"TestExternalPackAdmissionRejectsFiveHostImportsWithoutPartialResults/import:runtime/cgo","Elapsed":0.02}
{"Time":"2026-10-08T19:12:56.172872783Z","Action":"output","Package":"go.temporal.io/server/tools/gomad3/internal/compatibilitypack","Test":"TestExternalPackAdmissionRejectsFiveHostImportsWithoutPartialResults","Output":"--- PASS: TestExternalPackAdmissionRejectsFiveHostImportsWithoutPartialResults (0.49s)\n","OutputType":"frame"}
{"Time":"2026-10-08T19:12:56.172889533Z","Action":"pass","Package":"go.temporal.io/server/tools/gomad3/internal/compatibilitypack","Test":"TestExternalPackAdmissionRejectsFiveHostImportsWithoutPartialResults","Elapsed":0.49}
{"Time":"2026-10-08T19:12:56.172922574Z","Action":"run","Package":"go.temporal.io/server/tools/gomad3/internal/compatibilitypack","Test":"TestGeneratedCompatibilityPackMutations"}
{"Time":"2026-10-08T19:12:56.172941699Z","Action":"output","Package":"go.temporal.io/server/tools/gomad3/internal/compatibilitypack","Test":"TestGeneratedCompatibilityPackMutations","Output":"=== RUN   TestGeneratedCompatibilityPackMutations\n","OutputType":"frame"}
{"Time":"2026-10-08T19:12:56.172961241Z","Action":"run","Package":"go.temporal.io/server/tools/gomad3/internal/compatibilitypack","Test":"TestGeneratedCompatibilityPackMutations/golang-x-sys-v047-darwin-arm64/approval"}
{"Time":"2026-10-08T19:12:56.172970449Z","Action":"output","Package":"go.temporal.io/server/tools/gomad3/internal/compatibilitypack","Test":"TestGeneratedCompatibilityPackMutations/golang-x-sys-v047-darwin-arm64/approval","Output":"=== RUN   TestGeneratedCompatibilityPackMutations/golang-x-sys-v047-darwin-arm64/approval\n","OutputType":"frame"}
{"Time":"2026-10-08T19:12:56.173745324Z","Action":"output","Package":"go.temporal.io/server/tools/gomad3/internal/compatibilitypack","Test":"TestGeneratedCompatibilityPackMutations/golang-x-sys-v047-darwin-arm64/approval","Output":"--- PASS: TestGeneratedCompatibilityPackMutations/golang-x-sys-v047-darwin-arm64/approval (0.00s)\n","OutputType":"frame"}
{"Time":"2026-10-08T19:12:56.174722033Z","Action":"pass","Package":"go.temporal.io/server/tools/gomad3/internal/compatibilitypack","Test":"TestGeneratedCompatibilityPackMutations/golang-x-sys-v047-darwin-arm64/approval","Elapsed":0}
{"Time":"2026-10-08T19:12:56.175283241Z","Action":"run","Package":"go.temporal.io/server/tools/gomad3/internal/compatibilitypack","Test":"TestGeneratedCompatibilityPackMutations/golang-x-sys-v047-darwin-arm64/arbitrary_local_replacement"}
{"Time":"2026-10-08T19:12:56.175308116Z","Action":"output","Package":"go.temporal.io/server/tools/gomad3/internal/compatibilitypack","Test":"TestGeneratedCompatibilityPackMutations/golang-x-sys-v047-darwin-arm64/arbitrary_local_replacement","Output":"=== RUN   TestGeneratedCompatibilityPackMutations/golang-x-sys-v047-darwin-arm64/arbitrary_local_replacement\n","OutputType":"frame"}
{"Time":"2026-10-08T19:12:56.175378408Z","Action":"output","Package":"go.temporal.io/server/tools/gomad3/internal/compatibilitypack","Test":"TestGeneratedCompatibilityPackMutations/golang-x-sys-v047-darwin-arm64/arbitrary_local_replacement","Output":"--- PASS: TestGeneratedCompatibilityPackMutations/golang-x-sys-v047-darwin-arm64/arbitrary_local_replacement (0.00s)\n","OutputType":"frame"}
{"Time":"2026-10-08T19:12:56.175453449Z","Action":"pass","Package":"go.temporal.io/server/tools/gomad3/internal/compatibilitypack","Test":"TestGeneratedCompatibilityPackMutations/golang-x-sys-v047-darwin-arm64/arbitrary_local_replacement","Elapsed":0}
{"Time":"2026-10-08T19:12:56.175889574Z","Action":"run","Package":"go.temporal.io/server/tools/gomad3/internal/compatibilitypack","Test":"TestGeneratedCompatibilityPackMutations/golang-x-sys-v047-darwin-arm64/availability"}
{"Time":"2026-10-08T19:12:56.176144533Z","Action":"output","Package":"go.temporal.io/server/tools/gomad3/internal/compatibilitypack","Test":"TestGeneratedCompatibilityPackMutations/golang-x-sys-v047-darwin-arm64/availability","Output":"=== RUN   TestGeneratedCompatibilityPackMutations/golang-x-sys-v047-darwin-arm64/availability\n","OutputType":"frame"}
{"Time":"2026-10-08T19:12:56.176164741Z","Action":"output","Package":"go.temporal.io/server/tools/gomad3/internal/compatibilitypack","Test":"TestGeneratedCompatibilityPackMutations/golang-x-sys-v047-darwin-arm64/availability","Output":"--- PASS: TestGeneratedCompatibilityPackMutations/golang-x-sys-v047-darwin-arm64/availability (0.00s)\n","OutputType":"frame"}
{"Time":"2026-10-08T19:12:56.176221866Z","Action":"pass","Package":"go.temporal.io/server/tools/gomad3/internal/compatibilitypack","Test":"TestGeneratedCompatibilityPackMutations/golang-x-sys-v047-darwin-arm64/availability","Elapsed":0}
{"Time":"2026-10-08T19:12:56.176294449Z","Action":"run","Package":"go.temporal.io/server/tools/gomad3/internal/compatibilitypack","Test":"TestGeneratedCompatibilityPackMutations/golang-x-sys-v047-darwin-arm64/directive"}
{"Time":"2026-10-08T19:12:56.176338699Z","Action":"output","Package":"go.temporal.io/server/tools/gomad3/internal/compatibilitypack","Test":"TestGeneratedCompatibilityPackMutations/golang-x-sys-v047-darwin-arm64/directive","Output":"=== RUN   TestGeneratedCompatibilityPackMutations/golang-x-sys-v047-darwin-arm64/directive\n","OutputType":"frame"}
{"Time":"2026-10-08T19:12:56.176839824Z","Action":"output","Package":"go.temporal.io/server/tools/gomad3/internal/compatibilitypack","Test":"TestGeneratedCompatibilityPackMutations/golang-x-sys-v047-darwin-arm64/directive","Output":"--- PASS: TestGeneratedCompatibilityPackMutations/golang-x-sys-v047-darwin-arm64/directive (0.00s)\n","OutputType":"frame"}
{"Time":"2026-10-08T19:12:56.176959158Z","Action":"pass","Package":"go.temporal.io/server/tools/gomad3/internal/compatibilitypack","Test":"TestGeneratedCompatibilityPackMutations/golang-x-sys-v047-darwin-arm64/directive","Elapsed":0}
{"Time":"2026-10-08T19:12:56.177597283Z","Action":"run","Package":"go.temporal.io/server/tools/gomad3/internal/compatibilitypack","Test":"TestGeneratedCompatibilityPackMutations/golang-x-sys-v047-darwin-arm64/foreign_source"}
{"Time":"2026-10-08T19:12:56.178141116Z","Action":"output","Package":"go.temporal.io/server/tools/gomad3/internal/compatibilitypack","Test":"TestGeneratedCompatibilityPackMutations/golang-x-sys-v047-darwin-arm64/foreign_source","Output":"=== RUN   TestGeneratedCompatibilityPackMutations/golang-x-sys-v047-darwin-arm64/foreign_source\n","OutputType":"frame"}
{"Time":"2026-10-08T19:12:56.178185949Z","Action":"output","Package":"go.temporal.io/server/tools/gomad3/internal/compatibilitypack","Test":"TestGeneratedCompatibilityPackMutations/golang-x-sys-v047-darwin-arm64/foreign_source","Output":"--- PASS: TestGeneratedCompatibilityPackMutations/golang-x-sys-v047-darwin-arm64/foreign_source (0.00s)\n","OutputType":"frame"}
{"Time":"2026-10-08T19:12:56.178637074Z","Action":"pass","Package":"go.temporal.io/server/tools/gomad3/internal/compatibilitypack","Test":"TestGeneratedCompatibilityPackMutations/golang-x-sys-v047-darwin-arm64/foreign_source","Elapsed":0}
{"Time":"2026-10-08T19:12:56.178828241Z","Action":"run","Package":"go.temporal.io/server/tools/gomad3/internal/compatibilitypack","Test":"TestGeneratedCompatibilityPackMutations/golang-x-sys-v047-darwin-arm64/go_source"}
{"Time":"2026-10-08T19:12:56.178924574Z","Action":"output","Package":"go.temporal.io/server/tools/gomad3/internal/compatibilitypack","Test":"TestGeneratedCompatibilityPackMutations/golang-x-sys-v047-darwin-arm64/go_source","Output":"=== RUN   TestGeneratedCompatibilityPackMutations/golang-x-sys-v047-darwin-arm64/go_source\n","OutputType":"frame"}
{"Time":"2026-10-08T19:12:56.179005658Z","Action":"output","Package":"go.temporal.io/server/tools/gomad3/internal/compatibilitypack","Test":"TestGeneratedCompatibilityPackMutations/golang-x-sys-v047-darwin-arm64/go_source","Output":"--- PASS: TestGeneratedCompatibilityPackMutations/golang-x-sys-v047-darwin-arm64/go_source (0.00s)\n","OutputType":"frame"}
{"Time":"2026-10-08T19:12:56.179062158Z","Action":"pass","Package":"go.temporal.io/server/tools/gomad3/internal/compatibilitypack","Test":"TestGeneratedCompatibilityPackMutations/golang-x-sys-v047-darwin-arm64/go_source","Elapsed":0}
{"Time":"2026-10-08T19:12:56.179081074Z","Action":"run","Package":"go.temporal.io/server/tools/gomad3/internal/compatibilitypack","Test":"TestGeneratedCompatibilityPackMutations/golang-x-sys-v047-darwin-arm64/justification"}
{"Time":"2026-10-08T19:12:56.179094366Z","Action":"output","Package":"go.temporal.io/server/tools/gomad3/internal/compatibilitypack","Test":"TestGeneratedCompatibilityPackMutations/golang-x-sys-v047-darwin-arm64/justification","Output":"=== RUN   TestGeneratedCompatibilityPackMutations/golang-x-sys-v047-darwin-arm64/justification\n","OutputType":"frame"}
{"Time":"2026-10-08T19:12:56.179971366Z","Action":"output","Package":"go.temporal.io/server/tools/gomad3/internal/compatibilitypack","Test":"TestGeneratedCompatibilityPackMutations/golang-x-sys-v047-darwin-arm64/justification","Output":"--- PASS: TestGeneratedCompatibilityPackMutations/golang-x-sys-v047-darwin-arm64/justification (0.00s)\n","OutputType":"frame"}
{"Time":"2026-10-08T19:12:56.180081491Z","Action":"pass","Package":"go.temporal.io/server/tools/gomad3/internal/compatibilitypack","Test":"TestGeneratedCompatibilityPackMutations/golang-x-sys-v047-darwin-arm64/justification","Elapsed":0}
{"Time":"2026-10-08T19:12:56.180160699Z","Action":"run","Package":"go.temporal.io/server/tools/gomad3/internal/compatibilitypack","Test":"TestGeneratedCompatibilityPackMutations/golang-x-sys-v047-darwin-arm64/module_sum"}
{"Time":"2026-10-08T19:12:56.180214783Z","Action":"output","Package":"go.temporal.io/server/tools/gomad3/internal/compatibilitypack","Test":"TestGeneratedCompatibilityPackMutations/golang-x-sys-v047-darwin-arm64/module_sum","Output":"=== RUN   TestGeneratedCompatibilityPackMutations/golang-x-sys-v047-darwin-arm64/module_sum\n","OutputType":"frame"}
{"Time":"2026-10-08T19:12:56.180347491Z","Action":"output","Package":"go.temporal.io/server/tools/gomad3/internal/compatibilitypack","Test":"TestGeneratedCompatibilityPackMutations/golang-x-sys-v047-darwin-arm64/module_sum","Output":"--- PASS: TestGeneratedCompatibilityPackMutations/golang-x-sys-v047-darwin-arm64/module_sum (0.00s)\n","OutputType":"frame"}
{"Time":"2026-10-08T19:12:56.180403199Z","Action":"pass","Package":"go.temporal.io/server/tools/gomad3/internal/compatibilitypack","Test":"TestGeneratedCompatibilityPackMutations/golang-x-sys-v047-darwin-arm64/module_sum","Elapsed":0}
{"Time":"2026-10-08T19:12:56.180432199Z","Action":"run","Package":"go.temporal.io/server/tools/gomad3/internal/compatibilitypack","Test":"TestGeneratedCompatibilityPackMutations/golang-x-sys-v047-darwin-arm64/module_version"}
{"Time":"2026-10-08T19:12:56.180502074Z","Action":"output","Package":"go.temporal.io/server/tools/gomad3/internal/compatibilitypack","Test":"TestGeneratedCompatibilityPackMutations/golang-x-sys-v047-darwin-arm64/module_version","Output":"=== RUN   TestGeneratedCompatibilityPackMutations/golang-x-sys-v047-darwin-arm64/module_version\n","OutputType":"frame"}
{"Time":"2026-10-08T19:12:56.181004991Z","Action":"output","Package":"go.temporal.io/server/tools/gomad3/internal/compatibilitypack","Test":"TestGeneratedCompatibilityPackMutations/golang-x-sys-v047-darwin-arm64/module_version","Output":"--- PASS: TestGeneratedCompatibilityPackMutations/golang-x-sys-v047-darwin-arm64/module_version (0.00s)\n","OutputType":"frame"}
{"Time":"2026-10-08T19:12:56.181063699Z","Action":"pass","Package":"go.temporal.io/server/tools/gomad3/internal/compatibilitypack","Test":"TestGeneratedCompatibilityPackMutations/golang-x-sys-v047-darwin-arm64/module_version","Elapsed":0}
{"Time":"2026-10-08T19:12:56.181233366Z","Action":"run","Package":"go.temporal.io/server/tools/gomad3/internal/compatibilitypack","Test":"TestGeneratedCompatibilityPackMutations/golang-x-sys-v047-darwin-arm64/owner"}
{"Time":"2026-10-08T19:12:56.181301908Z","Action":"output","Package":"go.temporal.io/server/tools/gomad3/internal/compatibilitypack","Test":"TestGeneratedCompatibilityPackMutations/golang-x-sys-v047-darwin-arm64/owner","Output":"=== RUN   TestGeneratedCompatibilityPackMutations/golang-x-sys-v047-darwin-arm64/owner\n","OutputType":"frame"}
{"Time":"2026-10-08T19:12:56.182888158Z","Action":"output","Package":"go.temporal.io/server/tools/gomad3/internal/compatibilitypack","Test":"TestGeneratedCompatibilityPackMutations/golang-x-sys-v047-darwin-arm64/owner","Output":"--- PASS: TestGeneratedCompatibilityPackMutations/golang-x-sys-v047-darwin-arm64/owner (0.00s)\n","OutputType":"frame"}
{"Time":"2026-10-08T19:12:56.183042866Z","Action":"pass","Package":"go.temporal.io/server/tools/gomad3/internal/compatibilitypack","Test":"TestGeneratedCompatibilityPackMutations/golang-x-sys-v047-darwin-arm64/owner","Elapsed":0}
{"Time":"2026-10-08T19:12:56.183303366Z","Action":"run","Package":"go.temporal.io/server/tools/gomad3/internal/compatibilitypack","Test":"TestGeneratedCompatibilityPackMutations/golang-x-sys-v047-darwin-arm64/pack_digest"}
{"Time":"2026-10-08T19:12:56.183346991Z","Action":"output","Package":"go.temporal.io/server/tools/gomad3/internal/compatibilitypack","Test":"TestGeneratedCompatibilityPackMutations/golang-x-sys-v047-darwin-arm64/pack_digest","Output":"=== RUN   TestGeneratedCompatibilityPackMutations/golang-x-sys-v047-darwin-arm64/pack_digest\n","OutputType":"frame"}
{"Time":"2026-10-08T19:12:56.183487199Z","Action":"output","Package":"go.temporal.io/server/tools/gomad3/internal/compatibilitypack","Test":"TestGeneratedCompatibilityPackMutations/golang-x-sys-v047-darwin-arm64/pack_digest","Output":"--- PASS: TestGeneratedCompatibilityPackMutations/golang-x-sys-v047-darwin-arm64/pack_digest (0.00s)\n","OutputType":"frame"}
{"Time":"2026-10-08T19:12:56.183863949Z","Action":"pass","Package":"go.temporal.io/server/tools/gomad3/internal/compatibilitypack","Test":"TestGeneratedCompatibilityPackMutations/golang-x-sys-v047-darwin-arm64/pack_digest","Elapsed":0}
{"Time":"2026-10-08T19:12:56.183912033Z","Action":"run","Package":"go.temporal.io/server/tools/gomad3/internal/compatibilitypack","Test":"TestGeneratedCompatibilityPackMutations/golang-x-sys-v047-darwin-arm64/platform"}
{"Time":"2026-10-08T19:12:56.184036783Z","Action":"output","Package":"go.temporal.io/server/tools/gomad3/internal/compatibilitypack","Test":"TestGeneratedCompatibilityPackMutations/golang-x-sys-v047-darwin-arm64/platform","Output":"=== RUN   TestGeneratedCompatibilityPackMutations/golang-x-sys-v047-darwin-arm64/platform\n","OutputType":"frame"}
{"Time":"2026-10-08T19:12:56.184066033Z","Action":"output","Package":"go.temporal.io/server/tools/gomad3/internal/compatibilitypack","Test":"TestGeneratedCompatibilityPackMutations/golang-x-sys-v047-darwin-arm64/platform","Output":"--- PASS: TestGeneratedCompatibilityPackMutations/golang-x-sys-v047-darwin-arm64/platform (0.00s)\n","OutputType":"frame"}
{"Time":"2026-10-08T19:12:56.184087866Z","Action":"pass","Package":"go.temporal.io/server/tools/gomad3/internal/compatibilitypack","Test":"TestGeneratedCompatibilityPackMutations/golang-x-sys-v047-darwin-arm64/platform","Elapsed":0}
{"Time":"2026-10-08T19:12:56.184110991Z","Action":"run","Package":"go.temporal.io/server/tools/gomad3/internal/compatibilitypack","Test":"TestGeneratedCompatibilityPackMutations/golang-x-sys-v047-darwin-arm64/positive"}
{"Time":"2026-10-08T19:12:56.184132074Z","Action":"output","Package":"go.temporal.io/server/tools/gomad3/internal/compatibilitypack","Test":"TestGeneratedCompatibilityPackMutations/golang-x-sys-v047-darwin-arm64/positive","Output":"=== RUN   TestGeneratedCompatibilityPackMutations/golang-x-sys-v047-darwin-arm64/positive\n","OutputType":"frame"}
{"Time":"2026-10-08T19:12:56.185118866Z","Action":"output","Package":"go.temporal.io/server/tools/gomad3/internal/compatibilitypack","Test":"TestGeneratedCompatibilityPackMutations/golang-x-sys-v047-darwin-arm64/positive","Output":"--- PASS: TestGeneratedCompatibilityPackMutations/golang-x-sys-v047-darwin-arm64/positive (0.00s)\n","OutputType":"frame"}
{"Time":"2026-10-08T19:12:56.185138158Z","Action":"pass","Package":"go.temporal.io/server/tools/gomad3/internal/compatibilitypack","Test":"TestGeneratedCompatibilityPackMutations/golang-x-sys-v047-darwin-arm64/positive","Elapsed":0}
{"Time":"2026-10-08T19:12:56.185169866Z","Action":"run","Package":"go.temporal.io/server/tools/gomad3/internal/compatibilitypack","Test":"TestGeneratedCompatibilityPackMutations/golang-x-sys-v047-darwin-arm64/request_identity"}
{"Time":"2026-10-08T19:12:56.185188366Z","Action":"output","Package":"go.temporal.io/server/tools/gomad3/internal/compatibilitypack","Test":"TestGeneratedCompatibilityPackMutations/golang-x-sys-v047-darwin-arm64/request_identity","Output":"=== RUN   TestGeneratedCompatibilityPackMutations/golang-x-sys-v047-darwin-arm64/request_identity\n","OutputType":"frame"}
{"Time":"2026-10-08T19:12:56.188532658Z","Action":"output","Package":"go.temporal.io/server/tools/gomad3/internal/compatibilitypack","Test":"TestGeneratedCompatibilityPackMutations/golang-x-sys-v047-darwin-arm64/request_identity","Output":"--- PASS: TestGeneratedCompatibilityPackMutations/golang-x-sys-v047-darwin-arm64/request_identity (0.00s)\n","OutputType":"frame"}
{"Time":"2026-10-08T19:12:56.188620366Z","Action":"pass","Package":"go.temporal.io/server/tools/gomad3/internal/compatibilitypack","Test":"TestGeneratedCompatibilityPackMutations/golang-x-sys-v047-darwin-arm64/request_identity","Elapsed":0}
{"Time":"2026-10-08T19:12:56.188697991Z","Action":"run","Package":"go.temporal.io/server/tools/gomad3/internal/compatibilitypack","Test":"TestGeneratedCompatibilityPackMutations/golang-x-sys-v047-darwin-arm64/review_time"}
{"Time":"2026-10-08T19:12:56.188886491Z","Action":"output","Package":"go.temporal.io/server/tools/gomad3/internal/compatibilitypack","Test":"TestGeneratedCompatibilityPackMutations/golang-x-sys-v047-darwin-arm64/review_time","Output":"=== RUN   TestGeneratedCompatibilityPackMutations/golang-x-sys-v047-darwin-arm64/review_time\n","OutputType":"frame"}
{"Time":"2026-10-08T19:12:56.190201033Z","Action":"output","Package":"go.temporal.io/server/tools/gomad3/internal/compatibilitypack","Test":"TestGeneratedCompatibilityPackMutations/golang-x-sys-v047-darwin-arm64/review_time","Output":"--- PASS: TestGeneratedCompatibilityPackMutations/golang-x-sys-v047-darwin-arm64/review_time (0.00s)\n","OutputType":"frame"}
{"Time":"2026-10-08T19:12:56.190284574Z","Action":"pass","Package":"go.temporal.io/server/tools/gomad3/internal/compatibilitypack","Test":"TestGeneratedCompatibilityPackMutations/golang-x-sys-v047-darwin-arm64/review_time","Elapsed":0}
{"Time":"2026-10-08T19:12:56.190307033Z","Action":"run","Package":"go.temporal.io/server/tools/gomad3/internal/compatibilitypack","Test":"TestGeneratedCompatibilityPackMutations/golang-x-sys-v047-darwin-arm64/source_set"}
{"Time":"2026-10-08T19:12:56.190414491Z","Action":"output","Package":"go.temporal.io/server/tools/gomad3/internal/compatibilitypack","Test":"TestGeneratedCompatibilityPackMutations/golang-x-sys-v047-darwin-arm64/source_set","Output":"=== RUN   TestGeneratedCompatibilityPackMutations/golang-x-sys-v047-darwin-arm64/source_set\n","OutputType":"frame"}
{"Time":"2026-10-08T19:12:56.191195824Z","Action":"output","Package":"go.temporal.io/server/tools/gomad3/internal/compatibilitypack","Test":"TestGeneratedCompatibilityPackMutations/golang-x-sys-v047-darwin-arm64/source_set","Output":"--- PASS: TestGeneratedCompatibilityPackMutations/golang-x-sys-v047-darwin-arm64/source_set (0.00s)\n","OutputType":"frame"}
{"Time":"2026-10-08T19:12:56.191300824Z","Action":"pass","Package":"go.temporal.io/server/tools/gomad3/internal/compatibilitypack","Test":"TestGeneratedCompatibilityPackMutations/golang-x-sys-v047-darwin-arm64/source_set","Elapsed":0}
{"Time":"2026-10-08T19:12:56.191333658Z","Action":"run","Package":"go.temporal.io/server/tools/gomad3/internal/compatibilitypack","Test":"TestGeneratedCompatibilityPackMutations/golang-x-sys-v047-darwin-arm64/workload"}
{"Time":"2026-10-08T19:12:56.191410283Z","Action":"output","Package":"go.temporal.io/server/tools/gomad3/internal/compatibilitypack","Test":"TestGeneratedCompatibilityPackMutations/golang-x-sys-v047-darwin-arm64/workload","Output":"=== RUN   TestGeneratedCompatibilityPackMutations/golang-x-sys-v047-darwin-arm64/workload\n","OutputType":"frame"}
{"Time":"2026-10-08T19:12:56.192379241Z","Action":"output","Package":"go.temporal.io/server/tools/gomad3/internal/compatibilitypack","Test":"TestGeneratedCompatibilityPackMutations/golang-x-sys-v047-darwin-arm64/workload","Output":"--- PASS: TestGeneratedCompatibilityPackMutations/golang-x-sys-v047-darwin-arm64/workload (0.00s)\n","OutputType":"frame"}
{"Time":"2026-10-08T19:12:56.192498283Z","Action":"pass","Package":"go.temporal.io/server/tools/gomad3/internal/compatibilitypack","Test":"TestGeneratedCompatibilityPackMutations/golang-x-sys-v047-darwin-arm64/workload","Elapsed":0}
{"Time":"2026-10-08T19:12:56.192569408Z","Action":"run","Package":"go.temporal.io/server/tools/gomad3/internal/compatibilitypack","Test":"TestGeneratedCompatibilityPackMutations/modernc-libc-xsys-v041/adapter_identity"}
{"Time":"2026-10-08T19:12:56.192625783Z","Action":"output","Package":"go.temporal.io/server/tools/gomad3/internal/compatibilitypack","Test":"TestGeneratedCompatibilityPackMutations/modernc-libc-xsys-v041/adapter_identity","Output":"=== RUN   TestGeneratedCompatibilityPackMutations/modernc-libc-xsys-v041/adapter_identity\n","OutputType":"frame"}
{"Time":"2026-10-08T19:12:56.194062616Z","Action":"output","Package":"go.temporal.io/server/tools/gomad3/internal/compatibilitypack","Test":"TestGeneratedCompatibilityPackMutations/modernc-libc-xsys-v041/adapter_identity","Output":"--- PASS: TestGeneratedCompatibilityPackMutations/modernc-libc-xsys-v041/adapter_identity (0.00s)\n","OutputType":"frame"}
{"Time":"2026-10-08T19:12:56.196569574Z","Action":"pass","Package":"go.temporal.io/server/tools/gomad3/internal/compatibilitypack","Test":"TestGeneratedCompatibilityPackMutations/modernc-libc-xsys-v041/adapter_identity","Elapsed":0}
{"Time":"2026-10-08T19:12:56.196682699Z","Action":"run","Package":"go.temporal.io/server/tools/gomad3/internal/compatibilitypack","Test":"TestGeneratedCompatibilityPackMutations/modernc-libc-xsys-v041/approval"}
{"Time":"2026-10-08T19:12:56.196763616Z","Action":"output","Package":"go.temporal.io/server/tools/gomad3/internal/compatibilitypack","Test":"TestGeneratedCompatibilityPackMutations/modernc-libc-xsys-v041/approval","Output":"=== RUN   TestGeneratedCompatibilityPackMutations/modernc-libc-xsys-v041/approval\n","OutputType":"frame"}
{"Time":"2026-10-08T19:12:56.196838616Z","Action":"output","Package":"go.temporal.io/server/tools/gomad3/internal/compatibilitypack","Test":"TestGeneratedCompatibilityPackMutations/modernc-libc-xsys-v041/approval","Output":"--- PASS: TestGeneratedCompatibilityPackMutations/modernc-libc-xsys-v041/approval (0.00s)\n","OutputType":"frame"}
{"Time":"2026-10-08T19:12:56.196875241Z","Action":"pass","Package":"go.temporal.io/server/tools/gomad3/internal/compatibilitypack","Test":"TestGeneratedCompatibilityPackMutations/modernc-libc-xsys-v041/approval","Elapsed":0}
{"Time":"2026-10-08T19:12:56.196914491Z","Action":"run","Package":"go.temporal.io/server/tools/gomad3/internal/compatibilitypack","Test":"TestGeneratedCompatibilityPackMutations/modernc-libc-xsys-v041/arbitrary_local_replacement"}
{"Time":"2026-10-08T19:12:56.196942033Z","Action":"output","Package":"go.temporal.io/server/tools/gomad3/internal/compatibilitypack","Test":"TestGeneratedCompatibilityPackMutations/modernc-libc-xsys-v041/arbitrary_local_replacement","Output":"=== RUN   TestGeneratedCompatibilityPackMutations/modernc-libc-xsys-v041/arbitrary_local_replacement\n","OutputType":"frame"}
{"Time":"2026-10-08T19:12:56.196983616Z","Action":"run","Package":"go.temporal.io/server/tools/gomad3/upgrade","Test":"TestRunRenderingFailurePreservesGateEvidence/host/write1"}
{"Time":"2026-10-08T19:12:56.197005033Z","Action":"output","Package":"go.temporal.io/server/tools/gomad3/upgrade","Test":"TestRunRenderingFailurePreservesGateEvidence/host/write1","Output":"=== RUN   TestRunRenderingFailurePreservesGateEvidence/host/write1\n","OutputType":"frame"}
{"Time":"2026-10-08T19:12:56.198631033Z","Action":"output","Package":"go.temporal.io/server/tools/gomad3/internal/compatibilitypack","Test":"TestGeneratedCompatibilityPackMutations/modernc-libc-xsys-v041/arbitrary_local_replacement","Output":"--- PASS: TestGeneratedCompatibilityPackMutations/modernc-libc-xsys-v041/arbitrary_local_replacement (0.00s)\n","OutputType":"frame"}
{"Time":"2026-10-08T19:12:56.198689491Z","Action":"pass","Package":"go.temporal.io/server/tools/gomad3/internal/compatibilitypack","Test":"TestGeneratedCompatibilityPackMutations/modernc-libc-xsys-v041/arbitrary_local_replacement","Elapsed":0}
{"Time":"2026-10-08T19:12:56.198765199Z","Action":"run","Package":"go.temporal.io/server/tools/gomad3/internal/compatibilitypack","Test":"TestGeneratedCompatibilityPackMutations/modernc-libc-xsys-v041/availability"}
{"Time":"2026-10-08T19:12:56.198788824Z","Action":"output","Package":"go.temporal.io/server/tools/gomad3/internal/compatibilitypack","Test":"TestGeneratedCompatibilityPackMutations/modernc-libc-xsys-v041/availability","Output":"=== RUN   TestGeneratedCompatibilityPackMutations/modernc-libc-xsys-v041/availability\n","OutputType":"frame"}
{"Time":"2026-10-08T19:12:56.199262908Z","Action":"output","Package":"go.temporal.io/server/tools/gomad3/internal/compatibilitypack","Test":"TestGeneratedCompatibilityPackMutations/modernc-libc-xsys-v041/availability","Output":"--- PASS: TestGeneratedCompatibilityPackMutations/modernc-libc-xsys-v041/availability (0.00s)\n","OutputType":"frame"}
{"Time":"2026-10-08T19:12:56.199365324Z","Action":"pass","Package":"go.temporal.io/server/tools/gomad3/internal/compatibilitypack","Test":"TestGeneratedCompatibilityPackMutations/modernc-libc-xsys-v041/availability","Elapsed":0}
{"Time":"2026-10-08T19:12:56.199423033Z","Action":"run","Package":"go.temporal.io/server/tools/gomad3/internal/compatibilitypack","Test":"TestGeneratedCompatibilityPackMutations/modernc-libc-xsys-v041/directive"}
{"Time":"2026-10-08T19:12:56.199475949Z","Action":"output","Package":"go.temporal.io/server/tools/gomad3/internal/compatibilitypack","Test":"TestGeneratedCompatibilityPackMutations/modernc-libc-xsys-v041/directive","Output":"=== RUN   TestGeneratedCompatibilityPackMutations/modernc-libc-xsys-v041/directive\n","OutputType":"frame"}
{"Time":"2026-10-08T19:12:56.200825199Z","Action":"output","Package":"go.temporal.io/server/tools/gomad3/internal/compatibilitypack","Test":"TestGeneratedCompatibilityPackMutations/modernc-libc-xsys-v041/directive","Output":"--- PASS: TestGeneratedCompatibilityPackMutations/modernc-libc-xsys-v041/directive (0.00s)\n","OutputType":"frame"}
{"Time":"2026-10-08T19:12:56.200856033Z","Action":"pass","Package":"go.temporal.io/server/tools/gomad3/internal/compatibilitypack","Test":"TestGeneratedCompatibilityPackMutations/modernc-libc-xsys-v041/directive","Elapsed":0}
{"Time":"2026-10-08T19:12:56.200930283Z","Action":"run","Package":"go.temporal.io/server/tools/gomad3/internal/compatibilitypack","Test":"TestGeneratedCompatibilityPackMutations/modernc-libc-xsys-v041/foreign_source"}
{"Time":"2026-10-08T19:12:56.201037449Z","Action":"output","Package":"go.temporal.io/server/tools/gomad3/internal/compatibilitypack","Test":"TestGeneratedCompatibilityPackMutations/modernc-libc-xsys-v041/foreign_source","Output":"=== RUN   TestGeneratedCompatibilityPackMutations/modernc-libc-xsys-v041/foreign_source\n","OutputType":"frame"}
{"Time":"2026-10-08T19:12:56.201241408Z","Action":"output","Package":"go.temporal.io/server/tools/gomad3/internal/compatibilitypack/authoring","Test":"TestRegenerateRejectsStaleRecordedApprovalWithoutPublication","Output":"--- PASS: TestRegenerateRejectsStaleRecordedApprovalWithoutPublication (0.03s)\n","OutputType":"frame"}
{"Time":"2026-10-08T19:12:56.201433366Z","Action":"pass","Package":"go.temporal.io/server/tools/gomad3/internal/compatibilitypack/authoring","Test":"TestRegenerateRejectsStaleRecordedApprovalWithoutPublication","Elapsed":0.03}
{"Time":"2026-10-08T19:12:56.201743324Z","Action":"run","Package":"go.temporal.io/server/tools/gomad3/internal/compatibilitypack/authoring","Test":"TestGenerateAdmissionRejectsFiveHostImportsBeforePublication"}
{"Time":"2026-10-08T19:12:56.201829908Z","Action":"output","Package":"go.temporal.io/server/tools/gomad3/internal/compatibilitypack/authoring","Test":"TestGenerateAdmissionRejectsFiveHostImportsBeforePublication","Output":"=== RUN   TestGenerateAdmissionRejectsFiveHostImportsBeforePublication\n","OutputType":"frame"}
{"Time":"2026-10-08T19:12:56.201974491Z","Action":"run","Package":"go.temporal.io/server/tools/gomad3/internal/compatibilitypack/authoring","Test":"TestGenerateAdmissionRejectsFiveHostImportsBeforePublication/import:os/exec"}
{"Time":"2026-10-08T19:12:56.202018824Z","Action":"output","Package":"go.temporal.io/server/tools/gomad3/internal/compatibilitypack/authoring","Test":"TestGenerateAdmissionRejectsFiveHostImportsBeforePublication/import:os/exec","Output":"=== RUN   TestGenerateAdmissionRejectsFiveHostImportsBeforePublication/import:os/exec\n","OutputType":"frame"}
{"Time":"2026-10-08T19:12:56.202125324Z","Action":"output","Package":"go.temporal.io/server/tools/gomad3/internal/compatibilitypack","Test":"TestGeneratedCompatibilityPackMutations/modernc-libc-xsys-v041/foreign_source","Output":"--- PASS: TestGeneratedCompatibilityPackMutations/modernc-libc-xsys-v041/foreign_source (0.00s)\n","OutputType":"frame"}
{"Time":"2026-10-08T19:12:56.202153616Z","Action":"pass","Package":"go.temporal.io/server/tools/gomad3/internal/compatibilitypack","Test":"TestGeneratedCompatibilityPackMutations/modernc-libc-xsys-v041/foreign_source","Elapsed":0}
{"Time":"2026-10-08T19:12:56.202191824Z","Action":"run","Package":"go.temporal.io/server/tools/gomad3/internal/compatibilitypack","Test":"TestGeneratedCompatibilityPackMutations/modernc-libc-xsys-v041/go_source"}
{"Time":"2026-10-08T19:12:56.202216866Z","Action":"output","Package":"go.temporal.io/server/tools/gomad3/internal/compatibilitypack","Test":"TestGeneratedCompatibilityPackMutations/modernc-libc-xsys-v041/go_source","Output":"=== RUN   TestGeneratedCompatibilityPackMutations/modernc-libc-xsys-v041/go_source\n","OutputType":"frame"}
{"Time":"2026-10-08T19:12:56.203021741Z","Action":"output","Package":"go.temporal.io/server/tools/gomad3/internal/compatibilitypack","Test":"TestGeneratedCompatibilityPackMutations/modernc-libc-xsys-v041/go_source","Output":"--- PASS: TestGeneratedCompatibilityPackMutations/modernc-libc-xsys-v041/go_source (0.00s)\n","OutputType":"frame"}
{"Time":"2026-10-08T19:12:56.203051783Z","Action":"pass","Package":"go.temporal.io/server/tools/gomad3/internal/compatibilitypack","Test":"TestGeneratedCompatibilityPackMutations/modernc-libc-xsys-v041/go_source","Elapsed":0}
{"Time":"2026-10-08T19:12:56.203090616Z","Action":"run","Package":"go.temporal.io/server/tools/gomad3/internal/compatibilitypack","Test":"TestGeneratedCompatibilityPackMutations/modernc-libc-xsys-v041/justification"}
{"Time":"2026-10-08T19:12:56.203432574Z","Action":"output","Package":"go.temporal.io/server/tools/gomad3/internal/compatibilitypack","Test":"TestGeneratedCompatibilityPackMutations/modernc-libc-xsys-v041/justification","Output":"=== RUN   TestGeneratedCompatibilityPackMutations/modernc-libc-xsys-v041/justification\n","OutputType":"frame"}
{"Time":"2026-10-08T19:12:56.205870533Z","Action":"output","Package":"go.temporal.io/server/tools/gomad3/internal/compatibilitypack","Test":"TestGeneratedCompatibilityPackMutations/modernc-libc-xsys-v041/justification","Output":"--- PASS: TestGeneratedCompatibilityPackMutations/modernc-libc-xsys-v041/justification (0.00s)\n","OutputType":"frame"}
{"Time":"2026-10-08T19:12:56.205948991Z","Action":"pass","Package":"go.temporal.io/server/tools/gomad3/internal/compatibilitypack","Test":"TestGeneratedCompatibilityPackMutations/modernc-libc-xsys-v041/justification","Elapsed":0}
{"Time":"2026-10-08T19:12:56.206096199Z","Action":"run","Package":"go.temporal.io/server/tools/gomad3/internal/compatibilitypack","Test":"TestGeneratedCompatibilityPackMutations/modernc-libc-xsys-v041/module_sum"}
{"Time":"2026-10-08T19:12:56.206175449Z","Action":"output","Package":"go.temporal.io/server/tools/gomad3/internal/compatibilitypack","Test":"TestGeneratedCompatibilityPackMutations/modernc-libc-xsys-v041/module_sum","Output":"=== RUN   TestGeneratedCompatibilityPackMutations/modernc-libc-xsys-v041/module_sum\n","OutputType":"frame"}
{"Time":"2026-10-08T19:12:56.206862699Z","Action":"output","Package":"go.temporal.io/server/tools/gomad3/internal/compatibilitypack","Test":"TestGeneratedCompatibilityPackMutations/modernc-libc-xsys-v041/module_sum","Output":"--- PASS: TestGeneratedCompatibilityPackMutations/modernc-libc-xsys-v041/module_sum (0.00s)\n","OutputType":"frame"}
{"Time":"2026-10-08T19:12:56.206914824Z","Action":"pass","Package":"go.temporal.io/server/tools/gomad3/internal/compatibilitypack","Test":"TestGeneratedCompatibilityPackMutations/modernc-libc-xsys-v041/module_sum","Elapsed":0}
{"Time":"2026-10-08T19:12:56.206944658Z","Action":"run","Package":"go.temporal.io/server/tools/gomad3/internal/compatibilitypack","Test":"TestGeneratedCompatibilityPackMutations/modernc-libc-xsys-v041/module_version"}
{"Time":"2026-10-08T19:12:56.207347283Z","Action":"output","Package":"go.temporal.io/server/tools/gomad3/internal/compatibilitypack","Test":"TestGeneratedCompatibilityPackMutations/modernc-libc-xsys-v041/module_version","Output":"=== RUN   TestGeneratedCompatibilityPackMutations/modernc-libc-xsys-v041/module_version\n","OutputType":"frame"}
{"Time":"2026-10-08T19:12:56.207642991Z","Action":"output","Package":"go.temporal.io/server/tools/gomad3/upgrade","Test":"TestRunRenderingFailurePreservesGateEvidence/host/write1","Output":"--- PASS: TestRunRenderingFailurePreservesGateEvidence/host/write1 (0.01s)\n","OutputType":"frame"}
{"Time":"2026-10-08T19:12:56.207878824Z","Action":"pass","Package":"go.temporal.io/server/tools/gomad3/upgrade","Test":"TestRunRenderingFailurePreservesGateEvidence/host/write1","Elapsed":0.01}
{"Time":"2026-10-08T19:12:56.207943658Z","Action":"run","Package":"go.temporal.io/server/tools/gomad3/upgrade","Test":"TestRunRenderingFailurePreservesGateEvidence/host/write2"}
{"Time":"2026-10-08T19:12:56.207967783Z","Action":"output","Package":"go.temporal.io/server/tools/gomad3/upgrade","Test":"TestRunRenderingFailurePreservesGateEvidence/host/write2","Output":"=== RUN   TestRunRenderingFailurePreservesGateEvidence/host/write2\n","OutputType":"frame"}
{"Time":"2026-10-08T19:12:56.208479366Z","Action":"output","Package":"go.temporal.io/server/tools/gomad3/internal/compatibilitypack","Test":"TestGeneratedCompatibilityPackMutations/modernc-libc-xsys-v041/module_version","Output":"--- PASS: TestGeneratedCompatibilityPackMutations/modernc-libc-xsys-v041/module_version (0.00s)\n","OutputType":"frame"}
{"Time":"2026-10-08T19:12:56.208634116Z","Action":"pass","Package":"go.temporal.io/server/tools/gomad3/internal/compatibilitypack","Test":"TestGeneratedCompatibilityPackMutations/modernc-libc-xsys-v041/module_version","Elapsed":0}
{"Time":"2026-10-08T19:12:56.209016866Z","Action":"run","Package":"go.temporal.io/server/tools/gomad3/internal/compatibilitypack","Test":"TestGeneratedCompatibilityPackMutations/modernc-libc-xsys-v041/original_source_inventory"}
{"Time":"2026-10-08T19:12:56.209064866Z","Action":"output","Package":"go.temporal.io/server/tools/gomad3/internal/compatibilitypack","Test":"TestGeneratedCompatibilityPackMutations/modernc-libc-xsys-v041/original_source_inventory","Output":"=== RUN   TestGeneratedCompatibilityPackMutations/modernc-libc-xsys-v041/original_source_inventory\n","OutputType":"frame"}
{"Time":"2026-10-08T19:12:56.209328699Z","Action":"output","Package":"go.temporal.io/server/tools/gomad3/internal/compatibilitypack","Test":"TestGeneratedCompatibilityPackMutations/modernc-libc-xsys-v041/original_source_inventory","Output":"--- PASS: TestGeneratedCompatibilityPackMutations/modernc-libc-xsys-v041/original_source_inventory (0.00s)\n","OutputType":"frame"}
{"Time":"2026-10-08T19:12:56.209748741Z","Action":"pass","Package":"go.temporal.io/server/tools/gomad3/internal/compatibilitypack","Test":"TestGeneratedCompatibilityPackMutations/modernc-libc-xsys-v041/original_source_inventory","Elapsed":0}
{"Time":"2026-10-08T19:12:56.209776533Z","Action":"run","Package":"go.temporal.io/server/tools/gomad3/internal/compatibilitypack","Test":"TestGeneratedCompatibilityPackMutations/modernc-libc-xsys-v041/owner"}
{"Time":"2026-10-08T19:12:56.209817533Z","Action":"output","Package":"go.temporal.io/server/tools/gomad3/internal/compatibilitypack","Test":"TestGeneratedCompatibilityPackMutations/modernc-libc-xsys-v041/owner","Output":"=== RUN   TestGeneratedCompatibilityPackMutations/modernc-libc-xsys-v041/owner\n","OutputType":"frame"}
{"Time":"2026-10-08T19:12:56.211746741Z","Action":"output","Package":"go.temporal.io/server/tools/gomad3/internal/compatibilitypack","Test":"TestGeneratedCompatibilityPackMutations/modernc-libc-xsys-v041/owner","Output":"--- PASS: TestGeneratedCompatibilityPackMutations/modernc-libc-xsys-v041/owner (0.00s)\n","OutputType":"frame"}
{"Time":"2026-10-08T19:12:56.211910824Z","Action":"pass","Package":"go.temporal.io/server/tools/gomad3/internal/compatibilitypack","Test":"TestGeneratedCompatibilityPackMutations/modernc-libc-xsys-v041/owner","Elapsed":0}
{"Time":"2026-10-08T19:12:56.211949283Z","Action":"run","Package":"go.temporal.io/server/tools/gomad3/internal/compatibilitypack","Test":"TestGeneratedCompatibilityPackMutations/modernc-libc-xsys-v041/pack_digest"}
{"Time":"2026-10-08T19:12:56.212007199Z","Action":"output","Package":"go.temporal.io/server/tools/gomad3/internal/compatibilitypack","Test":"TestGeneratedCompatibilityPackMutations/modernc-libc-xsys-v041/pack_digest","Output":"=== RUN   TestGeneratedCompatibilityPackMutations/modernc-libc-xsys-v041/pack_digest\n","OutputType":"frame"}
{"Time":"2026-10-08T19:12:56.212637241Z","Action":"output","Package":"go.temporal.io/server/tools/gomad3/internal/compatibilitypack","Test":"TestGeneratedCompatibilityPackMutations/modernc-libc-xsys-v041/pack_digest","Output":"--- PASS: TestGeneratedCompatibilityPackMutations/modernc-libc-xsys-v041/pack_digest (0.00s)\n","OutputType":"frame"}
{"Time":"2026-10-08T19:12:56.213801158Z","Action":"pass","Package":"go.temporal.io/server/tools/gomad3/internal/compatibilitypack","Test":"TestGeneratedCompatibilityPackMutations/modernc-libc-xsys-v041/pack_digest","Elapsed":0}
{"Time":"2026-10-08T19:12:56.213974074Z","Action":"run","Package":"go.temporal.io/server/tools/gomad3/internal/compatibilitypack","Test":"TestGeneratedCompatibilityPackMutations/modernc-libc-xsys-v041/platform"}
{"Time":"2026-10-08T19:12:56.214080408Z","Action":"output","Package":"go.temporal.io/server/tools/gomad3/internal/compatibilitypack","Test":"TestGeneratedCompatibilityPackMutations/modernc-libc-xsys-v041/platform","Output":"=== RUN   TestGeneratedCompatibilityPackMutations/modernc-libc-xsys-v041/platform\n","OutputType":"frame"}
{"Time":"2026-10-08T19:12:56.214220283Z","Action":"output","Package":"go.temporal.io/server/tools/gomad3/internal/compatibilitypack","Test":"TestGeneratedCompatibilityPackMutations/modernc-libc-xsys-v041/platform","Output":"--- PASS: TestGeneratedCompatibilityPackMutations/modernc-libc-xsys-v041/platform (0.00s)\n","OutputType":"frame"}
{"Time":"2026-10-08T19:12:56.214338741Z","Action":"pass","Package":"go.temporal.io/server/tools/gomad3/internal/compatibilitypack","Test":"TestGeneratedCompatibilityPackMutations/modernc-libc-xsys-v041/platform","Elapsed":0}
{"Time":"2026-10-08T19:12:56.214378158Z","Action":"run","Package":"go.temporal.io/server/tools/gomad3/internal/compatibilitypack","Test":"TestGeneratedCompatibilityPackMutations/modernc-libc-xsys-v041/positive"}
{"Time":"2026-10-08T19:12:56.214444783Z","Action":"output","Package":"go.temporal.io/server/tools/gomad3/internal/compatibilitypack","Test":"TestGeneratedCompatibilityPackMutations/modernc-libc-xsys-v041/positive","Output":"=== RUN   TestGeneratedCompatibilityPackMutations/modernc-libc-xsys-v041/positive\n","OutputType":"frame"}
{"Time":"2026-10-08T19:12:56.215444158Z","Action":"output","Package":"go.temporal.io/server/tools/gomad3/internal/compatibilitypack","Test":"TestGeneratedCompatibilityPackMutations/modernc-libc-xsys-v041/positive","Output":"--- PASS: TestGeneratedCompatibilityPackMutations/modernc-libc-xsys-v041/positive (0.00s)\n","OutputType":"frame"}
{"Time":"2026-10-08T19:12:56.216722116Z","Action":"pass","Package":"go.temporal.io/server/tools/gomad3/internal/compatibilitypack","Test":"TestGeneratedCompatibilityPackMutations/modernc-libc-xsys-v041/positive","Elapsed":0}
{"Time":"2026-10-08T19:12:56.216900741Z","Action":"run","Package":"go.temporal.io/server/tools/gomad3/internal/compatibilitypack","Test":"TestGeneratedCompatibilityPackMutations/modernc-libc-xsys-v041/prepared_source_set"}
{"Time":"2026-10-08T19:12:56.216967991Z","Action":"output","Package":"go.temporal.io/server/tools/gomad3/internal/compatibilitypack","Test":"TestGeneratedCompatibilityPackMutations/modernc-libc-xsys-v041/prepared_source_set","Output":"=== RUN   TestGeneratedCompatibilityPackMutations/modernc-libc-xsys-v041/prepared_source_set\n","OutputType":"frame"}
{"Time":"2026-10-08T19:12:56.217017033Z","Action":"output","Package":"go.temporal.io/server/tools/gomad3/internal/compatibilitypack","Test":"TestGeneratedCompatibilityPackMutations/modernc-libc-xsys-v041/prepared_source_set","Output":"--- PASS: TestGeneratedCompatibilityPackMutations/modernc-libc-xsys-v041/prepared_source_set (0.00s)\n","OutputType":"frame"}
{"Time":"2026-10-08T19:12:56.217086658Z","Action":"pass","Package":"go.temporal.io/server/tools/gomad3/internal/compatibilitypack","Test":"TestGeneratedCompatibilityPackMutations/modernc-libc-xsys-v041/prepared_source_set","Elapsed":0}
{"Time":"2026-10-08T19:12:56.217127449Z","Action":"run","Package":"go.temporal.io/server/tools/gomad3/internal/compatibilitypack","Test":"TestGeneratedCompatibilityPackMutations/modernc-libc-xsys-v041/replacement_source_inventory"}
{"Time":"2026-10-08T19:12:56.217449866Z","Action":"output","Package":"go.temporal.io/server/tools/gomad3/internal/compatibilitypack","Test":"TestGeneratedCompatibilityPackMutations/modernc-libc-xsys-v041/replacement_source_inventory","Output":"=== RUN   TestGeneratedCompatibilityPackMutations/modernc-libc-xsys-v041/replacement_source_inventory\n","OutputType":"frame"}
{"Time":"2026-10-08T19:12:56.218444324Z","Action":"output","Package":"go.temporal.io/server/tools/gomad3/upgrade","Test":"TestRunRenderingFailurePreservesGateEvidence/host/write2","Output":"--- PASS: TestRunRenderingFailurePreservesGateEvidence/host/write2 (0.01s)\n","OutputType":"frame"}
{"Time":"2026-10-08T19:12:56.219524991Z","Action":"pass","Package":"go.temporal.io/server/tools/gomad3/upgrade","Test":"TestRunRenderingFailurePreservesGateEvidence/host/write2","Elapsed":0.01}
{"Time":"2026-10-08T19:12:56.219609324Z","Action":"output","Package":"go.temporal.io/server/tools/gomad3/internal/compatibilitypack","Test":"TestGeneratedCompatibilityPackMutations/modernc-libc-xsys-v041/replacement_source_inventory","Output":"--- PASS: TestGeneratedCompatibilityPackMutations/modernc-libc-xsys-v041/replacement_source_inventory (0.00s)\n","OutputType":"frame"}
{"Time":"2026-10-08T19:12:56.219655033Z","Action":"pass","Package":"go.temporal.io/server/tools/gomad3/internal/compatibilitypack","Test":"TestGeneratedCompatibilityPackMutations/modernc-libc-xsys-v041/replacement_source_inventory","Elapsed":0}
{"Time":"2026-10-08T19:12:56.219709658Z","Action":"run","Package":"go.temporal.io/server/tools/gomad3/internal/compatibilitypack","Test":"TestGeneratedCompatibilityPackMutations/modernc-libc-xsys-v041/request_identity"}
{"Time":"2026-10-08T19:12:56.219888908Z","Action":"output","Package":"go.temporal.io/server/tools/gomad3/internal/compatibilitypack","Test":"TestGeneratedCompatibilityPackMutations/modernc-libc-xsys-v041/request_identity","Output":"=== RUN   TestGeneratedCompatibilityPackMutations/modernc-libc-xsys-v041/request_identity\n","OutputType":"frame"}
{"Time":"2026-10-08T19:12:56.221305866Z","Action":"output","Package":"go.temporal.io/server/tools/gomad3/internal/compatibilitypack","Test":"TestGeneratedCompatibilityPackMutations/modernc-libc-xsys-v041/request_identity","Output":"--- PASS: TestGeneratedCompatibilityPackMutations/modernc-libc-xsys-v041/request_identity (0.00s)\n","OutputType":"frame"}
{"Time":"2026-10-08T19:12:56.221413574Z","Action":"pass","Package":"go.temporal.io/server/tools/gomad3/internal/compatibilitypack","Test":"TestGeneratedCompatibilityPackMutations/modernc-libc-xsys-v041/request_identity","Elapsed":0}
{"Time":"2026-10-08T19:12:56.221659491Z","Action":"run","Package":"go.temporal.io/server/tools/gomad3/internal/compatibilitypack","Test":"TestGeneratedCompatibilityPackMutations/modernc-libc-xsys-v041/review_time"}
{"Time":"2026-10-08T19:12:56.221789866Z","Action":"output","Package":"go.temporal.io/server/tools/gomad3/internal/compatibilitypack","Test":"TestGeneratedCompatibilityPackMutations/modernc-libc-xsys-v041/review_time","Output":"=== RUN   TestGeneratedCompatibilityPackMutations/modernc-libc-xsys-v041/review_time\n","OutputType":"frame"}
{"Time":"2026-10-08T19:12:56.222189491Z","Action":"output","Package":"go.temporal.io/server/tools/gomad3/internal/compatibilitypack","Test":"TestGeneratedCompatibilityPackMutations/modernc-libc-xsys-v041/review_time","Output":"--- PASS: TestGeneratedCompatibilityPackMutations/modernc-libc-xsys-v041/review_time (0.00s)\n","OutputType":"frame"}
{"Time":"2026-10-08T19:12:56.222260033Z","Action":"pass","Package":"go.temporal.io/server/tools/gomad3/internal/compatibilitypack","Test":"TestGeneratedCompatibilityPackMutations/modernc-libc-xsys-v041/review_time","Elapsed":0}
{"Time":"2026-10-08T19:12:56.222303491Z","Action":"run","Package":"go.temporal.io/server/tools/gomad3/internal/compatibilitypack","Test":"TestGeneratedCompatibilityPackMutations/modernc-libc-xsys-v041/source_set"}
{"Time":"2026-10-08T19:12:56.222332741Z","Action":"output","Package":"go.temporal.io/server/tools/gomad3/internal/compatibilitypack","Test":"TestGeneratedCompatibilityPackMutations/modernc-libc-xsys-v041/source_set","Output":"=== RUN   TestGeneratedCompatibilityPackMutations/modernc-libc-xsys-v041/source_set\n","OutputType":"frame"}
{"Time":"2026-10-08T19:12:56.222961574Z","Action":"output","Package":"go.temporal.io/server/tools/gomad3/internal/compatibilitypack","Test":"TestGeneratedCompatibilityPackMutations/modernc-libc-xsys-v041/source_set","Output":"--- PASS: TestGeneratedCompatibilityPackMutations/modernc-libc-xsys-v041/source_set (0.00s)\n","OutputType":"frame"}
{"Time":"2026-10-08T19:12:56.223100116Z","Action":"pass","Package":"go.temporal.io/server/tools/gomad3/internal/compatibilitypack","Test":"TestGeneratedCompatibilityPackMutations/modernc-libc-xsys-v041/source_set","Elapsed":0}
{"Time":"2026-10-08T19:12:56.223170324Z","Action":"run","Package":"go.temporal.io/server/tools/gomad3/internal/compatibilitypack","Test":"TestGeneratedCompatibilityPackMutations/modernc-libc-xsys-v041/workload"}
{"Time":"2026-10-08T19:12:56.223233074Z","Action":"output","Package":"go.temporal.io/server/tools/gomad3/internal/compatibilitypack","Test":"TestGeneratedCompatibilityPackMutations/modernc-libc-xsys-v041/workload","Output":"=== RUN   TestGeneratedCompatibilityPackMutations/modernc-libc-xsys-v041/workload\n","OutputType":"frame"}
{"Time":"2026-10-08T19:12:56.224373741Z","Action":"output","Package":"go.temporal.io/server/tools/gomad3/upgrade","Test":"TestRunRenderingFailurePreservesGateEvidence/host","Output":"--- PASS: TestRunRenderingFailurePreservesGateEvidence/host (0.07s)\n","OutputType":"frame"}
{"Time":"2026-10-08T19:12:56.224398408Z","Action":"pass","Package":"go.temporal.io/server/tools/gomad3/upgrade","Test":"TestRunRenderingFailurePreservesGateEvidence/host","Elapsed":0.07}
{"Time":"2026-10-08T19:12:56.224420908Z","Action":"run","Package":"go.temporal.io/server/tools/gomad3/upgrade","Test":"TestRunRenderingFailurePreservesGateEvidence/publication"}
{"Time":"2026-10-08T19:12:56.224437449Z","Action":"output","Package":"go.temporal.io/server/tools/gomad3/upgrade","Test":"TestRunRenderingFailurePreservesGateEvidence/publication","Output":"=== RUN   TestRunRenderingFailurePreservesGateEvidence/publication\n","OutputType":"frame"}
{"Time":"2026-10-08T19:12:56.225534366Z","Action":"output","Package":"go.temporal.io/server/tools/gomad3/internal/compatibilitypack","Test":"TestGeneratedCompatibilityPackMutations/modernc-libc-xsys-v041/workload","Output":"--- PASS: TestGeneratedCompatibilityPackMutations/modernc-libc-xsys-v041/workload (0.00s)\n","OutputType":"frame"}
{"Time":"2026-10-08T19:12:56.2265397Z","Action":"pass","Package":"go.temporal.io/server/tools/gomad3/internal/compatibilitypack","Test":"TestGeneratedCompatibilityPackMutations/modernc-libc-xsys-v041/workload","Elapsed":0}
{"Time":"2026-10-08T19:12:56.226647116Z","Action":"run","Package":"go.temporal.io/server/tools/gomad3/internal/compatibilitypack","Test":"TestGeneratedCompatibilityPackMutations/modernc-libc-xsys-v047/adapter_identity"}
{"Time":"2026-10-08T19:12:56.226776033Z","Action":"output","Package":"go.temporal.io/server/tools/gomad3/internal/compatibilitypack","Test":"TestGeneratedCompatibilityPackMutations/modernc-libc-xsys-v047/adapter_identity","Output":"=== RUN   TestGeneratedCompatibilityPackMutations/modernc-libc-xsys-v047/adapter_identity\n","OutputType":"frame"}
{"Time":"2026-10-08T19:12:56.226894783Z","Action":"output","Package":"go.temporal.io/server/tools/gomad3/internal/compatibilitypack","Test":"TestGeneratedCompatibilityPackMutations/modernc-libc-xsys-v047/adapter_identity","Output":"--- PASS: TestGeneratedCompatibilityPackMutations/modernc-libc-xsys-v047/adapter_identity (0.00s)\n","OutputType":"frame"}
{"Time":"2026-10-08T19:12:56.226990575Z","Action":"pass","Package":"go.temporal.io/server/tools/gomad3/internal/compatibilitypack","Test":"TestGeneratedCompatibilityPackMutations/modernc-libc-xsys-v047/adapter_identity","Elapsed":0}
{"Time":"2026-10-08T19:12:56.227027491Z","Action":"run","Package":"go.temporal.io/server/tools/gomad3/internal/compatibilitypack","Test":"TestGeneratedCompatibilityPackMutations/modernc-libc-xsys-v047/approval"}
{"Time":"2026-10-08T19:12:56.227144033Z","Action":"output","Package":"go.temporal.io/server/tools/gomad3/internal/compatibilitypack","Test":"TestGeneratedCompatibilityPackMutations/modernc-libc-xsys-v047/approval","Output":"=== RUN   TestGeneratedCompatibilityPackMutations/modernc-libc-xsys-v047/approval\n","OutputType":"frame"}
{"Time":"2026-10-08T19:12:56.22999795Z","Action":"output","Package":"go.temporal.io/server/tools/gomad3/internal/compatibilitypack","Test":"TestGeneratedCompatibilityPackMutations/modernc-libc-xsys-v047/approval","Output":"--- PASS: TestGeneratedCompatibilityPackMutations/modernc-libc-xsys-v047/approval (0.00s)\n","OutputType":"frame"}
{"Time":"2026-10-08T19:12:56.230139158Z","Action":"pass","Package":"go.temporal.io/server/tools/gomad3/internal/compatibilitypack","Test":"TestGeneratedCompatibilityPackMutations/modernc-libc-xsys-v047/approval","Elapsed":0}
{"Time":"2026-10-08T19:12:56.230202075Z","Action":"run","Package":"go.temporal.io/server/tools/gomad3/internal/compatibilitypack","Test":"TestGeneratedCompatibilityPackMutations/modernc-libc-xsys-v047/arbitrary_local_replacement"}
{"Time":"2026-10-08T19:12:56.230298616Z","Action":"output","Package":"go.temporal.io/server/tools/gomad3/internal/compatibilitypack","Test":"TestGeneratedCompatibilityPackMutations/modernc-libc-xsys-v047/arbitrary_local_replacement","Output":"=== RUN   TestGeneratedCompatibilityPackMutations/modernc-libc-xsys-v047/arbitrary_local_replacement\n","OutputType":"frame"}
{"Time":"2026-10-08T19:12:56.231532908Z","Action":"output","Package":"go.temporal.io/server/tools/gomad3/internal/compatibilitypack","Test":"TestGeneratedCompatibilityPackMutations/modernc-libc-xsys-v047/arbitrary_local_replacement","Output":"--- PASS: TestGeneratedCompatibilityPackMutations/modernc-libc-xsys-v047/arbitrary_local_replacement (0.00s)\n","OutputType":"frame"}
{"Time":"2026-10-08T19:12:56.231605658Z","Action":"pass","Package":"go.temporal.io/server/tools/gomad3/internal/compatibilitypack","Test":"TestGeneratedCompatibilityPackMutations/modernc-libc-xsys-v047/arbitrary_local_replacement","Elapsed":0}
{"Time":"2026-10-08T19:12:56.2316272Z","Action":"run","Package":"go.temporal.io/server/tools/gomad3/internal/compatibilitypack","Test":"TestGeneratedCompatibilityPackMutations/modernc-libc-xsys-v047/availability"}
{"Time":"2026-10-08T19:12:56.231642158Z","Action":"output","Package":"go.temporal.io/server/tools/gomad3/internal/compatibilitypack","Test":"TestGeneratedCompatibilityPackMutations/modernc-libc-xsys-v047/availability","Output":"=== RUN   TestGeneratedCompatibilityPackMutations/modernc-libc-xsys-v047/availability\n","OutputType":"frame"}
{"Time":"2026-10-08T19:12:56.232171825Z","Action":"output","Package":"go.temporal.io/server/tools/gomad3/internal/compatibilitypack","Test":"TestGeneratedCompatibilityPackMutations/modernc-libc-xsys-v047/availability","Output":"--- PASS: TestGeneratedCompatibilityPackMutations/modernc-libc-xsys-v047/availability (0.00s)\n","OutputType":"frame"}
{"Time":"2026-10-08T19:12:56.232200825Z","Action":"pass","Package":"go.temporal.io/server/tools/gomad3/internal/compatibilitypack","Test":"TestGeneratedCompatibilityPackMutations/modernc-libc-xsys-v047/availability","Elapsed":0}
{"Time":"2026-10-08T19:12:56.232222075Z","Action":"run","Package":"go.temporal.io/server/tools/gomad3/internal/compatibilitypack","Test":"TestGeneratedCompatibilityPackMutations/modernc-libc-xsys-v047/directive"}
{"Time":"2026-10-08T19:12:56.232236991Z","Action":"output","Package":"go.temporal.io/server/tools/gomad3/internal/compatibilitypack","Test":"TestGeneratedCompatibilityPackMutations/modernc-libc-xsys-v047/directive","Output":"=== RUN   TestGeneratedCompatibilityPackMutations/modernc-libc-xsys-v047/directive\n","OutputType":"frame"}
{"Time":"2026-10-08T19:12:56.233373158Z","Action":"output","Package":"go.temporal.io/server/tools/gomad3/internal/compatibilitypack","Test":"TestGeneratedCompatibilityPackMutations/modernc-libc-xsys-v047/directive","Output":"--- PASS: TestGeneratedCompatibilityPackMutations/modernc-libc-xsys-v047/directive (0.00s)\n","OutputType":"frame"}
{"Time":"2026-10-08T19:12:56.233488908Z","Action":"pass","Package":"go.temporal.io/server/tools/gomad3/internal/compatibilitypack","Test":"TestGeneratedCompatibilityPackMutations/modernc-libc-xsys-v047/directive","Elapsed":0}
{"Time":"2026-10-08T19:12:56.2335687Z","Action":"run","Package":"go.temporal.io/server/tools/gomad3/internal/compatibilitypack","Test":"TestGeneratedCompatibilityPackMutations/modernc-libc-xsys-v047/foreign_source"}
{"Time":"2026-10-08T19:12:56.233594491Z","Action":"output","Package":"go.temporal.io/server/tools/gomad3/internal/compatibilitypack","Test":"TestGeneratedCompatibilityPackMutations/modernc-libc-xsys-v047/foreign_source","Output":"=== RUN   TestGeneratedCompatibilityPackMutations/modernc-libc-xsys-v047/foreign_source\n","OutputType":"frame"}
{"Time":"2026-10-08T19:12:56.23487795Z","Action":"output","Package":"go.temporal.io/server/tools/gomad3/internal/compatibilitypack","Test":"TestGeneratedCompatibilityPackMutations/modernc-libc-xsys-v047/foreign_source","Output":"--- PASS: TestGeneratedCompatibilityPackMutations/modernc-libc-xsys-v047/foreign_source (0.00s)\n","OutputType":"frame"}
{"Time":"2026-10-08T19:12:56.234951075Z","Action":"pass","Package":"go.temporal.io/server/tools/gomad3/internal/compatibilitypack","Test":"TestGeneratedCompatibilityPackMutations/modernc-libc-xsys-v047/foreign_source","Elapsed":0}
{"Time":"2026-10-08T19:12:56.23497145Z","Action":"run","Package":"go.temporal.io/server/tools/gomad3/internal/compatibilitypack","Test":"TestGeneratedCompatibilityPackMutations/modernc-libc-xsys-v047/go_source"}
{"Time":"2026-10-08T19:12:56.234988616Z","Action":"output","Package":"go.temporal.io/server/tools/gomad3/internal/compatibilitypack","Test":"TestGeneratedCompatibilityPackMutations/modernc-libc-xsys-v047/go_source","Output":"=== RUN   TestGeneratedCompatibilityPackMutations/modernc-libc-xsys-v047/go_source\n","OutputType":"frame"}
{"Time":"2026-10-08T19:12:56.235931616Z","Action":"output","Package":"go.temporal.io/server/tools/gomad3/internal/compatibilitypack","Test":"TestGeneratedCompatibilityPackMutations/modernc-libc-xsys-v047/go_source","Output":"--- PASS: TestGeneratedCompatibilityPackMutations/modernc-libc-xsys-v047/go_source (0.00s)\n","OutputType":"frame"}
{"Time":"2026-10-08T19:12:56.23600695Z","Action":"pass","Package":"go.temporal.io/server/tools/gomad3/internal/compatibilitypack","Test":"TestGeneratedCompatibilityPackMutations/modernc-libc-xsys-v047/go_source","Elapsed":0}
{"Time":"2026-10-08T19:12:56.236090658Z","Action":"run","Package":"go.temporal.io/server/tools/gomad3/internal/compatibilitypack","Test":"TestGeneratedCompatibilityPackMutations/modernc-libc-xsys-v047/justification"}
{"Time":"2026-10-08T19:12:56.236203866Z","Action":"output","Package":"go.temporal.io/server/tools/gomad3/internal/compatibilitypack","Test":"TestGeneratedCompatibilityPackMutations/modernc-libc-xsys-v047/justification","Output":"=== RUN   TestGeneratedCompatibilityPackMutations/modernc-libc-xsys-v047/justification\n","OutputType":"frame"}
{"Time":"2026-10-08T19:12:56.237974825Z","Action":"output","Package":"go.temporal.io/server/tools/gomad3/internal/compatibilitypack","Test":"TestGeneratedCompatibilityPackMutations/modernc-libc-xsys-v047/justification","Output":"--- PASS: TestGeneratedCompatibilityPackMutations/modernc-libc-xsys-v047/justification (0.00s)\n","OutputType":"frame"}
{"Time":"2026-10-08T19:12:56.238064616Z","Action":"pass","Package":"go.temporal.io/server/tools/gomad3/internal/compatibilitypack","Test":"TestGeneratedCompatibilityPackMutations/modernc-libc-xsys-v047/justification","Elapsed":0}
{"Time":"2026-10-08T19:12:56.23809045Z","Action":"run","Package":"go.temporal.io/server/tools/gomad3/internal/compatibilitypack","Test":"TestGeneratedCompatibilityPackMutations/modernc-libc-xsys-v047/module_sum"}
{"Time":"2026-10-08T19:12:56.238123491Z","Action":"output","Package":"go.temporal.io/server/tools/gomad3/internal/compatibilitypack","Test":"TestGeneratedCompatibilityPackMutations/modernc-libc-xsys-v047/module_sum","Output":"=== RUN   TestGeneratedCompatibilityPackMutations/modernc-libc-xsys-v047/module_sum\n","OutputType":"frame"}
{"Time":"2026-10-08T19:12:56.239332866Z","Action":"output","Package":"go.temporal.io/server/tools/gomad3/internal/compatibilitypack","Test":"TestGeneratedCompatibilityPackMutations/modernc-libc-xsys-v047/module_sum","Output":"--- PASS: TestGeneratedCompatibilityPackMutations/modernc-libc-xsys-v047/module_sum (0.00s)\n","OutputType":"frame"}
{"Time":"2026-10-08T19:12:56.239364658Z","Action":"pass","Package":"go.temporal.io/server/tools/gomad3/internal/compatibilitypack","Test":"TestGeneratedCompatibilityPackMutations/modernc-libc-xsys-v047/module_sum","Elapsed":0}
{"Time":"2026-10-08T19:12:56.239379033Z","Action":"run","Package":"go.temporal.io/server/tools/gomad3/internal/compatibilitypack","Test":"TestGeneratedCompatibilityPackMutations/modernc-libc-xsys-v047/module_version"}
{"Time":"2026-10-08T19:12:56.239388283Z","Action":"output","Package":"go.temporal.io/server/tools/gomad3/internal/compatibilitypack","Test":"TestGeneratedCompatibilityPackMutations/modernc-libc-xsys-v047/module_version","Output":"=== RUN   TestGeneratedCompatibilityPackMutations/modernc-libc-xsys-v047/module_version\n","OutputType":"frame"}
{"Time":"2026-10-08T19:12:56.240442825Z","Action":"output","Package":"go.temporal.io/server/tools/gomad3/internal/compatibilitypack","Test":"TestGeneratedCompatibilityPackMutations/modernc-libc-xsys-v047/module_version","Output":"--- PASS: TestGeneratedCompatibilityPackMutations/modernc-libc-xsys-v047/module_version (0.00s)\n","OutputType":"frame"}
{"Time":"2026-10-08T19:12:56.240465866Z","Action":"pass","Package":"go.temporal.io/server/tools/gomad3/internal/compatibilitypack","Test":"TestGeneratedCompatibilityPackMutations/modernc-libc-xsys-v047/module_version","Elapsed":0}
{"Time":"2026-10-08T19:12:56.240483325Z","Action":"run","Package":"go.temporal.io/server/tools/gomad3/internal/compatibilitypack","Test":"TestGeneratedCompatibilityPackMutations/modernc-libc-xsys-v047/original_source_inventory"}
{"Time":"2026-10-08T19:12:56.24050595Z","Action":"output","Package":"go.temporal.io/server/tools/gomad3/internal/compatibilitypack","Test":"TestGeneratedCompatibilityPackMutations/modernc-libc-xsys-v047/original_source_inventory","Output":"=== RUN   TestGeneratedCompatibilityPackMutations/modernc-libc-xsys-v047/original_source_inventory\n","OutputType":"frame"}
{"Time":"2026-10-08T19:12:56.240546408Z","Action":"output","Package":"go.temporal.io/server/tools/gomad3/internal/compatibilitypack/authoring","Test":"TestGenerateAdmissionRejectsFiveHostImportsBeforePublication/import:os/exec","Output":"--- PASS: TestGenerateAdmissionRejectsFiveHostImportsBeforePublication/import:os/exec (0.04s)\n","OutputType":"frame"}
{"Time":"2026-10-08T19:12:56.240567616Z","Action":"pass","Package":"go.temporal.io/server/tools/gomad3/internal/compatibilitypack/authoring","Test":"TestGenerateAdmissionRejectsFiveHostImportsBeforePublication/import:os/exec","Elapsed":0.04}
{"Time":"2026-10-08T19:12:56.24058895Z","Action":"run","Package":"go.temporal.io/server/tools/gomad3/internal/compatibilitypack/authoring","Test":"TestGenerateAdmissionRejectsFiveHostImportsBeforePublication/import:os/signal"}
{"Time":"2026-10-08T19:12:56.24062895Z","Action":"output","Package":"go.temporal.io/server/tools/gomad3/internal/compatibilitypack/authoring","Test":"TestGenerateAdmissionRejectsFiveHostImportsBeforePublication/import:os/signal","Output":"=== RUN   TestGenerateAdmissionRejectsFiveHostImportsBeforePublication/import:os/signal\n","OutputType":"frame"}
{"Time":"2026-10-08T19:12:56.2419532Z","Action":"output","Package":"go.temporal.io/server/tools/gomad3/internal/compatibilitypack","Test":"TestGeneratedCompatibilityPackMutations/modernc-libc-xsys-v047/original_source_inventory","Output":"--- PASS: TestGeneratedCompatibilityPackMutations/modernc-libc-xsys-v047/original_source_inventory (0.00s)\n","OutputType":"frame"}
{"Time":"2026-10-08T19:12:56.241991825Z","Action":"pass","Package":"go.temporal.io/server/tools/gomad3/internal/compatibilitypack","Test":"TestGeneratedCompatibilityPackMutations/modernc-libc-xsys-v047/original_source_inventory","Elapsed":0}
{"Time":"2026-10-08T19:12:56.242011116Z","Action":"run","Package":"go.temporal.io/server/tools/gomad3/internal/compatibilitypack","Test":"TestGeneratedCompatibilityPackMutations/modernc-libc-xsys-v047/owner"}
{"Time":"2026-10-08T19:12:56.242197408Z","Action":"output","Package":"go.temporal.io/server/tools/gomad3/internal/compatibilitypack","Test":"TestGeneratedCompatibilityPackMutations/modernc-libc-xsys-v047/owner","Output":"=== RUN   TestGeneratedCompatibilityPackMutations/modernc-libc-xsys-v047/owner\n","OutputType":"frame"}
{"Time":"2026-10-08T19:12:56.243548616Z","Action":"output","Package":"go.temporal.io/server/tools/gomad3/internal/compatibilitypack","Test":"TestGeneratedCompatibilityPackMutations/modernc-libc-xsys-v047/owner","Output":"--- PASS: TestGeneratedCompatibilityPackMutations/modernc-libc-xsys-v047/owner (0.00s)\n","OutputType":"frame"}
{"Time":"2026-10-08T19:12:56.243569991Z","Action":"pass","Package":"go.temporal.io/server/tools/gomad3/internal/compatibilitypack","Test":"TestGeneratedCompatibilityPackMutations/modernc-libc-xsys-v047/owner","Elapsed":0}
{"Time":"2026-10-08T19:12:56.243587241Z","Action":"run","Package":"go.temporal.io/server/tools/gomad3/internal/compatibilitypack","Test":"TestGeneratedCompatibilityPackMutations/modernc-libc-xsys-v047/pack_digest"}
{"Time":"2026-10-08T19:12:56.243601616Z","Action":"output","Package":"go.temporal.io/server/tools/gomad3/internal/compatibilitypack","Test":"TestGeneratedCompatibilityPackMutations/modernc-libc-xsys-v047/pack_digest","Output":"=== RUN   TestGeneratedCompatibilityPackMutations/modernc-libc-xsys-v047/pack_digest\n","OutputType":"frame"}
{"Time":"2026-10-08T19:12:56.244862283Z","Action":"output","Package":"go.temporal.io/server/tools/gomad3/internal/compatibilitypack","Test":"TestGeneratedCompatibilityPackMutations/modernc-libc-xsys-v047/pack_digest","Output":"--- PASS: TestGeneratedCompatibilityPackMutations/modernc-libc-xsys-v047/pack_digest (0.00s)\n","OutputType":"frame"}
{"Time":"2026-10-08T19:12:56.244882158Z","Action":"pass","Package":"go.temporal.io/server/tools/gomad3/internal/compatibilitypack","Test":"TestGeneratedCompatibilityPackMutations/modernc-libc-xsys-v047/pack_digest","Elapsed":0}
{"Time":"2026-10-08T19:12:56.244894533Z","Action":"run","Package":"go.temporal.io/server/tools/gomad3/internal/compatibilitypack","Test":"TestGeneratedCompatibilityPackMutations/modernc-libc-xsys-v047/platform"}
{"Time":"2026-10-08T19:12:56.244904991Z","Action":"output","Package":"go.temporal.io/server/tools/gomad3/internal/compatibilitypack","Test":"TestGeneratedCompatibilityPackMutations/modernc-libc-xsys-v047/platform","Output":"=== RUN   TestGeneratedCompatibilityPackMutations/modernc-libc-xsys-v047/platform\n","OutputType":"frame"}
{"Time":"2026-10-08T19:12:56.245841075Z","Action":"output","Package":"go.temporal.io/server/tools/gomad3/internal/compatibilitypack","Test":"TestGeneratedCompatibilityPackMutations/modernc-libc-xsys-v047/platform","Output":"--- PASS: TestGeneratedCompatibilityPackMutations/modernc-libc-xsys-v047/platform (0.00s)\n","OutputType":"frame"}
{"Time":"2026-10-08T19:12:56.245854533Z","Action":"pass","Package":"go.temporal.io/server/tools/gomad3/internal/compatibilitypack","Test":"TestGeneratedCompatibilityPackMutations/modernc-libc-xsys-v047/platform","Elapsed":0}
{"Time":"2026-10-08T19:12:56.245866491Z","Action":"run","Package":"go.temporal.io/server/tools/gomad3/internal/compatibilitypack","Test":"TestGeneratedCompatibilityPackMutations/modernc-libc-xsys-v047/positive"}
{"Time":"2026-10-08T19:12:56.245875991Z","Action":"output","Package":"go.temporal.io/server/tools/gomad3/internal/compatibilitypack","Test":"TestGeneratedCompatibilityPackMutations/modernc-libc-xsys-v047/positive","Output":"=== RUN   TestGeneratedCompatibilityPackMutations/modernc-libc-xsys-v047/positive\n","OutputType":"frame"}
{"Time":"2026-10-08T19:12:56.247207075Z","Action":"output","Package":"go.temporal.io/server/tools/gomad3/internal/compatibilitypack","Test":"TestGeneratedCompatibilityPackMutations/modernc-libc-xsys-v047/positive","Output":"--- PASS: TestGeneratedCompatibilityPackMutations/modernc-libc-xsys-v047/positive (0.00s)\n","OutputType":"frame"}
{"Time":"2026-10-08T19:12:56.247229991Z","Action":"pass","Package":"go.temporal.io/server/tools/gomad3/internal/compatibilitypack","Test":"TestGeneratedCompatibilityPackMutations/modernc-libc-xsys-v047/positive","Elapsed":0}
{"Time":"2026-10-08T19:12:56.247245783Z","Action":"run","Package":"go.temporal.io/server/tools/gomad3/internal/compatibilitypack","Test":"TestGeneratedCompatibilityPackMutations/modernc-libc-xsys-v047/prepared_source_set"}
{"Time":"2026-10-08T19:12:56.247259908Z","Action":"output","Package":"go.temporal.io/server/tools/gomad3/internal/compatibilitypack","Test":"TestGeneratedCompatibilityPackMutations/modernc-libc-xsys-v047/prepared_source_set","Output":"=== RUN   TestGeneratedCompatibilityPackMutations/modernc-libc-xsys-v047/prepared_source_set\n","OutputType":"frame"}
{"Time":"2026-10-08T19:12:56.248219491Z","Action":"output","Package":"go.temporal.io/server/tools/gomad3/internal/compatibilitypack","Test":"TestGeneratedCompatibilityPackMutations/modernc-libc-xsys-v047/prepared_source_set","Output":"--- PASS: TestGeneratedCompatibilityPackMutations/modernc-libc-xsys-v047/prepared_source_set (0.00s)\n","OutputType":"frame"}
{"Time":"2026-10-08T19:12:56.248250033Z","Action":"pass","Package":"go.temporal.io/server/tools/gomad3/internal/compatibilitypack","Test":"TestGeneratedCompatibilityPackMutations/modernc-libc-xsys-v047/prepared_source_set","Elapsed":0}
{"Time":"2026-10-08T19:12:56.248263658Z","Action":"run","Package":"go.temporal.io/server/tools/gomad3/internal/compatibilitypack","Test":"TestGeneratedCompatibilityPackMutations/modernc-libc-xsys-v047/replacement_source_inventory"}
{"Time":"2026-10-08T19:12:56.248317241Z","Action":"output","Package":"go.temporal.io/server/tools/gomad3/internal/compatibilitypack","Test":"TestGeneratedCompatibilityPackMutations/modernc-libc-xsys-v047/replacement_source_inventory","Output":"=== RUN   TestGeneratedCompatibilityPackMutations/modernc-libc-xsys-v047/replacement_source_inventory\n","OutputType":"frame"}
{"Time":"2026-10-08T19:12:56.249821033Z","Action":"output","Package":"go.temporal.io/server/tools/gomad3/internal/compatibilitypack","Test":"TestGeneratedCompatibilityPackMutations/modernc-libc-xsys-v047/replacement_source_inventory","Output":"--- PASS: TestGeneratedCompatibilityPackMutations/modernc-libc-xsys-v047/replacement_source_inventory (0.00s)\n","OutputType":"frame"}
{"Time":"2026-10-08T19:12:56.249900783Z","Action":"pass","Package":"go.temporal.io/server/tools/gomad3/internal/compatibilitypack","Test":"TestGeneratedCompatibilityPackMutations/modernc-libc-xsys-v047/replacement_source_inventory","Elapsed":0}
{"Time":"2026-10-08T19:12:56.250027991Z","Action":"run","Package":"go.temporal.io/server/tools/gomad3/internal/compatibilitypack","Test":"TestGeneratedCompatibilityPackMutations/modernc-libc-xsys-v047/request_identity"}
{"Time":"2026-10-08T19:12:56.250213908Z","Action":"output","Package":"go.temporal.io/server/tools/gomad3/internal/compatibilitypack","Test":"TestGeneratedCompatibilityPackMutations/modernc-libc-xsys-v047/request_identity","Output":"=== RUN   TestGeneratedCompatibilityPackMutations/modernc-libc-xsys-v047/request_identity\n","OutputType":"frame"}
{"Time":"2026-10-08T19:12:56.253082533Z","Action":"output","Package":"go.temporal.io/server/tools/gomad3/internal/compatibilitypack","Test":"TestGeneratedCompatibilityPackMutations/modernc-libc-xsys-v047/request_identity","Output":"--- PASS: TestGeneratedCompatibilityPackMutations/modernc-libc-xsys-v047/request_identity (0.00s)\n","OutputType":"frame"}
{"Time":"2026-10-08T19:12:56.253162325Z","Action":"pass","Package":"go.temporal.io/server/tools/gomad3/internal/compatibilitypack","Test":"TestGeneratedCompatibilityPackMutations/modernc-libc-xsys-v047/request_identity","Elapsed":0}
{"Time":"2026-10-08T19:12:56.253224741Z","Action":"run","Package":"go.temporal.io/server/tools/gomad3/internal/compatibilitypack","Test":"TestGeneratedCompatibilityPackMutations/modernc-libc-xsys-v047/review_time"}
{"Time":"2026-10-08T19:12:56.253327908Z","Action":"output","Package":"go.temporal.io/server/tools/gomad3/internal/compatibilitypack","Test":"TestGeneratedCompatibilityPackMutations/modernc-libc-xsys-v047/review_time","Output":"=== RUN   TestGeneratedCompatibilityPackMutations/modernc-libc-xsys-v047/review_time\n","OutputType":"frame"}
{"Time":"2026-10-08T19:12:56.2556542Z","Action":"output","Package":"go.temporal.io/server/tools/gomad3/internal/compatibilitypack","Test":"TestGeneratedCompatibilityPackMutations/modernc-libc-xsys-v047/review_time","Output":"--- PASS: TestGeneratedCompatibilityPackMutations/modernc-libc-xsys-v047/review_time (0.00s)\n","OutputType":"frame"}
{"Time":"2026-10-08T19:12:56.258224241Z","Action":"pass","Package":"go.temporal.io/server/tools/gomad3/internal/compatibilitypack","Test":"TestGeneratedCompatibilityPackMutations/modernc-libc-xsys-v047/review_time","Elapsed":0}
{"Time":"2026-10-08T19:12:56.258452325Z","Action":"run","Package":"go.temporal.io/server/tools/gomad3/internal/compatibilitypack","Test":"TestGeneratedCompatibilityPackMutations/modernc-libc-xsys-v047/source_set"}
{"Time":"2026-10-08T19:12:56.258776158Z","Action":"output","Package":"go.temporal.io/server/tools/gomad3/internal/compatibilitypack","Test":"TestGeneratedCompatibilityPackMutations/modernc-libc-xsys-v047/source_set","Output":"=== RUN   TestGeneratedCompatibilityPackMutations/modernc-libc-xsys-v047/source_set\n","OutputType":"frame"}
{"Time":"2026-10-08T19:12:56.258851991Z","Action":"output","Package":"go.temporal.io/server/tools/gomad3/internal/compatibilitypack","Test":"TestGeneratedCompatibilityPackMutations/modernc-libc-xsys-v047/source_set","Output":"--- PASS: TestGeneratedCompatibilityPackMutations/modernc-libc-xsys-v047/source_set (0.00s)\n","OutputType":"frame"}
{"Time":"2026-10-08T19:12:56.25892745Z","Action":"pass","Package":"go.temporal.io/server/tools/gomad3/internal/compatibilitypack","Test":"TestGeneratedCompatibilityPackMutations/modernc-libc-xsys-v047/source_set","Elapsed":0}
{"Time":"2026-10-08T19:12:56.2590897Z","Action":"run","Package":"go.temporal.io/server/tools/gomad3/internal/compatibilitypack","Test":"TestGeneratedCompatibilityPackMutations/modernc-libc-xsys-v047/workload"}
{"Time":"2026-10-08T19:12:56.259139408Z","Action":"output","Package":"go.temporal.io/server/tools/gomad3/internal/compatibilitypack","Test":"TestGeneratedCompatibilityPackMutations/modernc-libc-xsys-v047/workload","Output":"=== RUN   TestGeneratedCompatibilityPackMutations/modernc-libc-xsys-v047/workload\n","OutputType":"frame"}
{"Time":"2026-10-08T19:12:56.259520366Z","Action":"output","Package":"go.temporal.io/server/tools/gomad3/internal/compatibilitypack","Test":"TestGeneratedCompatibilityPackMutations/modernc-libc-xsys-v047/workload","Output":"--- PASS: TestGeneratedCompatibilityPackMutations/modernc-libc-xsys-v047/workload (0.00s)\n","OutputType":"frame"}
{"Time":"2026-10-08T19:12:56.259765366Z","Action":"pass","Package":"go.temporal.io/server/tools/gomad3/internal/compatibilitypack","Test":"TestGeneratedCompatibilityPackMutations/modernc-libc-xsys-v047/workload","Elapsed":0}
{"Time":"2026-10-08T19:12:56.259787866Z","Action":"run","Package":"go.temporal.io/server/tools/gomad3/internal/compatibilitypack","Test":"TestGeneratedCompatibilityPackMutations/modernc-libc-xsys-v047-isatty-v021/adapter_identity"}
{"Time":"2026-10-08T19:12:56.25985195Z","Action":"output","Package":"go.temporal.io/server/tools/gomad3/internal/compatibilitypack","Test":"TestGeneratedCompatibilityPackMutations/modernc-libc-xsys-v047-isatty-v021/adapter_identity","Output":"=== RUN   TestGeneratedCompatibilityPackMutations/modernc-libc-xsys-v047-isatty-v021/adapter_identity\n","OutputType":"frame"}
{"Time":"2026-10-08T19:12:56.259888366Z","Action":"output","Package":"go.temporal.io/server/tools/gomad3/internal/compatibilitypack","Test":"TestGeneratedCompatibilityPackMutations/modernc-libc-xsys-v047-isatty-v021/adapter_identity","Output":"--- PASS: TestGeneratedCompatibilityPackMutations/modernc-libc-xsys-v047-isatty-v021/adapter_identity (0.00s)\n","OutputType":"frame"}
{"Time":"2026-10-08T19:12:56.259926616Z","Action":"pass","Package":"go.temporal.io/server/tools/gomad3/internal/compatibilitypack","Test":"TestGeneratedCompatibilityPackMutations/modernc-libc-xsys-v047-isatty-v021/adapter_identity","Elapsed":0}
{"Time":"2026-10-08T19:12:56.259967908Z","Action":"run","Package":"go.temporal.io/server/tools/gomad3/internal/compatibilitypack","Test":"TestGeneratedCompatibilityPackMutations/modernc-libc-xsys-v047-isatty-v021/approval"}
{"Time":"2026-10-08T19:12:56.259997866Z","Action":"output","Package":"go.temporal.io/server/tools/gomad3/internal/compatibilitypack","Test":"TestGeneratedCompatibilityPackMutations/modernc-libc-xsys-v047-isatty-v021/approval","Output":"=== RUN   TestGeneratedCompatibilityPackMutations/modernc-libc-xsys-v047-isatty-v021/approval\n","OutputType":"frame"}
{"Time":"2026-10-08T19:12:56.260212158Z","Action":"output","Package":"go.temporal.io/server/tools/gomad3/internal/compatibilitypack","Test":"TestGeneratedCompatibilityPackMutations/modernc-libc-xsys-v047-isatty-v021/approval","Output":"--- PASS: TestGeneratedCompatibilityPackMutations/modernc-libc-xsys-v047-isatty-v021/approval (0.00s)\n","OutputType":"frame"}
{"Time":"2026-10-08T19:12:56.260305825Z","Action":"pass","Package":"go.temporal.io/server/tools/gomad3/internal/compatibilitypack","Test":"TestGeneratedCompatibilityPackMutations/modernc-libc-xsys-v047-isatty-v021/approval","Elapsed":0}
{"Time":"2026-10-08T19:12:56.260330241Z","Action":"run","Package":"go.temporal.io/server/tools/gomad3/internal/compatibilitypack","Test":"TestGeneratedCompatibilityPackMutations/modernc-libc-xsys-v047-isatty-v021/arbitrary_local_replacement"}
{"Time":"2026-10-08T19:12:56.260369616Z","Action":"output","Package":"go.temporal.io/server/tools/gomad3/internal/compatibilitypack","Test":"TestGeneratedCompatibilityPackMutations/modernc-libc-xsys-v047-isatty-v021/arbitrary_local_replacement","Output":"=== RUN   TestGeneratedCompatibilityPackMutations/modernc-libc-xsys-v047-isatty-v021/arbitrary_local_replacement\n","OutputType":"frame"}
{"Time":"2026-10-08T19:12:56.260415116Z","Action":"output","Package":"go.temporal.io/server/tools/gomad3/internal/compatibilitypack","Test":"TestGeneratedCompatibilityPackMutations/modernc-libc-xsys-v047-isatty-v021/arbitrary_local_replacement","Output":"--- PASS: TestGeneratedCompatibilityPackMutations/modernc-libc-xsys-v047-isatty-v021/arbitrary_local_replacement (0.00s)\n","OutputType":"frame"}
{"Time":"2026-10-08T19:12:56.26046495Z","Action":"pass","Package":"go.temporal.io/server/tools/gomad3/internal/compatibilitypack","Test":"TestGeneratedCompatibilityPackMutations/modernc-libc-xsys-v047-isatty-v021/arbitrary_local_replacement","Elapsed":0}
{"Time":"2026-10-08T19:12:56.260507616Z","Action":"run","Package":"go.temporal.io/server/tools/gomad3/internal/compatibilitypack","Test":"TestGeneratedCompatibilityPackMutations/modernc-libc-xsys-v047-isatty-v021/availability"}
{"Time":"2026-10-08T19:12:56.26053195Z","Action":"output","Package":"go.temporal.io/server/tools/gomad3/internal/compatibilitypack","Test":"TestGeneratedCompatibilityPackMutations/modernc-libc-xsys-v047-isatty-v021/availability","Output":"=== RUN   TestGeneratedCompatibilityPackMutations/modernc-libc-xsys-v047-isatty-v021/availability\n","OutputType":"frame"}
{"Time":"2026-10-08T19:12:56.260564033Z","Action":"output","Package":"go.temporal.io/server/tools/gomad3/internal/compatibilitypack","Test":"TestGeneratedCompatibilityPackMutations/modernc-libc-xsys-v047-isatty-v021/availability","Output":"--- PASS: TestGeneratedCompatibilityPackMutations/modernc-libc-xsys-v047-isatty-v021/availability (0.00s)\n","OutputType":"frame"}
{"Time":"2026-10-08T19:12:56.26060845Z","Action":"pass","Package":"go.temporal.io/server/tools/gomad3/internal/compatibilitypack","Test":"TestGeneratedCompatibilityPackMutations/modernc-libc-xsys-v047-isatty-v021/availability","Elapsed":0}
{"Time":"2026-10-08T19:12:56.260682991Z","Action":"run","Package":"go.temporal.io/server/tools/gomad3/internal/compatibilitypack","Test":"TestGeneratedCompatibilityPackMutations/modernc-libc-xsys-v047-isatty-v021/go_source"}
{"Time":"2026-10-08T19:12:56.260719158Z","Action":"output","Package":"go.temporal.io/server/tools/gomad3/internal/compatibilitypack","Test":"TestGeneratedCompatibilityPackMutations/modernc-libc-xsys-v047-isatty-v021/go_source","Output":"=== RUN   TestGeneratedCompatibilityPackMutations/modernc-libc-xsys-v047-isatty-v021/go_source\n","OutputType":"frame"}
{"Time":"2026-10-08T19:12:56.260753575Z","Action":"output","Package":"go.temporal.io/server/tools/gomad3/internal/compatibilitypack","Test":"TestGeneratedCompatibilityPackMutations/modernc-libc-xsys-v047-isatty-v021/go_source","Output":"--- PASS: TestGeneratedCompatibilityPackMutations/modernc-libc-xsys-v047-isatty-v021/go_source (0.00s)\n","OutputType":"frame"}
{"Time":"2026-10-08T19:12:56.260849825Z","Action":"pass","Package":"go.temporal.io/server/tools/gomad3/internal/compatibilitypack","Test":"TestGeneratedCompatibilityPackMutations/modernc-libc-xsys-v047-isatty-v021/go_source","Elapsed":0}
{"Time":"2026-10-08T19:12:56.260871116Z","Action":"run","Package":"go.temporal.io/server/tools/gomad3/internal/compatibilitypack","Test":"TestGeneratedCompatibilityPackMutations/modernc-libc-xsys-v047-isatty-v021/justification"}
{"Time":"2026-10-08T19:12:56.260940575Z","Action":"output","Package":"go.temporal.io/server/tools/gomad3/internal/compatibilitypack","Test":"TestGeneratedCompatibilityPackMutations/modernc-libc-xsys-v047-isatty-v021/justification","Output":"=== RUN   TestGeneratedCompatibilityPackMutations/modernc-libc-xsys-v047-isatty-v021/justification\n","OutputType":"frame"}
{"Time":"2026-10-08T19:12:56.261034241Z","Action":"output","Package":"go.temporal.io/server/tools/gomad3/internal/compatibilitypack","Test":"TestGeneratedCompatibilityPackMutations/modernc-libc-xsys-v047-isatty-v021/justification","Output":"--- PASS: TestGeneratedCompatibilityPackMutations/modernc-libc-xsys-v047-isatty-v021/justification (0.00s)\n","OutputType":"frame"}
{"Time":"2026-10-08T19:12:56.261089741Z","Action":"pass","Package":"go.temporal.io/server/tools/gomad3/internal/compatibilitypack","Test":"TestGeneratedCompatibilityPackMutations/modernc-libc-xsys-v047-isatty-v021/justification","Elapsed":0}
{"Time":"2026-10-08T19:12:56.261130825Z","Action":"run","Package":"go.temporal.io/server/tools/gomad3/internal/compatibilitypack","Test":"TestGeneratedCompatibilityPackMutations/modernc-libc-xsys-v047-isatty-v021/module_sum"}
{"Time":"2026-10-08T19:12:56.261167908Z","Action":"output","Package":"go.temporal.io/server/tools/gomad3/internal/compatibilitypack","Test":"TestGeneratedCompatibilityPackMutations/modernc-libc-xsys-v047-isatty-v021/module_sum","Output":"=== RUN   TestGeneratedCompatibilityPackMutations/modernc-libc-xsys-v047-isatty-v021/module_sum\n","OutputType":"frame"}
{"Time":"2026-10-08T19:12:56.26120745Z","Action":"output","Package":"go.temporal.io/server/tools/gomad3/internal/compatibilitypack","Test":"TestGeneratedCompatibilityPackMutations/modernc-libc-xsys-v047-isatty-v021/module_sum","Output":"--- PASS: TestGeneratedCompatibilityPackMutations/modernc-libc-xsys-v047-isatty-v021/module_sum (0.00s)\n","OutputType":"frame"}
{"Time":"2026-10-08T19:12:56.261235158Z","Action":"pass","Package":"go.temporal.io/server/tools/gomad3/internal/compatibilitypack","Test":"TestGeneratedCompatibilityPackMutations/modernc-libc-xsys-v047-isatty-v021/module_sum","Elapsed":0}
{"Time":"2026-10-08T19:12:56.261425866Z","Action":"run","Package":"go.temporal.io/server/tools/gomad3/internal/compatibilitypack","Test":"TestGeneratedCompatibilityPackMutations/modernc-libc-xsys-v047-isatty-v021/module_version"}
{"Time":"2026-10-08T19:12:56.26145045Z","Action":"output","Package":"go.temporal.io/server/tools/gomad3/internal/compatibilitypack","Test":"TestGeneratedCompatibilityPackMutations/modernc-libc-xsys-v047-isatty-v021/module_version","Output":"=== RUN   TestGeneratedCompatibilityPackMutations/modernc-libc-xsys-v047-isatty-v021/module_version\n","OutputType":"frame"}
{"Time":"2026-10-08T19:12:56.261465991Z","Action":"output","Package":"go.temporal.io/server/tools/gomad3/internal/compatibilitypack","Test":"TestGeneratedCompatibilityPackMutations/modernc-libc-xsys-v047-isatty-v021/module_version","Output":"--- PASS: TestGeneratedCompatibilityPackMutations/modernc-libc-xsys-v047-isatty-v021/module_version (0.00s)\n","OutputType":"frame"}
{"Time":"2026-10-08T19:12:56.2614842Z","Action":"pass","Package":"go.temporal.io/server/tools/gomad3/internal/compatibilitypack","Test":"TestGeneratedCompatibilityPackMutations/modernc-libc-xsys-v047-isatty-v021/module_version","Elapsed":0}
{"Time":"2026-10-08T19:12:56.261623491Z","Action":"run","Package":"go.temporal.io/server/tools/gomad3/internal/compatibilitypack","Test":"TestGeneratedCompatibilityPackMutations/modernc-libc-xsys-v047-isatty-v021/original_source_inventory"}
{"Time":"2026-10-08T19:12:56.264791866Z","Action":"output","Package":"go.temporal.io/server/tools/gomad3/internal/compatibilitypack","Test":"TestGeneratedCompatibilityPackMutations/modernc-libc-xsys-v047-isatty-v021/original_source_inventory","Output":"=== RUN   TestGeneratedCompatibilityPackMutations/modernc-libc-xsys-v047-isatty-v021/original_source_inventory\n","OutputType":"frame"}
{"Time":"2026-10-08T19:12:56.265663283Z","Action":"output","Package":"go.temporal.io/server/tools/gomad3/internal/compatibilitypack","Test":"TestGeneratedCompatibilityPackMutations/modernc-libc-xsys-v047-isatty-v021/original_source_inventory","Output":"--- PASS: TestGeneratedCompatibilityPackMutations/modernc-libc-xsys-v047-isatty-v021/original_source_inventory (0.00s)\n","OutputType":"frame"}
{"Time":"2026-10-08T19:12:56.266288866Z","Action":"pass","Package":"go.temporal.io/server/tools/gomad3/internal/compatibilitypack","Test":"TestGeneratedCompatibilityPackMutations/modernc-libc-xsys-v047-isatty-v021/original_source_inventory","Elapsed":0}
{"Time":"2026-10-08T19:12:56.269357325Z","Action":"run","Package":"go.temporal.io/server/tools/gomad3/internal/compatibilitypack","Test":"TestGeneratedCompatibilityPackMutations/modernc-libc-xsys-v047-isatty-v021/owner"}
{"Time":"2026-10-08T19:12:56.26980395Z","Action":"output","Package":"go.temporal.io/server/tools/gomad3/internal/compatibilitypack","Test":"TestGeneratedCompatibilityPackMutations/modernc-libc-xsys-v047-isatty-v021/owner","Output":"=== RUN   TestGeneratedCompatibilityPackMutations/modernc-libc-xsys-v047-isatty-v021/owner\n","OutputType":"frame"}
{"Time":"2026-10-08T19:12:56.269829616Z","Action":"output","Package":"go.temporal.io/server/tools/gomad3/internal/compatibilitypack","Test":"TestGeneratedCompatibilityPackMutations/modernc-libc-xsys-v047-isatty-v021/owner","Output":"--- PASS: TestGeneratedCompatibilityPackMutations/modernc-libc-xsys-v047-isatty-v021/owner (0.00s)\n","OutputType":"frame"}
{"Time":"2026-10-08T19:12:56.274914741Z","Action":"pass","Package":"go.temporal.io/server/tools/gomad3/internal/compatibilitypack","Test":"TestGeneratedCompatibilityPackMutations/modernc-libc-xsys-v047-isatty-v021/owner","Elapsed":0}
{"Time":"2026-10-08T19:12:56.274946575Z","Action":"run","Package":"go.temporal.io/server/tools/gomad3/internal/compatibilitypack","Test":"TestGeneratedCompatibilityPackMutations/modernc-libc-xsys-v047-isatty-v021/pack_digest"}
{"Time":"2026-10-08T19:12:56.275241575Z","Action":"output","Package":"go.temporal.io/server/tools/gomad3/internal/compatibilitypack","Test":"TestGeneratedCompatibilityPackMutations/modernc-libc-xsys-v047-isatty-v021/pack_digest","Output":"=== RUN   TestGeneratedCompatibilityPackMutations/modernc-libc-xsys-v047-isatty-v021/pack_digest\n","OutputType":"frame"}
{"Time":"2026-10-08T19:12:56.276059158Z","Action":"output","Package":"go.temporal.io/server/tools/gomad3/internal/compatibilitypack","Test":"TestGeneratedCompatibilityPackMutations/modernc-libc-xsys-v047-isatty-v021/pack_digest","Output":"--- PASS: TestGeneratedCompatibilityPackMutations/modernc-libc-xsys-v047-isatty-v021/pack_digest (0.00s)\n","OutputType":"frame"}
{"Time":"2026-10-08T19:12:56.276681866Z","Action":"pass","Package":"go.temporal.io/server/tools/gomad3/internal/compatibilitypack","Test":"TestGeneratedCompatibilityPackMutations/modernc-libc-xsys-v047-isatty-v021/pack_digest","Elapsed":0}
{"Time":"2026-10-08T19:12:56.276828408Z","Action":"run","Package":"go.temporal.io/server/tools/gomad3/internal/compatibilitypack","Test":"TestGeneratedCompatibilityPackMutations/modernc-libc-xsys-v047-isatty-v021/platform"}
{"Time":"2026-10-08T19:12:56.278024575Z","Action":"output","Package":"go.temporal.io/server/tools/gomad3/internal/compatibilitypack","Test":"TestGeneratedCompatibilityPackMutations/modernc-libc-xsys-v047-isatty-v021/platform","Output":"=== RUN   TestGeneratedCompatibilityPackMutations/modernc-libc-xsys-v047-isatty-v021/platform\n","OutputType":"frame"}
{"Time":"2026-10-08T19:12:56.278693408Z","Action":"output","Package":"go.temporal.io/server/tools/gomad3/internal/compatibilitypack","Test":"TestGeneratedCompatibilityPackMutations/modernc-libc-xsys-v047-isatty-v021/platform","Output":"--- PASS: TestGeneratedCompatibilityPackMutations/modernc-libc-xsys-v047-isatty-v021/platform (0.00s)\n","OutputType":"frame"}
{"Time":"2026-10-08T19:12:56.2787377Z","Action":"pass","Package":"go.temporal.io/server/tools/gomad3/internal/compatibilitypack","Test":"TestGeneratedCompatibilityPackMutations/modernc-libc-xsys-v047-isatty-v021/platform","Elapsed":0}
{"Time":"2026-10-08T19:12:56.278791908Z","Action":"run","Package":"go.temporal.io/server/tools/gomad3/internal/compatibilitypack","Test":"TestGeneratedCompatibilityPackMutations/modernc-libc-xsys-v047-isatty-v021/positive"}
{"Time":"2026-10-08T19:12:56.278851366Z","Action":"output","Package":"go.temporal.io/server/tools/gomad3/internal/compatibilitypack","Test":"TestGeneratedCompatibilityPackMutations/modernc-libc-xsys-v047-isatty-v021/positive","Output":"=== RUN   TestGeneratedCompatibilityPackMutations/modernc-libc-xsys-v047-isatty-v021/positive\n","OutputType":"frame"}
{"Time":"2026-10-08T19:12:56.278889575Z","Action":"output","Package":"go.temporal.io/server/tools/gomad3/internal/compatibilitypack","Test":"TestGeneratedCompatibilityPackMutations/modernc-libc-xsys-v047-isatty-v021/positive","Output":"--- PASS: TestGeneratedCompatibilityPackMutations/modernc-libc-xsys-v047-isatty-v021/positive (0.00s)\n","OutputType":"frame"}
{"Time":"2026-10-08T19:12:56.278915575Z","Action":"pass","Package":"go.temporal.io/server/tools/gomad3/internal/compatibilitypack","Test":"TestGeneratedCompatibilityPackMutations/modernc-libc-xsys-v047-isatty-v021/positive","Elapsed":0}
{"Time":"2026-10-08T19:12:56.279844533Z","Action":"run","Package":"go.temporal.io/server/tools/gomad3/internal/compatibilitypack","Test":"TestGeneratedCompatibilityPackMutations/modernc-libc-xsys-v047-isatty-v021/prepared_source_set"}
{"Time":"2026-10-08T19:12:56.279941575Z","Action":"output","Package":"go.temporal.io/server/tools/gomad3/internal/compatibilitypack","Test":"TestGeneratedCompatibilityPackMutations/modernc-libc-xsys-v047-isatty-v021/prepared_source_set","Output":"=== RUN   TestGeneratedCompatibilityPackMutations/modernc-libc-xsys-v047-isatty-v021/prepared_source_set\n","OutputType":"frame"}
{"Time":"2026-10-08T19:12:56.280380158Z","Action":"output","Package":"go.temporal.io/server/tools/gomad3/internal/compatibilitypack","Test":"TestGeneratedCompatibilityPackMutations/modernc-libc-xsys-v047-isatty-v021/prepared_source_set","Output":"--- PASS: TestGeneratedCompatibilityPackMutations/modernc-libc-xsys-v047-isatty-v021/prepared_source_set (0.00s)\n","OutputType":"frame"}
{"Time":"2026-10-08T19:12:56.280606991Z","Action":"pass","Package":"go.temporal.io/server/tools/gomad3/internal/compatibilitypack","Test":"TestGeneratedCompatibilityPackMutations/modernc-libc-xsys-v047-isatty-v021/prepared_source_set","Elapsed":0}
{"Time":"2026-10-08T19:12:56.280891116Z","Action":"run","Package":"go.temporal.io/server/tools/gomad3/internal/compatibilitypack","Test":"TestGeneratedCompatibilityPackMutations/modernc-libc-xsys-v047-isatty-v021/replacement_source_inventory"}
{"Time":"2026-10-08T19:12:56.280936908Z","Action":"output","Package":"go.temporal.io/server/tools/gomad3/internal/compatibilitypack","Test":"TestGeneratedCompatibilityPackMutations/modernc-libc-xsys-v047-isatty-v021/replacement_source_inventory","Output":"=== RUN   TestGeneratedCompatibilityPackMutations/modernc-libc-xsys-v047-isatty-v021/replacement_source_inventory\n","OutputType":"frame"}
{"Time":"2026-10-08T19:12:56.283796325Z","Action":"output","Package":"go.temporal.io/server/tools/gomad3/internal/compatibilitypack","Test":"TestGeneratedCompatibilityPackMutations/modernc-libc-xsys-v047-isatty-v021/replacement_source_inventory","Output":"--- PASS: TestGeneratedCompatibilityPackMutations/modernc-libc-xsys-v047-isatty-v021/replacement_source_inventory (0.00s)\n","OutputType":"frame"}
{"Time":"2026-10-08T19:12:56.28385345Z","Action":"pass","Package":"go.temporal.io/server/tools/gomad3/internal/compatibilitypack","Test":"TestGeneratedCompatibilityPackMutations/modernc-libc-xsys-v047-isatty-v021/replacement_source_inventory","Elapsed":0}
{"Time":"2026-10-08T19:12:56.2826267Z","Action":"run","Package":"go.temporal.io/server/tools/gomad3/upgrade","Test":"TestRunRenderingFailurePreservesGateEvidence/publication/write1"}
{"Time":"2026-10-08T19:12:56.285189033Z","Action":"output","Package":"go.temporal.io/server/tools/gomad3/upgrade","Test":"TestRunRenderingFailurePreservesGateEvidence/publication/write1","Output":"=== RUN   TestRunRenderingFailurePreservesGateEvidence/publication/write1\n","OutputType":"frame"}
{"Time":"2026-10-08T19:12:56.285315033Z","Action":"output","Package":"go.temporal.io/server/tools/gomad3/upgrade","Test":"TestRunRenderingFailurePreservesGateEvidence/publication/write1","Output":"--- PASS: TestRunRenderingFailurePreservesGateEvidence/publication/write1 (0.01s)\n","OutputType":"frame"}
{"Time":"2026-10-08T19:12:56.284265783Z","Action":"run","Package":"go.temporal.io/server/tools/gomad3/internal/compatibilitypack","Test":"TestGeneratedCompatibilityPackMutations/modernc-libc-xsys-v047-isatty-v021/request_identity"}
{"Time":"2026-10-08T19:12:56.2860677Z","Action":"output","Package":"go.temporal.io/server/tools/gomad3/internal/compatibilitypack","Test":"TestGeneratedCompatibilityPackMutations/modernc-libc-xsys-v047-isatty-v021/request_identity","Output":"=== RUN   TestGeneratedCompatibilityPackMutations/modernc-libc-xsys-v047-isatty-v021/request_identity\n","OutputType":"frame"}
{"Time":"2026-10-08T19:12:56.287021741Z","Action":"output","Package":"go.temporal.io/server/tools/gomad3/internal/compatibilitypack","Test":"TestGeneratedCompatibilityPackMutations/modernc-libc-xsys-v047-isatty-v021/request_identity","Output":"--- PASS: TestGeneratedCompatibilityPackMutations/modernc-libc-xsys-v047-isatty-v021/request_identity (0.00s)\n","OutputType":"frame"}
{"Time":"2026-10-08T19:12:56.285701533Z","Action":"pass","Package":"go.temporal.io/server/tools/gomad3/upgrade","Test":"TestRunRenderingFailurePreservesGateEvidence/publication/write1","Elapsed":0.01}
{"Time":"2026-10-08T19:12:56.287486783Z","Action":"run","Package":"go.temporal.io/server/tools/gomad3/upgrade","Test":"TestRunRenderingFailurePreservesGateEvidence/publication/write2"}
{"Time":"2026-10-08T19:12:56.287569325Z","Action":"output","Package":"go.temporal.io/server/tools/gomad3/upgrade","Test":"TestRunRenderingFailurePreservesGateEvidence/publication/write2","Output":"=== RUN   TestRunRenderingFailurePreservesGateEvidence/publication/write2\n","OutputType":"frame"}
{"Time":"2026-10-08T19:12:56.287281533Z","Action":"pass","Package":"go.temporal.io/server/tools/gomad3/internal/compatibilitypack","Test":"TestGeneratedCompatibilityPackMutations/modernc-libc-xsys-v047-isatty-v021/request_identity","Elapsed":0}
{"Time":"2026-10-08T19:12:56.288098533Z","Action":"run","Package":"go.temporal.io/server/tools/gomad3/internal/compatibilitypack","Test":"TestGeneratedCompatibilityPackMutations/modernc-libc-xsys-v047-isatty-v021/review_time"}
{"Time":"2026-10-08T19:12:56.288127533Z","Action":"output","Package":"go.temporal.io/server/tools/gomad3/internal/compatibilitypack","Test":"TestGeneratedCompatibilityPackMutations/modernc-libc-xsys-v047-isatty-v021/review_time","Output":"=== RUN   TestGeneratedCompatibilityPackMutations/modernc-libc-xsys-v047-isatty-v021/review_time\n","OutputType":"frame"}
{"Time":"2026-10-08T19:12:56.288261741Z","Action":"output","Package":"go.temporal.io/server/tools/gomad3/internal/compatibilitypack","Test":"TestGeneratedCompatibilityPackMutations/modernc-libc-xsys-v047-isatty-v021/review_time","Output":"--- PASS: TestGeneratedCompatibilityPackMutations/modernc-libc-xsys-v047-isatty-v021/review_time (0.00s)\n","OutputType":"frame"}
{"Time":"2026-10-08T19:12:56.289283908Z","Action":"pass","Package":"go.temporal.io/server/tools/gomad3/internal/compatibilitypack","Test":"TestGeneratedCompatibilityPackMutations/modernc-libc-xsys-v047-isatty-v021/review_time","Elapsed":0}
{"Time":"2026-10-08T19:12:56.289435283Z","Action":"run","Package":"go.temporal.io/server/tools/gomad3/internal/compatibilitypack","Test":"TestGeneratedCompatibilityPackMutations/modernc-libc-xsys-v047-isatty-v021/source_set"}
{"Time":"2026-10-08T19:12:56.291183866Z","Action":"output","Package":"go.temporal.io/server/tools/gomad3/internal/compatibilitypack","Test":"TestGeneratedCompatibilityPackMutations/modernc-libc-xsys-v047-isatty-v021/source_set","Output":"=== RUN   TestGeneratedCompatibilityPackMutations/modernc-libc-xsys-v047-isatty-v021/source_set\n","OutputType":"frame"}
{"Time":"2026-10-08T19:12:56.291224075Z","Action":"output","Package":"go.temporal.io/server/tools/gomad3/internal/compatibilitypack","Test":"TestGeneratedCompatibilityPackMutations/modernc-libc-xsys-v047-isatty-v021/source_set","Output":"--- PASS: TestGeneratedCompatibilityPackMutations/modernc-libc-xsys-v047-isatty-v021/source_set (0.00s)\n","OutputType":"frame"}
{"Time":"2026-10-08T19:12:56.291264325Z","Action":"pass","Package":"go.temporal.io/server/tools/gomad3/internal/compatibilitypack","Test":"TestGeneratedCompatibilityPackMutations/modernc-libc-xsys-v047-isatty-v021/source_set","Elapsed":0}
{"Time":"2026-10-08T19:12:56.292452533Z","Action":"run","Package":"go.temporal.io/server/tools/gomad3/internal/compatibilitypack","Test":"TestGeneratedCompatibilityPackMutations/modernc-libc-xsys-v047-isatty-v021/workload"}
{"Time":"2026-10-08T19:12:56.292546408Z","Action":"output","Package":"go.temporal.io/server/tools/gomad3/internal/compatibilitypack","Test":"TestGeneratedCompatibilityPackMutations/modernc-libc-xsys-v047-isatty-v021/workload","Output":"=== RUN   TestGeneratedCompatibilityPackMutations/modernc-libc-xsys-v047-isatty-v021/workload\n","OutputType":"frame"}
{"Time":"2026-10-08T19:12:56.292646575Z","Action":"output","Package":"go.temporal.io/server/tools/gomad3/internal/compatibilitypack","Test":"TestGeneratedCompatibilityPackMutations/modernc-libc-xsys-v047-isatty-v021/workload","Output":"--- PASS: TestGeneratedCompatibilityPackMutations/modernc-libc-xsys-v047-isatty-v021/workload (0.00s)\n","OutputType":"frame"}
{"Time":"2026-10-08T19:12:56.29349195Z","Action":"pass","Package":"go.temporal.io/server/tools/gomad3/internal/compatibilitypack","Test":"TestGeneratedCompatibilityPackMutations/modernc-libc-xsys-v047-isatty-v021/workload","Elapsed":0}
{"Time":"2026-10-08T19:12:56.2923717Z","Action":"output","Package":"go.temporal.io/server/tools/gomad3/upgrade","Test":"TestRunRenderingFailurePreservesGateEvidence/publication/write2","Output":"--- PASS: TestRunRenderingFailurePreservesGateEvidence/publication/write2 (0.01s)\n","OutputType":"frame"}
{"Time":"2026-10-08T19:12:56.294759408Z","Action":"pass","Package":"go.temporal.io/server/tools/gomad3/upgrade","Test":"TestRunRenderingFailurePreservesGateEvidence/publication/write2","Elapsed":0.01}
{"Time":"2026-10-08T19:12:56.293888033Z","Action":"run","Package":"go.temporal.io/server/tools/gomad3/internal/compatibilitypack","Test":"TestGeneratedCompatibilityPackMutations/modernc-libc-xsys-v047-linux-amd64/adapter_identity"}
{"Time":"2026-10-08T19:12:56.295152116Z","Action":"output","Package":"go.temporal.io/server/tools/gomad3/internal/compatibilitypack","Test":"TestGeneratedCompatibilityPackMutations/modernc-libc-xsys-v047-linux-amd64/adapter_identity","Output":"=== RUN   TestGeneratedCompatibilityPackMutations/modernc-libc-xsys-v047-linux-amd64/adapter_identity\n","OutputType":"frame"}
{"Time":"2026-10-08T19:12:56.2952367Z","Action":"output","Package":"go.temporal.io/server/tools/gomad3/internal/compatibilitypack","Test":"TestGeneratedCompatibilityPackMutations/modernc-libc-xsys-v047-linux-amd64/adapter_identity","Output":"--- PASS: TestGeneratedCompatibilityPackMutations/modernc-libc-xsys-v047-linux-amd64/adapter_identity (0.00s)\n","OutputType":"frame"}
{"Time":"2026-10-08T19:12:56.2953577Z","Action":"pass","Package":"go.temporal.io/server/tools/gomad3/internal/compatibilitypack","Test":"TestGeneratedCompatibilityPackMutations/modernc-libc-xsys-v047-linux-amd64/adapter_identity","Elapsed":0}
{"Time":"2026-10-08T19:12:56.29542195Z","Action":"run","Package":"go.temporal.io/server/tools/gomad3/internal/compatibilitypack","Test":"TestGeneratedCompatibilityPackMutations/modernc-libc-xsys-v047-linux-amd64/approval"}
{"Time":"2026-10-08T19:12:56.295602908Z","Action":"output","Package":"go.temporal.io/server/tools/gomad3/internal/compatibilitypack","Test":"TestGeneratedCompatibilityPackMutations/modernc-libc-xsys-v047-linux-amd64/approval","Output":"=== RUN   TestGeneratedCompatibilityPackMutations/modernc-libc-xsys-v047-linux-amd64/approval\n","OutputType":"frame"}
{"Time":"2026-10-08T19:12:56.295661283Z","Action":"output","Package":"go.temporal.io/server/tools/gomad3/internal/compatibilitypack","Test":"TestGeneratedCompatibilityPackMutations/modernc-libc-xsys-v047-linux-amd64/approval","Output":"--- PASS: TestGeneratedCompatibilityPackMutations/modernc-libc-xsys-v047-linux-amd64/approval (0.00s)\n","OutputType":"frame"}
{"Time":"2026-10-08T19:12:56.295718491Z","Action":"pass","Package":"go.temporal.io/server/tools/gomad3/internal/compatibilitypack","Test":"TestGeneratedCompatibilityPackMutations/modernc-libc-xsys-v047-linux-amd64/approval","Elapsed":0}
{"Time":"2026-10-08T19:12:56.297044366Z","Action":"run","Package":"go.temporal.io/server/tools/gomad3/internal/compatibilitypack","Test":"TestGeneratedCompatibilityPackMutations/modernc-libc-xsys-v047-linux-amd64/arbitrary_local_replacement"}
{"Time":"2026-10-08T19:12:56.297071033Z","Action":"output","Package":"go.temporal.io/server/tools/gomad3/internal/compatibilitypack","Test":"TestGeneratedCompatibilityPackMutations/modernc-libc-xsys-v047-linux-amd64/arbitrary_local_replacement","Output":"=== RUN   TestGeneratedCompatibilityPackMutations/modernc-libc-xsys-v047-linux-amd64/arbitrary_local_replacement\n","OutputType":"frame"}
{"Time":"2026-10-08T19:12:56.297172825Z","Action":"output","Package":"go.temporal.io/server/tools/gomad3/internal/compatibilitypack","Test":"TestGeneratedCompatibilityPackMutations/modernc-libc-xsys-v047-linux-amd64/arbitrary_local_replacement","Output":"--- PASS: TestGeneratedCompatibilityPackMutations/modernc-libc-xsys-v047-linux-amd64/arbitrary_local_replacement (0.00s)\n","OutputType":"frame"}
{"Time":"2026-10-08T19:12:56.297192533Z","Action":"pass","Package":"go.temporal.io/server/tools/gomad3/internal/compatibilitypack","Test":"TestGeneratedCompatibilityPackMutations/modernc-libc-xsys-v047-linux-amd64/arbitrary_local_replacement","Elapsed":0}
{"Time":"2026-10-08T19:12:56.297266991Z","Action":"run","Package":"go.temporal.io/server/tools/gomad3/internal/compatibilitypack","Test":"TestGeneratedCompatibilityPackMutations/modernc-libc-xsys-v047-linux-amd64/availability"}
{"Time":"2026-10-08T19:12:56.29733095Z","Action":"output","Package":"go.temporal.io/server/tools/gomad3/internal/compatibilitypack","Test":"TestGeneratedCompatibilityPackMutations/modernc-libc-xsys-v047-linux-amd64/availability","Output":"=== RUN   TestGeneratedCompatibilityPackMutations/modernc-libc-xsys-v047-linux-amd64/availability\n","OutputType":"frame"}
{"Time":"2026-10-08T19:12:56.297363783Z","Action":"output","Package":"go.temporal.io/server/tools/gomad3/internal/compatibilitypack","Test":"TestGeneratedCompatibilityPackMutations/modernc-libc-xsys-v047-linux-amd64/availability","Output":"--- PASS: TestGeneratedCompatibilityPackMutations/modernc-libc-xsys-v047-linux-amd64/availability (0.00s)\n","OutputType":"frame"}
{"Time":"2026-10-08T19:12:56.297392158Z","Action":"pass","Package":"go.temporal.io/server/tools/gomad3/internal/compatibilitypack","Test":"TestGeneratedCompatibilityPackMutations/modernc-libc-xsys-v047-linux-amd64/availability","Elapsed":0}
{"Time":"2026-10-08T19:12:56.298939491Z","Action":"run","Package":"go.temporal.io/server/tools/gomad3/internal/compatibilitypack","Test":"TestGeneratedCompatibilityPackMutations/modernc-libc-xsys-v047-linux-amd64/directive"}
{"Time":"2026-10-08T19:12:56.300430366Z","Action":"output","Package":"go.temporal.io/server/tools/gomad3/internal/compatibilitypack","Test":"TestGeneratedCompatibilityPackMutations/modernc-libc-xsys-v047-linux-amd64/directive","Output":"=== RUN   TestGeneratedCompatibilityPackMutations/modernc-libc-xsys-v047-linux-amd64/directive\n","OutputType":"frame"}
{"Time":"2026-10-08T19:12:56.301000575Z","Action":"output","Package":"go.temporal.io/server/tools/gomad3/internal/compatibilitypack","Test":"TestGeneratedCompatibilityPackMutations/modernc-libc-xsys-v047-linux-amd64/directive","Output":"--- PASS: TestGeneratedCompatibilityPackMutations/modernc-libc-xsys-v047-linux-amd64/directive (0.00s)\n","OutputType":"frame"}
{"Time":"2026-10-08T19:12:56.3013342Z","Action":"pass","Package":"go.temporal.io/server/tools/gomad3/internal/compatibilitypack","Test":"TestGeneratedCompatibilityPackMutations/modernc-libc-xsys-v047-linux-amd64/directive","Elapsed":0}
{"Time":"2026-10-08T19:12:56.30034645Z","Action":"output","Package":"go.temporal.io/server/tools/gomad3/internal/compatibilitypack/authoring","Test":"TestGenerateAdmissionRejectsFiveHostImportsBeforePublication/import:os/signal","Output":"--- PASS: TestGenerateAdmissionRejectsFiveHostImportsBeforePublication/import:os/signal (0.06s)\n","OutputType":"frame"}
{"Time":"2026-10-08T19:12:56.301525991Z","Action":"pass","Package":"go.temporal.io/server/tools/gomad3/internal/compatibilitypack/authoring","Test":"TestGenerateAdmissionRejectsFiveHostImportsBeforePublication/import:os/signal","Elapsed":0.06}
{"Time":"2026-10-08T19:12:56.302114325Z","Action":"run","Package":"go.temporal.io/server/tools/gomad3/internal/compatibilitypack/authoring","Test":"TestGenerateAdmissionRejectsFiveHostImportsBeforePublication/import:os/user"}
{"Time":"2026-10-08T19:12:56.30362495Z","Action":"output","Package":"go.temporal.io/server/tools/gomad3/internal/compatibilitypack/authoring","Test":"TestGenerateAdmissionRejectsFiveHostImportsBeforePublication/import:os/user","Output":"=== RUN   TestGenerateAdmissionRejectsFiveHostImportsBeforePublication/import:os/user\n","OutputType":"frame"}
{"Time":"2026-10-08T19:12:56.301429325Z","Action":"run","Package":"go.temporal.io/server/tools/gomad3/internal/compatibilitypack","Test":"TestGeneratedCompatibilityPackMutations/modernc-libc-xsys-v047-linux-amd64/foreign_source"}
{"Time":"2026-10-08T19:12:56.3037102Z","Action":"output","Package":"go.temporal.io/server/tools/gomad3/internal/compatibilitypack","Test":"TestGeneratedCompatibilityPackMutations/modernc-libc-xsys-v047-linux-amd64/foreign_source","Output":"=== RUN   TestGeneratedCompatibilityPackMutations/modernc-libc-xsys-v047-linux-amd64/foreign_source\n","OutputType":"frame"}
{"Time":"2026-10-08T19:12:56.304403075Z","Action":"output","Package":"go.temporal.io/server/tools/gomad3/internal/compatibilitypack","Test":"TestGeneratedCompatibilityPackMutations/modernc-libc-xsys-v047-linux-amd64/foreign_source","Output":"--- PASS: TestGeneratedCompatibilityPackMutations/modernc-libc-xsys-v047-linux-amd64/foreign_source (0.00s)\n","OutputType":"frame"}
{"Time":"2026-10-08T19:12:56.305828283Z","Action":"pass","Package":"go.temporal.io/server/tools/gomad3/internal/compatibilitypack","Test":"TestGeneratedCompatibilityPackMutations/modernc-libc-xsys-v047-linux-amd64/foreign_source","Elapsed":0}
{"Time":"2026-10-08T19:12:56.306861533Z","Action":"run","Package":"go.temporal.io/server/tools/gomad3/internal/compatibilitypack","Test":"TestGeneratedCompatibilityPackMutations/modernc-libc-xsys-v047-linux-amd64/go_source"}
{"Time":"2026-10-08T19:12:56.308505033Z","Action":"output","Package":"go.temporal.io/server/tools/gomad3/internal/compatibilitypack","Test":"TestGeneratedCompatibilityPackMutations/modernc-libc-xsys-v047-linux-amd64/go_source","Output":"=== RUN   TestGeneratedCompatibilityPackMutations/modernc-libc-xsys-v047-linux-amd64/go_source\n","OutputType":"frame"}
{"Time":"2026-10-08T19:12:56.30868845Z","Action":"output","Package":"go.temporal.io/server/tools/gomad3/internal/compatibilitypack","Test":"TestGeneratedCompatibilityPackMutations/modernc-libc-xsys-v047-linux-amd64/go_source","Output":"--- PASS: TestGeneratedCompatibilityPackMutations/modernc-libc-xsys-v047-linux-amd64/go_source (0.00s)\n","OutputType":"frame"}
{"Time":"2026-10-08T19:12:56.308739866Z","Action":"pass","Package":"go.temporal.io/server/tools/gomad3/internal/compatibilitypack","Test":"TestGeneratedCompatibilityPackMutations/modernc-libc-xsys-v047-linux-amd64/go_source","Elapsed":0}
{"Time":"2026-10-08T19:12:56.308819658Z","Action":"run","Package":"go.temporal.io/server/tools/gomad3/internal/compatibilitypack","Test":"TestGeneratedCompatibilityPackMutations/modernc-libc-xsys-v047-linux-amd64/justification"}
{"Time":"2026-10-08T19:12:56.310033075Z","Action":"output","Package":"go.temporal.io/server/tools/gomad3/internal/compatibilitypack","Test":"TestGeneratedCompatibilityPackMutations/modernc-libc-xsys-v047-linux-amd64/justification","Output":"=== RUN   TestGeneratedCompatibilityPackMutations/modernc-libc-xsys-v047-linux-amd64/justification\n","OutputType":"frame"}
{"Time":"2026-10-08T19:12:56.310140366Z","Action":"output","Package":"go.temporal.io/server/tools/gomad3/internal/compatibilitypack","Test":"TestGeneratedCompatibilityPackMutations/modernc-libc-xsys-v047-linux-amd64/justification","Output":"--- PASS: TestGeneratedCompatibilityPackMutations/modernc-libc-xsys-v047-linux-amd64/justification (0.00s)\n","OutputType":"frame"}
{"Time":"2026-10-08T19:12:56.310208283Z","Action":"pass","Package":"go.temporal.io/server/tools/gomad3/internal/compatibilitypack","Test":"TestGeneratedCompatibilityPackMutations/modernc-libc-xsys-v047-linux-amd64/justification","Elapsed":0}
{"Time":"2026-10-08T19:12:56.3102477Z","Action":"run","Package":"go.temporal.io/server/tools/gomad3/internal/compatibilitypack","Test":"TestGeneratedCompatibilityPackMutations/modernc-libc-xsys-v047-linux-amd64/module_sum"}
{"Time":"2026-10-08T19:12:56.310288366Z","Action":"output","Package":"go.temporal.io/server/tools/gomad3/internal/compatibilitypack","Test":"TestGeneratedCompatibilityPackMutations/modernc-libc-xsys-v047-linux-amd64/module_sum","Output":"=== RUN   TestGeneratedCompatibilityPackMutations/modernc-libc-xsys-v047-linux-amd64/module_sum\n","OutputType":"frame"}
{"Time":"2026-10-08T19:12:56.310359491Z","Action":"output","Package":"go.temporal.io/server/tools/gomad3/internal/compatibilitypack","Test":"TestGeneratedCompatibilityPackMutations/modernc-libc-xsys-v047-linux-amd64/module_sum","Output":"--- PASS: TestGeneratedCompatibilityPackMutations/modernc-libc-xsys-v047-linux-amd64/module_sum (0.01s)\n","OutputType":"frame"}
{"Time":"2026-10-08T19:12:56.310387658Z","Action":"pass","Package":"go.temporal.io/server/tools/gomad3/internal/compatibilitypack","Test":"TestGeneratedCompatibilityPackMutations/modernc-libc-xsys-v047-linux-amd64/module_sum","Elapsed":0.01}
{"Time":"2026-10-08T19:12:56.310428658Z","Action":"run","Package":"go.temporal.io/server/tools/gomad3/internal/compatibilitypack","Test":"TestGeneratedCompatibilityPackMutations/modernc-libc-xsys-v047-linux-amd64/module_version"}
{"Time":"2026-10-08T19:12:56.310451491Z","Action":"output","Package":"go.temporal.io/server/tools/gomad3/internal/compatibilitypack","Test":"TestGeneratedCompatibilityPackMutations/modernc-libc-xsys-v047-linux-amd64/module_version","Output":"=== RUN   TestGeneratedCompatibilityPackMutations/modernc-libc-xsys-v047-linux-amd64/module_version\n","OutputType":"frame"}
{"Time":"2026-10-08T19:12:56.310492908Z","Action":"output","Package":"go.temporal.io/server/tools/gomad3/internal/compatibilitypack","Test":"TestGeneratedCompatibilityPackMutations/modernc-libc-xsys-v047-linux-amd64/module_version","Output":"--- PASS: TestGeneratedCompatibilityPackMutations/modernc-libc-xsys-v047-linux-amd64/module_version (0.00s)\n","OutputType":"frame"}
{"Time":"2026-10-08T19:12:56.310533075Z","Action":"pass","Package":"go.temporal.io/server/tools/gomad3/internal/compatibilitypack","Test":"TestGeneratedCompatibilityPackMutations/modernc-libc-xsys-v047-linux-amd64/module_version","Elapsed":0}
{"Time":"2026-10-08T19:12:56.311148658Z","Action":"run","Package":"go.temporal.io/server/tools/gomad3/internal/compatibilitypack","Test":"TestGeneratedCompatibilityPackMutations/modernc-libc-xsys-v047-linux-amd64/original_source_inventory"}
{"Time":"2026-10-08T19:12:56.31132895Z","Action":"output","Package":"go.temporal.io/server/tools/gomad3/internal/compatibilitypack","Test":"TestGeneratedCompatibilityPackMutations/modernc-libc-xsys-v047-linux-amd64/original_source_inventory","Output":"=== RUN   TestGeneratedCompatibilityPackMutations/modernc-libc-xsys-v047-linux-amd64/original_source_inventory\n","OutputType":"frame"}
{"Time":"2026-10-08T19:12:56.311396866Z","Action":"output","Package":"go.temporal.io/server/tools/gomad3/internal/compatibilitypack","Test":"TestGeneratedCompatibilityPackMutations/modernc-libc-xsys-v047-linux-amd64/original_source_inventory","Output":"--- PASS: TestGeneratedCompatibilityPackMutations/modernc-libc-xsys-v047-linux-amd64/original_source_inventory (0.00s)\n","OutputType":"frame"}
{"Time":"2026-10-08T19:12:56.311565075Z","Action":"pass","Package":"go.temporal.io/server/tools/gomad3/internal/compatibilitypack","Test":"TestGeneratedCompatibilityPackMutations/modernc-libc-xsys-v047-linux-amd64/original_source_inventory","Elapsed":0}
{"Time":"2026-10-08T19:12:56.311624241Z","Action":"run","Package":"go.temporal.io/server/tools/gomad3/internal/compatibilitypack","Test":"TestGeneratedCompatibilityPackMutations/modernc-libc-xsys-v047-linux-amd64/owner"}
{"Time":"2026-10-08T19:12:56.311653908Z","Action":"output","Package":"go.temporal.io/server/tools/gomad3/internal/compatibilitypack","Test":"TestGeneratedCompatibilityPackMutations/modernc-libc-xsys-v047-linux-amd64/owner","Output":"=== RUN   TestGeneratedCompatibilityPackMutations/modernc-libc-xsys-v047-linux-amd64/owner\n","OutputType":"frame"}
{"Time":"2026-10-08T19:12:56.311802033Z","Action":"output","Package":"go.temporal.io/server/tools/gomad3/internal/compatibilitypack","Test":"TestGeneratedCompatibilityPackMutations/modernc-libc-xsys-v047-linux-amd64/owner","Output":"--- PASS: TestGeneratedCompatibilityPackMutations/modernc-libc-xsys-v047-linux-amd64/owner (0.00s)\n","OutputType":"frame"}
{"Time":"2026-10-08T19:12:56.311881533Z","Action":"pass","Package":"go.temporal.io/server/tools/gomad3/internal/compatibilitypack","Test":"TestGeneratedCompatibilityPackMutations/modernc-libc-xsys-v047-linux-amd64/owner","Elapsed":0}
{"Time":"2026-10-08T19:12:56.311905033Z","Action":"run","Package":"go.temporal.io/server/tools/gomad3/internal/compatibilitypack","Test":"TestGeneratedCompatibilityPackMutations/modernc-libc-xsys-v047-linux-amd64/pack_digest"}
{"Time":"2026-10-08T19:12:56.311939408Z","Action":"output","Package":"go.temporal.io/server/tools/gomad3/internal/compatibilitypack","Test":"TestGeneratedCompatibilityPackMutations/modernc-libc-xsys-v047-linux-amd64/pack_digest","Output":"=== RUN   TestGeneratedCompatibilityPackMutations/modernc-libc-xsys-v047-linux-amd64/pack_digest\n","OutputType":"frame"}
{"Time":"2026-10-08T19:12:56.311968825Z","Action":"output","Package":"go.temporal.io/server/tools/gomad3/internal/compatibilitypack","Test":"TestGeneratedCompatibilityPackMutations/modernc-libc-xsys-v047-linux-amd64/pack_digest","Output":"--- PASS: TestGeneratedCompatibilityPackMutations/modernc-libc-xsys-v047-linux-amd64/pack_digest (0.00s)\n","OutputType":"frame"}
{"Time":"2026-10-08T19:12:56.311989741Z","Action":"pass","Package":"go.temporal.io/server/tools/gomad3/internal/compatibilitypack","Test":"TestGeneratedCompatibilityPackMutations/modernc-libc-xsys-v047-linux-amd64/pack_digest","Elapsed":0}
{"Time":"2026-10-08T19:12:56.312053241Z","Action":"run","Package":"go.temporal.io/server/tools/gomad3/internal/compatibilitypack","Test":"TestGeneratedCompatibilityPackMutations/modernc-libc-xsys-v047-linux-amd64/platform"}
{"Time":"2026-10-08T19:12:56.312112033Z","Action":"output","Package":"go.temporal.io/server/tools/gomad3/internal/compatibilitypack","Test":"TestGeneratedCompatibilityPackMutations/modernc-libc-xsys-v047-linux-amd64/platform","Output":"=== RUN   TestGeneratedCompatibilityPackMutations/modernc-libc-xsys-v047-linux-amd64/platform\n","OutputType":"frame"}
{"Time":"2026-10-08T19:12:56.312177158Z","Action":"output","Package":"go.temporal.io/server/tools/gomad3/internal/compatibilitypack","Test":"TestGeneratedCompatibilityPackMutations/modernc-libc-xsys-v047-linux-amd64/platform","Output":"--- PASS: TestGeneratedCompatibilityPackMutations/modernc-libc-xsys-v047-linux-amd64/platform (0.00s)\n","OutputType":"frame"}
{"Time":"2026-10-08T19:12:56.312197991Z","Action":"pass","Package":"go.temporal.io/server/tools/gomad3/internal/compatibilitypack","Test":"TestGeneratedCompatibilityPackMutations/modernc-libc-xsys-v047-linux-amd64/platform","Elapsed":0}
{"Time":"2026-10-08T19:12:56.312237616Z","Action":"run","Package":"go.temporal.io/server/tools/gomad3/internal/compatibilitypack","Test":"TestGeneratedCompatibilityPackMutations/modernc-libc-xsys-v047-linux-amd64/positive"}
{"Time":"2026-10-08T19:12:56.312277158Z","Action":"output","Package":"go.temporal.io/server/tools/gomad3/internal/compatibilitypack","Test":"TestGeneratedCompatibilityPackMutations/modernc-libc-xsys-v047-linux-amd64/positive","Output":"=== RUN   TestGeneratedCompatibilityPackMutations/modernc-libc-xsys-v047-linux-amd64/positive\n","OutputType":"frame"}
{"Time":"2026-10-08T19:12:56.312494741Z","Action":"output","Package":"go.temporal.io/server/tools/gomad3/internal/compatibilitypack","Test":"TestGeneratedCompatibilityPackMutations/modernc-libc-xsys-v047-linux-amd64/positive","Output":"--- PASS: TestGeneratedCompatibilityPackMutations/modernc-libc-xsys-v047-linux-amd64/positive (0.00s)\n","OutputType":"frame"}
{"Time":"2026-10-08T19:12:56.313211158Z","Action":"pass","Package":"go.temporal.io/server/tools/gomad3/internal/compatibilitypack","Test":"TestGeneratedCompatibilityPackMutations/modernc-libc-xsys-v047-linux-amd64/positive","Elapsed":0}
{"Time":"2026-10-08T19:12:56.313383075Z","Action":"run","Package":"go.temporal.io/server/tools/gomad3/internal/compatibilitypack","Test":"TestGeneratedCompatibilityPackMutations/modernc-libc-xsys-v047-linux-amd64/prepared_source_set"}
{"Time":"2026-10-08T19:12:56.313419241Z","Action":"output","Package":"go.temporal.io/server/tools/gomad3/internal/compatibilitypack","Test":"TestGeneratedCompatibilityPackMutations/modernc-libc-xsys-v047-linux-amd64/prepared_source_set","Output":"=== RUN   TestGeneratedCompatibilityPackMutations/modernc-libc-xsys-v047-linux-amd64/prepared_source_set\n","OutputType":"frame"}
{"Time":"2026-10-08T19:12:56.313844408Z","Action":"output","Package":"go.temporal.io/server/tools/gomad3/internal/compatibilitypack","Test":"TestGeneratedCompatibilityPackMutations/modernc-libc-xsys-v047-linux-amd64/prepared_source_set","Output":"--- PASS: TestGeneratedCompatibilityPackMutations/modernc-libc-xsys-v047-linux-amd64/prepared_source_set (0.00s)\n","OutputType":"frame"}
{"Time":"2026-10-08T19:12:56.314769116Z","Action":"pass","Package":"go.temporal.io/server/tools/gomad3/internal/compatibilitypack","Test":"TestGeneratedCompatibilityPackMutations/modernc-libc-xsys-v047-linux-amd64/prepared_source_set","Elapsed":0}
{"Time":"2026-10-08T19:12:56.315140283Z","Action":"run","Package":"go.temporal.io/server/tools/gomad3/internal/compatibilitypack","Test":"TestGeneratedCompatibilityPackMutations/modernc-libc-xsys-v047-linux-amd64/replacement_source_inventory"}
{"Time":"2026-10-08T19:12:56.315635075Z","Action":"output","Package":"go.temporal.io/server/tools/gomad3/internal/compatibilitypack","Test":"TestGeneratedCompatibilityPackMutations/modernc-libc-xsys-v047-linux-amd64/replacement_source_inventory","Output":"=== RUN   TestGeneratedCompatibilityPackMutations/modernc-libc-xsys-v047-linux-amd64/replacement_source_inventory\n","OutputType":"frame"}
{"Time":"2026-10-08T19:12:56.315690533Z","Action":"output","Package":"go.temporal.io/server/tools/gomad3/internal/compatibilitypack","Test":"TestGeneratedCompatibilityPackMutations/modernc-libc-xsys-v047-linux-amd64/replacement_source_inventory","Output":"--- PASS: TestGeneratedCompatibilityPackMutations/modernc-libc-xsys-v047-linux-amd64/replacement_source_inventory (0.00s)\n","OutputType":"frame"}
{"Time":"2026-10-08T19:12:56.31571645Z","Action":"pass","Package":"go.temporal.io/server/tools/gomad3/internal/compatibilitypack","Test":"TestGeneratedCompatibilityPackMutations/modernc-libc-xsys-v047-linux-amd64/replacement_source_inventory","Elapsed":0}
{"Time":"2026-10-08T19:12:56.315739616Z","Action":"run","Package":"go.temporal.io/server/tools/gomad3/internal/compatibilitypack","Test":"TestGeneratedCompatibilityPackMutations/modernc-libc-xsys-v047-linux-amd64/request_identity"}
{"Time":"2026-10-08T19:12:56.315767991Z","Action":"output","Package":"go.temporal.io/server/tools/gomad3/internal/compatibilitypack","Test":"TestGeneratedCompatibilityPackMutations/modernc-libc-xsys-v047-linux-amd64/request_identity","Output":"=== RUN   TestGeneratedCompatibilityPackMutations/modernc-libc-xsys-v047-linux-amd64/request_identity\n","OutputType":"frame"}
{"Time":"2026-10-08T19:12:56.3158357Z","Action":"output","Package":"go.temporal.io/server/tools/gomad3/internal/compatibilitypack","Test":"TestGeneratedCompatibilityPackMutations/modernc-libc-xsys-v047-linux-amd64/request_identity","Output":"--- PASS: TestGeneratedCompatibilityPackMutations/modernc-libc-xsys-v047-linux-amd64/request_identity (0.00s)\n","OutputType":"frame"}
{"Time":"2026-10-08T19:12:56.315942533Z","Action":"pass","Package":"go.temporal.io/server/tools/gomad3/internal/compatibilitypack","Test":"TestGeneratedCompatibilityPackMutations/modernc-libc-xsys-v047-linux-amd64/request_identity","Elapsed":0}
{"Time":"2026-10-08T19:12:56.316036033Z","Action":"run","Package":"go.temporal.io/server/tools/gomad3/internal/compatibilitypack","Test":"TestGeneratedCompatibilityPackMutations/modernc-libc-xsys-v047-linux-amd64/review_time"}
{"Time":"2026-10-08T19:12:56.316335075Z","Action":"output","Package":"go.temporal.io/server/tools/gomad3/internal/compatibilitypack","Test":"TestGeneratedCompatibilityPackMutations/modernc-libc-xsys-v047-linux-amd64/review_time","Output":"=== RUN   TestGeneratedCompatibilityPackMutations/modernc-libc-xsys-v047-linux-amd64/review_time\n","OutputType":"frame"}
{"Time":"2026-10-08T19:12:56.316502325Z","Action":"output","Package":"go.temporal.io/server/tools/gomad3/internal/compatibilitypack","Test":"TestGeneratedCompatibilityPackMutations/modernc-libc-xsys-v047-linux-amd64/review_time","Output":"--- PASS: TestGeneratedCompatibilityPackMutations/modernc-libc-xsys-v047-linux-amd64/review_time (0.00s)\n","OutputType":"frame"}
{"Time":"2026-10-08T19:12:56.3165637Z","Action":"pass","Package":"go.temporal.io/server/tools/gomad3/internal/compatibilitypack","Test":"TestGeneratedCompatibilityPackMutations/modernc-libc-xsys-v047-linux-amd64/review_time","Elapsed":0}
{"Time":"2026-10-08T19:12:56.316614908Z","Action":"run","Package":"go.temporal.io/server/tools/gomad3/internal/compatibilitypack","Test":"TestGeneratedCompatibilityPackMutations/modernc-libc-xsys-v047-linux-amd64/source_set"}
{"Time":"2026-10-08T19:12:56.316681241Z","Action":"output","Package":"go.temporal.io/server/tools/gomad3/internal/compatibilitypack","Test":"TestGeneratedCompatibilityPackMutations/modernc-libc-xsys-v047-linux-amd64/source_set","Output":"=== RUN   TestGeneratedCompatibilityPackMutations/modernc-libc-xsys-v047-linux-amd64/source_set\n","OutputType":"frame"}
{"Time":"2026-10-08T19:12:56.316726741Z","Action":"output","Package":"go.temporal.io/server/tools/gomad3/internal/compatibilitypack","Test":"TestGeneratedCompatibilityPackMutations/modernc-libc-xsys-v047-linux-amd64/source_set","Output":"--- PASS: TestGeneratedCompatibilityPackMutations/modernc-libc-xsys-v047-linux-amd64/source_set (0.00s)\n","OutputType":"frame"}
{"Time":"2026-10-08T19:12:56.316763866Z","Action":"pass","Package":"go.temporal.io/server/tools/gomad3/internal/compatibilitypack","Test":"TestGeneratedCompatibilityPackMutations/modernc-libc-xsys-v047-linux-amd64/source_set","Elapsed":0}
{"Time":"2026-10-08T19:12:56.316795241Z","Action":"run","Package":"go.temporal.io/server/tools/gomad3/internal/compatibilitypack","Test":"TestGeneratedCompatibilityPackMutations/modernc-libc-xsys-v047-linux-amd64/workload"}
{"Time":"2026-10-08T19:12:56.316822616Z","Action":"output","Package":"go.temporal.io/server/tools/gomad3/internal/compatibilitypack","Test":"TestGeneratedCompatibilityPackMutations/modernc-libc-xsys-v047-linux-amd64/workload","Output":"=== RUN   TestGeneratedCompatibilityPackMutations/modernc-libc-xsys-v047-linux-amd64/workload\n","OutputType":"frame"}
{"Time":"2026-10-08T19:12:56.31685345Z","Action":"output","Package":"go.temporal.io/server/tools/gomad3/internal/compatibilitypack","Test":"TestGeneratedCompatibilityPackMutations/modernc-libc-xsys-v047-linux-amd64/workload","Output":"--- PASS: TestGeneratedCompatibilityPackMutations/modernc-libc-xsys-v047-linux-amd64/workload (0.00s)\n","OutputType":"frame"}
{"Time":"2026-10-08T19:12:56.316883533Z","Action":"pass","Package":"go.temporal.io/server/tools/gomad3/internal/compatibilitypack","Test":"TestGeneratedCompatibilityPackMutations/modernc-libc-xsys-v047-linux-amd64/workload","Elapsed":0}
{"Time":"2026-10-08T19:12:56.317110658Z","Action":"run","Package":"go.temporal.io/server/tools/gomad3/internal/compatibilitypack","Test":"TestGeneratedCompatibilityPackMutations/reflect2-go126/approval"}
{"Time":"2026-10-08T19:12:56.317221991Z","Action":"output","Package":"go.temporal.io/server/tools/gomad3/internal/compatibilitypack","Test":"TestGeneratedCompatibilityPackMutations/reflect2-go126/approval","Output":"=== RUN   TestGeneratedCompatibilityPackMutations/reflect2-go126/approval\n","OutputType":"frame"}
{"Time":"2026-10-08T19:12:56.317768991Z","Action":"output","Package":"go.temporal.io/server/tools/gomad3/internal/compatibilitypack","Test":"TestGeneratedCompatibilityPackMutations/reflect2-go126/approval","Output":"--- PASS: TestGeneratedCompatibilityPackMutations/reflect2-go126/approval (0.00s)\n","OutputType":"frame"}
{"Time":"2026-10-08T19:12:56.31782395Z","Action":"pass","Package":"go.temporal.io/server/tools/gomad3/internal/compatibilitypack","Test":"TestGeneratedCompatibilityPackMutations/reflect2-go126/approval","Elapsed":0}
{"Time":"2026-10-08T19:12:56.317854533Z","Action":"run","Package":"go.temporal.io/server/tools/gomad3/internal/compatibilitypack","Test":"TestGeneratedCompatibilityPackMutations/reflect2-go126/arbitrary_local_replacement"}
{"Time":"2026-10-08T19:12:56.318698241Z","Action":"output","Package":"go.temporal.io/server/tools/gomad3/internal/compatibilitypack","Test":"TestGeneratedCompatibilityPackMutations/reflect2-go126/arbitrary_local_replacement","Output":"=== RUN   TestGeneratedCompatibilityPackMutations/reflect2-go126/arbitrary_local_replacement\n","OutputType":"frame"}
{"Time":"2026-10-08T19:12:56.319319491Z","Action":"output","Package":"go.temporal.io/server/tools/gomad3/internal/compatibilitypack","Test":"TestGeneratedCompatibilityPackMutations/reflect2-go126/arbitrary_local_replacement","Output":"--- PASS: TestGeneratedCompatibilityPackMutations/reflect2-go126/arbitrary_local_replacement (0.00s)\n","OutputType":"frame"}
{"Time":"2026-10-08T19:12:56.318003116Z","Action":"output","Package":"go.temporal.io/server/tools/gomad3/upgrade","Test":"TestRunRenderingFailurePreservesGateEvidence/publication","Output":"--- PASS: TestRunRenderingFailurePreservesGateEvidence/publication (0.09s)\n","OutputType":"frame"}
{"Time":"2026-10-08T19:12:56.319747366Z","Action":"pass","Package":"go.temporal.io/server/tools/gomad3/upgrade","Test":"TestRunRenderingFailurePreservesGateEvidence/publication","Elapsed":0.09}
{"Time":"2026-10-08T19:12:56.319791533Z","Action":"run","Package":"go.temporal.io/server/tools/gomad3/upgrade","Test":"TestRunRenderingFailurePreservesGateEvidence/corpus"}
{"Time":"2026-10-08T19:12:56.319844366Z","Action":"output","Package":"go.temporal.io/server/tools/gomad3/upgrade","Test":"TestRunRenderingFailurePreservesGateEvidence/corpus","Output":"=== RUN   TestRunRenderingFailurePreservesGateEvidence/corpus\n","OutputType":"frame"}
{"Time":"2026-10-08T19:12:56.319700741Z","Action":"pass","Package":"go.temporal.io/server/tools/gomad3/internal/compatibilitypack","Test":"TestGeneratedCompatibilityPackMutations/reflect2-go126/arbitrary_local_replacement","Elapsed":0}
{"Time":"2026-10-08T19:12:56.320051283Z","Action":"run","Package":"go.temporal.io/server/tools/gomad3/internal/compatibilitypack","Test":"TestGeneratedCompatibilityPackMutations/reflect2-go126/availability"}
{"Time":"2026-10-08T19:12:56.320122741Z","Action":"output","Package":"go.temporal.io/server/tools/gomad3/internal/compatibilitypack","Test":"TestGeneratedCompatibilityPackMutations/reflect2-go126/availability","Output":"=== RUN   TestGeneratedCompatibilityPackMutations/reflect2-go126/availability\n","OutputType":"frame"}
{"Time":"2026-10-08T19:12:56.320863783Z","Action":"output","Package":"go.temporal.io/server/tools/gomad3/internal/compatibilitypack","Test":"TestGeneratedCompatibilityPackMutations/reflect2-go126/availability","Output":"--- PASS: TestGeneratedCompatibilityPackMutations/reflect2-go126/availability (0.00s)\n","OutputType":"frame"}
{"Time":"2026-10-08T19:12:56.321032866Z","Action":"pass","Package":"go.temporal.io/server/tools/gomad3/internal/compatibilitypack","Test":"TestGeneratedCompatibilityPackMutations/reflect2-go126/availability","Elapsed":0}
{"Time":"2026-10-08T19:12:56.32108445Z","Action":"run","Package":"go.temporal.io/server/tools/gomad3/internal/compatibilitypack","Test":"TestGeneratedCompatibilityPackMutations/reflect2-go126/directive"}
{"Time":"2026-10-08T19:12:56.321145075Z","Action":"output","Package":"go.temporal.io/server/tools/gomad3/internal/compatibilitypack","Test":"TestGeneratedCompatibilityPackMutations/reflect2-go126/directive","Output":"=== RUN   TestGeneratedCompatibilityPackMutations/reflect2-go126/directive\n","OutputType":"frame"}
{"Time":"2026-10-08T19:12:56.3212502Z","Action":"output","Package":"go.temporal.io/server/tools/gomad3/internal/compatibilitypack","Test":"TestGeneratedCompatibilityPackMutations/reflect2-go126/directive","Output":"--- PASS: TestGeneratedCompatibilityPackMutations/reflect2-go126/directive (0.00s)\n","OutputType":"frame"}
{"Time":"2026-10-08T19:12:56.321400575Z","Action":"pass","Package":"go.temporal.io/server/tools/gomad3/internal/compatibilitypack","Test":"TestGeneratedCompatibilityPackMutations/reflect2-go126/directive","Elapsed":0}
{"Time":"2026-10-08T19:12:56.321425991Z","Action":"run","Package":"go.temporal.io/server/tools/gomad3/internal/compatibilitypack","Test":"TestGeneratedCompatibilityPackMutations/reflect2-go126/foreign_source"}
{"Time":"2026-10-08T19:12:56.321555533Z","Action":"output","Package":"go.temporal.io/server/tools/gomad3/internal/compatibilitypack","Test":"TestGeneratedCompatibilityPackMutations/reflect2-go126/foreign_source","Output":"=== RUN   TestGeneratedCompatibilityPackMutations/reflect2-go126/foreign_source\n","OutputType":"frame"}
{"Time":"2026-10-08T19:12:56.321604408Z","Action":"output","Package":"go.temporal.io/server/tools/gomad3/internal/compatibilitypack","Test":"TestGeneratedCompatibilityPackMutations/reflect2-go126/foreign_source","Output":"--- PASS: TestGeneratedCompatibilityPackMutations/reflect2-go126/foreign_source (0.00s)\n","OutputType":"frame"}
{"Time":"2026-10-08T19:12:56.321633991Z","Action":"pass","Package":"go.temporal.io/server/tools/gomad3/internal/compatibilitypack","Test":"TestGeneratedCompatibilityPackMutations/reflect2-go126/foreign_source","Elapsed":0}
{"Time":"2026-10-08T19:12:56.321691366Z","Action":"run","Package":"go.temporal.io/server/tools/gomad3/internal/compatibilitypack","Test":"TestGeneratedCompatibilityPackMutations/reflect2-go126/go_source"}
{"Time":"2026-10-08T19:12:56.321733575Z","Action":"output","Package":"go.temporal.io/server/tools/gomad3/internal/compatibilitypack","Test":"TestGeneratedCompatibilityPackMutations/reflect2-go126/go_source","Output":"=== RUN   TestGeneratedCompatibilityPackMutations/reflect2-go126/go_source\n","OutputType":"frame"}
{"Time":"2026-10-08T19:12:56.321775783Z","Action":"output","Package":"go.temporal.io/server/tools/gomad3/internal/compatibilitypack","Test":"TestGeneratedCompatibilityPackMutations/reflect2-go126/go_source","Output":"--- PASS: TestGeneratedCompatibilityPackMutations/reflect2-go126/go_source (0.00s)\n","OutputType":"frame"}
{"Time":"2026-10-08T19:12:56.322860741Z","Action":"pass","Package":"go.temporal.io/server/tools/gomad3/internal/compatibilitypack","Test":"TestGeneratedCompatibilityPackMutations/reflect2-go126/go_source","Elapsed":0}
{"Time":"2026-10-08T19:12:56.322945491Z","Action":"run","Package":"go.temporal.io/server/tools/gomad3/internal/compatibilitypack","Test":"TestGeneratedCompatibilityPackMutations/reflect2-go126/justification"}
{"Time":"2026-10-08T19:12:56.322976741Z","Action":"output","Package":"go.temporal.io/server/tools/gomad3/internal/compatibilitypack","Test":"TestGeneratedCompatibilityPackMutations/reflect2-go126/justification","Output":"=== RUN   TestGeneratedCompatibilityPackMutations/reflect2-go126/justification\n","OutputType":"frame"}
{"Time":"2026-10-08T19:12:56.323020283Z","Action":"output","Package":"go.temporal.io/server/tools/gomad3/internal/compatibilitypack","Test":"TestGeneratedCompatibilityPackMutations/reflect2-go126/justification","Output":"--- PASS: TestGeneratedCompatibilityPackMutations/reflect2-go126/justification (0.00s)\n","OutputType":"frame"}
{"Time":"2026-10-08T19:12:56.323048033Z","Action":"pass","Package":"go.temporal.io/server/tools/gomad3/internal/compatibilitypack","Test":"TestGeneratedCompatibilityPackMutations/reflect2-go126/justification","Elapsed":0}
{"Time":"2026-10-08T19:12:56.323072575Z","Action":"run","Package":"go.temporal.io/server/tools/gomad3/internal/compatibilitypack","Test":"TestGeneratedCompatibilityPackMutations/reflect2-go126/module_sum"}
{"Time":"2026-10-08T19:12:56.3230972Z","Action":"output","Package":"go.temporal.io/server/tools/gomad3/internal/compatibilitypack","Test":"TestGeneratedCompatibilityPackMutations/reflect2-go126/module_sum","Output":"=== RUN   TestGeneratedCompatibilityPackMutations/reflect2-go126/module_sum\n","OutputType":"frame"}
{"Time":"2026-10-08T19:12:56.323154116Z","Action":"output","Package":"go.temporal.io/server/tools/gomad3/internal/compatibilitypack","Test":"TestGeneratedCompatibilityPackMutations/reflect2-go126/module_sum","Output":"--- PASS: TestGeneratedCompatibilityPackMutations/reflect2-go126/module_sum (0.00s)\n","OutputType":"frame"}
{"Time":"2026-10-08T19:12:56.323530033Z","Action":"pass","Package":"go.temporal.io/server/tools/gomad3/internal/compatibilitypack","Test":"TestGeneratedCompatibilityPackMutations/reflect2-go126/module_sum","Elapsed":0}
{"Time":"2026-10-08T19:12:56.324789866Z","Action":"run","Package":"go.temporal.io/server/tools/gomad3/internal/compatibilitypack","Test":"TestGeneratedCompatibilityPackMutations/reflect2-go126/module_version"}
{"Time":"2026-10-08T19:12:56.324850491Z","Action":"output","Package":"go.temporal.io/server/tools/gomad3/internal/compatibilitypack","Test":"TestGeneratedCompatibilityPackMutations/reflect2-go126/module_version","Output":"=== RUN   TestGeneratedCompatibilityPackMutations/reflect2-go126/module_version\n","OutputType":"frame"}
{"Time":"2026-10-08T19:12:56.3249137Z","Action":"output","Package":"go.temporal.io/server/tools/gomad3/internal/compatibilitypack","Test":"TestGeneratedCompatibilityPackMutations/reflect2-go126/module_version","Output":"--- PASS: TestGeneratedCompatibilityPackMutations/reflect2-go126/module_version (0.00s)\n","OutputType":"frame"}
{"Time":"2026-10-08T19:12:56.324975033Z","Action":"pass","Package":"go.temporal.io/server/tools/gomad3/internal/compatibilitypack","Test":"TestGeneratedCompatibilityPackMutations/reflect2-go126/module_version","Elapsed":0}
{"Time":"2026-10-08T19:12:56.325018825Z","Action":"run","Package":"go.temporal.io/server/tools/gomad3/internal/compatibilitypack","Test":"TestGeneratedCompatibilityPackMutations/reflect2-go126/owner"}
{"Time":"2026-10-08T19:12:56.327460866Z","Action":"output","Package":"go.temporal.io/server/tools/gomad3/internal/compatibilitypack","Test":"TestGeneratedCompatibilityPackMutations/reflect2-go126/owner","Output":"=== RUN   TestGeneratedCompatibilityPackMutations/reflect2-go126/owner\n","OutputType":"frame"}
{"Time":"2026-10-08T19:12:56.327530075Z","Action":"output","Package":"go.temporal.io/server/tools/gomad3/internal/compatibilitypack","Test":"TestGeneratedCompatibilityPackMutations/reflect2-go126/owner","Output":"--- PASS: TestGeneratedCompatibilityPackMutations/reflect2-go126/owner (0.00s)\n","OutputType":"frame"}
{"Time":"2026-10-08T19:12:56.327549033Z","Action":"pass","Package":"go.temporal.io/server/tools/gomad3/internal/compatibilitypack","Test":"TestGeneratedCompatibilityPackMutations/reflect2-go126/owner","Elapsed":0}
{"Time":"2026-10-08T19:12:56.327640741Z","Action":"run","Package":"go.temporal.io/server/tools/gomad3/internal/compatibilitypack","Test":"TestGeneratedCompatibilityPackMutations/reflect2-go126/pack_digest"}
{"Time":"2026-10-08T19:12:56.327663366Z","Action":"output","Package":"go.temporal.io/server/tools/gomad3/internal/compatibilitypack","Test":"TestGeneratedCompatibilityPackMutations/reflect2-go126/pack_digest","Output":"=== RUN   TestGeneratedCompatibilityPackMutations/reflect2-go126/pack_digest\n","OutputType":"frame"}
{"Time":"2026-10-08T19:12:56.3276837Z","Action":"output","Package":"go.temporal.io/server/tools/gomad3/internal/compatibilitypack","Test":"TestGeneratedCompatibilityPackMutations/reflect2-go126/pack_digest","Output":"--- PASS: TestGeneratedCompatibilityPackMutations/reflect2-go126/pack_digest (0.00s)\n","OutputType":"frame"}
{"Time":"2026-10-08T19:12:56.327982658Z","Action":"pass","Package":"go.temporal.io/server/tools/gomad3/internal/compatibilitypack","Test":"TestGeneratedCompatibilityPackMutations/reflect2-go126/pack_digest","Elapsed":0}
{"Time":"2026-10-08T19:12:56.32805045Z","Action":"run","Package":"go.temporal.io/server/tools/gomad3/internal/compatibilitypack","Test":"TestGeneratedCompatibilityPackMutations/reflect2-go126/platform"}
{"Time":"2026-10-08T19:12:56.328095033Z","Action":"output","Package":"go.temporal.io/server/tools/gomad3/internal/compatibilitypack","Test":"TestGeneratedCompatibilityPackMutations/reflect2-go126/platform","Output":"=== RUN   TestGeneratedCompatibilityPackMutations/reflect2-go126/platform\n","OutputType":"frame"}
{"Time":"2026-10-08T19:12:56.328123408Z","Action":"output","Package":"go.temporal.io/server/tools/gomad3/internal/compatibilitypack","Test":"TestGeneratedCompatibilityPackMutations/reflect2-go126/platform","Output":"--- PASS: TestGeneratedCompatibilityPackMutations/reflect2-go126/platform (0.00s)\n","OutputType":"frame"}
{"Time":"2026-10-08T19:12:56.328235408Z","Action":"pass","Package":"go.temporal.io/server/tools/gomad3/internal/compatibilitypack","Test":"TestGeneratedCompatibilityPackMutations/reflect2-go126/platform","Elapsed":0}
{"Time":"2026-10-08T19:12:56.328420283Z","Action":"run","Package":"go.temporal.io/server/tools/gomad3/internal/compatibilitypack","Test":"TestGeneratedCompatibilityPackMutations/reflect2-go126/positive"}
{"Time":"2026-10-08T19:12:56.328915033Z","Action":"output","Package":"go.temporal.io/server/tools/gomad3/internal/compatibilitypack","Test":"TestGeneratedCompatibilityPackMutations/reflect2-go126/positive","Output":"=== RUN   TestGeneratedCompatibilityPackMutations/reflect2-go126/positive\n","OutputType":"frame"}
{"Time":"2026-10-08T19:12:56.328985283Z","Action":"output","Package":"go.temporal.io/server/tools/gomad3/internal/compatibilitypack","Test":"TestGeneratedCompatibilityPackMutations/reflect2-go126/positive","Output":"--- PASS: TestGeneratedCompatibilityPackMutations/reflect2-go126/positive (0.00s)\n","OutputType":"frame"}
{"Time":"2026-10-08T19:12:56.329045616Z","Action":"pass","Package":"go.temporal.io/server/tools/gomad3/internal/compatibilitypack","Test":"TestGeneratedCompatibilityPackMutations/reflect2-go126/positive","Elapsed":0}
{"Time":"2026-10-08T19:12:56.329076491Z","Action":"run","Package":"go.temporal.io/server/tools/gomad3/internal/compatibilitypack","Test":"TestGeneratedCompatibilityPackMutations/reflect2-go126/request_identity"}
{"Time":"2026-10-08T19:12:56.32948495Z","Action":"output","Package":"go.temporal.io/server/tools/gomad3/internal/compatibilitypack","Test":"TestGeneratedCompatibilityPackMutations/reflect2-go126/request_identity","Output":"=== RUN   TestGeneratedCompatibilityPackMutations/reflect2-go126/request_identity\n","OutputType":"frame"}
{"Time":"2026-10-08T19:12:56.32986145Z","Action":"output","Package":"go.temporal.io/server/tools/gomad3/internal/compatibilitypack","Test":"TestGeneratedCompatibilityPackMutations/reflect2-go126/request_identity","Output":"--- PASS: TestGeneratedCompatibilityPackMutations/reflect2-go126/request_identity (0.00s)\n","OutputType":"frame"}
{"Time":"2026-10-08T19:12:56.330711325Z","Action":"pass","Package":"go.temporal.io/server/tools/gomad3/internal/compatibilitypack","Test":"TestGeneratedCompatibilityPackMutations/reflect2-go126/request_identity","Elapsed":0}
{"Time":"2026-10-08T19:12:56.331103241Z","Action":"run","Package":"go.temporal.io/server/tools/gomad3/internal/compatibilitypack","Test":"TestGeneratedCompatibilityPackMutations/reflect2-go126/review_time"}
{"Time":"2026-10-08T19:12:56.332689116Z","Action":"output","Package":"go.temporal.io/server/tools/gomad3/internal/compatibilitypack","Test":"TestGeneratedCompatibilityPackMutations/reflect2-go126/review_time","Output":"=== RUN   TestGeneratedCompatibilityPackMutations/reflect2-go126/review_time\n","OutputType":"frame"}
{"Time":"2026-10-08T19:12:56.3327192Z","Action":"output","Package":"go.temporal.io/server/tools/gomad3/internal/compatibilitypack","Test":"TestGeneratedCompatibilityPackMutations/reflect2-go126/review_time","Output":"--- PASS: TestGeneratedCompatibilityPackMutations/reflect2-go126/review_time (0.00s)\n","OutputType":"frame"}
{"Time":"2026-10-08T19:12:56.332815366Z","Action":"pass","Package":"go.temporal.io/server/tools/gomad3/internal/compatibilitypack","Test":"TestGeneratedCompatibilityPackMutations/reflect2-go126/review_time","Elapsed":0}
{"Time":"2026-10-08T19:12:56.333022283Z","Action":"run","Package":"go.temporal.io/server/tools/gomad3/internal/compatibilitypack","Test":"TestGeneratedCompatibilityPackMutations/reflect2-go126/source_set"}
{"Time":"2026-10-08T19:12:56.333135366Z","Action":"output","Package":"go.temporal.io/server/tools/gomad3/internal/compatibilitypack","Test":"TestGeneratedCompatibilityPackMutations/reflect2-go126/source_set","Output":"=== RUN   TestGeneratedCompatibilityPackMutations/reflect2-go126/source_set\n","OutputType":"frame"}
{"Time":"2026-10-08T19:12:56.333296533Z","Action":"output","Package":"go.temporal.io/server/tools/gomad3/internal/compatibilitypack","Test":"TestGeneratedCompatibilityPackMutations/reflect2-go126/source_set","Output":"--- PASS: TestGeneratedCompatibilityPackMutations/reflect2-go126/source_set (0.00s)\n","OutputType":"frame"}
{"Time":"2026-10-08T19:12:56.333360033Z","Action":"pass","Package":"go.temporal.io/server/tools/gomad3/internal/compatibilitypack","Test":"TestGeneratedCompatibilityPackMutations/reflect2-go126/source_set","Elapsed":0}
{"Time":"2026-10-08T19:12:56.333486658Z","Action":"run","Package":"go.temporal.io/server/tools/gomad3/internal/compatibilitypack","Test":"TestGeneratedCompatibilityPackMutations/reflect2-go126/workload"}
{"Time":"2026-10-08T19:12:56.333509533Z","Action":"output","Package":"go.temporal.io/server/tools/gomad3/internal/compatibilitypack","Test":"TestGeneratedCompatibilityPackMutations/reflect2-go126/workload","Output":"=== RUN   TestGeneratedCompatibilityPackMutations/reflect2-go126/workload\n","OutputType":"frame"}
{"Time":"2026-10-08T19:12:56.3335567Z","Action":"output","Package":"go.temporal.io/server/tools/gomad3/internal/compatibilitypack","Test":"TestGeneratedCompatibilityPackMutations/reflect2-go126/workload","Output":"--- PASS: TestGeneratedCompatibilityPackMutations/reflect2-go126/workload (0.00s)\n","OutputType":"frame"}
{"Time":"2026-10-08T19:12:56.333606075Z","Action":"pass","Package":"go.temporal.io/server/tools/gomad3/internal/compatibilitypack","Test":"TestGeneratedCompatibilityPackMutations/reflect2-go126/workload","Elapsed":0}
{"Time":"2026-10-08T19:12:56.333791325Z","Action":"run","Package":"go.temporal.io/server/tools/gomad3/internal/compatibilitypack","Test":"TestGeneratedCompatibilityPackMutations/temporal-functional-compute-darwin-arm64/approval"}
{"Time":"2026-10-08T19:12:56.333837366Z","Action":"output","Package":"go.temporal.io/server/tools/gomad3/internal/compatibilitypack","Test":"TestGeneratedCompatibilityPackMutations/temporal-functional-compute-darwin-arm64/approval","Output":"=== RUN   TestGeneratedCompatibilityPackMutations/temporal-functional-compute-darwin-arm64/approval\n","OutputType":"frame"}
{"Time":"2026-10-08T19:12:56.333869908Z","Action":"output","Package":"go.temporal.io/server/tools/gomad3/internal/compatibilitypack","Test":"TestGeneratedCompatibilityPackMutations/temporal-functional-compute-darwin-arm64/approval","Output":"--- PASS: TestGeneratedCompatibilityPackMutations/temporal-functional-compute-darwin-arm64/approval (0.00s)\n","OutputType":"frame"}
{"Time":"2026-10-08T19:12:56.334069741Z","Action":"pass","Package":"go.temporal.io/server/tools/gomad3/internal/compatibilitypack","Test":"TestGeneratedCompatibilityPackMutations/temporal-functional-compute-darwin-arm64/approval","Elapsed":0}
{"Time":"2026-10-08T19:12:56.335425991Z","Action":"run","Package":"go.temporal.io/server/tools/gomad3/internal/compatibilitypack","Test":"TestGeneratedCompatibilityPackMutations/temporal-functional-compute-darwin-arm64/arbitrary_local_replacement"}
{"Time":"2026-10-08T19:12:56.336385825Z","Action":"output","Package":"go.temporal.io/server/tools/gomad3/internal/compatibilitypack","Test":"TestGeneratedCompatibilityPackMutations/temporal-functional-compute-darwin-arm64/arbitrary_local_replacement","Output":"=== RUN   TestGeneratedCompatibilityPackMutations/temporal-functional-compute-darwin-arm64/arbitrary_local_replacement\n","OutputType":"frame"}
{"Time":"2026-10-08T19:12:56.336500408Z","Action":"output","Package":"go.temporal.io/server/tools/gomad3/internal/compatibilitypack","Test":"TestGeneratedCompatibilityPackMutations/temporal-functional-compute-darwin-arm64/arbitrary_local_replacement","Output":"--- PASS: TestGeneratedCompatibilityPackMutations/temporal-functional-compute-darwin-arm64/arbitrary_local_replacement (0.00s)\n","OutputType":"frame"}
{"Time":"2026-10-08T19:12:56.336543616Z","Action":"pass","Package":"go.temporal.io/server/tools/gomad3/internal/compatibilitypack","Test":"TestGeneratedCompatibilityPackMutations/temporal-functional-compute-darwin-arm64/arbitrary_local_replacement","Elapsed":0}
{"Time":"2026-10-08T19:12:56.336611575Z","Action":"run","Package":"go.temporal.io/server/tools/gomad3/internal/compatibilitypack","Test":"TestGeneratedCompatibilityPackMutations/temporal-functional-compute-darwin-arm64/availability"}
{"Time":"2026-10-08T19:12:56.336681616Z","Action":"output","Package":"go.temporal.io/server/tools/gomad3/internal/compatibilitypack","Test":"TestGeneratedCompatibilityPackMutations/temporal-functional-compute-darwin-arm64/availability","Output":"=== RUN   TestGeneratedCompatibilityPackMutations/temporal-functional-compute-darwin-arm64/availability\n","OutputType":"frame"}
{"Time":"2026-10-08T19:12:56.3367062Z","Action":"output","Package":"go.temporal.io/server/tools/gomad3/internal/compatibilitypack","Test":"TestGeneratedCompatibilityPackMutations/temporal-functional-compute-darwin-arm64/availability","Output":"--- PASS: TestGeneratedCompatibilityPackMutations/temporal-functional-compute-darwin-arm64/availability (0.00s)\n","OutputType":"frame"}
{"Time":"2026-10-08T19:12:56.336755033Z","Action":"pass","Package":"go.temporal.io/server/tools/gomad3/internal/compatibilitypack","Test":"TestGeneratedCompatibilityPackMutations/temporal-functional-compute-darwin-arm64/availability","Elapsed":0}
{"Time":"2026-10-08T19:12:56.336910825Z","Action":"run","Package":"go.temporal.io/server/tools/gomad3/internal/compatibilitypack","Test":"TestGeneratedCompatibilityPackMutations/temporal-functional-compute-darwin-arm64/foreign_source"}
{"Time":"2026-10-08T19:12:56.33695095Z","Action":"output","Package":"go.temporal.io/server/tools/gomad3/internal/compatibilitypack","Test":"TestGeneratedCompatibilityPackMutations/temporal-functional-compute-darwin-arm64/foreign_source","Output":"=== RUN   TestGeneratedCompatibilityPackMutations/temporal-functional-compute-darwin-arm64/foreign_source\n","OutputType":"frame"}
{"Time":"2026-10-08T19:12:56.336968533Z","Action":"output","Package":"go.temporal.io/server/tools/gomad3/internal/compatibilitypack","Test":"TestGeneratedCompatibilityPackMutations/temporal-functional-compute-darwin-arm64/foreign_source","Output":"--- PASS: TestGeneratedCompatibilityPackMutations/temporal-functional-compute-darwin-arm64/foreign_source (0.00s)\n","OutputType":"frame"}
{"Time":"2026-10-08T19:12:56.336984241Z","Action":"pass","Package":"go.temporal.io/server/tools/gomad3/internal/compatibilitypack","Test":"TestGeneratedCompatibilityPackMutations/temporal-functional-compute-darwin-arm64/foreign_source","Elapsed":0}
{"Time":"2026-10-08T19:12:56.337004158Z","Action":"run","Package":"go.temporal.io/server/tools/gomad3/internal/compatibilitypack","Test":"TestGeneratedCompatibilityPackMutations/temporal-functional-compute-darwin-arm64/go_source"}
{"Time":"2026-10-08T19:12:56.33702445Z","Action":"output","Package":"go.temporal.io/server/tools/gomad3/internal/compatibilitypack","Test":"TestGeneratedCompatibilityPackMutations/temporal-functional-compute-darwin-arm64/go_source","Output":"=== RUN   TestGeneratedCompatibilityPackMutations/temporal-functional-compute-darwin-arm64/go_source\n","OutputType":"frame"}
{"Time":"2026-10-08T19:12:56.337045158Z","Action":"output","Package":"go.temporal.io/server/tools/gomad3/internal/compatibilitypack","Test":"TestGeneratedCompatibilityPackMutations/temporal-functional-compute-darwin-arm64/go_source","Output":"--- PASS: TestGeneratedCompatibilityPackMutations/temporal-functional-compute-darwin-arm64/go_source (0.00s)\n","OutputType":"frame"}
{"Time":"2026-10-08T19:12:56.3370597Z","Action":"pass","Package":"go.temporal.io/server/tools/gomad3/internal/compatibilitypack","Test":"TestGeneratedCompatibilityPackMutations/temporal-functional-compute-darwin-arm64/go_source","Elapsed":0}
{"Time":"2026-10-08T19:12:56.337073491Z","Action":"run","Package":"go.temporal.io/server/tools/gomad3/internal/compatibilitypack","Test":"TestGeneratedCompatibilityPackMutations/temporal-functional-compute-darwin-arm64/justification"}
{"Time":"2026-10-08T19:12:56.337090033Z","Action":"output","Package":"go.temporal.io/server/tools/gomad3/internal/compatibilitypack","Test":"TestGeneratedCompatibilityPackMutations/temporal-functional-compute-darwin-arm64/justification","Output":"=== RUN   TestGeneratedCompatibilityPackMutations/temporal-functional-compute-darwin-arm64/justification\n","OutputType":"frame"}
{"Time":"2026-10-08T19:12:56.337107158Z","Action":"output","Package":"go.temporal.io/server/tools/gomad3/internal/compatibilitypack","Test":"TestGeneratedCompatibilityPackMutations/temporal-functional-compute-darwin-arm64/justification","Output":"--- PASS: TestGeneratedCompatibilityPackMutations/temporal-functional-compute-darwin-arm64/justification (0.00s)\n","OutputType":"frame"}
{"Time":"2026-10-08T19:12:56.337643408Z","Action":"pass","Package":"go.temporal.io/server/tools/gomad3/internal/compatibilitypack","Test":"TestGeneratedCompatibilityPackMutations/temporal-functional-compute-darwin-arm64/justification","Elapsed":0}
{"Time":"2026-10-08T19:12:56.337687533Z","Action":"run","Package":"go.temporal.io/server/tools/gomad3/internal/compatibilitypack","Test":"TestGeneratedCompatibilityPackMutations/temporal-functional-compute-darwin-arm64/module_sum"}
{"Time":"2026-10-08T19:12:56.33784345Z","Action":"output","Package":"go.temporal.io/server/tools/gomad3/internal/compatibilitypack","Test":"TestGeneratedCompatibilityPackMutations/temporal-functional-compute-darwin-arm64/module_sum","Output":"=== RUN   TestGeneratedCompatibilityPackMutations/temporal-functional-compute-darwin-arm64/module_sum\n","OutputType":"frame"}
{"Time":"2026-10-08T19:12:56.337888783Z","Action":"output","Package":"go.temporal.io/server/tools/gomad3/internal/compatibilitypack","Test":"TestGeneratedCompatibilityPackMutations/temporal-functional-compute-darwin-arm64/module_sum","Output":"--- PASS: TestGeneratedCompatibilityPackMutations/temporal-functional-compute-darwin-arm64/module_sum (0.00s)\n","OutputType":"frame"}
{"Time":"2026-10-08T19:12:56.33796395Z","Action":"pass","Package":"go.temporal.io/server/tools/gomad3/internal/compatibilitypack","Test":"TestGeneratedCompatibilityPackMutations/temporal-functional-compute-darwin-arm64/module_sum","Elapsed":0}
{"Time":"2026-10-08T19:12:56.337992158Z","Action":"run","Package":"go.temporal.io/server/tools/gomad3/internal/compatibilitypack","Test":"TestGeneratedCompatibilityPackMutations/temporal-functional-compute-darwin-arm64/module_version"}
{"Time":"2026-10-08T19:12:56.338017033Z","Action":"output","Package":"go.temporal.io/server/tools/gomad3/internal/compatibilitypack","Test":"TestGeneratedCompatibilityPackMutations/temporal-functional-compute-darwin-arm64/module_version","Output":"=== RUN   TestGeneratedCompatibilityPackMutations/temporal-functional-compute-darwin-arm64/module_version\n","OutputType":"frame"}
{"Time":"2026-10-08T19:12:56.338046491Z","Action":"output","Package":"go.temporal.io/server/tools/gomad3/internal/compatibilitypack","Test":"TestGeneratedCompatibilityPackMutations/temporal-functional-compute-darwin-arm64/module_version","Output":"--- PASS: TestGeneratedCompatibilityPackMutations/temporal-functional-compute-darwin-arm64/module_version (0.00s)\n","OutputType":"frame"}
{"Time":"2026-10-08T19:12:56.338078366Z","Action":"pass","Package":"go.temporal.io/server/tools/gomad3/internal/compatibilitypack","Test":"TestGeneratedCompatibilityPackMutations/temporal-functional-compute-darwin-arm64/module_version","Elapsed":0}
{"Time":"2026-10-08T19:12:56.338103283Z","Action":"run","Package":"go.temporal.io/server/tools/gomad3/internal/compatibilitypack","Test":"TestGeneratedCompatibilityPackMutations/temporal-functional-compute-darwin-arm64/owner"}
{"Time":"2026-10-08T19:12:56.338146991Z","Action":"output","Package":"go.temporal.io/server/tools/gomad3/internal/compatibilitypack","Test":"TestGeneratedCompatibilityPackMutations/temporal-functional-compute-darwin-arm64/owner","Output":"=== RUN   TestGeneratedCompatibilityPackMutations/temporal-functional-compute-darwin-arm64/owner\n","OutputType":"frame"}
{"Time":"2026-10-08T19:12:56.338171533Z","Action":"output","Package":"go.temporal.io/server/tools/gomad3/internal/compatibilitypack","Test":"TestGeneratedCompatibilityPackMutations/temporal-functional-compute-darwin-arm64/owner","Output":"--- PASS: TestGeneratedCompatibilityPackMutations/temporal-functional-compute-darwin-arm64/owner (0.00s)\n","OutputType":"frame"}
{"Time":"2026-10-08T19:12:56.338200033Z","Action":"pass","Package":"go.temporal.io/server/tools/gomad3/internal/compatibilitypack","Test":"TestGeneratedCompatibilityPackMutations/temporal-functional-compute-darwin-arm64/owner","Elapsed":0}
{"Time":"2026-10-08T19:12:56.338270075Z","Action":"run","Package":"go.temporal.io/server/tools/gomad3/internal/compatibilitypack","Test":"TestGeneratedCompatibilityPackMutations/temporal-functional-compute-darwin-arm64/pack_digest"}
{"Time":"2026-10-08T19:12:56.338301116Z","Action":"output","Package":"go.temporal.io/server/tools/gomad3/internal/compatibilitypack","Test":"TestGeneratedCompatibilityPackMutations/temporal-functional-compute-darwin-arm64/pack_digest","Output":"=== RUN   TestGeneratedCompatibilityPackMutations/temporal-functional-compute-darwin-arm64/pack_digest\n","OutputType":"frame"}
{"Time":"2026-10-08T19:12:56.338518825Z","Action":"output","Package":"go.temporal.io/server/tools/gomad3/internal/compatibilitypack","Test":"TestGeneratedCompatibilityPackMutations/temporal-functional-compute-darwin-arm64/pack_digest","Output":"--- PASS: TestGeneratedCompatibilityPackMutations/temporal-functional-compute-darwin-arm64/pack_digest (0.00s)\n","OutputType":"frame"}
{"Time":"2026-10-08T19:12:56.3385747Z","Action":"pass","Package":"go.temporal.io/server/tools/gomad3/internal/compatibilitypack","Test":"TestGeneratedCompatibilityPackMutations/temporal-functional-compute-darwin-arm64/pack_digest","Elapsed":0}
{"Time":"2026-10-08T19:12:56.338644991Z","Action":"run","Package":"go.temporal.io/server/tools/gomad3/internal/compatibilitypack","Test":"TestGeneratedCompatibilityPackMutations/temporal-functional-compute-darwin-arm64/platform"}
{"Time":"2026-10-08T19:12:56.338681533Z","Action":"output","Package":"go.temporal.io/server/tools/gomad3/internal/compatibilitypack","Test":"TestGeneratedCompatibilityPackMutations/temporal-functional-compute-darwin-arm64/platform","Output":"=== RUN   TestGeneratedCompatibilityPackMutations/temporal-functional-compute-darwin-arm64/platform\n","OutputType":"frame"}
{"Time":"2026-10-08T19:12:56.33870895Z","Action":"output","Package":"go.temporal.io/server/tools/gomad3/internal/compatibilitypack","Test":"TestGeneratedCompatibilityPackMutations/temporal-functional-compute-darwin-arm64/platform","Output":"--- PASS: TestGeneratedCompatibilityPackMutations/temporal-functional-compute-darwin-arm64/platform (0.00s)\n","OutputType":"frame"}
{"Time":"2026-10-08T19:12:56.338750491Z","Action":"pass","Package":"go.temporal.io/server/tools/gomad3/internal/compatibilitypack","Test":"TestGeneratedCompatibilityPackMutations/temporal-functional-compute-darwin-arm64/platform","Elapsed":0}
{"Time":"2026-10-08T19:12:56.3387992Z","Action":"run","Package":"go.temporal.io/server/tools/gomad3/internal/compatibilitypack","Test":"TestGeneratedCompatibilityPackMutations/temporal-functional-compute-darwin-arm64/positive"}
{"Time":"2026-10-08T19:12:56.338841991Z","Action":"output","Package":"go.temporal.io/server/tools/gomad3/internal/compatibilitypack","Test":"TestGeneratedCompatibilityPackMutations/temporal-functional-compute-darwin-arm64/positive","Output":"=== RUN   TestGeneratedCompatibilityPackMutations/temporal-functional-compute-darwin-arm64/positive\n","OutputType":"frame"}
{"Time":"2026-10-08T19:12:56.338864533Z","Action":"output","Package":"go.temporal.io/server/tools/gomad3/internal/compatibilitypack","Test":"TestGeneratedCompatibilityPackMutations/temporal-functional-compute-darwin-arm64/positive","Output":"--- PASS: TestGeneratedCompatibilityPackMutations/temporal-functional-compute-darwin-arm64/positive (0.00s)\n","OutputType":"frame"}
{"Time":"2026-10-08T19:12:56.338898283Z","Action":"pass","Package":"go.temporal.io/server/tools/gomad3/internal/compatibilitypack","Test":"TestGeneratedCompatibilityPackMutations/temporal-functional-compute-darwin-arm64/positive","Elapsed":0}
{"Time":"2026-10-08T19:12:56.339041283Z","Action":"run","Package":"go.temporal.io/server/tools/gomad3/internal/compatibilitypack","Test":"TestGeneratedCompatibilityPackMutations/temporal-functional-compute-darwin-arm64/request_identity"}
{"Time":"2026-10-08T19:12:56.33907895Z","Action":"output","Package":"go.temporal.io/server/tools/gomad3/internal/compatibilitypack","Test":"TestGeneratedCompatibilityPackMutations/temporal-functional-compute-darwin-arm64/request_identity","Output":"=== RUN   TestGeneratedCompatibilityPackMutations/temporal-functional-compute-darwin-arm64/request_identity\n","OutputType":"frame"}
{"Time":"2026-10-08T19:12:56.339143616Z","Action":"output","Package":"go.temporal.io/server/tools/gomad3/internal/compatibilitypack","Test":"TestGeneratedCompatibilityPackMutations/temporal-functional-compute-darwin-arm64/request_identity","Output":"--- PASS: TestGeneratedCompatibilityPackMutations/temporal-functional-compute-darwin-arm64/request_identity (0.00s)\n","OutputType":"frame"}
{"Time":"2026-10-08T19:12:56.339167325Z","Action":"pass","Package":"go.temporal.io/server/tools/gomad3/internal/compatibilitypack","Test":"TestGeneratedCompatibilityPackMutations/temporal-functional-compute-darwin-arm64/request_identity","Elapsed":0}
{"Time":"2026-10-08T19:12:56.3391877Z","Action":"run","Package":"go.temporal.io/server/tools/gomad3/internal/compatibilitypack","Test":"TestGeneratedCompatibilityPackMutations/temporal-functional-compute-darwin-arm64/review_time"}
{"Time":"2026-10-08T19:12:56.339205116Z","Action":"output","Package":"go.temporal.io/server/tools/gomad3/internal/compatibilitypack","Test":"TestGeneratedCompatibilityPackMutations/temporal-functional-compute-darwin-arm64/review_time","Output":"=== RUN   TestGeneratedCompatibilityPackMutations/temporal-functional-compute-darwin-arm64/review_time\n","OutputType":"frame"}
{"Time":"2026-10-08T19:12:56.339283991Z","Action":"output","Package":"go.temporal.io/server/tools/gomad3/internal/compatibilitypack","Test":"TestGeneratedCompatibilityPackMutations/temporal-functional-compute-darwin-arm64/review_time","Output":"--- PASS: TestGeneratedCompatibilityPackMutations/temporal-functional-compute-darwin-arm64/review_time (0.00s)\n","OutputType":"frame"}
{"Time":"2026-10-08T19:12:56.339337741Z","Action":"pass","Package":"go.temporal.io/server/tools/gomad3/internal/compatibilitypack","Test":"TestGeneratedCompatibilityPackMutations/temporal-functional-compute-darwin-arm64/review_time","Elapsed":0}
{"Time":"2026-10-08T19:12:56.339358658Z","Action":"run","Package":"go.temporal.io/server/tools/gomad3/internal/compatibilitypack","Test":"TestGeneratedCompatibilityPackMutations/temporal-functional-compute-darwin-arm64/source_set"}
{"Time":"2026-10-08T19:12:56.339376241Z","Action":"output","Package":"go.temporal.io/server/tools/gomad3/internal/compatibilitypack","Test":"TestGeneratedCompatibilityPackMutations/temporal-functional-compute-darwin-arm64/source_set","Output":"=== RUN   TestGeneratedCompatibilityPackMutations/temporal-functional-compute-darwin-arm64/source_set\n","OutputType":"frame"}
{"Time":"2026-10-08T19:12:56.33939345Z","Action":"output","Package":"go.temporal.io/server/tools/gomad3/internal/compatibilitypack","Test":"TestGeneratedCompatibilityPackMutations/temporal-functional-compute-darwin-arm64/source_set","Output":"--- PASS: TestGeneratedCompatibilityPackMutations/temporal-functional-compute-darwin-arm64/source_set (0.00s)\n","OutputType":"frame"}
{"Time":"2026-10-08T19:12:56.339478783Z","Action":"pass","Package":"go.temporal.io/server/tools/gomad3/internal/compatibilitypack","Test":"TestGeneratedCompatibilityPackMutations/temporal-functional-compute-darwin-arm64/source_set","Elapsed":0}
{"Time":"2026-10-08T19:12:56.3395082Z","Action":"run","Package":"go.temporal.io/server/tools/gomad3/internal/compatibilitypack","Test":"TestGeneratedCompatibilityPackMutations/temporal-functional-compute-darwin-arm64/workload"}
{"Time":"2026-10-08T19:12:56.339531325Z","Action":"output","Package":"go.temporal.io/server/tools/gomad3/internal/compatibilitypack","Test":"TestGeneratedCompatibilityPackMutations/temporal-functional-compute-darwin-arm64/workload","Output":"=== RUN   TestGeneratedCompatibilityPackMutations/temporal-functional-compute-darwin-arm64/workload\n","OutputType":"frame"}
{"Time":"2026-10-08T19:12:56.339564366Z","Action":"output","Package":"go.temporal.io/server/tools/gomad3/internal/compatibilitypack","Test":"TestGeneratedCompatibilityPackMutations/temporal-functional-compute-darwin-arm64/workload","Output":"--- PASS: TestGeneratedCompatibilityPackMutations/temporal-functional-compute-darwin-arm64/workload (0.00s)\n","OutputType":"frame"}
{"Time":"2026-10-08T19:12:56.339598991Z","Action":"pass","Package":"go.temporal.io/server/tools/gomad3/internal/compatibilitypack","Test":"TestGeneratedCompatibilityPackMutations/temporal-functional-compute-darwin-arm64/workload","Elapsed":0}
{"Time":"2026-10-08T19:12:56.339614491Z","Action":"run","Package":"go.temporal.io/server/tools/gomad3/internal/compatibilitypack","Test":"TestGeneratedCompatibilityPackMutations/temporal-functional-compute-linux-amd64/approval"}
{"Time":"2026-10-08T19:12:56.339657533Z","Action":"output","Package":"go.temporal.io/server/tools/gomad3/internal/compatibilitypack","Test":"TestGeneratedCompatibilityPackMutations/temporal-functional-compute-linux-amd64/approval","Output":"=== RUN   TestGeneratedCompatibilityPackMutations/temporal-functional-compute-linux-amd64/approval\n","OutputType":"frame"}
{"Time":"2026-10-08T19:12:56.339683991Z","Action":"output","Package":"go.temporal.io/server/tools/gomad3/internal/compatibilitypack","Test":"TestGeneratedCompatibilityPackMutations/temporal-functional-compute-linux-amd64/approval","Output":"--- PASS: TestGeneratedCompatibilityPackMutations/temporal-functional-compute-linux-amd64/approval (0.00s)\n","OutputType":"frame"}
{"Time":"2026-10-08T19:12:56.339710825Z","Action":"pass","Package":"go.temporal.io/server/tools/gomad3/internal/compatibilitypack","Test":"TestGeneratedCompatibilityPackMutations/temporal-functional-compute-linux-amd64/approval","Elapsed":0}
{"Time":"2026-10-08T19:12:56.339756033Z","Action":"run","Package":"go.temporal.io/server/tools/gomad3/internal/compatibilitypack","Test":"TestGeneratedCompatibilityPackMutations/temporal-functional-compute-linux-amd64/arbitrary_local_replacement"}
{"Time":"2026-10-08T19:12:56.339779116Z","Action":"output","Package":"go.temporal.io/server/tools/gomad3/internal/compatibilitypack","Test":"TestGeneratedCompatibilityPackMutations/temporal-functional-compute-linux-amd64/arbitrary_local_replacement","Output":"=== RUN   TestGeneratedCompatibilityPackMutations/temporal-functional-compute-linux-amd64/arbitrary_local_replacement\n","OutputType":"frame"}
{"Time":"2026-10-08T19:12:56.3397932Z","Action":"output","Package":"go.temporal.io/server/tools/gomad3/internal/compatibilitypack","Test":"TestGeneratedCompatibilityPackMutations/temporal-functional-compute-linux-amd64/arbitrary_local_replacement","Output":"--- PASS: TestGeneratedCompatibilityPackMutations/temporal-functional-compute-linux-amd64/arbitrary_local_replacement (0.00s)\n","OutputType":"frame"}
{"Time":"2026-10-08T19:12:56.3398127Z","Action":"pass","Package":"go.temporal.io/server/tools/gomad3/internal/compatibilitypack","Test":"TestGeneratedCompatibilityPackMutations/temporal-functional-compute-linux-amd64/arbitrary_local_replacement","Elapsed":0}
{"Time":"2026-10-08T19:12:56.339835283Z","Action":"run","Package":"go.temporal.io/server/tools/gomad3/internal/compatibilitypack","Test":"TestGeneratedCompatibilityPackMutations/temporal-functional-compute-linux-amd64/availability"}
{"Time":"2026-10-08T19:12:56.339869075Z","Action":"output","Package":"go.temporal.io/server/tools/gomad3/internal/compatibilitypack","Test":"TestGeneratedCompatibilityPackMutations/temporal-functional-compute-linux-amd64/availability","Output":"=== RUN   TestGeneratedCompatibilityPackMutations/temporal-functional-compute-linux-amd64/availability\n","OutputType":"frame"}
{"Time":"2026-10-08T19:12:56.339892075Z","Action":"output","Package":"go.temporal.io/server/tools/gomad3/internal/compatibilitypack","Test":"TestGeneratedCompatibilityPackMutations/temporal-functional-compute-linux-amd64/availability","Output":"--- PASS: TestGeneratedCompatibilityPackMutations/temporal-functional-compute-linux-amd64/availability (0.00s)\n","OutputType":"frame"}
{"Time":"2026-10-08T19:12:56.339911116Z","Action":"pass","Package":"go.temporal.io/server/tools/gomad3/internal/compatibilitypack","Test":"TestGeneratedCompatibilityPackMutations/temporal-functional-compute-linux-amd64/availability","Elapsed":0}
{"Time":"2026-10-08T19:12:56.339950866Z","Action":"run","Package":"go.temporal.io/server/tools/gomad3/internal/compatibilitypack","Test":"TestGeneratedCompatibilityPackMutations/temporal-functional-compute-linux-amd64/directive"}
{"Time":"2026-10-08T19:12:56.339969825Z","Action":"output","Package":"go.temporal.io/server/tools/gomad3/internal/compatibilitypack","Test":"TestGeneratedCompatibilityPackMutations/temporal-functional-compute-linux-amd64/directive","Output":"=== RUN   TestGeneratedCompatibilityPackMutations/temporal-functional-compute-linux-amd64/directive\n","OutputType":"frame"}
{"Time":"2026-10-08T19:12:56.340135408Z","Action":"output","Package":"go.temporal.io/server/tools/gomad3/internal/compatibilitypack","Test":"TestGeneratedCompatibilityPackMutations/temporal-functional-compute-linux-amd64/directive","Output":"--- PASS: TestGeneratedCompatibilityPackMutations/temporal-functional-compute-linux-amd64/directive (0.00s)\n","OutputType":"frame"}
{"Time":"2026-10-08T19:12:56.340209991Z","Action":"pass","Package":"go.temporal.io/server/tools/gomad3/internal/compatibilitypack","Test":"TestGeneratedCompatibilityPackMutations/temporal-functional-compute-linux-amd64/directive","Elapsed":0}
{"Time":"2026-10-08T19:12:56.340262866Z","Action":"run","Package":"go.temporal.io/server/tools/gomad3/internal/compatibilitypack","Test":"TestGeneratedCompatibilityPackMutations/temporal-functional-compute-linux-amd64/foreign_source"}
{"Time":"2026-10-08T19:12:56.340295325Z","Action":"output","Package":"go.temporal.io/server/tools/gomad3/internal/compatibilitypack","Test":"TestGeneratedCompatibilityPackMutations/temporal-functional-compute-linux-amd64/foreign_source","Output":"=== RUN   TestGeneratedCompatibilityPackMutations/temporal-functional-compute-linux-amd64/foreign_source\n","OutputType":"frame"}
{"Time":"2026-10-08T19:12:56.345318575Z","Action":"output","Package":"go.temporal.io/server/tools/gomad3/internal/compatibilitypack","Test":"TestGeneratedCompatibilityPackMutations/temporal-functional-compute-linux-amd64/foreign_source","Output":"--- PASS: TestGeneratedCompatibilityPackMutations/temporal-functional-compute-linux-amd64/foreign_source (0.00s)\n","OutputType":"frame"}
{"Time":"2026-10-08T19:12:56.346069741Z","Action":"pass","Package":"go.temporal.io/server/tools/gomad3/internal/compatibilitypack","Test":"TestGeneratedCompatibilityPackMutations/temporal-functional-compute-linux-amd64/foreign_source","Elapsed":0}
{"Time":"2026-10-08T19:12:56.346754408Z","Action":"run","Package":"go.temporal.io/server/tools/gomad3/internal/compatibilitypack","Test":"TestGeneratedCompatibilityPackMutations/temporal-functional-compute-linux-amd64/go_source"}
{"Time":"2026-10-08T19:12:56.346963116Z","Action":"output","Package":"go.temporal.io/server/tools/gomad3/internal/compatibilitypack","Test":"TestGeneratedCompatibilityPackMutations/temporal-functional-compute-linux-amd64/go_source","Output":"=== RUN   TestGeneratedCompatibilityPackMutations/temporal-functional-compute-linux-amd64/go_source\n","OutputType":"frame"}
{"Time":"2026-10-08T19:12:56.347008991Z","Action":"output","Package":"go.temporal.io/server/tools/gomad3/internal/compatibilitypack","Test":"TestGeneratedCompatibilityPackMutations/temporal-functional-compute-linux-amd64/go_source","Output":"--- PASS: TestGeneratedCompatibilityPackMutations/temporal-functional-compute-linux-amd64/go_source (0.00s)\n","OutputType":"frame"}
{"Time":"2026-10-08T19:12:56.347498491Z","Action":"pass","Package":"go.temporal.io/server/tools/gomad3/internal/compatibilitypack","Test":"TestGeneratedCompatibilityPackMutations/temporal-functional-compute-linux-amd64/go_source","Elapsed":0}
{"Time":"2026-10-08T19:12:56.347907825Z","Action":"run","Package":"go.temporal.io/server/tools/gomad3/internal/compatibilitypack","Test":"TestGeneratedCompatibilityPackMutations/temporal-functional-compute-linux-amd64/justification"}
{"Time":"2026-10-08T19:12:56.347963825Z","Action":"output","Package":"go.temporal.io/server/tools/gomad3/internal/compatibilitypack","Test":"TestGeneratedCompatibilityPackMutations/temporal-functional-compute-linux-amd64/justification","Output":"=== RUN   TestGeneratedCompatibilityPackMutations/temporal-functional-compute-linux-amd64/justification\n","OutputType":"frame"}
{"Time":"2026-10-08T19:12:56.350868283Z","Action":"output","Package":"go.temporal.io/server/tools/gomad3/internal/compatibilitypack","Test":"TestGeneratedCompatibilityPackMutations/temporal-functional-compute-linux-amd64/justification","Output":"--- PASS: TestGeneratedCompatibilityPackMutations/temporal-functional-compute-linux-amd64/justification (0.00s)\n","OutputType":"frame"}
{"Time":"2026-10-08T19:12:56.351782991Z","Action":"pass","Package":"go.temporal.io/server/tools/gomad3/internal/compatibilitypack","Test":"TestGeneratedCompatibilityPackMutations/temporal-functional-compute-linux-amd64/justification","Elapsed":0}
{"Time":"2026-10-08T19:12:56.351832408Z","Action":"run","Package":"go.temporal.io/server/tools/gomad3/internal/compatibilitypack","Test":"TestGeneratedCompatibilityPackMutations/temporal-functional-compute-linux-amd64/module_sum"}
{"Time":"2026-10-08T19:12:56.3519287Z","Action":"output","Package":"go.temporal.io/server/tools/gomad3/internal/compatibilitypack","Test":"TestGeneratedCompatibilityPackMutations/temporal-functional-compute-linux-amd64/module_sum","Output":"=== RUN   TestGeneratedCompatibilityPackMutations/temporal-functional-compute-linux-amd64/module_sum\n","OutputType":"frame"}
{"Time":"2026-10-08T19:12:56.3529797Z","Action":"output","Package":"go.temporal.io/server/tools/gomad3/internal/compatibilitypack","Test":"TestGeneratedCompatibilityPackMutations/temporal-functional-compute-linux-amd64/module_sum","Output":"--- PASS: TestGeneratedCompatibilityPackMutations/temporal-functional-compute-linux-amd64/module_sum (0.00s)\n","OutputType":"frame"}
{"Time":"2026-10-08T19:12:56.354325533Z","Action":"pass","Package":"go.temporal.io/server/tools/gomad3/internal/compatibilitypack","Test":"TestGeneratedCompatibilityPackMutations/temporal-functional-compute-linux-amd64/module_sum","Elapsed":0}
{"Time":"2026-10-08T19:12:56.354384366Z","Action":"run","Package":"go.temporal.io/server/tools/gomad3/internal/compatibilitypack","Test":"TestGeneratedCompatibilityPackMutations/temporal-functional-compute-linux-amd64/module_version"}
{"Time":"2026-10-08T19:12:56.354702533Z","Action":"output","Package":"go.temporal.io/server/tools/gomad3/internal/compatibilitypack","Test":"TestGeneratedCompatibilityPackMutations/temporal-functional-compute-linux-amd64/module_version","Output":"=== RUN   TestGeneratedCompatibilityPackMutations/temporal-functional-compute-linux-amd64/module_version\n","OutputType":"frame"}
{"Time":"2026-10-08T19:12:56.356269533Z","Action":"output","Package":"go.temporal.io/server/tools/gomad3/internal/compatibilitypack","Test":"TestGeneratedCompatibilityPackMutations/temporal-functional-compute-linux-amd64/module_version","Output":"--- PASS: TestGeneratedCompatibilityPackMutations/temporal-functional-compute-linux-amd64/module_version (0.00s)\n","OutputType":"frame"}
{"Time":"2026-10-08T19:12:56.35719445Z","Action":"pass","Package":"go.temporal.io/server/tools/gomad3/internal/compatibilitypack","Test":"TestGeneratedCompatibilityPackMutations/temporal-functional-compute-linux-amd64/module_version","Elapsed":0}
{"Time":"2026-10-08T19:12:56.357766491Z","Action":"run","Package":"go.temporal.io/server/tools/gomad3/internal/compatibilitypack","Test":"TestGeneratedCompatibilityPackMutations/temporal-functional-compute-linux-amd64/owner"}
{"Time":"2026-10-08T19:12:56.3597327Z","Action":"output","Package":"go.temporal.io/server/tools/gomad3/internal/compatibilitypack","Test":"TestGeneratedCompatibilityPackMutations/temporal-functional-compute-linux-amd64/owner","Output":"=== RUN   TestGeneratedCompatibilityPackMutations/temporal-functional-compute-linux-amd64/owner\n","OutputType":"frame"}
{"Time":"2026-10-08T19:12:56.361941325Z","Action":"output","Package":"go.temporal.io/server/tools/gomad3/internal/compatibilitypack","Test":"TestGeneratedCompatibilityPackMutations/temporal-functional-compute-linux-amd64/owner","Output":"--- PASS: TestGeneratedCompatibilityPackMutations/temporal-functional-compute-linux-amd64/owner (0.00s)\n","OutputType":"frame"}
{"Time":"2026-10-08T19:12:56.3621102Z","Action":"pass","Package":"go.temporal.io/server/tools/gomad3/internal/compatibilitypack","Test":"TestGeneratedCompatibilityPackMutations/temporal-functional-compute-linux-amd64/owner","Elapsed":0}
{"Time":"2026-10-08T19:12:56.362197783Z","Action":"run","Package":"go.temporal.io/server/tools/gomad3/internal/compatibilitypack","Test":"TestGeneratedCompatibilityPackMutations/temporal-functional-compute-linux-amd64/pack_digest"}
{"Time":"2026-10-08T19:12:56.362254158Z","Action":"output","Package":"go.temporal.io/server/tools/gomad3/internal/compatibilitypack","Test":"TestGeneratedCompatibilityPackMutations/temporal-functional-compute-linux-amd64/pack_digest","Output":"=== RUN   TestGeneratedCompatibilityPackMutations/temporal-functional-compute-linux-amd64/pack_digest\n","OutputType":"frame"}
{"Time":"2026-10-08T19:12:56.364995366Z","Action":"output","Package":"go.temporal.io/server/tools/gomad3/internal/compatibilitypack/authoring","Test":"TestGenerateAdmissionRejectsFiveHostImportsBeforePublication/import:os/user","Output":"--- PASS: TestGenerateAdmissionRejectsFiveHostImportsBeforePublication/import:os/user (0.06s)\n","OutputType":"frame"}
{"Time":"2026-10-08T19:12:56.365333366Z","Action":"pass","Package":"go.temporal.io/server/tools/gomad3/internal/compatibilitypack/authoring","Test":"TestGenerateAdmissionRejectsFiveHostImportsBeforePublication/import:os/user","Elapsed":0.06}
{"Time":"2026-10-08T19:12:56.365429866Z","Action":"run","Package":"go.temporal.io/server/tools/gomad3/internal/compatibilitypack/authoring","Test":"TestGenerateAdmissionRejectsFiveHostImportsBeforePublication/import:plugin"}
{"Time":"2026-10-08T19:12:56.365525491Z","Action":"output","Package":"go.temporal.io/server/tools/gomad3/internal/compatibilitypack/authoring","Test":"TestGenerateAdmissionRejectsFiveHostImportsBeforePublication/import:plugin","Output":"=== RUN   TestGenerateAdmissionRejectsFiveHostImportsBeforePublication/import:plugin\n","OutputType":"frame"}
{"Time":"2026-10-08T19:12:56.365941783Z","Action":"output","Package":"go.temporal.io/server/tools/gomad3/internal/compatibilitypack","Test":"TestGeneratedCompatibilityPackMutations/temporal-functional-compute-linux-amd64/pack_digest","Output":"--- PASS: TestGeneratedCompatibilityPackMutations/temporal-functional-compute-linux-amd64/pack_digest (0.00s)\n","OutputType":"frame"}
{"Time":"2026-10-08T19:12:56.3672317Z","Action":"pass","Package":"go.temporal.io/server/tools/gomad3/internal/compatibilitypack","Test":"TestGeneratedCompatibilityPackMutations/temporal-functional-compute-linux-amd64/pack_digest","Elapsed":0}
{"Time":"2026-10-08T19:12:56.36737345Z","Action":"run","Package":"go.temporal.io/server/tools/gomad3/internal/compatibilitypack","Test":"TestGeneratedCompatibilityPackMutations/temporal-functional-compute-linux-amd64/platform"}
{"Time":"2026-10-08T19:12:56.367430241Z","Action":"output","Package":"go.temporal.io/server/tools/gomad3/internal/compatibilitypack","Test":"TestGeneratedCompatibilityPackMutations/temporal-functional-compute-linux-amd64/platform","Output":"=== RUN   TestGeneratedCompatibilityPackMutations/temporal-functional-compute-linux-amd64/platform\n","OutputType":"frame"}
{"Time":"2026-10-08T19:12:56.36761395Z","Action":"output","Package":"go.temporal.io/server/tools/gomad3/internal/compatibilitypack","Test":"TestGeneratedCompatibilityPackMutations/temporal-functional-compute-linux-amd64/platform","Output":"--- PASS: TestGeneratedCompatibilityPackMutations/temporal-functional-compute-linux-amd64/platform (0.00s)\n","OutputType":"frame"}
{"Time":"2026-10-08T19:12:56.368621658Z","Action":"pass","Package":"go.temporal.io/server/tools/gomad3/internal/compatibilitypack","Test":"TestGeneratedCompatibilityPackMutations/temporal-functional-compute-linux-amd64/platform","Elapsed":0}
{"Time":"2026-10-08T19:12:56.369979033Z","Action":"run","Package":"go.temporal.io/server/tools/gomad3/internal/compatibilitypack","Test":"TestGeneratedCompatibilityPackMutations/temporal-functional-compute-linux-amd64/positive"}
{"Time":"2026-10-08T19:12:56.370011533Z","Action":"output","Package":"go.temporal.io/server/tools/gomad3/internal/compatibilitypack","Test":"TestGeneratedCompatibilityPackMutations/temporal-functional-compute-linux-amd64/positive","Output":"=== RUN   TestGeneratedCompatibilityPackMutations/temporal-functional-compute-linux-amd64/positive\n","OutputType":"frame"}
{"Time":"2026-10-08T19:12:56.370187491Z","Action":"output","Package":"go.temporal.io/server/tools/gomad3/internal/compatibilitypack","Test":"TestGeneratedCompatibilityPackMutations/temporal-functional-compute-linux-amd64/positive","Output":"--- PASS: TestGeneratedCompatibilityPackMutations/temporal-functional-compute-linux-amd64/positive (0.00s)\n","OutputType":"frame"}
{"Time":"2026-10-08T19:12:56.37053295Z","Action":"pass","Package":"go.temporal.io/server/tools/gomad3/internal/compatibilitypack","Test":"TestGeneratedCompatibilityPackMutations/temporal-functional-compute-linux-amd64/positive","Elapsed":0}
{"Time":"2026-10-08T19:12:56.3706882Z","Action":"run","Package":"go.temporal.io/server/tools/gomad3/internal/compatibilitypack","Test":"TestGeneratedCompatibilityPackMutations/temporal-functional-compute-linux-amd64/request_identity"}
{"Time":"2026-10-08T19:12:56.370970241Z","Action":"output","Package":"go.temporal.io/server/tools/gomad3/internal/compatibilitypack","Test":"TestGeneratedCompatibilityPackMutations/temporal-functional-compute-linux-amd64/request_identity","Output":"=== RUN   TestGeneratedCompatibilityPackMutations/temporal-functional-compute-linux-amd64/request_identity\n","OutputType":"frame"}
{"Time":"2026-10-08T19:12:56.374450741Z","Action":"output","Package":"go.temporal.io/server/tools/gomad3/internal/compatibilitypack","Test":"TestGeneratedCompatibilityPackMutations/temporal-functional-compute-linux-amd64/request_identity","Output":"--- PASS: TestGeneratedCompatibilityPackMutations/temporal-functional-compute-linux-amd64/request_identity (0.00s)\n","OutputType":"frame"}
{"Time":"2026-10-08T19:12:56.374637658Z","Action":"pass","Package":"go.temporal.io/server/tools/gomad3/internal/compatibilitypack","Test":"TestGeneratedCompatibilityPackMutations/temporal-functional-compute-linux-amd64/request_identity","Elapsed":0}
{"Time":"2026-10-08T19:12:56.37482445Z","Action":"run","Package":"go.temporal.io/server/tools/gomad3/internal/compatibilitypack","Test":"TestGeneratedCompatibilityPackMutations/temporal-functional-compute-linux-amd64/review_time"}
{"Time":"2026-10-08T19:12:56.374930116Z","Action":"output","Package":"go.temporal.io/server/tools/gomad3/internal/compatibilitypack","Test":"TestGeneratedCompatibilityPackMutations/temporal-functional-compute-linux-amd64/review_time","Output":"=== RUN   TestGeneratedCompatibilityPackMutations/temporal-functional-compute-linux-amd64/review_time\n","OutputType":"frame"}
{"Time":"2026-10-08T19:12:56.377559408Z","Action":"run","Package":"go.temporal.io/server/tools/gomad3/upgrade","Test":"TestRunRenderingFailurePreservesGateEvidence/corpus/write1"}
{"Time":"2026-10-08T19:12:56.3779382Z","Action":"output","Package":"go.temporal.io/server/tools/gomad3/upgrade","Test":"TestRunRenderingFailurePreservesGateEvidence/corpus/write1","Output":"=== RUN   TestRunRenderingFailurePreservesGateEvidence/corpus/write1\n","OutputType":"frame"}
{"Time":"2026-10-08T19:12:56.37851445Z","Action":"output","Package":"go.temporal.io/server/tools/gomad3/internal/compatibilitypack","Test":"TestGeneratedCompatibilityPackMutations/temporal-functional-compute-linux-amd64/review_time","Output":"--- PASS: TestGeneratedCompatibilityPackMutations/temporal-functional-compute-linux-amd64/review_time (0.00s)\n","OutputType":"frame"}
{"Time":"2026-10-08T19:12:56.378592825Z","Action":"pass","Package":"go.temporal.io/server/tools/gomad3/internal/compatibilitypack","Test":"TestGeneratedCompatibilityPackMutations/temporal-functional-compute-linux-amd64/review_time","Elapsed":0}
{"Time":"2026-10-08T19:12:56.378656366Z","Action":"run","Package":"go.temporal.io/server/tools/gomad3/internal/compatibilitypack","Test":"TestGeneratedCompatibilityPackMutations/temporal-functional-compute-linux-amd64/source_set"}
{"Time":"2026-10-08T19:12:56.379391825Z","Action":"output","Package":"go.temporal.io/server/tools/gomad3/internal/compatibilitypack","Test":"TestGeneratedCompatibilityPackMutations/temporal-functional-compute-linux-amd64/source_set","Output":"=== RUN   TestGeneratedCompatibilityPackMutations/temporal-functional-compute-linux-amd64/source_set\n","OutputType":"frame"}
{"Time":"2026-10-08T19:12:56.381075866Z","Action":"output","Package":"go.temporal.io/server/tools/gomad3/internal/compatibilitypack","Test":"TestGeneratedCompatibilityPackMutations/temporal-functional-compute-linux-amd64/source_set","Output":"--- PASS: TestGeneratedCompatibilityPackMutations/temporal-functional-compute-linux-amd64/source_set (0.00s)\n","OutputType":"frame"}
{"Time":"2026-10-08T19:12:56.3811942Z","Action":"pass","Package":"go.temporal.io/server/tools/gomad3/internal/compatibilitypack","Test":"TestGeneratedCompatibilityPackMutations/temporal-functional-compute-linux-amd64/source_set","Elapsed":0}
{"Time":"2026-10-08T19:12:56.381296575Z","Action":"run","Package":"go.temporal.io/server/tools/gomad3/internal/compatibilitypack","Test":"TestGeneratedCompatibilityPackMutations/temporal-functional-compute-linux-amd64/workload"}
{"Time":"2026-10-08T19:12:56.381404283Z","Action":"output","Package":"go.temporal.io/server/tools/gomad3/internal/compatibilitypack","Test":"TestGeneratedCompatibilityPackMutations/temporal-functional-compute-linux-amd64/workload","Output":"=== RUN   TestGeneratedCompatibilityPackMutations/temporal-functional-compute-linux-amd64/workload\n","OutputType":"frame"}
{"Time":"2026-10-08T19:12:56.3852157Z","Action":"output","Package":"go.temporal.io/server/tools/gomad3/internal/compatibilitypack","Test":"TestGeneratedCompatibilityPackMutations/temporal-functional-compute-linux-amd64/workload","Output":"--- PASS: TestGeneratedCompatibilityPackMutations/temporal-functional-compute-linux-amd64/workload (0.00s)\n","OutputType":"frame"}
{"Time":"2026-10-08T19:12:56.385365116Z","Action":"pass","Package":"go.temporal.io/server/tools/gomad3/internal/compatibilitypack","Test":"TestGeneratedCompatibilityPackMutations/temporal-functional-compute-linux-amd64/workload","Elapsed":0}
{"Time":"2026-10-08T19:12:56.3854317Z","Action":"run","Package":"go.temporal.io/server/tools/gomad3/internal/compatibilitypack","Test":"TestGeneratedCompatibilityPackMutations/temporal-functional-tests-darwin-arm64/approval"}
{"Time":"2026-10-08T19:12:56.38548945Z","Action":"output","Package":"go.temporal.io/server/tools/gomad3/internal/compatibilitypack","Test":"TestGeneratedCompatibilityPackMutations/temporal-functional-tests-darwin-arm64/approval","Output":"=== RUN   TestGeneratedCompatibilityPackMutations/temporal-functional-tests-darwin-arm64/approval\n","OutputType":"frame"}
{"Time":"2026-10-08T19:12:56.386455866Z","Action":"output","Package":"go.temporal.io/server/tools/gomad3/internal/compatibilitypack","Test":"TestGeneratedCompatibilityPackMutations/temporal-functional-tests-darwin-arm64/approval","Output":"--- PASS: TestGeneratedCompatibilityPackMutations/temporal-functional-tests-darwin-arm64/approval (0.00s)\n","OutputType":"frame"}
{"Time":"2026-10-08T19:12:56.386940075Z","Action":"pass","Package":"go.temporal.io/server/tools/gomad3/internal/compatibilitypack","Test":"TestGeneratedCompatibilityPackMutations/temporal-functional-tests-darwin-arm64/approval","Elapsed":0}
{"Time":"2026-10-08T19:12:56.387469408Z","Action":"run","Package":"go.temporal.io/server/tools/gomad3/internal/compatibilitypack","Test":"TestGeneratedCompatibilityPackMutations/temporal-functional-tests-darwin-arm64/arbitrary_local_replacement"}
{"Time":"2026-10-08T19:12:56.387628116Z","Action":"output","Package":"go.temporal.io/server/tools/gomad3/internal/compatibilitypack","Test":"TestGeneratedCompatibilityPackMutations/temporal-functional-tests-darwin-arm64/arbitrary_local_replacement","Output":"=== RUN   TestGeneratedCompatibilityPackMutations/temporal-functional-tests-darwin-arm64/arbitrary_local_replacement\n","OutputType":"frame"}
{"Time":"2026-10-08T19:12:56.388186033Z","Action":"output","Package":"go.temporal.io/server/tools/gomad3/internal/compatibilitypack","Test":"TestGeneratedCompatibilityPackMutations/temporal-functional-tests-darwin-arm64/arbitrary_local_replacement","Output":"--- PASS: TestGeneratedCompatibilityPackMutations/temporal-functional-tests-darwin-arm64/arbitrary_local_replacement (0.00s)\n","OutputType":"frame"}
{"Time":"2026-10-08T19:12:56.388844075Z","Action":"pass","Package":"go.temporal.io/server/tools/gomad3/internal/compatibilitypack","Test":"TestGeneratedCompatibilityPackMutations/temporal-functional-tests-darwin-arm64/arbitrary_local_replacement","Elapsed":0}
{"Time":"2026-10-08T19:12:56.389438741Z","Action":"run","Package":"go.temporal.io/server/tools/gomad3/internal/compatibilitypack","Test":"TestGeneratedCompatibilityPackMutations/temporal-functional-tests-darwin-arm64/availability"}
{"Time":"2026-10-08T19:12:56.38958145Z","Action":"output","Package":"go.temporal.io/server/tools/gomad3/internal/compatibilitypack","Test":"TestGeneratedCompatibilityPackMutations/temporal-functional-tests-darwin-arm64/availability","Output":"=== RUN   TestGeneratedCompatibilityPackMutations/temporal-functional-tests-darwin-arm64/availability\n","OutputType":"frame"}
{"Time":"2026-10-08T19:12:56.390037533Z","Action":"output","Package":"go.temporal.io/server/tools/gomad3/internal/compatibilitypack","Test":"TestGeneratedCompatibilityPackMutations/temporal-functional-tests-darwin-arm64/availability","Output":"--- PASS: TestGeneratedCompatibilityPackMutations/temporal-functional-tests-darwin-arm64/availability (0.00s)\n","OutputType":"frame"}
{"Time":"2026-10-08T19:12:56.390082116Z","Action":"pass","Package":"go.temporal.io/server/tools/gomad3/internal/compatibilitypack","Test":"TestGeneratedCompatibilityPackMutations/temporal-functional-tests-darwin-arm64/availability","Elapsed":0}
{"Time":"2026-10-08T19:12:56.390496533Z","Action":"run","Package":"go.temporal.io/server/tools/gomad3/internal/compatibilitypack","Test":"TestGeneratedCompatibilityPackMutations/temporal-functional-tests-darwin-arm64/go_source"}
{"Time":"2026-10-08T19:12:56.3905312Z","Action":"output","Package":"go.temporal.io/server/tools/gomad3/internal/compatibilitypack","Test":"TestGeneratedCompatibilityPackMutations/temporal-functional-tests-darwin-arm64/go_source","Output":"=== RUN   TestGeneratedCompatibilityPackMutations/temporal-functional-tests-darwin-arm64/go_source\n","OutputType":"frame"}
{"Time":"2026-10-08T19:12:56.390986741Z","Action":"output","Package":"go.temporal.io/server/tools/gomad3/internal/compatibilitypack","Test":"TestGeneratedCompatibilityPackMutations/temporal-functional-tests-darwin-arm64/go_source","Output":"--- PASS: TestGeneratedCompatibilityPackMutations/temporal-functional-tests-darwin-arm64/go_source (0.00s)\n","OutputType":"frame"}
{"Time":"2026-10-08T19:12:56.391076783Z","Action":"pass","Package":"go.temporal.io/server/tools/gomad3/internal/compatibilitypack","Test":"TestGeneratedCompatibilityPackMutations/temporal-functional-tests-darwin-arm64/go_source","Elapsed":0}
{"Time":"2026-10-08T19:12:56.391135366Z","Action":"run","Package":"go.temporal.io/server/tools/gomad3/internal/compatibilitypack","Test":"TestGeneratedCompatibilityPackMutations/temporal-functional-tests-darwin-arm64/justification"}
{"Time":"2026-10-08T19:12:56.393797241Z","Action":"output","Package":"go.temporal.io/server/tools/gomad3/internal/compatibilitypack","Test":"TestGeneratedCompatibilityPackMutations/temporal-functional-tests-darwin-arm64/justification","Output":"=== RUN   TestGeneratedCompatibilityPackMutations/temporal-functional-tests-darwin-arm64/justification\n","OutputType":"frame"}
{"Time":"2026-10-08T19:12:56.396319825Z","Action":"output","Package":"go.temporal.io/server/tools/gomad3/internal/compatibilitypack","Test":"TestGeneratedCompatibilityPackMutations/temporal-functional-tests-darwin-arm64/justification","Output":"--- PASS: TestGeneratedCompatibilityPackMutations/temporal-functional-tests-darwin-arm64/justification (0.00s)\n","OutputType":"frame"}
{"Time":"2026-10-08T19:12:56.396778866Z","Action":"pass","Package":"go.temporal.io/server/tools/gomad3/internal/compatibilitypack","Test":"TestGeneratedCompatibilityPackMutations/temporal-functional-tests-darwin-arm64/justification","Elapsed":0}
{"Time":"2026-10-08T19:12:56.396858575Z","Action":"run","Package":"go.temporal.io/server/tools/gomad3/internal/compatibilitypack","Test":"TestGeneratedCompatibilityPackMutations/temporal-functional-tests-darwin-arm64/module_sum"}
{"Time":"2026-10-08T19:12:56.396960908Z","Action":"output","Package":"go.temporal.io/server/tools/gomad3/internal/compatibilitypack","Test":"TestGeneratedCompatibilityPackMutations/temporal-functional-tests-darwin-arm64/module_sum","Output":"=== RUN   TestGeneratedCompatibilityPackMutations/temporal-functional-tests-darwin-arm64/module_sum\n","OutputType":"frame"}
{"Time":"2026-10-08T19:12:56.397129366Z","Action":"output","Package":"go.temporal.io/server/tools/gomad3/internal/compatibilitypack","Test":"TestGeneratedCompatibilityPackMutations/temporal-functional-tests-darwin-arm64/module_sum","Output":"--- PASS: TestGeneratedCompatibilityPackMutations/temporal-functional-tests-darwin-arm64/module_sum (0.00s)\n","OutputType":"frame"}
{"Time":"2026-10-08T19:12:56.397169658Z","Action":"pass","Package":"go.temporal.io/server/tools/gomad3/internal/compatibilitypack","Test":"TestGeneratedCompatibilityPackMutations/temporal-functional-tests-darwin-arm64/module_sum","Elapsed":0}
{"Time":"2026-10-08T19:12:56.397193075Z","Action":"run","Package":"go.temporal.io/server/tools/gomad3/internal/compatibilitypack","Test":"TestGeneratedCompatibilityPackMutations/temporal-functional-tests-darwin-arm64/module_version"}
{"Time":"2026-10-08T19:12:56.3972317Z","Action":"output","Package":"go.temporal.io/server/tools/gomad3/internal/compatibilitypack","Test":"TestGeneratedCompatibilityPackMutations/temporal-functional-tests-darwin-arm64/module_version","Output":"=== RUN   TestGeneratedCompatibilityPackMutations/temporal-functional-tests-darwin-arm64/module_version\n","OutputType":"frame"}
{"Time":"2026-10-08T19:12:56.397249408Z","Action":"output","Package":"go.temporal.io/server/tools/gomad3/internal/compatibilitypack","Test":"TestGeneratedCompatibilityPackMutations/temporal-functional-tests-darwin-arm64/module_version","Output":"--- PASS: TestGeneratedCompatibilityPackMutations/temporal-functional-tests-darwin-arm64/module_version (0.00s)\n","OutputType":"frame"}
{"Time":"2026-10-08T19:12:56.39728445Z","Action":"pass","Package":"go.temporal.io/server/tools/gomad3/internal/compatibilitypack","Test":"TestGeneratedCompatibilityPackMutations/temporal-functional-tests-darwin-arm64/module_version","Elapsed":0}
{"Time":"2026-10-08T19:12:56.397344283Z","Action":"run","Package":"go.temporal.io/server/tools/gomad3/internal/compatibilitypack","Test":"TestGeneratedCompatibilityPackMutations/temporal-functional-tests-darwin-arm64/owner"}
{"Time":"2026-10-08T19:12:56.397948491Z","Action":"output","Package":"go.temporal.io/server/tools/gomad3/internal/compatibilitypack","Test":"TestGeneratedCompatibilityPackMutations/temporal-functional-tests-darwin-arm64/owner","Output":"=== RUN   TestGeneratedCompatibilityPackMutations/temporal-functional-tests-darwin-arm64/owner\n","OutputType":"frame"}
{"Time":"2026-10-08T19:12:56.398037575Z","Action":"output","Package":"go.temporal.io/server/tools/gomad3/internal/compatibilitypack","Test":"TestGeneratedCompatibilityPackMutations/temporal-functional-tests-darwin-arm64/owner","Output":"--- PASS: TestGeneratedCompatibilityPackMutations/temporal-functional-tests-darwin-arm64/owner (0.00s)\n","OutputType":"frame"}
{"Time":"2026-10-08T19:12:56.398105866Z","Action":"pass","Package":"go.temporal.io/server/tools/gomad3/internal/compatibilitypack","Test":"TestGeneratedCompatibilityPackMutations/temporal-functional-tests-darwin-arm64/owner","Elapsed":0}
{"Time":"2026-10-08T19:12:56.398136325Z","Action":"run","Package":"go.temporal.io/server/tools/gomad3/internal/compatibilitypack","Test":"TestGeneratedCompatibilityPackMutations/temporal-functional-tests-darwin-arm64/pack_digest"}
{"Time":"2026-10-08T19:12:56.398170658Z","Action":"output","Package":"go.temporal.io/server/tools/gomad3/internal/compatibilitypack","Test":"TestGeneratedCompatibilityPackMutations/temporal-functional-tests-darwin-arm64/pack_digest","Output":"=== RUN   TestGeneratedCompatibilityPackMutations/temporal-functional-tests-darwin-arm64/pack_digest\n","OutputType":"frame"}
{"Time":"2026-10-08T19:12:56.398243533Z","Action":"output","Package":"go.temporal.io/server/tools/gomad3/internal/compatibilitypack","Test":"TestGeneratedCompatibilityPackMutations/temporal-functional-tests-darwin-arm64/pack_digest","Output":"--- PASS: TestGeneratedCompatibilityPackMutations/temporal-functional-tests-darwin-arm64/pack_digest (0.00s)\n","OutputType":"frame"}
{"Time":"2026-10-08T19:12:56.398272116Z","Action":"pass","Package":"go.temporal.io/server/tools/gomad3/internal/compatibilitypack","Test":"TestGeneratedCompatibilityPackMutations/temporal-functional-tests-darwin-arm64/pack_digest","Elapsed":0}
{"Time":"2026-10-08T19:12:56.398313075Z","Action":"run","Package":"go.temporal.io/server/tools/gomad3/internal/compatibilitypack","Test":"TestGeneratedCompatibilityPackMutations/temporal-functional-tests-darwin-arm64/platform"}
{"Time":"2026-10-08T19:12:56.398360116Z","Action":"output","Package":"go.temporal.io/server/tools/gomad3/internal/compatibilitypack","Test":"TestGeneratedCompatibilityPackMutations/temporal-functional-tests-darwin-arm64/platform","Output":"=== RUN   TestGeneratedCompatibilityPackMutations/temporal-functional-tests-darwin-arm64/platform\n","OutputType":"frame"}
{"Time":"2026-10-08T19:12:56.398462616Z","Action":"output","Package":"go.temporal.io/server/tools/gomad3/internal/compatibilitypack","Test":"TestGeneratedCompatibilityPackMutations/temporal-functional-tests-darwin-arm64/platform","Output":"--- PASS: TestGeneratedCompatibilityPackMutations/temporal-functional-tests-darwin-arm64/platform (0.00s)\n","OutputType":"frame"}
{"Time":"2026-10-08T19:12:56.398508783Z","Action":"pass","Package":"go.temporal.io/server/tools/gomad3/internal/compatibilitypack","Test":"TestGeneratedCompatibilityPackMutations/temporal-functional-tests-darwin-arm64/platform","Elapsed":0}
{"Time":"2026-10-08T19:12:56.398925533Z","Action":"run","Package":"go.temporal.io/server/tools/gomad3/internal/compatibilitypack","Test":"TestGeneratedCompatibilityPackMutations/temporal-functional-tests-darwin-arm64/positive"}
{"Time":"2026-10-08T19:12:56.399353325Z","Action":"output","Package":"go.temporal.io/server/tools/gomad3/internal/compatibilitypack","Test":"TestGeneratedCompatibilityPackMutations/temporal-functional-tests-darwin-arm64/positive","Output":"=== RUN   TestGeneratedCompatibilityPackMutations/temporal-functional-tests-darwin-arm64/positive\n","OutputType":"frame"}
{"Time":"2026-10-08T19:12:56.399475825Z","Action":"output","Package":"go.temporal.io/server/tools/gomad3/internal/compatibilitypack","Test":"TestGeneratedCompatibilityPackMutations/temporal-functional-tests-darwin-arm64/positive","Output":"--- PASS: TestGeneratedCompatibilityPackMutations/temporal-functional-tests-darwin-arm64/positive (0.00s)\n","OutputType":"frame"}
{"Time":"2026-10-08T19:12:56.400810283Z","Action":"pass","Package":"go.temporal.io/server/tools/gomad3/internal/compatibilitypack","Test":"TestGeneratedCompatibilityPackMutations/temporal-functional-tests-darwin-arm64/positive","Elapsed":0}
{"Time":"2026-10-08T19:12:56.400875741Z","Action":"run","Package":"go.temporal.io/server/tools/gomad3/internal/compatibilitypack","Test":"TestGeneratedCompatibilityPackMutations/temporal-functional-tests-darwin-arm64/request_identity"}
{"Time":"2026-10-08T19:12:56.398605575Z","Action":"output","Package":"go.temporal.io/server/tools/gomad3/upgrade","Test":"TestRunRenderingFailurePreservesGateEvidence/corpus/write1","Output":"--- PASS: TestRunRenderingFailurePreservesGateEvidence/corpus/write1 (0.02s)\n","OutputType":"frame"}
{"Time":"2026-10-08T19:12:56.401314783Z","Action":"pass","Package":"go.temporal.io/server/tools/gomad3/upgrade","Test":"TestRunRenderingFailurePreservesGateEvidence/corpus/write1","Elapsed":0.02}
{"Time":"2026-10-08T19:12:56.401449575Z","Action":"run","Package":"go.temporal.io/server/tools/gomad3/upgrade","Test":"TestRunRenderingFailurePreservesGateEvidence/corpus/write2"}
{"Time":"2026-10-08T19:12:56.401630991Z","Action":"output","Package":"go.temporal.io/server/tools/gomad3/upgrade","Test":"TestRunRenderingFailurePreservesGateEvidence/corpus/write2","Output":"=== RUN   TestRunRenderingFailurePreservesGateEvidence/corpus/write2\n","OutputType":"frame"}
{"Time":"2026-10-08T19:12:56.401352908Z","Action":"output","Package":"go.temporal.io/server/tools/gomad3/internal/compatibilitypack","Test":"TestGeneratedCompatibilityPackMutations/temporal-functional-tests-darwin-arm64/request_identity","Output":"=== RUN   TestGeneratedCompatibilityPackMutations/temporal-functional-tests-darwin-arm64/request_identity\n","OutputType":"frame"}
{"Time":"2026-10-08T19:12:56.401724575Z","Action":"output","Package":"go.temporal.io/server/tools/gomad3/internal/compatibilitypack","Test":"TestGeneratedCompatibilityPackMutations/temporal-functional-tests-darwin-arm64/request_identity","Output":"--- PASS: TestGeneratedCompatibilityPackMutations/temporal-functional-tests-darwin-arm64/request_identity (0.00s)\n","OutputType":"frame"}
{"Time":"2026-10-08T19:12:56.40178245Z","Action":"pass","Package":"go.temporal.io/server/tools/gomad3/internal/compatibilitypack","Test":"TestGeneratedCompatibilityPackMutations/temporal-functional-tests-darwin-arm64/request_identity","Elapsed":0}
{"Time":"2026-10-08T19:12:56.401816033Z","Action":"run","Package":"go.temporal.io/server/tools/gomad3/internal/compatibilitypack","Test":"TestGeneratedCompatibilityPackMutations/temporal-functional-tests-darwin-arm64/review_time"}
{"Time":"2026-10-08T19:12:56.401941491Z","Action":"output","Package":"go.temporal.io/server/tools/gomad3/internal/compatibilitypack","Test":"TestGeneratedCompatibilityPackMutations/temporal-functional-tests-darwin-arm64/review_time","Output":"=== RUN   TestGeneratedCompatibilityPackMutations/temporal-functional-tests-darwin-arm64/review_time\n","OutputType":"frame"}
{"Time":"2026-10-08T19:12:56.402136491Z","Action":"output","Package":"go.temporal.io/server/tools/gomad3/internal/compatibilitypack","Test":"TestGeneratedCompatibilityPackMutations/temporal-functional-tests-darwin-arm64/review_time","Output":"--- PASS: TestGeneratedCompatibilityPackMutations/temporal-functional-tests-darwin-arm64/review_time (0.00s)\n","OutputType":"frame"}
{"Time":"2026-10-08T19:12:56.403184366Z","Action":"pass","Package":"go.temporal.io/server/tools/gomad3/internal/compatibilitypack","Test":"TestGeneratedCompatibilityPackMutations/temporal-functional-tests-darwin-arm64/review_time","Elapsed":0}
{"Time":"2026-10-08T19:12:56.403331866Z","Action":"run","Package":"go.temporal.io/server/tools/gomad3/internal/compatibilitypack","Test":"TestGeneratedCompatibilityPackMutations/temporal-functional-tests-darwin-arm64/source_set"}
{"Time":"2026-10-08T19:12:56.403412575Z","Action":"output","Package":"go.temporal.io/server/tools/gomad3/internal/compatibilitypack","Test":"TestGeneratedCompatibilityPackMutations/temporal-functional-tests-darwin-arm64/source_set","Output":"=== RUN   TestGeneratedCompatibilityPackMutations/temporal-functional-tests-darwin-arm64/source_set\n","OutputType":"frame"}
{"Time":"2026-10-08T19:12:56.403450533Z","Action":"output","Package":"go.temporal.io/server/tools/gomad3/internal/compatibilitypack","Test":"TestGeneratedCompatibilityPackMutations/temporal-functional-tests-darwin-arm64/source_set","Output":"--- PASS: TestGeneratedCompatibilityPackMutations/temporal-functional-tests-darwin-arm64/source_set (0.00s)\n","OutputType":"frame"}
{"Time":"2026-10-08T19:12:56.403499158Z","Action":"pass","Package":"go.temporal.io/server/tools/gomad3/internal/compatibilitypack","Test":"TestGeneratedCompatibilityPackMutations/temporal-functional-tests-darwin-arm64/source_set","Elapsed":0}
{"Time":"2026-10-08T19:12:56.403537283Z","Action":"run","Package":"go.temporal.io/server/tools/gomad3/internal/compatibilitypack","Test":"TestGeneratedCompatibilityPackMutations/temporal-functional-tests-darwin-arm64/workload"}
{"Time":"2026-10-08T19:12:56.403562616Z","Action":"output","Package":"go.temporal.io/server/tools/gomad3/internal/compatibilitypack","Test":"TestGeneratedCompatibilityPackMutations/temporal-functional-tests-darwin-arm64/workload","Output":"=== RUN   TestGeneratedCompatibilityPackMutations/temporal-functional-tests-darwin-arm64/workload\n","OutputType":"frame"}
{"Time":"2026-10-08T19:12:56.403664991Z","Action":"output","Package":"go.temporal.io/server/tools/gomad3/internal/compatibilitypack","Test":"TestGeneratedCompatibilityPackMutations/temporal-functional-tests-darwin-arm64/workload","Output":"--- PASS: TestGeneratedCompatibilityPackMutations/temporal-functional-tests-darwin-arm64/workload (0.00s)\n","OutputType":"frame"}
{"Time":"2026-10-08T19:12:56.403948366Z","Action":"pass","Package":"go.temporal.io/server/tools/gomad3/internal/compatibilitypack","Test":"TestGeneratedCompatibilityPackMutations/temporal-functional-tests-darwin-arm64/workload","Elapsed":0}
{"Time":"2026-10-08T19:12:56.4039822Z","Action":"run","Package":"go.temporal.io/server/tools/gomad3/internal/compatibilitypack","Test":"TestGeneratedCompatibilityPackMutations/temporal-functional-tests-linux-amd64/approval"}
{"Time":"2026-10-08T19:12:56.404018075Z","Action":"output","Package":"go.temporal.io/server/tools/gomad3/internal/compatibilitypack","Test":"TestGeneratedCompatibilityPackMutations/temporal-functional-tests-linux-amd64/approval","Output":"=== RUN   TestGeneratedCompatibilityPackMutations/temporal-functional-tests-linux-amd64/approval\n","OutputType":"frame"}
{"Time":"2026-10-08T19:12:56.404072908Z","Action":"output","Package":"go.temporal.io/server/tools/gomad3/internal/compatibilitypack","Test":"TestGeneratedCompatibilityPackMutations/temporal-functional-tests-linux-amd64/approval","Output":"--- PASS: TestGeneratedCompatibilityPackMutations/temporal-functional-tests-linux-amd64/approval (0.00s)\n","OutputType":"frame"}
{"Time":"2026-10-08T19:12:56.404109741Z","Action":"pass","Package":"go.temporal.io/server/tools/gomad3/internal/compatibilitypack","Test":"TestGeneratedCompatibilityPackMutations/temporal-functional-tests-linux-amd64/approval","Elapsed":0}
{"Time":"2026-10-08T19:12:56.404136491Z","Action":"run","Package":"go.temporal.io/server/tools/gomad3/internal/compatibilitypack","Test":"TestGeneratedCompatibilityPackMutations/temporal-functional-tests-linux-amd64/arbitrary_local_replacement"}
{"Time":"2026-10-08T19:12:56.404156991Z","Action":"output","Package":"go.temporal.io/server/tools/gomad3/internal/compatibilitypack","Test":"TestGeneratedCompatibilityPackMutations/temporal-functional-tests-linux-amd64/arbitrary_local_replacement","Output":"=== RUN   TestGeneratedCompatibilityPackMutations/temporal-functional-tests-linux-amd64/arbitrary_local_replacement\n","OutputType":"frame"}
{"Time":"2026-10-08T19:12:56.404189783Z","Action":"output","Package":"go.temporal.io/server/tools/gomad3/internal/compatibilitypack","Test":"TestGeneratedCompatibilityPackMutations/temporal-functional-tests-linux-amd64/arbitrary_local_replacement","Output":"--- PASS: TestGeneratedCompatibilityPackMutations/temporal-functional-tests-linux-amd64/arbitrary_local_replacement (0.00s)\n","OutputType":"frame"}
{"Time":"2026-10-08T19:12:56.404239866Z","Action":"pass","Package":"go.temporal.io/server/tools/gomad3/internal/compatibilitypack","Test":"TestGeneratedCompatibilityPackMutations/temporal-functional-tests-linux-amd64/arbitrary_local_replacement","Elapsed":0}
{"Time":"2026-10-08T19:12:56.404269575Z","Action":"run","Package":"go.temporal.io/server/tools/gomad3/internal/compatibilitypack","Test":"TestGeneratedCompatibilityPackMutations/temporal-functional-tests-linux-amd64/availability"}
{"Time":"2026-10-08T19:12:56.404307783Z","Action":"output","Package":"go.temporal.io/server/tools/gomad3/internal/compatibilitypack","Test":"TestGeneratedCompatibilityPackMutations/temporal-functional-tests-linux-amd64/availability","Output":"=== RUN   TestGeneratedCompatibilityPackMutations/temporal-functional-tests-linux-amd64/availability\n","OutputType":"frame"}
{"Time":"2026-10-08T19:12:56.404322033Z","Action":"output","Package":"go.temporal.io/server/tools/gomad3/internal/compatibilitypack","Test":"TestGeneratedCompatibilityPackMutations/temporal-functional-tests-linux-amd64/availability","Output":"--- PASS: TestGeneratedCompatibilityPackMutations/temporal-functional-tests-linux-amd64/availability (0.00s)\n","OutputType":"frame"}
{"Time":"2026-10-08T19:12:56.404342658Z","Action":"pass","Package":"go.temporal.io/server/tools/gomad3/internal/compatibilitypack","Test":"TestGeneratedCompatibilityPackMutations/temporal-functional-tests-linux-amd64/availability","Elapsed":0}
{"Time":"2026-10-08T19:12:56.404364658Z","Action":"run","Package":"go.temporal.io/server/tools/gomad3/internal/compatibilitypack","Test":"TestGeneratedCompatibilityPackMutations/temporal-functional-tests-linux-amd64/directive"}
{"Time":"2026-10-08T19:12:56.40438845Z","Action":"output","Package":"go.temporal.io/server/tools/gomad3/internal/compatibilitypack","Test":"TestGeneratedCompatibilityPackMutations/temporal-functional-tests-linux-amd64/directive","Output":"=== RUN   TestGeneratedCompatibilityPackMutations/temporal-functional-tests-linux-amd64/directive\n","OutputType":"frame"}
{"Time":"2026-10-08T19:12:56.405735366Z","Action":"output","Package":"go.temporal.io/server/tools/gomad3/internal/compatibilitypack","Test":"TestGeneratedCompatibilityPackMutations/temporal-functional-tests-linux-amd64/directive","Output":"--- PASS: TestGeneratedCompatibilityPackMutations/temporal-functional-tests-linux-amd64/directive (0.00s)\n","OutputType":"frame"}
{"Time":"2026-10-08T19:12:56.405778116Z","Action":"pass","Package":"go.temporal.io/server/tools/gomad3/internal/compatibilitypack","Test":"TestGeneratedCompatibilityPackMutations/temporal-functional-tests-linux-amd64/directive","Elapsed":0}
{"Time":"2026-10-08T19:12:56.40584245Z","Action":"run","Package":"go.temporal.io/server/tools/gomad3/internal/compatibilitypack","Test":"TestGeneratedCompatibilityPackMutations/temporal-functional-tests-linux-amd64/foreign_source"}
{"Time":"2026-10-08T19:12:56.406351575Z","Action":"output","Package":"go.temporal.io/server/tools/gomad3/internal/compatibilitypack","Test":"TestGeneratedCompatibilityPackMutations/temporal-functional-tests-linux-amd64/foreign_source","Output":"=== RUN   TestGeneratedCompatibilityPackMutations/temporal-functional-tests-linux-amd64/foreign_source\n","OutputType":"frame"}
{"Time":"2026-10-08T19:12:56.408224741Z","Action":"output","Package":"go.temporal.io/server/tools/gomad3/internal/compatibilitypack","Test":"TestGeneratedCompatibilityPackMutations/temporal-functional-tests-linux-amd64/foreign_source","Output":"--- PASS: TestGeneratedCompatibilityPackMutations/temporal-functional-tests-linux-amd64/foreign_source (0.00s)\n","OutputType":"frame"}
{"Time":"2026-10-08T19:12:56.408945116Z","Action":"pass","Package":"go.temporal.io/server/tools/gomad3/internal/compatibilitypack","Test":"TestGeneratedCompatibilityPackMutations/temporal-functional-tests-linux-amd64/foreign_source","Elapsed":0}
{"Time":"2026-10-08T19:12:56.408976658Z","Action":"run","Package":"go.temporal.io/server/tools/gomad3/internal/compatibilitypack","Test":"TestGeneratedCompatibilityPackMutations/temporal-functional-tests-linux-amd64/go_source"}
{"Time":"2026-10-08T19:12:56.409013533Z","Action":"output","Package":"go.temporal.io/server/tools/gomad3/internal/compatibilitypack","Test":"TestGeneratedCompatibilityPackMutations/temporal-functional-tests-linux-amd64/go_source","Output":"=== RUN   TestGeneratedCompatibilityPackMutations/temporal-functional-tests-linux-amd64/go_source\n","OutputType":"frame"}
{"Time":"2026-10-08T19:12:56.409389033Z","Action":"output","Package":"go.temporal.io/server/tools/gomad3/internal/compatibilitypack/authoring","Test":"TestGenerateAdmissionRejectsFiveHostImportsBeforePublication/import:plugin","Output":"--- PASS: TestGenerateAdmissionRejectsFiveHostImportsBeforePublication/import:plugin (0.04s)\n","OutputType":"frame"}
{"Time":"2026-10-08T19:12:56.409439991Z","Action":"pass","Package":"go.temporal.io/server/tools/gomad3/internal/compatibilitypack/authoring","Test":"TestGenerateAdmissionRejectsFiveHostImportsBeforePublication/import:plugin","Elapsed":0.04}
{"Time":"2026-10-08T19:12:56.409487408Z","Action":"run","Package":"go.temporal.io/server/tools/gomad3/internal/compatibilitypack/authoring","Test":"TestGenerateAdmissionRejectsFiveHostImportsBeforePublication/import:runtime/cgo"}
{"Time":"2026-10-08T19:12:56.409536575Z","Action":"output","Package":"go.temporal.io/server/tools/gomad3/internal/compatibilitypack/authoring","Test":"TestGenerateAdmissionRejectsFiveHostImportsBeforePublication/import:runtime/cgo","Output":"=== RUN   TestGenerateAdmissionRejectsFiveHostImportsBeforePublication/import:runtime/cgo\n","OutputType":"frame"}
{"Time":"2026-10-08T19:12:56.410767575Z","Action":"output","Package":"go.temporal.io/server/tools/gomad3/upgrade","Test":"TestRunRenderingFailurePreservesGateEvidence/corpus/write2","Output":"--- PASS: TestRunRenderingFailurePreservesGateEvidence/corpus/write2 (0.01s)\n","OutputType":"frame"}
{"Time":"2026-10-08T19:12:56.410798825Z","Action":"pass","Package":"go.temporal.io/server/tools/gomad3/upgrade","Test":"TestRunRenderingFailurePreservesGateEvidence/corpus/write2","Elapsed":0.01}
{"Time":"2026-10-08T19:12:56.410957825Z","Action":"output","Package":"go.temporal.io/server/tools/gomad3/internal/compatibilitypack","Test":"TestGeneratedCompatibilityPackMutations/temporal-functional-tests-linux-amd64/go_source","Output":"--- PASS: TestGeneratedCompatibilityPackMutations/temporal-functional-tests-linux-amd64/go_source (0.00s)\n","OutputType":"frame"}
{"Time":"2026-10-08T19:12:56.410982241Z","Action":"pass","Package":"go.temporal.io/server/tools/gomad3/internal/compatibilitypack","Test":"TestGeneratedCompatibilityPackMutations/temporal-functional-tests-linux-amd64/go_source","Elapsed":0}
{"Time":"2026-10-08T19:12:56.410999491Z","Action":"run","Package":"go.temporal.io/server/tools/gomad3/internal/compatibilitypack","Test":"TestGeneratedCompatibilityPackMutations/temporal-functional-tests-linux-amd64/justification"}
{"Time":"2026-10-08T19:12:56.411105366Z","Action":"output","Package":"go.temporal.io/server/tools/gomad3/internal/compatibilitypack","Test":"TestGeneratedCompatibilityPackMutations/temporal-functional-tests-linux-amd64/justification","Output":"=== RUN   TestGeneratedCompatibilityPackMutations/temporal-functional-tests-linux-amd64/justification\n","OutputType":"frame"}
{"Time":"2026-10-08T19:12:56.412831616Z","Action":"output","Package":"go.temporal.io/server/tools/gomad3/upgrade","Test":"TestRunRenderingFailurePreservesGateEvidence/corpus","Output":"--- PASS: TestRunRenderingFailurePreservesGateEvidence/corpus (0.09s)\n","OutputType":"frame"}
{"Time":"2026-10-08T19:12:56.412997075Z","Action":"pass","Package":"go.temporal.io/server/tools/gomad3/upgrade","Test":"TestRunRenderingFailurePreservesGateEvidence/corpus","Elapsed":0.09}
{"Time":"2026-10-08T19:12:56.413085575Z","Action":"run","Package":"go.temporal.io/server/tools/gomad3/upgrade","Test":"TestRunRenderingFailurePreservesGateEvidence/baseline"}
{"Time":"2026-10-08T19:12:56.4131927Z","Action":"output","Package":"go.temporal.io/server/tools/gomad3/upgrade","Test":"TestRunRenderingFailurePreservesGateEvidence/baseline","Output":"=== RUN   TestRunRenderingFailurePreservesGateEvidence/baseline\n","OutputType":"frame"}
{"Time":"2026-10-08T19:12:56.414084908Z","Action":"output","Package":"go.temporal.io/server/tools/gomad3/internal/compatibilitypack","Test":"TestGeneratedCompatibilityPackMutations/temporal-functional-tests-linux-amd64/justification","Output":"--- PASS: TestGeneratedCompatibilityPackMutations/temporal-functional-tests-linux-amd64/justification (0.00s)\n","OutputType":"frame"}
{"Time":"2026-10-08T19:12:56.414222866Z","Action":"pass","Package":"go.temporal.io/server/tools/gomad3/internal/compatibilitypack","Test":"TestGeneratedCompatibilityPackMutations/temporal-functional-tests-linux-amd64/justification","Elapsed":0}
{"Time":"2026-10-08T19:12:56.414273908Z","Action":"run","Package":"go.temporal.io/server/tools/gomad3/internal/compatibilitypack","Test":"TestGeneratedCompatibilityPackMutations/temporal-functional-tests-linux-amd64/module_sum"}
{"Time":"2026-10-08T19:12:56.414299116Z","Action":"output","Package":"go.temporal.io/server/tools/gomad3/internal/compatibilitypack","Test":"TestGeneratedCompatibilityPackMutations/temporal-functional-tests-linux-amd64/module_sum","Output":"=== RUN   TestGeneratedCompatibilityPackMutations/temporal-functional-tests-linux-amd64/module_sum\n","OutputType":"frame"}
{"Time":"2026-10-08T19:12:56.416385533Z","Action":"output","Package":"go.temporal.io/server/tools/gomad3/internal/compatibilitypack","Test":"TestGeneratedCompatibilityPackMutations/temporal-functional-tests-linux-amd64/module_sum","Output":"--- PASS: TestGeneratedCompatibilityPackMutations/temporal-functional-tests-linux-amd64/module_sum (0.00s)\n","OutputType":"frame"}
{"Time":"2026-10-08T19:12:56.416458575Z","Action":"pass","Package":"go.temporal.io/server/tools/gomad3/internal/compatibilitypack","Test":"TestGeneratedCompatibilityPackMutations/temporal-functional-tests-linux-amd64/module_sum","Elapsed":0}
{"Time":"2026-10-08T19:12:56.416532033Z","Action":"run","Package":"go.temporal.io/server/tools/gomad3/internal/compatibilitypack","Test":"TestGeneratedCompatibilityPackMutations/temporal-functional-tests-linux-amd64/module_version"}
{"Time":"2026-10-08T19:12:56.4165662Z","Action":"output","Package":"go.temporal.io/server/tools/gomad3/internal/compatibilitypack","Test":"TestGeneratedCompatibilityPackMutations/temporal-functional-tests-linux-amd64/module_version","Output":"=== RUN   TestGeneratedCompatibilityPackMutations/temporal-functional-tests-linux-amd64/module_version\n","OutputType":"frame"}
{"Time":"2026-10-08T19:12:56.419370241Z","Action":"output","Package":"go.temporal.io/server/tools/gomad3/internal/compatibilitypack","Test":"TestGeneratedCompatibilityPackMutations/temporal-functional-tests-linux-amd64/module_version","Output":"--- PASS: TestGeneratedCompatibilityPackMutations/temporal-functional-tests-linux-amd64/module_version (0.00s)\n","OutputType":"frame"}
{"Time":"2026-10-08T19:12:56.419519908Z","Action":"pass","Package":"go.temporal.io/server/tools/gomad3/internal/compatibilitypack","Test":"TestGeneratedCompatibilityPackMutations/temporal-functional-tests-linux-amd64/module_version","Elapsed":0}
{"Time":"2026-10-08T19:12:56.419536158Z","Action":"run","Package":"go.temporal.io/server/tools/gomad3/internal/compatibilitypack","Test":"TestGeneratedCompatibilityPackMutations/temporal-functional-tests-linux-amd64/owner"}
{"Time":"2026-10-08T19:12:56.4195582Z","Action":"output","Package":"go.temporal.io/server/tools/gomad3/internal/compatibilitypack","Test":"TestGeneratedCompatibilityPackMutations/temporal-functional-tests-linux-amd64/owner","Output":"=== RUN   TestGeneratedCompatibilityPackMutations/temporal-functional-tests-linux-amd64/owner\n","OutputType":"frame"}
{"Time":"2026-10-08T19:12:56.422044575Z","Action":"output","Package":"go.temporal.io/server/tools/gomad3/internal/compatibilitypack","Test":"TestGeneratedCompatibilityPackMutations/temporal-functional-tests-linux-amd64/owner","Output":"--- PASS: TestGeneratedCompatibilityPackMutations/temporal-functional-tests-linux-amd64/owner (0.00s)\n","OutputType":"frame"}
{"Time":"2026-10-08T19:12:56.422116158Z","Action":"pass","Package":"go.temporal.io/server/tools/gomad3/internal/compatibilitypack","Test":"TestGeneratedCompatibilityPackMutations/temporal-functional-tests-linux-amd64/owner","Elapsed":0}
{"Time":"2026-10-08T19:12:56.422154825Z","Action":"run","Package":"go.temporal.io/server/tools/gomad3/internal/compatibilitypack","Test":"TestGeneratedCompatibilityPackMutations/temporal-functional-tests-linux-amd64/pack_digest"}
{"Time":"2026-10-08T19:12:56.42218845Z","Action":"output","Package":"go.temporal.io/server/tools/gomad3/internal/compatibilitypack","Test":"TestGeneratedCompatibilityPackMutations/temporal-functional-tests-linux-amd64/pack_digest","Output":"=== RUN   TestGeneratedCompatibilityPackMutations/temporal-functional-tests-linux-amd64/pack_digest\n","OutputType":"frame"}
{"Time":"2026-10-08T19:12:56.42718045Z","Action":"output","Package":"go.temporal.io/server/tools/gomad3/internal/compatibilitypack","Test":"TestGeneratedCompatibilityPackMutations/temporal-functional-tests-linux-amd64/pack_digest","Output":"--- PASS: TestGeneratedCompatibilityPackMutations/temporal-functional-tests-linux-amd64/pack_digest (0.00s)\n","OutputType":"frame"}
{"Time":"2026-10-08T19:12:56.427679533Z","Action":"pass","Package":"go.temporal.io/server/tools/gomad3/internal/compatibilitypack","Test":"TestGeneratedCompatibilityPackMutations/temporal-functional-tests-linux-amd64/pack_digest","Elapsed":0}
{"Time":"2026-10-08T19:12:56.428043116Z","Action":"run","Package":"go.temporal.io/server/tools/gomad3/internal/compatibilitypack","Test":"TestGeneratedCompatibilityPackMutations/temporal-functional-tests-linux-amd64/platform"}
{"Time":"2026-10-08T19:12:56.428236408Z","Action":"output","Package":"go.temporal.io/server/tools/gomad3/internal/compatibilitypack","Test":"TestGeneratedCompatibilityPackMutations/temporal-functional-tests-linux-amd64/platform","Output":"=== RUN   TestGeneratedCompatibilityPackMutations/temporal-functional-tests-linux-amd64/platform\n","OutputType":"frame"}
{"Time":"2026-10-08T19:12:56.428314783Z","Action":"output","Package":"go.temporal.io/server/tools/gomad3/internal/compatibilitypack","Test":"TestGeneratedCompatibilityPackMutations/temporal-functional-tests-linux-amd64/platform","Output":"--- PASS: TestGeneratedCompatibilityPackMutations/temporal-functional-tests-linux-amd64/platform (0.00s)\n","OutputType":"frame"}
{"Time":"2026-10-08T19:12:56.428378783Z","Action":"pass","Package":"go.temporal.io/server/tools/gomad3/internal/compatibilitypack","Test":"TestGeneratedCompatibilityPackMutations/temporal-functional-tests-linux-amd64/platform","Elapsed":0}
{"Time":"2026-10-08T19:12:56.428426575Z","Action":"run","Package":"go.temporal.io/server/tools/gomad3/internal/compatibilitypack","Test":"TestGeneratedCompatibilityPackMutations/temporal-functional-tests-linux-amd64/positive"}
{"Time":"2026-10-08T19:12:56.42846245Z","Action":"output","Package":"go.temporal.io/server/tools/gomad3/internal/compatibilitypack","Test":"TestGeneratedCompatibilityPackMutations/temporal-functional-tests-linux-amd64/positive","Output":"=== RUN   TestGeneratedCompatibilityPackMutations/temporal-functional-tests-linux-amd64/positive\n","OutputType":"frame"}
{"Time":"2026-10-08T19:12:56.428501825Z","Action":"output","Package":"go.temporal.io/server/tools/gomad3/internal/compatibilitypack","Test":"TestGeneratedCompatibilityPackMutations/temporal-functional-tests-linux-amd64/positive","Output":"--- PASS: TestGeneratedCompatibilityPackMutations/temporal-functional-tests-linux-amd64/positive (0.00s)\n","OutputType":"frame"}
{"Time":"2026-10-08T19:12:56.428543866Z","Action":"pass","Package":"go.temporal.io/server/tools/gomad3/internal/compatibilitypack","Test":"TestGeneratedCompatibilityPackMutations/temporal-functional-tests-linux-amd64/positive","Elapsed":0}
{"Time":"2026-10-08T19:12:56.428658658Z","Action":"run","Package":"go.temporal.io/server/tools/gomad3/internal/compatibilitypack","Test":"TestGeneratedCompatibilityPackMutations/temporal-functional-tests-linux-amd64/request_identity"}
{"Time":"2026-10-08T19:12:56.428755575Z","Action":"output","Package":"go.temporal.io/server/tools/gomad3/internal/compatibilitypack","Test":"TestGeneratedCompatibilityPackMutations/temporal-functional-tests-linux-amd64/request_identity","Output":"=== RUN   TestGeneratedCompatibilityPackMutations/temporal-functional-tests-linux-amd64/request_identity\n","OutputType":"frame"}
{"Time":"2026-10-08T19:12:56.431727116Z","Action":"output","Package":"go.temporal.io/server/tools/gomad3/internal/compatibilitypack","Test":"TestGeneratedCompatibilityPackMutations/temporal-functional-tests-linux-amd64/request_identity","Output":"--- PASS: TestGeneratedCompatibilityPackMutations/temporal-functional-tests-linux-amd64/request_identity (0.00s)\n","OutputType":"frame"}
{"Time":"2026-10-08T19:12:56.431749075Z","Action":"pass","Package":"go.temporal.io/server/tools/gomad3/internal/compatibilitypack","Test":"TestGeneratedCompatibilityPackMutations/temporal-functional-tests-linux-amd64/request_identity","Elapsed":0}
{"Time":"2026-10-08T19:12:56.431760741Z","Action":"run","Package":"go.temporal.io/server/tools/gomad3/internal/compatibilitypack","Test":"TestGeneratedCompatibilityPackMutations/temporal-functional-tests-linux-amd64/review_time"}
{"Time":"2026-10-08T19:12:56.431771116Z","Action":"output","Package":"go.temporal.io/server/tools/gomad3/internal/compatibilitypack","Test":"TestGeneratedCompatibilityPackMutations/temporal-functional-tests-linux-amd64/review_time","Output":"=== RUN   TestGeneratedCompatibilityPackMutations/temporal-functional-tests-linux-amd64/review_time\n","OutputType":"frame"}
{"Time":"2026-10-08T19:12:56.434767783Z","Action":"output","Package":"go.temporal.io/server/tools/gomad3/internal/compatibilitypack","Test":"TestGeneratedCompatibilityPackMutations/temporal-functional-tests-linux-amd64/review_time","Output":"--- PASS: TestGeneratedCompatibilityPackMutations/temporal-functional-tests-linux-amd64/review_time (0.00s)\n","OutputType":"frame"}
{"Time":"2026-10-08T19:12:56.434792366Z","Action":"pass","Package":"go.temporal.io/server/tools/gomad3/internal/compatibilitypack","Test":"TestGeneratedCompatibilityPackMutations/temporal-functional-tests-linux-amd64/review_time","Elapsed":0}
{"Time":"2026-10-08T19:12:56.43482195Z","Action":"run","Package":"go.temporal.io/server/tools/gomad3/internal/compatibilitypack","Test":"TestGeneratedCompatibilityPackMutations/temporal-functional-tests-linux-amd64/source_set"}
{"Time":"2026-10-08T19:12:56.434846616Z","Action":"output","Package":"go.temporal.io/server/tools/gomad3/internal/compatibilitypack","Test":"TestGeneratedCompatibilityPackMutations/temporal-functional-tests-linux-amd64/source_set","Output":"=== RUN   TestGeneratedCompatibilityPackMutations/temporal-functional-tests-linux-amd64/source_set\n","OutputType":"frame"}
{"Time":"2026-10-08T19:12:56.436760241Z","Action":"output","Package":"go.temporal.io/server/tools/gomad3/internal/compatibilitypack","Test":"TestGeneratedCompatibilityPackMutations/temporal-functional-tests-linux-amd64/source_set","Output":"--- PASS: TestGeneratedCompatibilityPackMutations/temporal-functional-tests-linux-amd64/source_set (0.00s)\n","OutputType":"frame"}
{"Time":"2026-10-08T19:12:56.436834991Z","Action":"pass","Package":"go.temporal.io/server/tools/gomad3/internal/compatibilitypack","Test":"TestGeneratedCompatibilityPackMutations/temporal-functional-tests-linux-amd64/source_set","Elapsed":0}
{"Time":"2026-10-08T19:12:56.436866408Z","Action":"run","Package":"go.temporal.io/server/tools/gomad3/internal/compatibilitypack","Test":"TestGeneratedCompatibilityPackMutations/temporal-functional-tests-linux-amd64/workload"}
{"Time":"2026-10-08T19:12:56.436898533Z","Action":"output","Package":"go.temporal.io/server/tools/gomad3/internal/compatibilitypack","Test":"TestGeneratedCompatibilityPackMutations/temporal-functional-tests-linux-amd64/workload","Output":"=== RUN   TestGeneratedCompatibilityPackMutations/temporal-functional-tests-linux-amd64/workload\n","OutputType":"frame"}
{"Time":"2026-10-08T19:12:56.437015783Z","Action":"output","Package":"go.temporal.io/server/tools/gomad3/internal/compatibilitypack/authoring","Test":"TestGenerateAdmissionRejectsFiveHostImportsBeforePublication/import:runtime/cgo","Output":"--- PASS: TestGenerateAdmissionRejectsFiveHostImportsBeforePublication/import:runtime/cgo (0.03s)\n","OutputType":"frame"}
{"Time":"2026-10-08T19:12:56.4372007Z","Action":"pass","Package":"go.temporal.io/server/tools/gomad3/internal/compatibilitypack/authoring","Test":"TestGenerateAdmissionRejectsFiveHostImportsBeforePublication/import:runtime/cgo","Elapsed":0.03}
{"Time":"2026-10-08T19:12:56.437242866Z","Action":"output","Package":"go.temporal.io/server/tools/gomad3/internal/compatibilitypack/authoring","Test":"TestGenerateAdmissionRejectsFiveHostImportsBeforePublication","Output":"--- PASS: TestGenerateAdmissionRejectsFiveHostImportsBeforePublication (0.24s)\n","OutputType":"frame"}
{"Time":"2026-10-08T19:12:56.437269616Z","Action":"pass","Package":"go.temporal.io/server/tools/gomad3/internal/compatibilitypack/authoring","Test":"TestGenerateAdmissionRejectsFiveHostImportsBeforePublication","Elapsed":0.24}
{"Time":"2026-10-08T19:12:56.437299241Z","Action":"run","Package":"go.temporal.io/server/tools/gomad3/internal/compatibilitypack/authoring","Test":"TestGenerateAdmissionRetainsFiveDeniedHostImportsWithExactSyscallGrant"}
{"Time":"2026-10-08T19:12:56.437337366Z","Action":"output","Package":"go.temporal.io/server/tools/gomad3/internal/compatibilitypack/authoring","Test":"TestGenerateAdmissionRetainsFiveDeniedHostImportsWithExactSyscallGrant","Output":"=== RUN   TestGenerateAdmissionRetainsFiveDeniedHostImportsWithExactSyscallGrant\n","OutputType":"frame"}
{"Time":"2026-10-08T19:12:56.437372033Z","Action":"run","Package":"go.temporal.io/server/tools/gomad3/internal/compatibilitypack/authoring","Test":"TestGenerateAdmissionRetainsFiveDeniedHostImportsWithExactSyscallGrant/import:os/exec"}
{"Time":"2026-10-08T19:12:56.4374352Z","Action":"output","Package":"go.temporal.io/server/tools/gomad3/internal/compatibilitypack/authoring","Test":"TestGenerateAdmissionRetainsFiveDeniedHostImportsWithExactSyscallGrant/import:os/exec","Output":"=== RUN   TestGenerateAdmissionRetainsFiveDeniedHostImportsWithExactSyscallGrant/import:os/exec\n","OutputType":"frame"}
{"Time":"2026-10-08T19:12:56.439924825Z","Action":"output","Package":"go.temporal.io/server/tools/gomad3/internal/compatibilitypack","Test":"TestGeneratedCompatibilityPackMutations/temporal-functional-tests-linux-amd64/workload","Output":"--- PASS: TestGeneratedCompatibilityPackMutations/temporal-functional-tests-linux-amd64/workload (0.00s)\n","OutputType":"frame"}
{"Time":"2026-10-08T19:12:56.439962783Z","Action":"pass","Package":"go.temporal.io/server/tools/gomad3/internal/compatibilitypack","Test":"TestGeneratedCompatibilityPackMutations/temporal-functional-tests-linux-amd64/workload","Elapsed":0}
{"Time":"2026-10-08T19:12:56.439995908Z","Action":"run","Package":"go.temporal.io/server/tools/gomad3/internal/compatibilitypack","Test":"TestGeneratedCompatibilityPackMutations/temporal-leaf-xsys-darwin-arm64/approval"}
{"Time":"2026-10-08T19:12:56.440025616Z","Action":"output","Package":"go.temporal.io/server/tools/gomad3/internal/compatibilitypack","Test":"TestGeneratedCompatibilityPackMutations/temporal-leaf-xsys-darwin-arm64/approval","Output":"=== RUN   TestGeneratedCompatibilityPackMutations/temporal-leaf-xsys-darwin-arm64/approval\n","OutputType":"frame"}
{"Time":"2026-10-08T19:12:56.440524533Z","Action":"output","Package":"go.temporal.io/server/tools/gomad3/internal/compatibilitypack","Test":"TestGeneratedCompatibilityPackMutations/temporal-leaf-xsys-darwin-arm64/approval","Output":"--- PASS: TestGeneratedCompatibilityPackMutations/temporal-leaf-xsys-darwin-arm64/approval (0.00s)\n","OutputType":"frame"}
{"Time":"2026-10-08T19:12:56.441068116Z","Action":"pass","Package":"go.temporal.io/server/tools/gomad3/internal/compatibilitypack","Test":"TestGeneratedCompatibilityPackMutations/temporal-leaf-xsys-darwin-arm64/approval","Elapsed":0}
{"Time":"2026-10-08T19:12:56.441178991Z","Action":"run","Package":"go.temporal.io/server/tools/gomad3/internal/compatibilitypack","Test":"TestGeneratedCompatibilityPackMutations/temporal-leaf-xsys-darwin-arm64/arbitrary_local_replacement"}
{"Time":"2026-10-08T19:12:56.441211658Z","Action":"output","Package":"go.temporal.io/server/tools/gomad3/internal/compatibilitypack","Test":"TestGeneratedCompatibilityPackMutations/temporal-leaf-xsys-darwin-arm64/arbitrary_local_replacement","Output":"=== RUN   TestGeneratedCompatibilityPackMutations/temporal-leaf-xsys-darwin-arm64/arbitrary_local_replacement\n","OutputType":"frame"}
{"Time":"2026-10-08T19:12:56.441241075Z","Action":"output","Package":"go.temporal.io/server/tools/gomad3/internal/compatibilitypack","Test":"TestGeneratedCompatibilityPackMutations/temporal-leaf-xsys-darwin-arm64/arbitrary_local_replacement","Output":"--- PASS: TestGeneratedCompatibilityPackMutations/temporal-leaf-xsys-darwin-arm64/arbitrary_local_replacement (0.00s)\n","OutputType":"frame"}
{"Time":"2026-10-08T19:12:56.441295325Z","Action":"pass","Package":"go.temporal.io/server/tools/gomad3/internal/compatibilitypack","Test":"TestGeneratedCompatibilityPackMutations/temporal-leaf-xsys-darwin-arm64/arbitrary_local_replacement","Elapsed":0}
{"Time":"2026-10-08T19:12:56.44133095Z","Action":"run","Package":"go.temporal.io/server/tools/gomad3/internal/compatibilitypack","Test":"TestGeneratedCompatibilityPackMutations/temporal-leaf-xsys-darwin-arm64/availability"}
{"Time":"2026-10-08T19:12:56.44134445Z","Action":"output","Package":"go.temporal.io/server/tools/gomad3/internal/compatibilitypack","Test":"TestGeneratedCompatibilityPackMutations/temporal-leaf-xsys-darwin-arm64/availability","Output":"=== RUN   TestGeneratedCompatibilityPackMutations/temporal-leaf-xsys-darwin-arm64/availability\n","OutputType":"frame"}
{"Time":"2026-10-08T19:12:56.441508241Z","Action":"output","Package":"go.temporal.io/server/tools/gomad3/internal/compatibilitypack","Test":"TestGeneratedCompatibilityPackMutations/temporal-leaf-xsys-darwin-arm64/availability","Output":"--- PASS: TestGeneratedCompatibilityPackMutations/temporal-leaf-xsys-darwin-arm64/availability (0.00s)\n","OutputType":"frame"}
{"Time":"2026-10-08T19:12:56.44162395Z","Action":"pass","Package":"go.temporal.io/server/tools/gomad3/internal/compatibilitypack","Test":"TestGeneratedCompatibilityPackMutations/temporal-leaf-xsys-darwin-arm64/availability","Elapsed":0}
{"Time":"2026-10-08T19:12:56.441715325Z","Action":"run","Package":"go.temporal.io/server/tools/gomad3/internal/compatibilitypack","Test":"TestGeneratedCompatibilityPackMutations/temporal-leaf-xsys-darwin-arm64/directive"}
{"Time":"2026-10-08T19:12:56.441821283Z","Action":"output","Package":"go.temporal.io/server/tools/gomad3/internal/compatibilitypack","Test":"TestGeneratedCompatibilityPackMutations/temporal-leaf-xsys-darwin-arm64/directive","Output":"=== RUN   TestGeneratedCompatibilityPackMutations/temporal-leaf-xsys-darwin-arm64/directive\n","OutputType":"frame"}
{"Time":"2026-10-08T19:12:56.442423741Z","Action":"output","Package":"go.temporal.io/server/tools/gomad3/internal/compatibilitypack","Test":"TestGeneratedCompatibilityPackMutations/temporal-leaf-xsys-darwin-arm64/directive","Output":"--- PASS: TestGeneratedCompatibilityPackMutations/temporal-leaf-xsys-darwin-arm64/directive (0.00s)\n","OutputType":"frame"}
{"Time":"2026-10-08T19:12:56.442468783Z","Action":"pass","Package":"go.temporal.io/server/tools/gomad3/internal/compatibilitypack","Test":"TestGeneratedCompatibilityPackMutations/temporal-leaf-xsys-darwin-arm64/directive","Elapsed":0}
{"Time":"2026-10-08T19:12:56.442495616Z","Action":"run","Package":"go.temporal.io/server/tools/gomad3/internal/compatibilitypack","Test":"TestGeneratedCompatibilityPackMutations/temporal-leaf-xsys-darwin-arm64/foreign_source"}
{"Time":"2026-10-08T19:12:56.44256645Z","Action":"output","Package":"go.temporal.io/server/tools/gomad3/internal/compatibilitypack","Test":"TestGeneratedCompatibilityPackMutations/temporal-leaf-xsys-darwin-arm64/foreign_source","Output":"=== RUN   TestGeneratedCompatibilityPackMutations/temporal-leaf-xsys-darwin-arm64/foreign_source\n","OutputType":"frame"}
{"Time":"2026-10-08T19:12:56.443429283Z","Action":"output","Package":"go.temporal.io/server/tools/gomad3/internal/compatibilitypack","Test":"TestGeneratedCompatibilityPackMutations/temporal-leaf-xsys-darwin-arm64/foreign_source","Output":"--- PASS: TestGeneratedCompatibilityPackMutations/temporal-leaf-xsys-darwin-arm64/foreign_source (0.00s)\n","OutputType":"frame"}
{"Time":"2026-10-08T19:12:56.443874616Z","Action":"pass","Package":"go.temporal.io/server/tools/gomad3/internal/compatibilitypack","Test":"TestGeneratedCompatibilityPackMutations/temporal-leaf-xsys-darwin-arm64/foreign_source","Elapsed":0}
{"Time":"2026-10-08T19:12:56.4439627Z","Action":"run","Package":"go.temporal.io/server/tools/gomad3/internal/compatibilitypack","Test":"TestGeneratedCompatibilityPackMutations/temporal-leaf-xsys-darwin-arm64/go_source"}
{"Time":"2026-10-08T19:12:56.444020075Z","Action":"output","Package":"go.temporal.io/server/tools/gomad3/internal/compatibilitypack","Test":"TestGeneratedCompatibilityPackMutations/temporal-leaf-xsys-darwin-arm64/go_source","Output":"=== RUN   TestGeneratedCompatibilityPackMutations/temporal-leaf-xsys-darwin-arm64/go_source\n","OutputType":"frame"}
{"Time":"2026-10-08T19:12:56.444301575Z","Action":"output","Package":"go.temporal.io/server/tools/gomad3/internal/compatibilitypack","Test":"TestGeneratedCompatibilityPackMutations/temporal-leaf-xsys-darwin-arm64/go_source","Output":"--- PASS: TestGeneratedCompatibilityPackMutations/temporal-leaf-xsys-darwin-arm64/go_source (0.00s)\n","OutputType":"frame"}
{"Time":"2026-10-08T19:12:56.444528991Z","Action":"pass","Package":"go.temporal.io/server/tools/gomad3/internal/compatibilitypack","Test":"TestGeneratedCompatibilityPackMutations/temporal-leaf-xsys-darwin-arm64/go_source","Elapsed":0}
{"Time":"2026-10-08T19:12:56.444667408Z","Action":"run","Package":"go.temporal.io/server/tools/gomad3/internal/compatibilitypack","Test":"TestGeneratedCompatibilityPackMutations/temporal-leaf-xsys-darwin-arm64/justification"}
{"Time":"2026-10-08T19:12:56.4446872Z","Action":"output","Package":"go.temporal.io/server/tools/gomad3/internal/compatibilitypack","Test":"TestGeneratedCompatibilityPackMutations/temporal-leaf-xsys-darwin-arm64/justification","Output":"=== RUN   TestGeneratedCompatibilityPackMutations/temporal-leaf-xsys-darwin-arm64/justification\n","OutputType":"frame"}
{"Time":"2026-10-08T19:12:56.444757366Z","Action":"run","Package":"go.temporal.io/server/tools/gomad3/upgrade","Test":"TestRunRenderingFailurePreservesGateEvidence/baseline/write1"}
{"Time":"2026-10-08T19:12:56.444785325Z","Action":"output","Package":"go.temporal.io/server/tools/gomad3/upgrade","Test":"TestRunRenderingFailurePreservesGateEvidence/baseline/write1","Output":"=== RUN   TestRunRenderingFailurePreservesGateEvidence/baseline/write1\n","OutputType":"frame"}
{"Time":"2026-10-08T19:12:56.444957616Z","Action":"output","Package":"go.temporal.io/server/tools/gomad3/internal/compatibilitypack","Test":"TestGeneratedCompatibilityPackMutations/temporal-leaf-xsys-darwin-arm64/justification","Output":"--- PASS: TestGeneratedCompatibilityPackMutations/temporal-leaf-xsys-darwin-arm64/justification (0.00s)\n","OutputType":"frame"}
{"Time":"2026-10-08T19:12:56.445128741Z","Action":"pass","Package":"go.temporal.io/server/tools/gomad3/internal/compatibilitypack","Test":"TestGeneratedCompatibilityPackMutations/temporal-leaf-xsys-darwin-arm64/justification","Elapsed":0}
{"Time":"2026-10-08T19:12:56.445287575Z","Action":"run","Package":"go.temporal.io/server/tools/gomad3/internal/compatibilitypack","Test":"TestGeneratedCompatibilityPackMutations/temporal-leaf-xsys-darwin-arm64/module_sum"}
{"Time":"2026-10-08T19:12:56.445376575Z","Action":"output","Package":"go.temporal.io/server/tools/gomad3/internal/compatibilitypack","Test":"TestGeneratedCompatibilityPackMutations/temporal-leaf-xsys-darwin-arm64/module_sum","Output":"=== RUN   TestGeneratedCompatibilityPackMutations/temporal-leaf-xsys-darwin-arm64/module_sum\n","OutputType":"frame"}
{"Time":"2026-10-08T19:12:56.445463616Z","Action":"output","Package":"go.temporal.io/server/tools/gomad3/internal/compatibilitypack","Test":"TestGeneratedCompatibilityPackMutations/temporal-leaf-xsys-darwin-arm64/module_sum","Output":"--- PASS: TestGeneratedCompatibilityPackMutations/temporal-leaf-xsys-darwin-arm64/module_sum (0.00s)\n","OutputType":"frame"}
{"Time":"2026-10-08T19:12:56.445527866Z","Action":"pass","Package":"go.temporal.io/server/tools/gomad3/internal/compatibilitypack","Test":"TestGeneratedCompatibilityPackMutations/temporal-leaf-xsys-darwin-arm64/module_sum","Elapsed":0}
{"Time":"2026-10-08T19:12:56.445552783Z","Action":"run","Package":"go.temporal.io/server/tools/gomad3/internal/compatibilitypack","Test":"TestGeneratedCompatibilityPackMutations/temporal-leaf-xsys-darwin-arm64/module_version"}
{"Time":"2026-10-08T19:12:56.445676241Z","Action":"output","Package":"go.temporal.io/server/tools/gomad3/internal/compatibilitypack","Test":"TestGeneratedCompatibilityPackMutations/temporal-leaf-xsys-darwin-arm64/module_version","Output":"=== RUN   TestGeneratedCompatibilityPackMutations/temporal-leaf-xsys-darwin-arm64/module_version\n","OutputType":"frame"}
{"Time":"2026-10-08T19:12:56.445817241Z","Action":"output","Package":"go.temporal.io/server/tools/gomad3/internal/compatibilitypack","Test":"TestGeneratedCompatibilityPackMutations/temporal-leaf-xsys-darwin-arm64/module_version","Output":"--- PASS: TestGeneratedCompatibilityPackMutations/temporal-leaf-xsys-darwin-arm64/module_version (0.00s)\n","OutputType":"frame"}
{"Time":"2026-10-08T19:12:56.445904908Z","Action":"pass","Package":"go.temporal.io/server/tools/gomad3/internal/compatibilitypack","Test":"TestGeneratedCompatibilityPackMutations/temporal-leaf-xsys-darwin-arm64/module_version","Elapsed":0}
{"Time":"2026-10-08T19:12:56.445951908Z","Action":"run","Package":"go.temporal.io/server/tools/gomad3/internal/compatibilitypack","Test":"TestGeneratedCompatibilityPackMutations/temporal-leaf-xsys-darwin-arm64/owner"}
{"Time":"2026-10-08T19:12:56.445986241Z","Action":"output","Package":"go.temporal.io/server/tools/gomad3/internal/compatibilitypack","Test":"TestGeneratedCompatibilityPackMutations/temporal-leaf-xsys-darwin-arm64/owner","Output":"=== RUN   TestGeneratedCompatibilityPackMutations/temporal-leaf-xsys-darwin-arm64/owner\n","OutputType":"frame"}
{"Time":"2026-10-08T19:12:56.448530158Z","Action":"output","Package":"go.temporal.io/server/tools/gomad3/internal/compatibilitypack","Test":"TestGeneratedCompatibilityPackMutations/temporal-leaf-xsys-darwin-arm64/owner","Output":"--- PASS: TestGeneratedCompatibilityPackMutations/temporal-leaf-xsys-darwin-arm64/owner (0.00s)\n","OutputType":"frame"}
{"Time":"2026-10-08T19:12:56.44859045Z","Action":"pass","Package":"go.temporal.io/server/tools/gomad3/internal/compatibilitypack","Test":"TestGeneratedCompatibilityPackMutations/temporal-leaf-xsys-darwin-arm64/owner","Elapsed":0}
{"Time":"2026-10-08T19:12:56.44866845Z","Action":"run","Package":"go.temporal.io/server/tools/gomad3/internal/compatibilitypack","Test":"TestGeneratedCompatibilityPackMutations/temporal-leaf-xsys-darwin-arm64/pack_digest"}
{"Time":"2026-10-08T19:12:56.448710908Z","Action":"output","Package":"go.temporal.io/server/tools/gomad3/internal/compatibilitypack","Test":"TestGeneratedCompatibilityPackMutations/temporal-leaf-xsys-darwin-arm64/pack_digest","Output":"=== RUN   TestGeneratedCompatibilityPackMutations/temporal-leaf-xsys-darwin-arm64/pack_digest\n","OutputType":"frame"}
{"Time":"2026-10-08T19:12:56.449549325Z","Action":"output","Package":"go.temporal.io/server/tools/gomad3/internal/compatibilitypack","Test":"TestGeneratedCompatibilityPackMutations/temporal-leaf-xsys-darwin-arm64/pack_digest","Output":"--- PASS: TestGeneratedCompatibilityPackMutations/temporal-leaf-xsys-darwin-arm64/pack_digest (0.00s)\n","OutputType":"frame"}
{"Time":"2026-10-08T19:12:56.449641366Z","Action":"pass","Package":"go.temporal.io/server/tools/gomad3/internal/compatibilitypack","Test":"TestGeneratedCompatibilityPackMutations/temporal-leaf-xsys-darwin-arm64/pack_digest","Elapsed":0}
{"Time":"2026-10-08T19:12:56.449758533Z","Action":"run","Package":"go.temporal.io/server/tools/gomad3/internal/compatibilitypack","Test":"TestGeneratedCompatibilityPackMutations/temporal-leaf-xsys-darwin-arm64/platform"}
{"Time":"2026-10-08T19:12:56.4515832Z","Action":"output","Package":"go.temporal.io/server/tools/gomad3/internal/compatibilitypack","Test":"TestGeneratedCompatibilityPackMutations/temporal-leaf-xsys-darwin-arm64/platform","Output":"=== RUN   TestGeneratedCompatibilityPackMutations/temporal-leaf-xsys-darwin-arm64/platform\n","OutputType":"frame"}
{"Time":"2026-10-08T19:12:56.451675075Z","Action":"output","Package":"go.temporal.io/server/tools/gomad3/internal/compatibilitypack","Test":"TestGeneratedCompatibilityPackMutations/temporal-leaf-xsys-darwin-arm64/platform","Output":"--- PASS: TestGeneratedCompatibilityPackMutations/temporal-leaf-xsys-darwin-arm64/platform (0.00s)\n","OutputType":"frame"}
{"Time":"2026-10-08T19:12:56.451728241Z","Action":"pass","Package":"go.temporal.io/server/tools/gomad3/internal/compatibilitypack","Test":"TestGeneratedCompatibilityPackMutations/temporal-leaf-xsys-darwin-arm64/platform","Elapsed":0}
{"Time":"2026-10-08T19:12:56.452196325Z","Action":"run","Package":"go.temporal.io/server/tools/gomad3/internal/compatibilitypack","Test":"TestGeneratedCompatibilityPackMutations/temporal-leaf-xsys-darwin-arm64/positive"}
{"Time":"2026-10-08T19:12:56.452409825Z","Action":"output","Package":"go.temporal.io/server/tools/gomad3/internal/compatibilitypack","Test":"TestGeneratedCompatibilityPackMutations/temporal-leaf-xsys-darwin-arm64/positive","Output":"=== RUN   TestGeneratedCompatibilityPackMutations/temporal-leaf-xsys-darwin-arm64/positive\n","OutputType":"frame"}
{"Time":"2026-10-08T19:12:56.452442575Z","Action":"output","Package":"go.temporal.io/server/tools/gomad3/internal/compatibilitypack","Test":"TestGeneratedCompatibilityPackMutations/temporal-leaf-xsys-darwin-arm64/positive","Output":"--- PASS: TestGeneratedCompatibilityPackMutations/temporal-leaf-xsys-darwin-arm64/positive (0.00s)\n","OutputType":"frame"}
{"Time":"2026-10-08T19:12:56.45256995Z","Action":"pass","Package":"go.temporal.io/server/tools/gomad3/internal/compatibilitypack","Test":"TestGeneratedCompatibilityPackMutations/temporal-leaf-xsys-darwin-arm64/positive","Elapsed":0}
{"Time":"2026-10-08T19:12:56.452607033Z","Action":"run","Package":"go.temporal.io/server/tools/gomad3/internal/compatibilitypack","Test":"TestGeneratedCompatibilityPackMutations/temporal-leaf-xsys-darwin-arm64/request_identity"}
{"Time":"2026-10-08T19:12:56.452633283Z","Action":"output","Package":"go.temporal.io/server/tools/gomad3/internal/compatibilitypack","Test":"TestGeneratedCompatibilityPackMutations/temporal-leaf-xsys-darwin-arm64/request_identity","Output":"=== RUN   TestGeneratedCompatibilityPackMutations/temporal-leaf-xsys-darwin-arm64/request_identity\n","OutputType":"frame"}
{"Time":"2026-10-08T19:12:56.452973075Z","Action":"output","Package":"go.temporal.io/server/tools/gomad3/internal/compatibilitypack","Test":"TestGeneratedCompatibilityPackMutations/temporal-leaf-xsys-darwin-arm64/request_identity","Output":"--- PASS: TestGeneratedCompatibilityPackMutations/temporal-leaf-xsys-darwin-arm64/request_identity (0.00s)\n","OutputType":"frame"}
{"Time":"2026-10-08T19:12:56.453026741Z","Action":"pass","Package":"go.temporal.io/server/tools/gomad3/internal/compatibilitypack","Test":"TestGeneratedCompatibilityPackMutations/temporal-leaf-xsys-darwin-arm64/request_identity","Elapsed":0}
{"Time":"2026-10-08T19:12:56.453057741Z","Action":"run","Package":"go.temporal.io/server/tools/gomad3/internal/compatibilitypack","Test":"TestGeneratedCompatibilityPackMutations/temporal-leaf-xsys-darwin-arm64/review_time"}
{"Time":"2026-10-08T19:12:56.453099075Z","Action":"output","Package":"go.temporal.io/server/tools/gomad3/internal/compatibilitypack","Test":"TestGeneratedCompatibilityPackMutations/temporal-leaf-xsys-darwin-arm64/review_time","Output":"=== RUN   TestGeneratedCompatibilityPackMutations/temporal-leaf-xsys-darwin-arm64/review_time\n","OutputType":"frame"}
{"Time":"2026-10-08T19:12:56.455259033Z","Action":"output","Package":"go.temporal.io/server/tools/gomad3/internal/compatibilitypack","Test":"TestGeneratedCompatibilityPackMutations/temporal-leaf-xsys-darwin-arm64/review_time","Output":"--- PASS: TestGeneratedCompatibilityPackMutations/temporal-leaf-xsys-darwin-arm64/review_time (0.00s)\n","OutputType":"frame"}
{"Time":"2026-10-08T19:12:56.455296783Z","Action":"pass","Package":"go.temporal.io/server/tools/gomad3/internal/compatibilitypack","Test":"TestGeneratedCompatibilityPackMutations/temporal-leaf-xsys-darwin-arm64/review_time","Elapsed":0}
{"Time":"2026-10-08T19:12:56.455371616Z","Action":"run","Package":"go.temporal.io/server/tools/gomad3/internal/compatibilitypack","Test":"TestGeneratedCompatibilityPackMutations/temporal-leaf-xsys-darwin-arm64/source_set"}
{"Time":"2026-10-08T19:12:56.455446575Z","Action":"output","Package":"go.temporal.io/server/tools/gomad3/internal/compatibilitypack","Test":"TestGeneratedCompatibilityPackMutations/temporal-leaf-xsys-darwin-arm64/source_set","Output":"=== RUN   TestGeneratedCompatibilityPackMutations/temporal-leaf-xsys-darwin-arm64/source_set\n","OutputType":"frame"}
{"Time":"2026-10-08T19:12:56.457366825Z","Action":"output","Package":"go.temporal.io/server/tools/gomad3/internal/compatibilitypack","Test":"TestGeneratedCompatibilityPackMutations/temporal-leaf-xsys-darwin-arm64/source_set","Output":"--- PASS: TestGeneratedCompatibilityPackMutations/temporal-leaf-xsys-darwin-arm64/source_set (0.00s)\n","OutputType":"frame"}
{"Time":"2026-10-08T19:12:56.45741095Z","Action":"pass","Package":"go.temporal.io/server/tools/gomad3/internal/compatibilitypack","Test":"TestGeneratedCompatibilityPackMutations/temporal-leaf-xsys-darwin-arm64/source_set","Elapsed":0}
{"Time":"2026-10-08T19:12:56.457480366Z","Action":"run","Package":"go.temporal.io/server/tools/gomad3/internal/compatibilitypack","Test":"TestGeneratedCompatibilityPackMutations/temporal-leaf-xsys-darwin-arm64/workload"}
{"Time":"2026-10-08T19:12:56.45751995Z","Action":"output","Package":"go.temporal.io/server/tools/gomad3/internal/compatibilitypack","Test":"TestGeneratedCompatibilityPackMutations/temporal-leaf-xsys-darwin-arm64/workload","Output":"=== RUN   TestGeneratedCompatibilityPackMutations/temporal-leaf-xsys-darwin-arm64/workload\n","OutputType":"frame"}
{"Time":"2026-10-08T19:12:56.457543033Z","Action":"output","Package":"go.temporal.io/server/tools/gomad3/internal/compatibilitypack","Test":"TestGeneratedCompatibilityPackMutations/temporal-leaf-xsys-darwin-arm64/workload","Output":"--- PASS: TestGeneratedCompatibilityPackMutations/temporal-leaf-xsys-darwin-arm64/workload (0.00s)\n","OutputType":"frame"}
{"Time":"2026-10-08T19:12:56.457619658Z","Action":"pass","Package":"go.temporal.io/server/tools/gomad3/internal/compatibilitypack","Test":"TestGeneratedCompatibilityPackMutations/temporal-leaf-xsys-darwin-arm64/workload","Elapsed":0}
{"Time":"2026-10-08T19:12:56.457716158Z","Action":"run","Package":"go.temporal.io/server/tools/gomad3/internal/compatibilitypack","Test":"TestGeneratedCompatibilityPackMutations/temporal-leaf-xxhash-darwin-arm64/approval"}
{"Time":"2026-10-08T19:12:56.457840408Z","Action":"output","Package":"go.temporal.io/server/tools/gomad3/internal/compatibilitypack","Test":"TestGeneratedCompatibilityPackMutations/temporal-leaf-xxhash-darwin-arm64/approval","Output":"=== RUN   TestGeneratedCompatibilityPackMutations/temporal-leaf-xxhash-darwin-arm64/approval\n","OutputType":"frame"}
{"Time":"2026-10-08T19:12:56.45790495Z","Action":"output","Package":"go.temporal.io/server/tools/gomad3/internal/compatibilitypack","Test":"TestGeneratedCompatibilityPackMutations/temporal-leaf-xxhash-darwin-arm64/approval","Output":"--- PASS: TestGeneratedCompatibilityPackMutations/temporal-leaf-xxhash-darwin-arm64/approval (0.00s)\n","OutputType":"frame"}
{"Time":"2026-10-08T19:12:56.458514991Z","Action":"pass","Package":"go.temporal.io/server/tools/gomad3/internal/compatibilitypack","Test":"TestGeneratedCompatibilityPackMutations/temporal-leaf-xxhash-darwin-arm64/approval","Elapsed":0}
{"Time":"2026-10-08T19:12:56.458825533Z","Action":"run","Package":"go.temporal.io/server/tools/gomad3/internal/compatibilitypack","Test":"TestGeneratedCompatibilityPackMutations/temporal-leaf-xxhash-darwin-arm64/arbitrary_local_replacement"}
{"Time":"2026-10-08T19:12:56.458956783Z","Action":"output","Package":"go.temporal.io/server/tools/gomad3/internal/compatibilitypack","Test":"TestGeneratedCompatibilityPackMutations/temporal-leaf-xxhash-darwin-arm64/arbitrary_local_replacement","Output":"=== RUN   TestGeneratedCompatibilityPackMutations/temporal-leaf-xxhash-darwin-arm64/arbitrary_local_replacement\n","OutputType":"frame"}
{"Time":"2026-10-08T19:12:56.459050408Z","Action":"output","Package":"go.temporal.io/server/tools/gomad3/internal/compatibilitypack","Test":"TestGeneratedCompatibilityPackMutations/temporal-leaf-xxhash-darwin-arm64/arbitrary_local_replacement","Output":"--- PASS: TestGeneratedCompatibilityPackMutations/temporal-leaf-xxhash-darwin-arm64/arbitrary_local_replacement (0.00s)\n","OutputType":"frame"}
{"Time":"2026-10-08T19:12:56.4592012Z","Action":"pass","Package":"go.temporal.io/server/tools/gomad3/internal/compatibilitypack","Test":"TestGeneratedCompatibilityPackMutations/temporal-leaf-xxhash-darwin-arm64/arbitrary_local_replacement","Elapsed":0}
{"Time":"2026-10-08T19:12:56.45940495Z","Action":"run","Package":"go.temporal.io/server/tools/gomad3/internal/compatibilitypack","Test":"TestGeneratedCompatibilityPackMutations/temporal-leaf-xxhash-darwin-arm64/availability"}
{"Time":"2026-10-08T19:12:56.459470533Z","Action":"output","Package":"go.temporal.io/server/tools/gomad3/internal/compatibilitypack","Test":"TestGeneratedCompatibilityPackMutations/temporal-leaf-xxhash-darwin-arm64/availability","Output":"=== RUN   TestGeneratedCompatibilityPackMutations/temporal-leaf-xxhash-darwin-arm64/availability\n","OutputType":"frame"}
{"Time":"2026-10-08T19:12:56.459564575Z","Action":"output","Package":"go.temporal.io/server/tools/gomad3/internal/compatibilitypack","Test":"TestGeneratedCompatibilityPackMutations/temporal-leaf-xxhash-darwin-arm64/availability","Output":"--- PASS: TestGeneratedCompatibilityPackMutations/temporal-leaf-xxhash-darwin-arm64/availability (0.00s)\n","OutputType":"frame"}
{"Time":"2026-10-08T19:12:56.459592658Z","Action":"pass","Package":"go.temporal.io/server/tools/gomad3/internal/compatibilitypack","Test":"TestGeneratedCompatibilityPackMutations/temporal-leaf-xxhash-darwin-arm64/availability","Elapsed":0}
{"Time":"2026-10-08T19:12:56.459625991Z","Action":"run","Package":"go.temporal.io/server/tools/gomad3/internal/compatibilitypack","Test":"TestGeneratedCompatibilityPackMutations/temporal-leaf-xxhash-darwin-arm64/foreign_source"}
{"Time":"2026-10-08T19:12:56.45965045Z","Action":"output","Package":"go.temporal.io/server/tools/gomad3/internal/compatibilitypack","Test":"TestGeneratedCompatibilityPackMutations/temporal-leaf-xxhash-darwin-arm64/foreign_source","Output":"=== RUN   TestGeneratedCompatibilityPackMutations/temporal-leaf-xxhash-darwin-arm64/foreign_source\n","OutputType":"frame"}
{"Time":"2026-10-08T19:12:56.45970645Z","Action":"output","Package":"go.temporal.io/server/tools/gomad3/internal/compatibilitypack","Test":"TestGeneratedCompatibilityPackMutations/temporal-leaf-xxhash-darwin-arm64/foreign_source","Output":"--- PASS: TestGeneratedCompatibilityPackMutations/temporal-leaf-xxhash-darwin-arm64/foreign_source (0.00s)\n","OutputType":"frame"}
{"Time":"2026-10-08T19:12:56.459756283Z","Action":"pass","Package":"go.temporal.io/server/tools/gomad3/internal/compatibilitypack","Test":"TestGeneratedCompatibilityPackMutations/temporal-leaf-xxhash-darwin-arm64/foreign_source","Elapsed":0}
{"Time":"2026-10-08T19:12:56.459797616Z","Action":"run","Package":"go.temporal.io/server/tools/gomad3/internal/compatibilitypack","Test":"TestGeneratedCompatibilityPackMutations/temporal-leaf-xxhash-darwin-arm64/go_source"}
{"Time":"2026-10-08T19:12:56.459849283Z","Action":"output","Package":"go.temporal.io/server/tools/gomad3/internal/compatibilitypack","Test":"TestGeneratedCompatibilityPackMutations/temporal-leaf-xxhash-darwin-arm64/go_source","Output":"=== RUN   TestGeneratedCompatibilityPackMutations/temporal-leaf-xxhash-darwin-arm64/go_source\n","OutputType":"frame"}
{"Time":"2026-10-08T19:12:56.459896991Z","Action":"output","Package":"go.temporal.io/server/tools/gomad3/internal/compatibilitypack","Test":"TestGeneratedCompatibilityPackMutations/temporal-leaf-xxhash-darwin-arm64/go_source","Output":"--- PASS: TestGeneratedCompatibilityPackMutations/temporal-leaf-xxhash-darwin-arm64/go_source (0.00s)\n","OutputType":"frame"}
{"Time":"2026-10-08T19:12:56.459945616Z","Action":"pass","Package":"go.temporal.io/server/tools/gomad3/internal/compatibilitypack","Test":"TestGeneratedCompatibilityPackMutations/temporal-leaf-xxhash-darwin-arm64/go_source","Elapsed":0}
{"Time":"2026-10-08T19:12:56.459974616Z","Action":"run","Package":"go.temporal.io/server/tools/gomad3/internal/compatibilitypack","Test":"TestGeneratedCompatibilityPackMutations/temporal-leaf-xxhash-darwin-arm64/justification"}
{"Time":"2026-10-08T19:12:56.4600047Z","Action":"output","Package":"go.temporal.io/server/tools/gomad3/internal/compatibilitypack","Test":"TestGeneratedCompatibilityPackMutations/temporal-leaf-xxhash-darwin-arm64/justification","Output":"=== RUN   TestGeneratedCompatibilityPackMutations/temporal-leaf-xxhash-darwin-arm64/justification\n","OutputType":"frame"}
{"Time":"2026-10-08T19:12:56.460134241Z","Action":"output","Package":"go.temporal.io/server/tools/gomad3/internal/compatibilitypack","Test":"TestGeneratedCompatibilityPackMutations/temporal-leaf-xxhash-darwin-arm64/justification","Output":"--- PASS: TestGeneratedCompatibilityPackMutations/temporal-leaf-xxhash-darwin-arm64/justification (0.00s)\n","OutputType":"frame"}
{"Time":"2026-10-08T19:12:56.460175241Z","Action":"pass","Package":"go.temporal.io/server/tools/gomad3/internal/compatibilitypack","Test":"TestGeneratedCompatibilityPackMutations/temporal-leaf-xxhash-darwin-arm64/justification","Elapsed":0}
{"Time":"2026-10-08T19:12:56.460258575Z","Action":"run","Package":"go.temporal.io/server/tools/gomad3/internal/compatibilitypack","Test":"TestGeneratedCompatibilityPackMutations/temporal-leaf-xxhash-darwin-arm64/module_sum"}
{"Time":"2026-10-08T19:12:56.460280033Z","Action":"output","Package":"go.temporal.io/server/tools/gomad3/internal/compatibilitypack","Test":"TestGeneratedCompatibilityPackMutations/temporal-leaf-xxhash-darwin-arm64/module_sum","Output":"=== RUN   TestGeneratedCompatibilityPackMutations/temporal-leaf-xxhash-darwin-arm64/module_sum\n","OutputType":"frame"}
{"Time":"2026-10-08T19:12:56.460307783Z","Action":"output","Package":"go.temporal.io/server/tools/gomad3/internal/compatibilitypack","Test":"TestGeneratedCompatibilityPackMutations/temporal-leaf-xxhash-darwin-arm64/module_sum","Output":"--- PASS: TestGeneratedCompatibilityPackMutations/temporal-leaf-xxhash-darwin-arm64/module_sum (0.00s)\n","OutputType":"frame"}
{"Time":"2026-10-08T19:12:56.461047658Z","Action":"pass","Package":"go.temporal.io/server/tools/gomad3/internal/compatibilitypack","Test":"TestGeneratedCompatibilityPackMutations/temporal-leaf-xxhash-darwin-arm64/module_sum","Elapsed":0}
{"Time":"2026-10-08T19:12:56.4612177Z","Action":"run","Package":"go.temporal.io/server/tools/gomad3/internal/compatibilitypack","Test":"TestGeneratedCompatibilityPackMutations/temporal-leaf-xxhash-darwin-arm64/module_version"}
{"Time":"2026-10-08T19:12:56.461337783Z","Action":"output","Package":"go.temporal.io/server/tools/gomad3/internal/compatibilitypack","Test":"TestGeneratedCompatibilityPackMutations/temporal-leaf-xxhash-darwin-arm64/module_version","Output":"=== RUN   TestGeneratedCompatibilityPackMutations/temporal-leaf-xxhash-darwin-arm64/module_version\n","OutputType":"frame"}
{"Time":"2026-10-08T19:12:56.46149945Z","Action":"output","Package":"go.temporal.io/server/tools/gomad3/internal/compatibilitypack","Test":"TestGeneratedCompatibilityPackMutations/temporal-leaf-xxhash-darwin-arm64/module_version","Output":"--- PASS: TestGeneratedCompatibilityPackMutations/temporal-leaf-xxhash-darwin-arm64/module_version (0.00s)\n","OutputType":"frame"}
{"Time":"2026-10-08T19:12:56.461646616Z","Action":"pass","Package":"go.temporal.io/server/tools/gomad3/internal/compatibilitypack","Test":"TestGeneratedCompatibilityPackMutations/temporal-leaf-xxhash-darwin-arm64/module_version","Elapsed":0}
{"Time":"2026-10-08T19:12:56.461778783Z","Action":"run","Package":"go.temporal.io/server/tools/gomad3/internal/compatibilitypack","Test":"TestGeneratedCompatibilityPackMutations/temporal-leaf-xxhash-darwin-arm64/owner"}
{"Time":"2026-10-08T19:12:56.462363408Z","Action":"output","Package":"go.temporal.io/server/tools/gomad3/internal/compatibilitypack","Test":"TestGeneratedCompatibilityPackMutations/temporal-leaf-xxhash-darwin-arm64/owner","Output":"=== RUN   TestGeneratedCompatibilityPackMutations/temporal-leaf-xxhash-darwin-arm64/owner\n","OutputType":"frame"}
{"Time":"2026-10-08T19:12:56.462508408Z","Action":"output","Package":"go.temporal.io/server/tools/gomad3/internal/compatibilitypack","Test":"TestGeneratedCompatibilityPackMutations/temporal-leaf-xxhash-darwin-arm64/owner","Output":"--- PASS: TestGeneratedCompatibilityPackMutations/temporal-leaf-xxhash-darwin-arm64/owner (0.00s)\n","OutputType":"frame"}
{"Time":"2026-10-08T19:12:56.462554741Z","Action":"pass","Package":"go.temporal.io/server/tools/gomad3/internal/compatibilitypack","Test":"TestGeneratedCompatibilityPackMutations/temporal-leaf-xxhash-darwin-arm64/owner","Elapsed":0}
{"Time":"2026-10-08T19:12:56.462984033Z","Action":"run","Package":"go.temporal.io/server/tools/gomad3/internal/compatibilitypack","Test":"TestGeneratedCompatibilityPackMutations/temporal-leaf-xxhash-darwin-arm64/pack_digest"}
{"Time":"2026-10-08T19:12:56.463081408Z","Action":"output","Package":"go.temporal.io/server/tools/gomad3/internal/compatibilitypack","Test":"TestGeneratedCompatibilityPackMutations/temporal-leaf-xxhash-darwin-arm64/pack_digest","Output":"=== RUN   TestGeneratedCompatibilityPackMutations/temporal-leaf-xxhash-darwin-arm64/pack_digest\n","OutputType":"frame"}
{"Time":"2026-10-08T19:12:56.463188116Z","Action":"output","Package":"go.temporal.io/server/tools/gomad3/internal/compatibilitypack","Test":"TestGeneratedCompatibilityPackMutations/temporal-leaf-xxhash-darwin-arm64/pack_digest","Output":"--- PASS: TestGeneratedCompatibilityPackMutations/temporal-leaf-xxhash-darwin-arm64/pack_digest (0.00s)\n","OutputType":"frame"}
{"Time":"2026-10-08T19:12:56.463252658Z","Action":"pass","Package":"go.temporal.io/server/tools/gomad3/internal/compatibilitypack","Test":"TestGeneratedCompatibilityPackMutations/temporal-leaf-xxhash-darwin-arm64/pack_digest","Elapsed":0}
{"Time":"2026-10-08T19:12:56.463350616Z","Action":"run","Package":"go.temporal.io/server/tools/gomad3/internal/compatibilitypack","Test":"TestGeneratedCompatibilityPackMutations/temporal-leaf-xxhash-darwin-arm64/platform"}
{"Time":"2026-10-08T19:12:56.463386533Z","Action":"output","Package":"go.temporal.io/server/tools/gomad3/internal/compatibilitypack","Test":"TestGeneratedCompatibilityPackMutations/temporal-leaf-xxhash-darwin-arm64/platform","Output":"=== RUN   TestGeneratedCompatibilityPackMutations/temporal-leaf-xxhash-darwin-arm64/platform\n","OutputType":"frame"}
{"Time":"2026-10-08T19:12:56.463412908Z","Action":"output","Package":"go.temporal.io/server/tools/gomad3/internal/compatibilitypack","Test":"TestGeneratedCompatibilityPackMutations/temporal-leaf-xxhash-darwin-arm64/platform","Output":"--- PASS: TestGeneratedCompatibilityPackMutations/temporal-leaf-xxhash-darwin-arm64/platform (0.00s)\n","OutputType":"frame"}
{"Time":"2026-10-08T19:12:56.463442075Z","Action":"pass","Package":"go.temporal.io/server/tools/gomad3/internal/compatibilitypack","Test":"TestGeneratedCompatibilityPackMutations/temporal-leaf-xxhash-darwin-arm64/platform","Elapsed":0}
{"Time":"2026-10-08T19:12:56.463474866Z","Action":"run","Package":"go.temporal.io/server/tools/gomad3/internal/compatibilitypack","Test":"TestGeneratedCompatibilityPackMutations/temporal-leaf-xxhash-darwin-arm64/positive"}
{"Time":"2026-10-08T19:12:56.463942533Z","Action":"output","Package":"go.temporal.io/server/tools/gomad3/internal/compatibilitypack","Test":"TestGeneratedCompatibilityPackMutations/temporal-leaf-xxhash-darwin-arm64/positive","Output":"=== RUN   TestGeneratedCompatibilityPackMutations/temporal-leaf-xxhash-darwin-arm64/positive\n","OutputType":"frame"}
{"Time":"2026-10-08T19:12:56.464242991Z","Action":"output","Package":"go.temporal.io/server/tools/gomad3/internal/compatibilitypack","Test":"TestGeneratedCompatibilityPackMutations/temporal-leaf-xxhash-darwin-arm64/positive","Output":"--- PASS: TestGeneratedCompatibilityPackMutations/temporal-leaf-xxhash-darwin-arm64/positive (0.00s)\n","OutputType":"frame"}
{"Time":"2026-10-08T19:12:56.46436445Z","Action":"pass","Package":"go.temporal.io/server/tools/gomad3/internal/compatibilitypack","Test":"TestGeneratedCompatibilityPackMutations/temporal-leaf-xxhash-darwin-arm64/positive","Elapsed":0}
{"Time":"2026-10-08T19:12:56.464427366Z","Action":"run","Package":"go.temporal.io/server/tools/gomad3/internal/compatibilitypack","Test":"TestGeneratedCompatibilityPackMutations/temporal-leaf-xxhash-darwin-arm64/request_identity"}
{"Time":"2026-10-08T19:12:56.464457158Z","Action":"output","Package":"go.temporal.io/server/tools/gomad3/internal/compatibilitypack","Test":"TestGeneratedCompatibilityPackMutations/temporal-leaf-xxhash-darwin-arm64/request_identity","Output":"=== RUN   TestGeneratedCompatibilityPackMutations/temporal-leaf-xxhash-darwin-arm64/request_identity\n","OutputType":"frame"}
{"Time":"2026-10-08T19:12:56.464578283Z","Action":"output","Package":"go.temporal.io/server/tools/gomad3/internal/compatibilitypack","Test":"TestGeneratedCompatibilityPackMutations/temporal-leaf-xxhash-darwin-arm64/request_identity","Output":"--- PASS: TestGeneratedCompatibilityPackMutations/temporal-leaf-xxhash-darwin-arm64/request_identity (0.00s)\n","OutputType":"frame"}
{"Time":"2026-10-08T19:12:56.464651158Z","Action":"pass","Package":"go.temporal.io/server/tools/gomad3/internal/compatibilitypack","Test":"TestGeneratedCompatibilityPackMutations/temporal-leaf-xxhash-darwin-arm64/request_identity","Elapsed":0}
{"Time":"2026-10-08T19:12:56.464727491Z","Action":"run","Package":"go.temporal.io/server/tools/gomad3/internal/compatibilitypack","Test":"TestGeneratedCompatibilityPackMutations/temporal-leaf-xxhash-darwin-arm64/review_time"}
{"Time":"2026-10-08T19:12:56.464824575Z","Action":"output","Package":"go.temporal.io/server/tools/gomad3/internal/compatibilitypack","Test":"TestGeneratedCompatibilityPackMutations/temporal-leaf-xxhash-darwin-arm64/review_time","Output":"=== RUN   TestGeneratedCompatibilityPackMutations/temporal-leaf-xxhash-darwin-arm64/review_time\n","OutputType":"frame"}
{"Time":"2026-10-08T19:12:56.464950075Z","Action":"output","Package":"go.temporal.io/server/tools/gomad3/internal/compatibilitypack","Test":"TestGeneratedCompatibilityPackMutations/temporal-leaf-xxhash-darwin-arm64/review_time","Output":"--- PASS: TestGeneratedCompatibilityPackMutations/temporal-leaf-xxhash-darwin-arm64/review_time (0.00s)\n","OutputType":"frame"}
{"Time":"2026-10-08T19:12:56.465021116Z","Action":"pass","Package":"go.temporal.io/server/tools/gomad3/internal/compatibilitypack","Test":"TestGeneratedCompatibilityPackMutations/temporal-leaf-xxhash-darwin-arm64/review_time","Elapsed":0}
{"Time":"2026-10-08T19:12:56.465137575Z","Action":"run","Package":"go.temporal.io/server/tools/gomad3/internal/compatibilitypack","Test":"TestGeneratedCompatibilityPackMutations/temporal-leaf-xxhash-darwin-arm64/source_set"}
{"Time":"2026-10-08T19:12:56.465266658Z","Action":"output","Package":"go.temporal.io/server/tools/gomad3/internal/compatibilitypack","Test":"TestGeneratedCompatibilityPackMutations/temporal-leaf-xxhash-darwin-arm64/source_set","Output":"=== RUN   TestGeneratedCompatibilityPackMutations/temporal-leaf-xxhash-darwin-arm64/source_set\n","OutputType":"frame"}
{"Time":"2026-10-08T19:12:56.465325366Z","Action":"output","Package":"go.temporal.io/server/tools/gomad3/internal/compatibilitypack","Test":"TestGeneratedCompatibilityPackMutations/temporal-leaf-xxhash-darwin-arm64/source_set","Output":"--- PASS: TestGeneratedCompatibilityPackMutations/temporal-leaf-xxhash-darwin-arm64/source_set (0.00s)\n","OutputType":"frame"}
{"Time":"2026-10-08T19:12:56.465367783Z","Action":"pass","Package":"go.temporal.io/server/tools/gomad3/internal/compatibilitypack","Test":"TestGeneratedCompatibilityPackMutations/temporal-leaf-xxhash-darwin-arm64/source_set","Elapsed":0}
{"Time":"2026-10-08T19:12:56.465393116Z","Action":"run","Package":"go.temporal.io/server/tools/gomad3/internal/compatibilitypack","Test":"TestGeneratedCompatibilityPackMutations/temporal-leaf-xxhash-darwin-arm64/workload"}
{"Time":"2026-10-08T19:12:56.46541695Z","Action":"output","Package":"go.temporal.io/server/tools/gomad3/internal/compatibilitypack","Test":"TestGeneratedCompatibilityPackMutations/temporal-leaf-xxhash-darwin-arm64/workload","Output":"=== RUN   TestGeneratedCompatibilityPackMutations/temporal-leaf-xxhash-darwin-arm64/workload\n","OutputType":"frame"}
{"Time":"2026-10-08T19:12:56.465505491Z","Action":"output","Package":"go.temporal.io/server/tools/gomad3/internal/compatibilitypack","Test":"TestGeneratedCompatibilityPackMutations/temporal-leaf-xxhash-darwin-arm64/workload","Output":"--- PASS: TestGeneratedCompatibilityPackMutations/temporal-leaf-xxhash-darwin-arm64/workload (0.00s)\n","OutputType":"frame"}
{"Time":"2026-10-08T19:12:56.465528033Z","Action":"pass","Package":"go.temporal.io/server/tools/gomad3/internal/compatibilitypack","Test":"TestGeneratedCompatibilityPackMutations/temporal-leaf-xxhash-darwin-arm64/workload","Elapsed":0}
{"Time":"2026-10-08T19:12:56.465573616Z","Action":"output","Package":"go.temporal.io/server/tools/gomad3/internal/compatibilitypack","Test":"TestGeneratedCompatibilityPackMutations","Output":"--- PASS: TestGeneratedCompatibilityPackMutations (0.29s)\n","OutputType":"frame"}
{"Time":"2026-10-08T19:12:56.465602616Z","Action":"pass","Package":"go.temporal.io/server/tools/gomad3/internal/compatibilitypack","Test":"TestGeneratedCompatibilityPackMutations","Elapsed":0.29}
{"Time":"2026-10-08T19:12:56.465644075Z","Action":"run","Package":"go.temporal.io/server/tools/gomad3/internal/compatibilitypack","Test":"TestEvaluateMatchingPackDecisions"}
{"Time":"2026-10-08T19:12:56.465703658Z","Action":"output","Package":"go.temporal.io/server/tools/gomad3/internal/compatibilitypack","Test":"TestEvaluateMatchingPackDecisions","Output":"=== RUN   TestEvaluateMatchingPackDecisions\n","OutputType":"frame"}
{"Time":"2026-10-08T19:12:56.465725575Z","Action":"run","Package":"go.temporal.io/server/tools/gomad3/internal/compatibilitypack","Test":"TestEvaluateMatchingPackDecisions/capability"}
{"Time":"2026-10-08T19:12:56.465760783Z","Action":"output","Package":"go.temporal.io/server/tools/gomad3/internal/compatibilitypack","Test":"TestEvaluateMatchingPackDecisions/capability","Output":"=== RUN   TestEvaluateMatchingPackDecisions/capability\n","OutputType":"frame"}
{"Time":"2026-10-08T19:12:56.4658392Z","Action":"output","Package":"go.temporal.io/server/tools/gomad3/internal/compatibilitypack","Test":"TestEvaluateMatchingPackDecisions/capability","Output":"    policy_exhaustive_test.go:75: decision=compatibility.Decision{Allowed:true, Disposition:\"allowed_by_exact_pack\", Remediation:\"\", PackID:\"example-pack\"} bytes=\"{\\\"allowed\\\":true,\\\"disposition\\\":\\\"allowed_by_exact_pack\\\",\\\"pack_id\\\":\\\"example-pack\\\"}\"\n"}
{"Time":"2026-10-08T19:12:56.465871575Z","Action":"output","Package":"go.temporal.io/server/tools/gomad3/internal/compatibilitypack","Test":"TestEvaluateMatchingPackDecisions/capability","Output":"--- PASS: TestEvaluateMatchingPackDecisions/capability (0.00s)\n","OutputType":"frame"}
{"Time":"2026-10-08T19:12:56.465913533Z","Action":"pass","Package":"go.temporal.io/server/tools/gomad3/internal/compatibilitypack","Test":"TestEvaluateMatchingPackDecisions/capability","Elapsed":0}
{"Time":"2026-10-08T19:12:56.465965241Z","Action":"run","Package":"go.temporal.io/server/tools/gomad3/internal/compatibilitypack","Test":"TestEvaluateMatchingPackDecisions/linkname"}
{"Time":"2026-10-08T19:12:56.4660107Z","Action":"output","Package":"go.temporal.io/server/tools/gomad3/internal/compatibilitypack","Test":"TestEvaluateMatchingPackDecisions/linkname","Output":"=== RUN   TestEvaluateMatchingPackDecisions/linkname\n","OutputType":"frame"}
{"Time":"2026-10-08T19:12:56.4660682Z","Action":"output","Package":"go.temporal.io/server/tools/gomad3/internal/compatibilitypack","Test":"TestEvaluateMatchingPackDecisions/linkname","Output":"    policy_exhaustive_test.go:75: decision=compatibility.Decision{Allowed:true, Disposition:\"allowed_by_exact_pack\", Remediation:\"\", PackID:\"example-pack\"} bytes=\"{\\\"allowed\\\":true,\\\"disposition\\\":\\\"allowed_by_exact_pack\\\",\\\"pack_id\\\":\\\"example-pack\\\"}\"\n"}
{"Time":"2026-10-08T19:12:56.466102075Z","Action":"output","Package":"go.temporal.io/server/tools/gomad3/internal/compatibilitypack","Test":"TestEvaluateMatchingPackDecisions/linkname","Output":"--- PASS: TestEvaluateMatchingPackDecisions/linkname (0.00s)\n","OutputType":"frame"}
{"Time":"2026-10-08T19:12:56.466127241Z","Action":"pass","Package":"go.temporal.io/server/tools/gomad3/internal/compatibilitypack","Test":"TestEvaluateMatchingPackDecisions/linkname","Elapsed":0}
{"Time":"2026-10-08T19:12:56.466142908Z","Action":"run","Package":"go.temporal.io/server/tools/gomad3/internal/compatibilitypack","Test":"TestEvaluateMatchingPackDecisions/malformed-linkname"}
{"Time":"2026-10-08T19:12:56.466190241Z","Action":"output","Package":"go.temporal.io/server/tools/gomad3/internal/compatibilitypack","Test":"TestEvaluateMatchingPackDecisions/malformed-linkname","Output":"=== RUN   TestEvaluateMatchingPackDecisions/malformed-linkname\n","OutputType":"frame"}
{"Time":"2026-10-08T19:12:56.466222491Z","Action":"output","Package":"go.temporal.io/server/tools/gomad3/internal/compatibilitypack","Test":"TestEvaluateMatchingPackDecisions/malformed-linkname","Output":"    policy_exhaustive_test.go:75: decision=compatibility.Decision{Allowed:false, Disposition:\"denied\", Remediation:\"remain_unsupported\", PackID:\"\"} bytes=\"{\\\"allowed\\\":false,\\\"disposition\\\":\\\"denied\\\",\\\"remediation\\\":\\\"remain_unsupported\\\"}\"\n"}
{"Time":"2026-10-08T19:12:56.466267533Z","Action":"output","Package":"go.temporal.io/server/tools/gomad3/internal/compatibilitypack","Test":"TestEvaluateMatchingPackDecisions/malformed-linkname","Output":"--- PASS: TestEvaluateMatchingPackDecisions/malformed-linkname (0.00s)\n","OutputType":"frame"}
{"Time":"2026-10-08T19:12:56.466445158Z","Action":"pass","Package":"go.temporal.io/server/tools/gomad3/internal/compatibilitypack","Test":"TestEvaluateMatchingPackDecisions/malformed-linkname","Elapsed":0}
{"Time":"2026-10-08T19:12:56.4665107Z","Action":"run","Package":"go.temporal.io/server/tools/gomad3/internal/compatibilitypack","Test":"TestEvaluateMatchingPackDecisions/no-reviewed-source"}
{"Time":"2026-10-08T19:12:56.466573991Z","Action":"output","Package":"go.temporal.io/server/tools/gomad3/internal/compatibilitypack","Test":"TestEvaluateMatchingPackDecisions/no-reviewed-source","Output":"=== RUN   TestEvaluateMatchingPackDecisions/no-reviewed-source\n","OutputType":"frame"}
{"Time":"2026-10-08T19:12:56.4666457Z","Action":"output","Package":"go.temporal.io/server/tools/gomad3/internal/compatibilitypack","Test":"TestEvaluateMatchingPackDecisions/no-reviewed-source","Output":"    policy_exhaustive_test.go:75: decision=compatibility.Decision{Allowed:false, Disposition:\"denied\", Remediation:\"remove_dependency\", PackID:\"\"} bytes=\"{\\\"allowed\\\":false,\\\"disposition\\\":\\\"denied\\\",\\\"remediation\\\":\\\"remove_dependency\\\"}\"\n"}
{"Time":"2026-10-08T19:12:56.4669057Z","Action":"output","Package":"go.temporal.io/server/tools/gomad3/internal/compatibilitypack","Test":"TestEvaluateMatchingPackDecisions/no-reviewed-source","Output":"--- PASS: TestEvaluateMatchingPackDecisions/no-reviewed-source (0.00s)\n","OutputType":"frame"}
{"Time":"2026-10-08T19:12:56.466971783Z","Action":"pass","Package":"go.temporal.io/server/tools/gomad3/internal/compatibilitypack","Test":"TestEvaluateMatchingPackDecisions/no-reviewed-source","Elapsed":0}
{"Time":"2026-10-08T19:12:56.467004241Z","Action":"run","Package":"go.temporal.io/server/tools/gomad3/internal/compatibilitypack","Test":"TestEvaluateMatchingPackDecisions/unknown-kind"}
{"Time":"2026-10-08T19:12:56.467069408Z","Action":"output","Package":"go.temporal.io/server/tools/gomad3/internal/compatibilitypack","Test":"TestEvaluateMatchingPackDecisions/unknown-kind","Output":"=== RUN   TestEvaluateMatchingPackDecisions/unknown-kind\n","OutputType":"frame"}
{"Time":"2026-10-08T19:12:56.467089783Z","Action":"output","Package":"go.temporal.io/server/tools/gomad3/internal/compatibilitypack","Test":"TestEvaluateMatchingPackDecisions/unknown-kind","Output":"    policy_exhaustive_test.go:75: decision=compatibility.Decision{Allowed:false, Disposition:\"denied\", Remediation:\"remain_unsupported\", PackID:\"\"} bytes=\"{\\\"allowed\\\":false,\\\"disposition\\\":\\\"denied\\\",\\\"remediation\\\":\\\"remain_unsupported\\\"}\"\n"}
{"Time":"2026-10-08T19:12:56.4671102Z","Action":"output","Package":"go.temporal.io/server/tools/gomad3/internal/compatibilitypack","Test":"TestEvaluateMatchingPackDecisions/unknown-kind","Output":"--- PASS: TestEvaluateMatchingPackDecisions/unknown-kind (0.00s)\n","OutputType":"frame"}
{"Time":"2026-10-08T19:12:56.467328075Z","Action":"pass","Package":"go.temporal.io/server/tools/gomad3/internal/compatibilitypack","Test":"TestEvaluateMatchingPackDecisions/unknown-kind","Elapsed":0}
{"Time":"2026-10-08T19:12:56.467376533Z","Action":"run","Package":"go.temporal.io/server/tools/gomad3/internal/compatibilitypack","Test":"TestEvaluateMatchingPackDecisions/empty-kind"}
{"Time":"2026-10-08T19:12:56.467391825Z","Action":"output","Package":"go.temporal.io/server/tools/gomad3/internal/compatibilitypack","Test":"TestEvaluateMatchingPackDecisions/empty-kind","Output":"=== RUN   TestEvaluateMatchingPackDecisions/empty-kind\n","OutputType":"frame"}
{"Time":"2026-10-08T19:12:56.4674117Z","Action":"output","Package":"go.temporal.io/server/tools/gomad3/internal/compatibilitypack","Test":"TestEvaluateMatchingPackDecisions/empty-kind","Output":"    policy_exhaustive_test.go:75: decision=compatibility.Decision{Allowed:false, Disposition:\"denied\", Remediation:\"remain_unsupported\", PackID:\"\"} bytes=\"{\\\"allowed\\\":false,\\\"disposition\\\":\\\"denied\\\",\\\"remediation\\\":\\\"remain_unsupported\\\"}\"\n"}
{"Time":"2026-10-08T19:12:56.46745145Z","Action":"output","Package":"go.temporal.io/server/tools/gomad3/internal/compatibilitypack","Test":"TestEvaluateMatchingPackDecisions/empty-kind","Output":"--- PASS: TestEvaluateMatchingPackDecisions/empty-kind (0.00s)\n","OutputType":"frame"}
{"Time":"2026-10-08T19:12:56.4674942Z","Action":"pass","Package":"go.temporal.io/server/tools/gomad3/internal/compatibilitypack","Test":"TestEvaluateMatchingPackDecisions/empty-kind","Elapsed":0}
{"Time":"2026-10-08T19:12:56.467533325Z","Action":"run","Package":"go.temporal.io/server/tools/gomad3/internal/compatibilitypack","Test":"TestEvaluateMatchingPackDecisions/capability-drift"}
{"Time":"2026-10-08T19:12:56.467752658Z","Action":"output","Package":"go.temporal.io/server/tools/gomad3/upgrade","Test":"TestRunRenderingFailurePreservesGateEvidence/baseline/write1","Output":"--- PASS: TestRunRenderingFailurePreservesGateEvidence/baseline/write1 (0.02s)\n","OutputType":"frame"}
{"Time":"2026-10-08T19:12:56.468894658Z","Action":"output","Package":"go.temporal.io/server/tools/gomad3/internal/compatibilitypack","Test":"TestEvaluateMatchingPackDecisions/capability-drift","Output":"=== RUN   TestEvaluateMatchingPackDecisions/capability-drift\n","OutputType":"frame"}
{"Time":"2026-10-08T19:12:56.469098033Z","Action":"output","Package":"go.temporal.io/server/tools/gomad3/internal/compatibilitypack","Test":"TestEvaluateMatchingPackDecisions/capability-drift","Output":"    policy_exhaustive_test.go:75: decision=compatibility.Decision{Allowed:false, Disposition:\"denied\", Remediation:\"add_exact_pack\", PackID:\"\"} bytes=\"{\\\"allowed\\\":false,\\\"disposition\\\":\\\"denied\\\",\\\"remediation\\\":\\\"add_exact_pack\\\"}\"\n"}
{"Time":"2026-10-08T19:12:56.469155283Z","Action":"output","Package":"go.temporal.io/server/tools/gomad3/internal/compatibilitypack","Test":"TestEvaluateMatchingPackDecisions/capability-drift","Output":"--- PASS: TestEvaluateMatchingPackDecisions/capability-drift (0.00s)\n","OutputType":"frame"}
{"Time":"2026-10-08T19:12:56.469351366Z","Action":"pass","Package":"go.temporal.io/server/tools/gomad3/internal/compatibilitypack","Test":"TestEvaluateMatchingPackDecisions/capability-drift","Elapsed":0}
{"Time":"2026-10-08T19:12:56.469413033Z","Action":"run","Package":"go.temporal.io/server/tools/gomad3/internal/compatibilitypack","Test":"TestEvaluateMatchingPackDecisions/linkname-source-drift"}
{"Time":"2026-10-08T19:12:56.469811783Z","Action":"output","Package":"go.temporal.io/server/tools/gomad3/internal/compatibilitypack","Test":"TestEvaluateMatchingPackDecisions/linkname-source-drift","Output":"=== RUN   TestEvaluateMatchingPackDecisions/linkname-source-drift\n","OutputType":"frame"}
{"Time":"2026-10-08T19:12:56.469950533Z","Action":"output","Package":"go.temporal.io/server/tools/gomad3/internal/compatibilitypack","Test":"TestEvaluateMatchingPackDecisions/linkname-source-drift","Output":"    policy_exhaustive_test.go:75: decision=compatibility.Decision{Allowed:false, Disposition:\"denied\", Remediation:\"add_exact_pack\", PackID:\"\"} bytes=\"{\\\"allowed\\\":false,\\\"disposition\\\":\\\"denied\\\",\\\"remediation\\\":\\\"add_exact_pack\\\"}\"\n"}
{"Time":"2026-10-08T19:12:56.46999745Z","Action":"output","Package":"go.temporal.io/server/tools/gomad3/internal/compatibilitypack","Test":"TestEvaluateMatchingPackDecisions/linkname-source-drift","Output":"--- PASS: TestEvaluateMatchingPackDecisions/linkname-source-drift (0.00s)\n","OutputType":"frame"}
{"Time":"2026-10-08T19:12:56.470029991Z","Action":"pass","Package":"go.temporal.io/server/tools/gomad3/internal/compatibilitypack","Test":"TestEvaluateMatchingPackDecisions/linkname-source-drift","Elapsed":0}
{"Time":"2026-10-08T19:12:56.470066741Z","Action":"run","Package":"go.temporal.io/server/tools/gomad3/internal/compatibilitypack","Test":"TestEvaluateMatchingPackDecisions/linkname-hash-drift"}
{"Time":"2026-10-08T19:12:56.470517158Z","Action":"output","Package":"go.temporal.io/server/tools/gomad3/internal/compatibilitypack","Test":"TestEvaluateMatchingPackDecisions/linkname-hash-drift","Output":"=== RUN   TestEvaluateMatchingPackDecisions/linkname-hash-drift\n","OutputType":"frame"}
{"Time":"2026-10-08T19:12:56.470564075Z","Action":"output","Package":"go.temporal.io/server/tools/gomad3/internal/compatibilitypack","Test":"TestEvaluateMatchingPackDecisions/linkname-hash-drift","Output":"    policy_exhaustive_test.go:75: decision=compatibility.Decision{Allowed:false, Disposition:\"denied\", Remediation:\"add_exact_pack\", PackID:\"\"} bytes=\"{\\\"allowed\\\":false,\\\"disposition\\\":\\\"denied\\\",\\\"remediation\\\":\\\"add_exact_pack\\\"}\"\n"}
{"Time":"2026-10-08T19:12:56.469495075Z","Action":"pass","Package":"go.temporal.io/server/tools/gomad3/upgrade","Test":"TestRunRenderingFailurePreservesGateEvidence/baseline/write1","Elapsed":0.02}
{"Time":"2026-10-08T19:12:56.470667366Z","Action":"run","Package":"go.temporal.io/server/tools/gomad3/upgrade","Test":"TestRunRenderingFailurePreservesGateEvidence/baseline/write2"}
{"Time":"2026-10-08T19:12:56.470741116Z","Action":"output","Package":"go.temporal.io/server/tools/gomad3/upgrade","Test":"TestRunRenderingFailurePreservesGateEvidence/baseline/write2","Output":"=== RUN   TestRunRenderingFailurePreservesGateEvidence/baseline/write2\n","OutputType":"frame"}
{"Time":"2026-10-08T19:12:56.470667033Z","Action":"output","Package":"go.temporal.io/server/tools/gomad3/internal/compatibilitypack","Test":"TestEvaluateMatchingPackDecisions/linkname-hash-drift","Output":"--- PASS: TestEvaluateMatchingPackDecisions/linkname-hash-drift (0.00s)\n","OutputType":"frame"}
{"Time":"2026-10-08T19:12:56.470805283Z","Action":"pass","Package":"go.temporal.io/server/tools/gomad3/internal/compatibilitypack","Test":"TestEvaluateMatchingPackDecisions/linkname-hash-drift","Elapsed":0}
{"Time":"2026-10-08T19:12:56.470834408Z","Action":"run","Package":"go.temporal.io/server/tools/gomad3/internal/compatibilitypack","Test":"TestEvaluateMatchingPackDecisions/linkname-directive-drift"}
{"Time":"2026-10-08T19:12:56.470865908Z","Action":"output","Package":"go.temporal.io/server/tools/gomad3/internal/compatibilitypack","Test":"TestEvaluateMatchingPackDecisions/linkname-directive-drift","Output":"=== RUN   TestEvaluateMatchingPackDecisions/linkname-directive-drift\n","OutputType":"frame"}
{"Time":"2026-10-08T19:12:56.470893616Z","Action":"output","Package":"go.temporal.io/server/tools/gomad3/internal/compatibilitypack","Test":"TestEvaluateMatchingPackDecisions/linkname-directive-drift","Output":"    policy_exhaustive_test.go:75: decision=compatibility.Decision{Allowed:false, Disposition:\"denied\", Remediation:\"add_exact_pack\", PackID:\"\"} bytes=\"{\\\"allowed\\\":false,\\\"disposition\\\":\\\"denied\\\",\\\"remediation\\\":\\\"add_exact_pack\\\"}\"\n"}
{"Time":"2026-10-08T19:12:56.471368741Z","Action":"output","Package":"go.temporal.io/server/tools/gomad3/internal/compatibilitypack","Test":"TestEvaluateMatchingPackDecisions/linkname-directive-drift","Output":"--- PASS: TestEvaluateMatchingPackDecisions/linkname-directive-drift (0.00s)\n","OutputType":"frame"}
{"Time":"2026-10-08T19:12:56.471676991Z","Action":"pass","Package":"go.temporal.io/server/tools/gomad3/internal/compatibilitypack","Test":"TestEvaluateMatchingPackDecisions/linkname-directive-drift","Elapsed":0}
{"Time":"2026-10-08T19:12:56.471758866Z","Action":"run","Package":"go.temporal.io/server/tools/gomad3/internal/compatibilitypack","Test":"TestEvaluateMatchingPackDecisions/linkname-order-drift"}
{"Time":"2026-10-08T19:12:56.471930908Z","Action":"output","Package":"go.temporal.io/server/tools/gomad3/internal/compatibilitypack","Test":"TestEvaluateMatchingPackDecisions/linkname-order-drift","Output":"=== RUN   TestEvaluateMatchingPackDecisions/linkname-order-drift\n","OutputType":"frame"}
{"Time":"2026-10-08T19:12:56.4719547Z","Action":"output","Package":"go.temporal.io/server/tools/gomad3/internal/compatibilitypack","Test":"TestEvaluateMatchingPackDecisions/linkname-order-drift","Output":"    policy_exhaustive_test.go:75: decision=compatibility.Decision{Allowed:false, Disposition:\"denied\", Remediation:\"add_exact_pack\", PackID:\"\"} bytes=\"{\\\"allowed\\\":false,\\\"disposition\\\":\\\"denied\\\",\\\"remediation\\\":\\\"add_exact_pack\\\"}\"\n"}
{"Time":"2026-10-08T19:12:56.472001158Z","Action":"output","Package":"go.temporal.io/server/tools/gomad3/internal/compatibilitypack","Test":"TestEvaluateMatchingPackDecisions/linkname-order-drift","Output":"--- PASS: TestEvaluateMatchingPackDecisions/linkname-order-drift (0.00s)\n","OutputType":"frame"}
{"Time":"2026-10-08T19:12:56.472104616Z","Action":"pass","Package":"go.temporal.io/server/tools/gomad3/internal/compatibilitypack","Test":"TestEvaluateMatchingPackDecisions/linkname-order-drift","Elapsed":0}
{"Time":"2026-10-08T19:12:56.472166366Z","Action":"run","Package":"go.temporal.io/server/tools/gomad3/internal/compatibilitypack","Test":"TestEvaluateMatchingPackDecisions/linkname-nil-directives"}
{"Time":"2026-10-08T19:12:56.472183575Z","Action":"output","Package":"go.temporal.io/server/tools/gomad3/internal/compatibilitypack","Test":"TestEvaluateMatchingPackDecisions/linkname-nil-directives","Output":"=== RUN   TestEvaluateMatchingPackDecisions/linkname-nil-directives\n","OutputType":"frame"}
{"Time":"2026-10-08T19:12:56.472200491Z","Action":"output","Package":"go.temporal.io/server/tools/gomad3/internal/compatibilitypack","Test":"TestEvaluateMatchingPackDecisions/linkname-nil-directives","Output":"    policy_exhaustive_test.go:75: decision=compatibility.Decision{Allowed:false, Disposition:\"denied\", Remediation:\"add_exact_pack\", PackID:\"\"} bytes=\"{\\\"allowed\\\":false,\\\"disposition\\\":\\\"denied\\\",\\\"remediation\\\":\\\"add_exact_pack\\\"}\"\n"}
{"Time":"2026-10-08T19:12:56.472217241Z","Action":"output","Package":"go.temporal.io/server/tools/gomad3/internal/compatibilitypack","Test":"TestEvaluateMatchingPackDecisions/linkname-nil-directives","Output":"--- PASS: TestEvaluateMatchingPackDecisions/linkname-nil-directives (0.00s)\n","OutputType":"frame"}
{"Time":"2026-10-08T19:12:56.472235283Z","Action":"pass","Package":"go.temporal.io/server/tools/gomad3/internal/compatibilitypack","Test":"TestEvaluateMatchingPackDecisions/linkname-nil-directives","Elapsed":0}
{"Time":"2026-10-08T19:12:56.472287991Z","Action":"run","Package":"go.temporal.io/server/tools/gomad3/internal/compatibilitypack","Test":"TestEvaluateMatchingPackDecisions/linkname-empty-directives"}
{"Time":"2026-10-08T19:12:56.472370783Z","Action":"output","Package":"go.temporal.io/server/tools/gomad3/internal/compatibilitypack","Test":"TestEvaluateMatchingPackDecisions/linkname-empty-directives","Output":"=== RUN   TestEvaluateMatchingPackDecisions/linkname-empty-directives\n","OutputType":"frame"}
{"Time":"2026-10-08T19:12:56.472402408Z","Action":"output","Package":"go.temporal.io/server/tools/gomad3/internal/compatibilitypack","Test":"TestEvaluateMatchingPackDecisions/linkname-empty-directives","Output":"    policy_exhaustive_test.go:75: decision=compatibility.Decision{Allowed:false, Disposition:\"denied\", Remediation:\"add_exact_pack\", PackID:\"\"} bytes=\"{\\\"allowed\\\":false,\\\"disposition\\\":\\\"denied\\\",\\\"remediation\\\":\\\"add_exact_pack\\\"}\"\n"}
{"Time":"2026-10-08T19:12:56.472430616Z","Action":"output","Package":"go.temporal.io/server/tools/gomad3/internal/compatibilitypack","Test":"TestEvaluateMatchingPackDecisions/linkname-empty-directives","Output":"--- PASS: TestEvaluateMatchingPackDecisions/linkname-empty-directives (0.00s)\n","OutputType":"frame"}
{"Time":"2026-10-08T19:12:56.472861741Z","Action":"pass","Package":"go.temporal.io/server/tools/gomad3/internal/compatibilitypack","Test":"TestEvaluateMatchingPackDecisions/linkname-empty-directives","Elapsed":0}
{"Time":"2026-10-08T19:12:56.472890741Z","Action":"run","Package":"go.temporal.io/server/tools/gomad3/internal/compatibilitypack","Test":"TestEvaluateMatchingPackDecisions/package-path-drift"}
{"Time":"2026-10-08T19:12:56.472913658Z","Action":"output","Package":"go.temporal.io/server/tools/gomad3/internal/compatibilitypack","Test":"TestEvaluateMatchingPackDecisions/package-path-drift","Output":"=== RUN   TestEvaluateMatchingPackDecisions/package-path-drift\n","OutputType":"frame"}
{"Time":"2026-10-08T19:12:56.4734247Z","Action":"output","Package":"go.temporal.io/server/tools/gomad3/internal/compatibilitypack","Test":"TestEvaluateMatchingPackDecisions/package-path-drift","Output":"    policy_exhaustive_test.go:75: decision=compatibility.Decision{Allowed:false, Disposition:\"denied\", Remediation:\"add_exact_pack\", PackID:\"\"} bytes=\"{\\\"allowed\\\":false,\\\"disposition\\\":\\\"denied\\\",\\\"remediation\\\":\\\"add_exact_pack\\\"}\"\n"}
{"Time":"2026-10-08T19:12:56.473504408Z","Action":"output","Package":"go.temporal.io/server/tools/gomad3/internal/compatibilitypack","Test":"TestEvaluateMatchingPackDecisions/package-path-drift","Output":"--- PASS: TestEvaluateMatchingPackDecisions/package-path-drift (0.00s)\n","OutputType":"frame"}
{"Time":"2026-10-08T19:12:56.47365645Z","Action":"pass","Package":"go.temporal.io/server/tools/gomad3/internal/compatibilitypack","Test":"TestEvaluateMatchingPackDecisions/package-path-drift","Elapsed":0}
{"Time":"2026-10-08T19:12:56.47371095Z","Action":"run","Package":"go.temporal.io/server/tools/gomad3/internal/compatibilitypack","Test":"TestEvaluateMatchingPackDecisions/module-path-drift"}
{"Time":"2026-10-08T19:12:56.473750616Z","Action":"output","Package":"go.temporal.io/server/tools/gomad3/internal/compatibilitypack","Test":"TestEvaluateMatchingPackDecisions/module-path-drift","Output":"=== RUN   TestEvaluateMatchingPackDecisions/module-path-drift\n","OutputType":"frame"}
{"Time":"2026-10-08T19:12:56.47378445Z","Action":"output","Package":"go.temporal.io/server/tools/gomad3/internal/compatibilitypack","Test":"TestEvaluateMatchingPackDecisions/module-path-drift","Output":"    policy_exhaustive_test.go:75: decision=compatibility.Decision{Allowed:false, Disposition:\"denied\", Remediation:\"add_exact_pack\", PackID:\"\"} bytes=\"{\\\"allowed\\\":false,\\\"disposition\\\":\\\"denied\\\",\\\"remediation\\\":\\\"add_exact_pack\\\"}\"\n"}
{"Time":"2026-10-08T19:12:56.473813908Z","Action":"output","Package":"go.temporal.io/server/tools/gomad3/internal/compatibilitypack","Test":"TestEvaluateMatchingPackDecisions/module-path-drift","Output":"--- PASS: TestEvaluateMatchingPackDecisions/module-path-drift (0.00s)\n","OutputType":"frame"}
{"Time":"2026-10-08T19:12:56.473851033Z","Action":"pass","Package":"go.temporal.io/server/tools/gomad3/internal/compatibilitypack","Test":"TestEvaluateMatchingPackDecisions/module-path-drift","Elapsed":0}
{"Time":"2026-10-08T19:12:56.473877908Z","Action":"run","Package":"go.temporal.io/server/tools/gomad3/internal/compatibilitypack","Test":"TestEvaluateMatchingPackDecisions/module-version-drift"}
{"Time":"2026-10-08T19:12:56.474010116Z","Action":"output","Package":"go.temporal.io/server/tools/gomad3/internal/compatibilitypack","Test":"TestEvaluateMatchingPackDecisions/module-version-drift","Output":"=== RUN   TestEvaluateMatchingPackDecisions/module-version-drift\n","OutputType":"frame"}
{"Time":"2026-10-08T19:12:56.47406945Z","Action":"output","Package":"go.temporal.io/server/tools/gomad3/internal/compatibilitypack","Test":"TestEvaluateMatchingPackDecisions/module-version-drift","Output":"    policy_exhaustive_test.go:75: decision=compatibility.Decision{Allowed:false, Disposition:\"denied\", Remediation:\"add_exact_pack\", PackID:\"\"} bytes=\"{\\\"allowed\\\":false,\\\"disposition\\\":\\\"denied\\\",\\\"remediation\\\":\\\"add_exact_pack\\\"}\"\n"}
{"Time":"2026-10-08T19:12:56.4741437Z","Action":"output","Package":"go.temporal.io/server/tools/gomad3/internal/compatibilitypack","Test":"TestEvaluateMatchingPackDecisions/module-version-drift","Output":"--- PASS: TestEvaluateMatchingPackDecisions/module-version-drift (0.00s)\n","OutputType":"frame"}
{"Time":"2026-10-08T19:12:56.474264033Z","Action":"pass","Package":"go.temporal.io/server/tools/gomad3/internal/compatibilitypack","Test":"TestEvaluateMatchingPackDecisions/module-version-drift","Elapsed":0}
{"Time":"2026-10-08T19:12:56.474313658Z","Action":"run","Package":"go.temporal.io/server/tools/gomad3/internal/compatibilitypack","Test":"TestEvaluateMatchingPackDecisions/module-sum-drift"}
{"Time":"2026-10-08T19:12:56.474348616Z","Action":"output","Package":"go.temporal.io/server/tools/gomad3/internal/compatibilitypack","Test":"TestEvaluateMatchingPackDecisions/module-sum-drift","Output":"=== RUN   TestEvaluateMatchingPackDecisions/module-sum-drift\n","OutputType":"frame"}
{"Time":"2026-10-08T19:12:56.474380325Z","Action":"output","Package":"go.temporal.io/server/tools/gomad3/internal/compatibilitypack","Test":"TestEvaluateMatchingPackDecisions/module-sum-drift","Output":"    policy_exhaustive_test.go:75: decision=compatibility.Decision{Allowed:false, Disposition:\"denied\", Remediation:\"add_exact_pack\", PackID:\"\"} bytes=\"{\\\"allowed\\\":false,\\\"disposition\\\":\\\"denied\\\",\\\"remediation\\\":\\\"add_exact_pack\\\"}\"\n"}
{"Time":"2026-10-08T19:12:56.474422908Z","Action":"output","Package":"go.temporal.io/server/tools/gomad3/internal/compatibilitypack","Test":"TestEvaluateMatchingPackDecisions/module-sum-drift","Output":"--- PASS: TestEvaluateMatchingPackDecisions/module-sum-drift (0.00s)\n","OutputType":"frame"}
{"Time":"2026-10-08T19:12:56.474454783Z","Action":"pass","Package":"go.temporal.io/server/tools/gomad3/internal/compatibilitypack","Test":"TestEvaluateMatchingPackDecisions/module-sum-drift","Elapsed":0}
{"Time":"2026-10-08T19:12:56.474710283Z","Action":"run","Package":"go.temporal.io/server/tools/gomad3/internal/compatibilitypack","Test":"TestEvaluateMatchingPackDecisions/replacement-drift"}
{"Time":"2026-10-08T19:12:56.474745283Z","Action":"output","Package":"go.temporal.io/server/tools/gomad3/internal/compatibilitypack","Test":"TestEvaluateMatchingPackDecisions/replacement-drift","Output":"=== RUN   TestEvaluateMatchingPackDecisions/replacement-drift\n","OutputType":"frame"}
{"Time":"2026-10-08T19:12:56.474809741Z","Action":"output","Package":"go.temporal.io/server/tools/gomad3/internal/compatibilitypack","Test":"TestEvaluateMatchingPackDecisions/replacement-drift","Output":"    policy_exhaustive_test.go:75: decision=compatibility.Decision{Allowed:false, Disposition:\"denied\", Remediation:\"add_exact_pack\", PackID:\"\"} bytes=\"{\\\"allowed\\\":false,\\\"disposition\\\":\\\"denied\\\",\\\"remediation\\\":\\\"add_exact_pack\\\"}\"\n"}
{"Time":"2026-10-08T19:12:56.474830283Z","Action":"output","Package":"go.temporal.io/server/tools/gomad3/internal/compatibilitypack","Test":"TestEvaluateMatchingPackDecisions/replacement-drift","Output":"--- PASS: TestEvaluateMatchingPackDecisions/replacement-drift (0.00s)\n","OutputType":"frame"}
{"Time":"2026-10-08T19:12:56.474860366Z","Action":"pass","Package":"go.temporal.io/server/tools/gomad3/internal/compatibilitypack","Test":"TestEvaluateMatchingPackDecisions/replacement-drift","Elapsed":0}
{"Time":"2026-10-08T19:12:56.474877033Z","Action":"run","Package":"go.temporal.io/server/tools/gomad3/internal/compatibilitypack","Test":"TestEvaluateMatchingPackDecisions/local-replacement"}
{"Time":"2026-10-08T19:12:56.475329491Z","Action":"output","Package":"go.temporal.io/server/tools/gomad3/internal/compatibilitypack","Test":"TestEvaluateMatchingPackDecisions/local-replacement","Output":"=== RUN   TestEvaluateMatchingPackDecisions/local-replacement\n","OutputType":"frame"}
{"Time":"2026-10-08T19:12:56.475345866Z","Action":"output","Package":"go.temporal.io/server/tools/gomad3/internal/compatibilitypack","Test":"TestEvaluateMatchingPackDecisions/local-replacement","Output":"    policy_exhaustive_test.go:75: decision=compatibility.Decision{Allowed:false, Disposition:\"denied\", Remediation:\"add_adapter\", PackID:\"\"} bytes=\"{\\\"allowed\\\":false,\\\"disposition\\\":\\\"denied\\\",\\\"remediation\\\":\\\"add_adapter\\\"}\"\n"}
{"Time":"2026-10-08T19:12:56.475360825Z","Action":"output","Package":"go.temporal.io/server/tools/gomad3/internal/compatibilitypack","Test":"TestEvaluateMatchingPackDecisions/local-replacement","Output":"--- PASS: TestEvaluateMatchingPackDecisions/local-replacement (0.00s)\n","OutputType":"frame"}
{"Time":"2026-10-08T19:12:56.475773158Z","Action":"pass","Package":"go.temporal.io/server/tools/gomad3/internal/compatibilitypack","Test":"TestEvaluateMatchingPackDecisions/local-replacement","Elapsed":0}
{"Time":"2026-10-08T19:12:56.475829033Z","Action":"run","Package":"go.temporal.io/server/tools/gomad3/internal/compatibilitypack","Test":"TestEvaluateMatchingPackDecisions/missing-module"}
{"Time":"2026-10-08T19:12:56.475865116Z","Action":"output","Package":"go.temporal.io/server/tools/gomad3/internal/compatibilitypack","Test":"TestEvaluateMatchingPackDecisions/missing-module","Output":"=== RUN   TestEvaluateMatchingPackDecisions/missing-module\n","OutputType":"frame"}
{"Time":"2026-10-08T19:12:56.475924825Z","Action":"output","Package":"go.temporal.io/server/tools/gomad3/internal/compatibilitypack","Test":"TestEvaluateMatchingPackDecisions/missing-module","Output":"    policy_exhaustive_test.go:75: decision=compatibility.Decision{Allowed:false, Disposition:\"denied\", Remediation:\"model_operation\", PackID:\"\"} bytes=\"{\\\"allowed\\\":false,\\\"disposition\\\":\\\"denied\\\",\\\"remediation\\\":\\\"model_operation\\\"}\"\n"}
{"Time":"2026-10-08T19:12:56.475953783Z","Action":"output","Package":"go.temporal.io/server/tools/gomad3/internal/compatibilitypack","Test":"TestEvaluateMatchingPackDecisions/missing-module","Output":"--- PASS: TestEvaluateMatchingPackDecisions/missing-module (0.00s)\n","OutputType":"frame"}
{"Time":"2026-10-08T19:12:56.475982325Z","Action":"pass","Package":"go.temporal.io/server/tools/gomad3/internal/compatibilitypack","Test":"TestEvaluateMatchingPackDecisions/missing-module","Elapsed":0}
{"Time":"2026-10-08T19:12:56.476163908Z","Action":"run","Package":"go.temporal.io/server/tools/gomad3/internal/compatibilitypack","Test":"TestEvaluateMatchingPackDecisions/linkname-missing-module"}
{"Time":"2026-10-08T19:12:56.476343283Z","Action":"output","Package":"go.temporal.io/server/tools/gomad3/internal/compatibilitypack","Test":"TestEvaluateMatchingPackDecisions/linkname-missing-module","Output":"=== RUN   TestEvaluateMatchingPackDecisions/linkname-missing-module\n","OutputType":"frame"}
{"Time":"2026-10-08T19:12:56.476376783Z","Action":"output","Package":"go.temporal.io/server/tools/gomad3/internal/compatibilitypack","Test":"TestEvaluateMatchingPackDecisions/linkname-missing-module","Output":"    policy_exhaustive_test.go:75: decision=compatibility.Decision{Allowed:false, Disposition:\"denied\", Remediation:\"remain_unsupported\", PackID:\"\"} bytes=\"{\\\"allowed\\\":false,\\\"disposition\\\":\\\"denied\\\",\\\"remediation\\\":\\\"remain_unsupported\\\"}\"\n"}
{"Time":"2026-10-08T19:12:56.476474241Z","Action":"output","Package":"go.temporal.io/server/tools/gomad3/internal/compatibilitypack","Test":"TestEvaluateMatchingPackDecisions/linkname-missing-module","Output":"--- PASS: TestEvaluateMatchingPackDecisions/linkname-missing-module (0.00s)\n","OutputType":"frame"}
{"Time":"2026-10-08T19:12:56.476560658Z","Action":"pass","Package":"go.temporal.io/server/tools/gomad3/internal/compatibilitypack","Test":"TestEvaluateMatchingPackDecisions/linkname-missing-module","Elapsed":0}
{"Time":"2026-10-08T19:12:56.476614908Z","Action":"run","Package":"go.temporal.io/server/tools/gomad3/internal/compatibilitypack","Test":"TestEvaluateMatchingPackDecisions/source-set-drift"}
{"Time":"2026-10-08T19:12:56.476629116Z","Action":"output","Package":"go.temporal.io/server/tools/gomad3/internal/compatibilitypack","Test":"TestEvaluateMatchingPackDecisions/source-set-drift","Output":"=== RUN   TestEvaluateMatchingPackDecisions/source-set-drift\n","OutputType":"frame"}
{"Time":"2026-10-08T19:12:56.476672825Z","Action":"output","Package":"go.temporal.io/server/tools/gomad3/internal/compatibilitypack","Test":"TestEvaluateMatchingPackDecisions/source-set-drift","Output":"    policy_exhaustive_test.go:75: decision=compatibility.Decision{Allowed:false, Disposition:\"denied\", Remediation:\"add_exact_pack\", PackID:\"\"} bytes=\"{\\\"allowed\\\":false,\\\"disposition\\\":\\\"denied\\\",\\\"remediation\\\":\\\"add_exact_pack\\\"}\"\n"}
{"Time":"2026-10-08T19:12:56.476715241Z","Action":"output","Package":"go.temporal.io/server/tools/gomad3/internal/compatibilitypack","Test":"TestEvaluateMatchingPackDecisions/source-set-drift","Output":"--- PASS: TestEvaluateMatchingPackDecisions/source-set-drift (0.00s)\n","OutputType":"frame"}
{"Time":"2026-10-08T19:12:56.476748825Z","Action":"pass","Package":"go.temporal.io/server/tools/gomad3/internal/compatibilitypack","Test":"TestEvaluateMatchingPackDecisions/source-set-drift","Elapsed":0}
{"Time":"2026-10-08T19:12:56.476766783Z","Action":"run","Package":"go.temporal.io/server/tools/gomad3/internal/compatibilitypack","Test":"TestEvaluateMatchingPackDecisions/source-name-drift"}
{"Time":"2026-10-08T19:12:56.47683195Z","Action":"output","Package":"go.temporal.io/server/tools/gomad3/internal/compatibilitypack","Test":"TestEvaluateMatchingPackDecisions/source-name-drift","Output":"=== RUN   TestEvaluateMatchingPackDecisions/source-name-drift\n","OutputType":"frame"}
{"Time":"2026-10-08T19:12:56.476867825Z","Action":"output","Package":"go.temporal.io/server/tools/gomad3/internal/compatibilitypack","Test":"TestEvaluateMatchingPackDecisions/source-name-drift","Output":"    policy_exhaustive_test.go:75: decision=compatibility.Decision{Allowed:false, Disposition:\"denied\", Remediation:\"add_exact_pack\", PackID:\"\"} bytes=\"{\\\"allowed\\\":false,\\\"disposition\\\":\\\"denied\\\",\\\"remediation\\\":\\\"add_exact_pack\\\"}\"\n"}
{"Time":"2026-10-08T19:12:56.47690745Z","Action":"output","Package":"go.temporal.io/server/tools/gomad3/internal/compatibilitypack","Test":"TestEvaluateMatchingPackDecisions/source-name-drift","Output":"--- PASS: TestEvaluateMatchingPackDecisions/source-name-drift (0.00s)\n","OutputType":"frame"}
{"Time":"2026-10-08T19:12:56.476945783Z","Action":"pass","Package":"go.temporal.io/server/tools/gomad3/internal/compatibilitypack","Test":"TestEvaluateMatchingPackDecisions/source-name-drift","Elapsed":0}
{"Time":"2026-10-08T19:12:56.476965491Z","Action":"run","Package":"go.temporal.io/server/tools/gomad3/internal/compatibilitypack","Test":"TestEvaluateMatchingPackDecisions/source-hash-drift"}
{"Time":"2026-10-08T19:12:56.476978908Z","Action":"output","Package":"go.temporal.io/server/tools/gomad3/internal/compatibilitypack","Test":"TestEvaluateMatchingPackDecisions/source-hash-drift","Output":"=== RUN   TestEvaluateMatchingPackDecisions/source-hash-drift\n","OutputType":"frame"}
{"Time":"2026-10-08T19:12:56.47708245Z","Action":"output","Package":"go.temporal.io/server/tools/gomad3/internal/compatibilitypack","Test":"TestEvaluateMatchingPackDecisions/source-hash-drift","Output":"    policy_exhaustive_test.go:75: decision=compatibility.Decision{Allowed:false, Disposition:\"denied\", Remediation:\"add_exact_pack\", PackID:\"\"} bytes=\"{\\\"allowed\\\":false,\\\"disposition\\\":\\\"denied\\\",\\\"remediation\\\":\\\"add_exact_pack\\\"}\"\n"}
{"Time":"2026-10-08T19:12:56.477254741Z","Action":"output","Package":"go.temporal.io/server/tools/gomad3/internal/compatibilitypack","Test":"TestEvaluateMatchingPackDecisions/source-hash-drift","Output":"--- PASS: TestEvaluateMatchingPackDecisions/source-hash-drift (0.00s)\n","OutputType":"frame"}
{"Time":"2026-10-08T19:12:56.47626095Z","Action":"output","Package":"go.temporal.io/server/tools/gomad3/internal/compatibilitypack/authoring","Test":"TestGenerateAdmissionRetainsFiveDeniedHostImportsWithExactSyscallGrant/import:os/exec","Output":"--- PASS: TestGenerateAdmissionRetainsFiveDeniedHostImportsWithExactSyscallGrant/import:os/exec (0.04s)\n","OutputType":"frame"}
{"Time":"2026-10-08T19:12:56.477648825Z","Action":"pass","Package":"go.temporal.io/server/tools/gomad3/internal/compatibilitypack","Test":"TestEvaluateMatchingPackDecisions/source-hash-drift","Elapsed":0}
{"Time":"2026-10-08T19:12:56.478501783Z","Action":"run","Package":"go.temporal.io/server/tools/gomad3/internal/compatibilitypack","Test":"TestEvaluateMatchingPackDecisions/source-nil-inventory"}
{"Time":"2026-10-08T19:12:56.478538283Z","Action":"output","Package":"go.temporal.io/server/tools/gomad3/internal/compatibilitypack","Test":"TestEvaluateMatchingPackDecisions/source-nil-inventory","Output":"=== RUN   TestEvaluateMatchingPackDecisions/source-nil-inventory\n","OutputType":"frame"}
{"Time":"2026-10-08T19:12:56.478582241Z","Action":"output","Package":"go.temporal.io/server/tools/gomad3/internal/compatibilitypack","Test":"TestEvaluateMatchingPackDecisions/source-nil-inventory","Output":"    policy_exhaustive_test.go:75: decision=compatibility.Decision{Allowed:false, Disposition:\"denied\", Remediation:\"add_exact_pack\", PackID:\"\"} bytes=\"{\\\"allowed\\\":false,\\\"disposition\\\":\\\"denied\\\",\\\"remediation\\\":\\\"add_exact_pack\\\"}\"\n"}
{"Time":"2026-10-08T19:12:56.478690116Z","Action":"output","Package":"go.temporal.io/server/tools/gomad3/internal/compatibilitypack","Test":"TestEvaluateMatchingPackDecisions/source-nil-inventory","Output":"--- PASS: TestEvaluateMatchingPackDecisions/source-nil-inventory (0.00s)\n","OutputType":"frame"}
{"Time":"2026-10-08T19:12:56.4783552Z","Action":"output","Package":"go.temporal.io/server/tools/gomad3/upgrade","Test":"TestRunRenderingFailurePreservesGateEvidence/baseline/write2","Output":"--- PASS: TestRunRenderingFailurePreservesGateEvidence/baseline/write2 (0.01s)\n","OutputType":"frame"}
{"Time":"2026-10-08T19:12:56.478775783Z","Action":"pass","Package":"go.temporal.io/server/tools/gomad3/upgrade","Test":"TestRunRenderingFailurePreservesGateEvidence/baseline/write2","Elapsed":0.01}
{"Time":"2026-10-08T19:12:56.478172741Z","Action":"pass","Package":"go.temporal.io/server/tools/gomad3/internal/compatibilitypack/authoring","Test":"TestGenerateAdmissionRetainsFiveDeniedHostImportsWithExactSyscallGrant/import:os/exec","Elapsed":0.04}
{"Time":"2026-10-08T19:12:56.478853033Z","Action":"run","Package":"go.temporal.io/server/tools/gomad3/internal/compatibilitypack/authoring","Test":"TestGenerateAdmissionRetainsFiveDeniedHostImportsWithExactSyscallGrant/import:os/signal"}
{"Time":"2026-10-08T19:12:56.478959658Z","Action":"output","Package":"go.temporal.io/server/tools/gomad3/internal/compatibilitypack/authoring","Test":"TestGenerateAdmissionRetainsFiveDeniedHostImportsWithExactSyscallGrant/import:os/signal","Output":"=== RUN   TestGenerateAdmissionRetainsFiveDeniedHostImportsWithExactSyscallGrant/import:os/signal\n","OutputType":"frame"}
{"Time":"2026-10-08T19:12:56.478727158Z","Action":"pass","Package":"go.temporal.io/server/tools/gomad3/internal/compatibilitypack","Test":"TestEvaluateMatchingPackDecisions/source-nil-inventory","Elapsed":0}
{"Time":"2026-10-08T19:12:56.479126158Z","Action":"run","Package":"go.temporal.io/server/tools/gomad3/internal/compatibilitypack","Test":"TestEvaluateMatchingPackDecisions/source-empty-inventory"}
{"Time":"2026-10-08T19:12:56.479151283Z","Action":"output","Package":"go.temporal.io/server/tools/gomad3/internal/compatibilitypack","Test":"TestEvaluateMatchingPackDecisions/source-empty-inventory","Output":"=== RUN   TestEvaluateMatchingPackDecisions/source-empty-inventory\n","OutputType":"frame"}
{"Time":"2026-10-08T19:12:56.479270366Z","Action":"output","Package":"go.temporal.io/server/tools/gomad3/internal/compatibilitypack","Test":"TestEvaluateMatchingPackDecisions/source-empty-inventory","Output":"    policy_exhaustive_test.go:75: decision=compatibility.Decision{Allowed:false, Disposition:\"denied\", Remediation:\"add_exact_pack\", PackID:\"\"} bytes=\"{\\\"allowed\\\":false,\\\"disposition\\\":\\\"denied\\\",\\\"remediation\\\":\\\"add_exact_pack\\\"}\"\n"}
{"Time":"2026-10-08T19:12:56.479455658Z","Action":"output","Package":"go.temporal.io/server/tools/gomad3/internal/compatibilitypack","Test":"TestEvaluateMatchingPackDecisions/source-empty-inventory","Output":"--- PASS: TestEvaluateMatchingPackDecisions/source-empty-inventory (0.00s)\n","OutputType":"frame"}
{"Time":"2026-10-08T19:12:56.479525158Z","Action":"pass","Package":"go.temporal.io/server/tools/gomad3/internal/compatibilitypack","Test":"TestEvaluateMatchingPackDecisions/source-empty-inventory","Elapsed":0}
{"Time":"2026-10-08T19:12:56.479596533Z","Action":"run","Package":"go.temporal.io/server/tools/gomad3/internal/compatibilitypack","Test":"TestEvaluateMatchingPackDecisions/source-extra-inventory"}
{"Time":"2026-10-08T19:12:56.479659325Z","Action":"output","Package":"go.temporal.io/server/tools/gomad3/internal/compatibilitypack","Test":"TestEvaluateMatchingPackDecisions/source-extra-inventory","Output":"=== RUN   TestEvaluateMatchingPackDecisions/source-extra-inventory\n","OutputType":"frame"}
{"Time":"2026-10-08T19:12:56.4797472Z","Action":"output","Package":"go.temporal.io/server/tools/gomad3/internal/compatibilitypack","Test":"TestEvaluateMatchingPackDecisions/source-extra-inventory","Output":"    policy_exhaustive_test.go:75: decision=compatibility.Decision{Allowed:false, Disposition:\"denied\", Remediation:\"add_exact_pack\", PackID:\"\"} bytes=\"{\\\"allowed\\\":false,\\\"disposition\\\":\\\"denied\\\",\\\"remediation\\\":\\\"add_exact_pack\\\"}\"\n"}
{"Time":"2026-10-08T19:12:56.479802616Z","Action":"output","Package":"go.temporal.io/server/tools/gomad3/internal/compatibilitypack","Test":"TestEvaluateMatchingPackDecisions/source-extra-inventory","Output":"--- PASS: TestEvaluateMatchingPackDecisions/source-extra-inventory (0.00s)\n","OutputType":"frame"}
{"Time":"2026-10-08T19:12:56.479842575Z","Action":"pass","Package":"go.temporal.io/server/tools/gomad3/internal/compatibilitypack","Test":"TestEvaluateMatchingPackDecisions/source-extra-inventory","Elapsed":0}
{"Time":"2026-10-08T19:12:56.479870908Z","Action":"run","Package":"go.temporal.io/server/tools/gomad3/internal/compatibilitypack","Test":"TestEvaluateMatchingPackDecisions/foreign-source-drift"}
{"Time":"2026-10-08T19:12:56.479916908Z","Action":"output","Package":"go.temporal.io/server/tools/gomad3/internal/compatibilitypack","Test":"TestEvaluateMatchingPackDecisions/foreign-source-drift","Output":"=== RUN   TestEvaluateMatchingPackDecisions/foreign-source-drift\n","OutputType":"frame"}
{"Time":"2026-10-08T19:12:56.479952283Z","Action":"output","Package":"go.temporal.io/server/tools/gomad3/internal/compatibilitypack","Test":"TestEvaluateMatchingPackDecisions/foreign-source-drift","Output":"    policy_exhaustive_test.go:75: decision=compatibility.Decision{Allowed:false, Disposition:\"denied\", Remediation:\"add_exact_pack\", PackID:\"\"} bytes=\"{\\\"allowed\\\":false,\\\"disposition\\\":\\\"denied\\\",\\\"remediation\\\":\\\"add_exact_pack\\\"}\"\n"}
{"Time":"2026-10-08T19:12:56.479982408Z","Action":"output","Package":"go.temporal.io/server/tools/gomad3/internal/compatibilitypack","Test":"TestEvaluateMatchingPackDecisions/foreign-source-drift","Output":"--- PASS: TestEvaluateMatchingPackDecisions/foreign-source-drift (0.00s)\n","OutputType":"frame"}
{"Time":"2026-10-08T19:12:56.480011408Z","Action":"pass","Package":"go.temporal.io/server/tools/gomad3/internal/compatibilitypack","Test":"TestEvaluateMatchingPackDecisions/foreign-source-drift","Elapsed":0}
{"Time":"2026-10-08T19:12:56.480046241Z","Action":"run","Package":"go.temporal.io/server/tools/gomad3/internal/compatibilitypack","Test":"TestEvaluateMatchingPackDecisions/nil-empty-foreign-equivalence"}
{"Time":"2026-10-08T19:12:56.480076075Z","Action":"output","Package":"go.temporal.io/server/tools/gomad3/internal/compatibilitypack","Test":"TestEvaluateMatchingPackDecisions/nil-empty-foreign-equivalence","Output":"=== RUN   TestEvaluateMatchingPackDecisions/nil-empty-foreign-equivalence\n","OutputType":"frame"}
{"Time":"2026-10-08T19:12:56.480107408Z","Action":"output","Package":"go.temporal.io/server/tools/gomad3/internal/compatibilitypack","Test":"TestEvaluateMatchingPackDecisions/nil-empty-foreign-equivalence","Output":"    policy_exhaustive_test.go:75: decision=compatibility.Decision{Allowed:true, Disposition:\"allowed_by_exact_pack\", Remediation:\"\", PackID:\"example-pack\"} bytes=\"{\\\"allowed\\\":true,\\\"disposition\\\":\\\"allowed_by_exact_pack\\\",\\\"pack_id\\\":\\\"example-pack\\\"}\"\n"}
{"Time":"2026-10-08T19:12:56.480237491Z","Action":"output","Package":"go.temporal.io/server/tools/gomad3/internal/compatibilitypack","Test":"TestEvaluateMatchingPackDecisions/nil-empty-foreign-equivalence","Output":"--- PASS: TestEvaluateMatchingPackDecisions/nil-empty-foreign-equivalence (0.00s)\n","OutputType":"frame"}
{"Time":"2026-10-08T19:12:56.480269491Z","Action":"pass","Package":"go.temporal.io/server/tools/gomad3/internal/compatibilitypack","Test":"TestEvaluateMatchingPackDecisions/nil-empty-foreign-equivalence","Elapsed":0}
{"Time":"2026-10-08T19:12:56.480294908Z","Action":"output","Package":"go.temporal.io/server/tools/gomad3/internal/compatibilitypack","Test":"TestEvaluateMatchingPackDecisions","Output":"--- PASS: TestEvaluateMatchingPackDecisions (0.00s)\n","OutputType":"frame"}
{"Time":"2026-10-08T19:12:56.480309116Z","Action":"pass","Package":"go.temporal.io/server/tools/gomad3/internal/compatibilitypack","Test":"TestEvaluateMatchingPackDecisions","Elapsed":0}
{"Time":"2026-10-08T19:12:56.480369116Z","Action":"run","Package":"go.temporal.io/server/tools/gomad3/internal/compatibilitypack","Test":"TestEvaluateHostImportDecisions"}
{"Time":"2026-10-08T19:12:56.480559491Z","Action":"output","Package":"go.temporal.io/server/tools/gomad3/internal/compatibilitypack","Test":"TestEvaluateHostImportDecisions","Output":"=== RUN   TestEvaluateHostImportDecisions\n","OutputType":"frame"}
{"Time":"2026-10-08T19:12:56.480599533Z","Action":"run","Package":"go.temporal.io/server/tools/gomad3/internal/compatibilitypack","Test":"TestEvaluateHostImportDecisions/import:os/exec"}
{"Time":"2026-10-08T19:12:56.481041241Z","Action":"output","Package":"go.temporal.io/server/tools/gomad3/internal/compatibilitypack","Test":"TestEvaluateHostImportDecisions/import:os/exec","Output":"=== RUN   TestEvaluateHostImportDecisions/import:os/exec\n","OutputType":"frame"}
{"Time":"2026-10-08T19:12:56.481410533Z","Action":"output","Package":"go.temporal.io/server/tools/gomad3/internal/compatibilitypack","Test":"TestEvaluateHostImportDecisions/import:os/exec","Output":"    policy_exhaustive_test.go:93: decision=compatibility.Decision{Allowed:false, Disposition:\"denied\", Remediation:\"remain_unsupported\", PackID:\"\"} bytes=\"{\\\"allowed\\\":false,\\\"disposition\\\":\\\"denied\\\",\\\"remediation\\\":\\\"remain_unsupported\\\"}\"\n"}
{"Time":"2026-10-08T19:12:56.481696283Z","Action":"output","Package":"go.temporal.io/server/tools/gomad3/internal/compatibilitypack","Test":"TestEvaluateHostImportDecisions/import:os/exec","Output":"--- PASS: TestEvaluateHostImportDecisions/import:os/exec (0.00s)\n","OutputType":"frame"}
{"Time":"2026-10-08T19:12:56.481756116Z","Action":"pass","Package":"go.temporal.io/server/tools/gomad3/internal/compatibilitypack","Test":"TestEvaluateHostImportDecisions/import:os/exec","Elapsed":0}
{"Time":"2026-10-08T19:12:56.481786741Z","Action":"run","Package":"go.temporal.io/server/tools/gomad3/internal/compatibilitypack","Test":"TestEvaluateHostImportDecisions/import:os/signal"}
{"Time":"2026-10-08T19:12:56.48181295Z","Action":"output","Package":"go.temporal.io/server/tools/gomad3/internal/compatibilitypack","Test":"TestEvaluateHostImportDecisions/import:os/signal","Output":"=== RUN   TestEvaluateHostImportDecisions/import:os/signal\n","OutputType":"frame"}
{"Time":"2026-10-08T19:12:56.481844533Z","Action":"output","Package":"go.temporal.io/server/tools/gomad3/internal/compatibilitypack","Test":"TestEvaluateHostImportDecisions/import:os/signal","Output":"    policy_exhaustive_test.go:93: decision=compatibility.Decision{Allowed:false, Disposition:\"denied\", Remediation:\"remain_unsupported\", PackID:\"\"} bytes=\"{\\\"allowed\\\":false,\\\"disposition\\\":\\\"denied\\\",\\\"remediation\\\":\\\"remain_unsupported\\\"}\"\n"}
{"Time":"2026-10-08T19:12:56.481907325Z","Action":"output","Package":"go.temporal.io/server/tools/gomad3/internal/compatibilitypack","Test":"TestEvaluateHostImportDecisions/import:os/signal","Output":"--- PASS: TestEvaluateHostImportDecisions/import:os/signal (0.00s)\n","OutputType":"frame"}
{"Time":"2026-10-08T19:12:56.4819257Z","Action":"pass","Package":"go.temporal.io/server/tools/gomad3/internal/compatibilitypack","Test":"TestEvaluateHostImportDecisions/import:os/signal","Elapsed":0}
{"Time":"2026-10-08T19:12:56.481951116Z","Action":"run","Package":"go.temporal.io/server/tools/gomad3/internal/compatibilitypack","Test":"TestEvaluateHostImportDecisions/import:os/user"}
{"Time":"2026-10-08T19:12:56.4819677Z","Action":"output","Package":"go.temporal.io/server/tools/gomad3/internal/compatibilitypack","Test":"TestEvaluateHostImportDecisions/import:os/user","Output":"=== RUN   TestEvaluateHostImportDecisions/import:os/user\n","OutputType":"frame"}
{"Time":"2026-10-08T19:12:56.481982866Z","Action":"output","Package":"go.temporal.io/server/tools/gomad3/internal/compatibilitypack","Test":"TestEvaluateHostImportDecisions/import:os/user","Output":"    policy_exhaustive_test.go:93: decision=compatibility.Decision{Allowed:false, Disposition:\"denied\", Remediation:\"remain_unsupported\", PackID:\"\"} bytes=\"{\\\"allowed\\\":false,\\\"disposition\\\":\\\"denied\\\",\\\"remediation\\\":\\\"remain_unsupported\\\"}\"\n"}
{"Time":"2026-10-08T19:12:56.482000491Z","Action":"output","Package":"go.temporal.io/server/tools/gomad3/internal/compatibilitypack","Test":"TestEvaluateHostImportDecisions/import:os/user","Output":"--- PASS: TestEvaluateHostImportDecisions/import:os/user (0.00s)\n","OutputType":"frame"}
{"Time":"2026-10-08T19:12:56.4820162Z","Action":"pass","Package":"go.temporal.io/server/tools/gomad3/internal/compatibilitypack","Test":"TestEvaluateHostImportDecisions/import:os/user","Elapsed":0}
{"Time":"2026-10-08T19:12:56.482033033Z","Action":"run","Package":"go.temporal.io/server/tools/gomad3/internal/compatibilitypack","Test":"TestEvaluateHostImportDecisions/import:plugin"}
{"Time":"2026-10-08T19:12:56.482050158Z","Action":"output","Package":"go.temporal.io/server/tools/gomad3/internal/compatibilitypack","Test":"TestEvaluateHostImportDecisions/import:plugin","Output":"=== RUN   TestEvaluateHostImportDecisions/import:plugin\n","OutputType":"frame"}
{"Time":"2026-10-08T19:12:56.482067241Z","Action":"output","Package":"go.temporal.io/server/tools/gomad3/internal/compatibilitypack","Test":"TestEvaluateHostImportDecisions/import:plugin","Output":"    policy_exhaustive_test.go:93: decision=compatibility.Decision{Allowed:false, Disposition:\"denied\", Remediation:\"remain_unsupported\", PackID:\"\"} bytes=\"{\\\"allowed\\\":false,\\\"disposition\\\":\\\"denied\\\",\\\"remediation\\\":\\\"remain_unsupported\\\"}\"\n"}
{"Time":"2026-10-08T19:12:56.48209195Z","Action":"output","Package":"go.temporal.io/server/tools/gomad3/internal/compatibilitypack","Test":"TestEvaluateHostImportDecisions/import:plugin","Output":"--- PASS: TestEvaluateHostImportDecisions/import:plugin (0.00s)\n","OutputType":"frame"}
{"Time":"2026-10-08T19:12:56.482110616Z","Action":"pass","Package":"go.temporal.io/server/tools/gomad3/internal/compatibilitypack","Test":"TestEvaluateHostImportDecisions/import:plugin","Elapsed":0}
{"Time":"2026-10-08T19:12:56.482287658Z","Action":"run","Package":"go.temporal.io/server/tools/gomad3/internal/compatibilitypack","Test":"TestEvaluateHostImportDecisions/import:runtime/cgo"}
{"Time":"2026-10-08T19:12:56.482321783Z","Action":"output","Package":"go.temporal.io/server/tools/gomad3/internal/compatibilitypack","Test":"TestEvaluateHostImportDecisions/import:runtime/cgo","Output":"=== RUN   TestEvaluateHostImportDecisions/import:runtime/cgo\n","OutputType":"frame"}
{"Time":"2026-10-08T19:12:56.4823597Z","Action":"output","Package":"go.temporal.io/server/tools/gomad3/internal/compatibilitypack","Test":"TestEvaluateHostImportDecisions/import:runtime/cgo","Output":"    policy_exhaustive_test.go:93: decision=compatibility.Decision{Allowed:false, Disposition:\"denied\", Remediation:\"remain_unsupported\", PackID:\"\"} bytes=\"{\\\"allowed\\\":false,\\\"disposition\\\":\\\"denied\\\",\\\"remediation\\\":\\\"remain_unsupported\\\"}\"\n"}
{"Time":"2026-10-08T19:12:56.482427866Z","Action":"output","Package":"go.temporal.io/server/tools/gomad3/internal/compatibilitypack","Test":"TestEvaluateHostImportDecisions/import:runtime/cgo","Output":"--- PASS: TestEvaluateHostImportDecisions/import:runtime/cgo (0.00s)\n","OutputType":"frame"}
{"Time":"2026-10-08T19:12:56.482456575Z","Action":"pass","Package":"go.temporal.io/server/tools/gomad3/internal/compatibilitypack","Test":"TestEvaluateHostImportDecisions/import:runtime/cgo","Elapsed":0}
{"Time":"2026-10-08T19:12:56.482480033Z","Action":"output","Package":"go.temporal.io/server/tools/gomad3/internal/compatibilitypack","Test":"TestEvaluateHostImportDecisions","Output":"--- PASS: TestEvaluateHostImportDecisions (0.00s)\n","OutputType":"frame"}
{"Time":"2026-10-08T19:12:56.482507158Z","Action":"pass","Package":"go.temporal.io/server/tools/gomad3/internal/compatibilitypack","Test":"TestEvaluateHostImportDecisions","Elapsed":0}
{"Time":"2026-10-08T19:12:56.482524741Z","Action":"run","Package":"go.temporal.io/server/tools/gomad3/internal/compatibilitypack","Test":"TestEvaluateNilAndEmptySelections"}
{"Time":"2026-10-08T19:12:56.4825612Z","Action":"output","Package":"go.temporal.io/server/tools/gomad3/internal/compatibilitypack","Test":"TestEvaluateNilAndEmptySelections","Output":"=== RUN   TestEvaluateNilAndEmptySelections\n","OutputType":"frame"}
{"Time":"2026-10-08T19:12:56.482589033Z","Action":"run","Package":"go.temporal.io/server/tools/gomad3/internal/compatibilitypack","Test":"TestEvaluateNilAndEmptySelections/nil"}
{"Time":"2026-10-08T19:12:56.482617783Z","Action":"output","Package":"go.temporal.io/server/tools/gomad3/internal/compatibilitypack","Test":"TestEvaluateNilAndEmptySelections/nil","Output":"=== RUN   TestEvaluateNilAndEmptySelections/nil\n","OutputType":"frame"}
{"Time":"2026-10-08T19:12:56.482654741Z","Action":"run","Package":"go.temporal.io/server/tools/gomad3/internal/compatibilitypack","Test":"TestEvaluateNilAndEmptySelections/nil/capability"}
{"Time":"2026-10-08T19:12:56.482684991Z","Action":"output","Package":"go.temporal.io/server/tools/gomad3/internal/compatibilitypack","Test":"TestEvaluateNilAndEmptySelections/nil/capability","Output":"=== RUN   TestEvaluateNilAndEmptySelections/nil/capability\n","OutputType":"frame"}
{"Time":"2026-10-08T19:12:56.482716533Z","Action":"output","Package":"go.temporal.io/server/tools/gomad3/internal/compatibilitypack","Test":"TestEvaluateNilAndEmptySelections/nil/capability","Output":"    policy_exhaustive_test.go:143: decision=compatibility.Decision{Allowed:false, Disposition:\"denied\", Remediation:\"add_exact_pack\", PackID:\"\"} bytes=\"{\\\"allowed\\\":false,\\\"disposition\\\":\\\"denied\\\",\\\"remediation\\\":\\\"add_exact_pack\\\"}\"\n"}
{"Time":"2026-10-08T19:12:56.482746783Z","Action":"output","Package":"go.temporal.io/server/tools/gomad3/internal/compatibilitypack","Test":"TestEvaluateNilAndEmptySelections/nil/capability","Output":"--- PASS: TestEvaluateNilAndEmptySelections/nil/capability (0.00s)\n","OutputType":"frame"}
{"Time":"2026-10-08T19:12:56.482772575Z","Action":"pass","Package":"go.temporal.io/server/tools/gomad3/internal/compatibilitypack","Test":"TestEvaluateNilAndEmptySelections/nil/capability","Elapsed":0}
{"Time":"2026-10-08T19:12:56.482786241Z","Action":"run","Package":"go.temporal.io/server/tools/gomad3/internal/compatibilitypack","Test":"TestEvaluateNilAndEmptySelections/nil/linkname"}
{"Time":"2026-10-08T19:12:56.482821616Z","Action":"output","Package":"go.temporal.io/server/tools/gomad3/internal/compatibilitypack","Test":"TestEvaluateNilAndEmptySelections/nil/linkname","Output":"=== RUN   TestEvaluateNilAndEmptySelections/nil/linkname\n","OutputType":"frame"}
{"Time":"2026-10-08T19:12:56.4828492Z","Action":"output","Package":"go.temporal.io/server/tools/gomad3/internal/compatibilitypack","Test":"TestEvaluateNilAndEmptySelections/nil/linkname","Output":"    policy_exhaustive_test.go:143: decision=compatibility.Decision{Allowed:false, Disposition:\"denied\", Remediation:\"add_exact_pack\", PackID:\"\"} bytes=\"{\\\"allowed\\\":false,\\\"disposition\\\":\\\"denied\\\",\\\"remediation\\\":\\\"add_exact_pack\\\"}\"\n"}
{"Time":"2026-10-08T19:12:56.482881783Z","Action":"output","Package":"go.temporal.io/server/tools/gomad3/internal/compatibilitypack","Test":"TestEvaluateNilAndEmptySelections/nil/linkname","Output":"--- PASS: TestEvaluateNilAndEmptySelections/nil/linkname (0.00s)\n","OutputType":"frame"}
{"Time":"2026-10-08T19:12:56.48292995Z","Action":"pass","Package":"go.temporal.io/server/tools/gomad3/internal/compatibilitypack","Test":"TestEvaluateNilAndEmptySelections/nil/linkname","Elapsed":0}
{"Time":"2026-10-08T19:12:56.482951991Z","Action":"run","Package":"go.temporal.io/server/tools/gomad3/internal/compatibilitypack","Test":"TestEvaluateNilAndEmptySelections/nil/malformed_linkname"}
{"Time":"2026-10-08T19:12:56.482988408Z","Action":"output","Package":"go.temporal.io/server/tools/gomad3/internal/compatibilitypack","Test":"TestEvaluateNilAndEmptySelections/nil/malformed_linkname","Output":"=== RUN   TestEvaluateNilAndEmptySelections/nil/malformed_linkname\n","OutputType":"frame"}
{"Time":"2026-10-08T19:12:56.483016741Z","Action":"output","Package":"go.temporal.io/server/tools/gomad3/internal/compatibilitypack","Test":"TestEvaluateNilAndEmptySelections/nil/malformed_linkname","Output":"    policy_exhaustive_test.go:143: decision=compatibility.Decision{Allowed:false, Disposition:\"denied\", Remediation:\"remain_unsupported\", PackID:\"\"} bytes=\"{\\\"allowed\\\":false,\\\"disposition\\\":\\\"denied\\\",\\\"remediation\\\":\\\"remain_unsupported\\\"}\"\n"}
{"Time":"2026-10-08T19:12:56.482853158Z","Action":"output","Package":"go.temporal.io/server/tools/gomad3/upgrade","Test":"TestRunRenderingFailurePreservesGateEvidence/baseline","Output":"--- PASS: TestRunRenderingFailurePreservesGateEvidence/baseline (0.07s)\n","OutputType":"frame"}
{"Time":"2026-10-08T19:12:56.487879116Z","Action":"pass","Package":"go.temporal.io/server/tools/gomad3/upgrade","Test":"TestRunRenderingFailurePreservesGateEvidence/baseline","Elapsed":0.07}
{"Time":"2026-10-08T19:12:56.483046241Z","Action":"output","Package":"go.temporal.io/server/tools/gomad3/internal/compatibilitypack","Test":"TestEvaluateNilAndEmptySelections/nil/malformed_linkname","Output":"--- PASS: TestEvaluateNilAndEmptySelections/nil/malformed_linkname (0.00s)\n","OutputType":"frame"}
{"Time":"2026-10-08T19:12:56.488512741Z","Action":"pass","Package":"go.temporal.io/server/tools/gomad3/internal/compatibilitypack","Test":"TestEvaluateNilAndEmptySelections/nil/malformed_linkname","Elapsed":0}
{"Time":"2026-10-08T19:12:56.488533491Z","Action":"run","Package":"go.temporal.io/server/tools/gomad3/internal/compatibilitypack","Test":"TestEvaluateNilAndEmptySelections/nil/no_reviewed_go_source"}
{"Time":"2026-10-08T19:12:56.488622158Z","Action":"output","Package":"go.temporal.io/server/tools/gomad3/internal/compatibilitypack","Test":"TestEvaluateNilAndEmptySelections/nil/no_reviewed_go_source","Output":"=== RUN   TestEvaluateNilAndEmptySelections/nil/no_reviewed_go_source\n","OutputType":"frame"}
{"Time":"2026-10-08T19:12:56.4886492Z","Action":"output","Package":"go.temporal.io/server/tools/gomad3/internal/compatibilitypack","Test":"TestEvaluateNilAndEmptySelections/nil/no_reviewed_go_source","Output":"    policy_exhaustive_test.go:143: decision=compatibility.Decision{Allowed:false, Disposition:\"denied\", Remediation:\"remove_dependency\", PackID:\"\"} bytes=\"{\\\"allowed\\\":false,\\\"disposition\\\":\\\"denied\\\",\\\"remediation\\\":\\\"remove_dependency\\\"}\"\n"}
{"Time":"2026-10-08T19:12:56.488704283Z","Action":"output","Package":"go.temporal.io/server/tools/gomad3/internal/compatibilitypack","Test":"TestEvaluateNilAndEmptySelections/nil/no_reviewed_go_source","Output":"--- PASS: TestEvaluateNilAndEmptySelections/nil/no_reviewed_go_source (0.00s)\n","OutputType":"frame"}
{"Time":"2026-10-08T19:12:56.488729908Z","Action":"pass","Package":"go.temporal.io/server/tools/gomad3/internal/compatibilitypack","Test":"TestEvaluateNilAndEmptySelections/nil/no_reviewed_go_source","Elapsed":0}
{"Time":"2026-10-08T19:12:56.488746366Z","Action":"run","Package":"go.temporal.io/server/tools/gomad3/internal/compatibilitypack","Test":"TestEvaluateNilAndEmptySelections/nil/future-kind"}
{"Time":"2026-10-08T19:12:56.488800408Z","Action":"output","Package":"go.temporal.io/server/tools/gomad3/internal/compatibilitypack","Test":"TestEvaluateNilAndEmptySelections/nil/future-kind","Output":"=== RUN   TestEvaluateNilAndEmptySelections/nil/future-kind\n","OutputType":"frame"}
{"Time":"2026-10-08T19:12:56.488822325Z","Action":"output","Package":"go.temporal.io/server/tools/gomad3/internal/compatibilitypack","Test":"TestEvaluateNilAndEmptySelections/nil/future-kind","Output":"    policy_exhaustive_test.go:143: decision=compatibility.Decision{Allowed:false, Disposition:\"denied\", Remediation:\"remain_unsupported\", PackID:\"\"} bytes=\"{\\\"allowed\\\":false,\\\"disposition\\\":\\\"denied\\\",\\\"remediation\\\":\\\"remain_unsupported\\\"}\"\n"}
{"Time":"2026-10-08T19:12:56.48884545Z","Action":"output","Package":"go.temporal.io/server/tools/gomad3/internal/compatibilitypack","Test":"TestEvaluateNilAndEmptySelections/nil/future-kind","Output":"--- PASS: TestEvaluateNilAndEmptySelections/nil/future-kind (0.00s)\n","OutputType":"frame"}
{"Time":"2026-10-08T19:12:56.488867325Z","Action":"pass","Package":"go.temporal.io/server/tools/gomad3/internal/compatibilitypack","Test":"TestEvaluateNilAndEmptySelections/nil/future-kind","Elapsed":0}
{"Time":"2026-10-08T19:12:56.488888158Z","Action":"run","Package":"go.temporal.io/server/tools/gomad3/internal/compatibilitypack","Test":"TestEvaluateNilAndEmptySelections/nil/#00"}
{"Time":"2026-10-08T19:12:56.488902991Z","Action":"output","Package":"go.temporal.io/server/tools/gomad3/internal/compatibilitypack","Test":"TestEvaluateNilAndEmptySelections/nil/#00","Output":"=== RUN   TestEvaluateNilAndEmptySelections/nil/#00\n","OutputType":"frame"}
{"Time":"2026-10-08T19:12:56.488919908Z","Action":"output","Package":"go.temporal.io/server/tools/gomad3/internal/compatibilitypack","Test":"TestEvaluateNilAndEmptySelections/nil/#00","Output":"    policy_exhaustive_test.go:143: decision=compatibility.Decision{Allowed:false, Disposition:\"denied\", Remediation:\"remain_unsupported\", PackID:\"\"} bytes=\"{\\\"allowed\\\":false,\\\"disposition\\\":\\\"denied\\\",\\\"remediation\\\":\\\"remain_unsupported\\\"}\"\n"}
{"Time":"2026-10-08T19:12:56.488935741Z","Action":"output","Package":"go.temporal.io/server/tools/gomad3/internal/compatibilitypack","Test":"TestEvaluateNilAndEmptySelections/nil/#00","Output":"--- PASS: TestEvaluateNilAndEmptySelections/nil/#00 (0.00s)\n","OutputType":"frame"}
{"Time":"2026-10-08T19:12:56.488958033Z","Action":"pass","Package":"go.temporal.io/server/tools/gomad3/internal/compatibilitypack","Test":"TestEvaluateNilAndEmptySelections/nil/#00","Elapsed":0}
{"Time":"2026-10-08T19:12:56.488995408Z","Action":"output","Package":"go.temporal.io/server/tools/gomad3/internal/compatibilitypack","Test":"TestEvaluateNilAndEmptySelections/nil","Output":"--- PASS: TestEvaluateNilAndEmptySelections/nil (0.00s)\n","OutputType":"frame"}
{"Time":"2026-10-08T19:12:56.489082575Z","Action":"pass","Package":"go.temporal.io/server/tools/gomad3/internal/compatibilitypack","Test":"TestEvaluateNilAndEmptySelections/nil","Elapsed":0}
{"Time":"2026-10-08T19:12:56.4891067Z","Action":"run","Package":"go.temporal.io/server/tools/gomad3/internal/compatibilitypack","Test":"TestEvaluateNilAndEmptySelections/empty"}
{"Time":"2026-10-08T19:12:56.48912895Z","Action":"output","Package":"go.temporal.io/server/tools/gomad3/internal/compatibilitypack","Test":"TestEvaluateNilAndEmptySelections/empty","Output":"=== RUN   TestEvaluateNilAndEmptySelections/empty\n","OutputType":"frame"}
{"Time":"2026-10-08T19:12:56.489150783Z","Action":"run","Package":"go.temporal.io/server/tools/gomad3/internal/compatibilitypack","Test":"TestEvaluateNilAndEmptySelections/empty/capability"}
{"Time":"2026-10-08T19:12:56.489172075Z","Action":"output","Package":"go.temporal.io/server/tools/gomad3/internal/compatibilitypack","Test":"TestEvaluateNilAndEmptySelections/empty/capability","Output":"=== RUN   TestEvaluateNilAndEmptySelections/empty/capability\n","OutputType":"frame"}
{"Time":"2026-10-08T19:12:56.489198908Z","Action":"output","Package":"go.temporal.io/server/tools/gomad3/internal/compatibilitypack","Test":"TestEvaluateNilAndEmptySelections/empty/capability","Output":"    policy_exhaustive_test.go:143: decision=compatibility.Decision{Allowed:false, Disposition:\"denied\", Remediation:\"add_exact_pack\", PackID:\"\"} bytes=\"{\\\"allowed\\\":false,\\\"disposition\\\":\\\"denied\\\",\\\"remediation\\\":\\\"add_exact_pack\\\"}\"\n"}
{"Time":"2026-10-08T19:12:56.489272991Z","Action":"output","Package":"go.temporal.io/server/tools/gomad3/internal/compatibilitypack","Test":"TestEvaluateNilAndEmptySelections/empty/capability","Output":"--- PASS: TestEvaluateNilAndEmptySelections/empty/capability (0.00s)\n","OutputType":"frame"}
{"Time":"2026-10-08T19:12:56.489357866Z","Action":"pass","Package":"go.temporal.io/server/tools/gomad3/internal/compatibilitypack","Test":"TestEvaluateNilAndEmptySelections/empty/capability","Elapsed":0}
{"Time":"2026-10-08T19:12:56.48938545Z","Action":"run","Package":"go.temporal.io/server/tools/gomad3/internal/compatibilitypack","Test":"TestEvaluateNilAndEmptySelections/empty/linkname"}
{"Time":"2026-10-08T19:12:56.489418116Z","Action":"output","Package":"go.temporal.io/server/tools/gomad3/internal/compatibilitypack","Test":"TestEvaluateNilAndEmptySelections/empty/linkname","Output":"=== RUN   TestEvaluateNilAndEmptySelections/empty/linkname\n","OutputType":"frame"}
{"Time":"2026-10-08T19:12:56.489508408Z","Action":"output","Package":"go.temporal.io/server/tools/gomad3/internal/compatibilitypack","Test":"TestEvaluateNilAndEmptySelections/empty/linkname","Output":"    policy_exhaustive_test.go:143: decision=compatibility.Decision{Allowed:false, Disposition:\"denied\", Remediation:\"add_exact_pack\", PackID:\"\"} bytes=\"{\\\"allowed\\\":false,\\\"disposition\\\":\\\"denied\\\",\\\"remediation\\\":\\\"add_exact_pack\\\"}\"\n"}
{"Time":"2026-10-08T19:12:56.489524866Z","Action":"output","Package":"go.temporal.io/server/tools/gomad3/internal/compatibilitypack","Test":"TestEvaluateNilAndEmptySelections/empty/linkname","Output":"--- PASS: TestEvaluateNilAndEmptySelections/empty/linkname (0.00s)\n","OutputType":"frame"}
{"Time":"2026-10-08T19:12:56.489538325Z","Action":"pass","Package":"go.temporal.io/server/tools/gomad3/internal/compatibilitypack","Test":"TestEvaluateNilAndEmptySelections/empty/linkname","Elapsed":0}
{"Time":"2026-10-08T19:12:56.488541408Z","Action":"run","Package":"go.temporal.io/server/tools/gomad3/upgrade","Test":"TestRunRenderingFailurePreservesGateEvidence/boundary"}
{"Time":"2026-10-08T19:12:56.489804533Z","Action":"output","Package":"go.temporal.io/server/tools/gomad3/upgrade","Test":"TestRunRenderingFailurePreservesGateEvidence/boundary","Output":"=== RUN   TestRunRenderingFailurePreservesGateEvidence/boundary\n","OutputType":"frame"}
{"Time":"2026-10-08T19:12:56.489824991Z","Action":"run","Package":"go.temporal.io/server/tools/gomad3/internal/compatibilitypack","Test":"TestEvaluateNilAndEmptySelections/empty/malformed_linkname"}
{"Time":"2026-10-08T19:12:56.489837658Z","Action":"output","Package":"go.temporal.io/server/tools/gomad3/internal/compatibilitypack","Test":"TestEvaluateNilAndEmptySelections/empty/malformed_linkname","Output":"=== RUN   TestEvaluateNilAndEmptySelections/empty/malformed_linkname\n","OutputType":"frame"}
{"Time":"2026-10-08T19:12:56.489852116Z","Action":"output","Package":"go.temporal.io/server/tools/gomad3/internal/compatibilitypack","Test":"TestEvaluateNilAndEmptySelections/empty/malformed_linkname","Output":"    policy_exhaustive_test.go:143: decision=compatibility.Decision{Allowed:false, Disposition:\"denied\", Remediation:\"remain_unsupported\", PackID:\"\"} bytes=\"{\\\"allowed\\\":false,\\\"disposition\\\":\\\"denied\\\",\\\"remediation\\\":\\\"remain_unsupported\\\"}\"\n"}
{"Time":"2026-10-08T19:12:56.489874575Z","Action":"output","Package":"go.temporal.io/server/tools/gomad3/internal/compatibilitypack","Test":"TestEvaluateNilAndEmptySelections/empty/malformed_linkname","Output":"--- PASS: TestEvaluateNilAndEmptySelections/empty/malformed_linkname (0.00s)\n","OutputType":"frame"}
{"Time":"2026-10-08T19:12:56.489913491Z","Action":"pass","Package":"go.temporal.io/server/tools/gomad3/internal/compatibilitypack","Test":"TestEvaluateNilAndEmptySelections/empty/malformed_linkname","Elapsed":0}
{"Time":"2026-10-08T19:12:56.490087116Z","Action":"run","Package":"go.temporal.io/server/tools/gomad3/internal/compatibilitypack","Test":"TestEvaluateNilAndEmptySelections/empty/no_reviewed_go_source"}
{"Time":"2026-10-08T19:12:56.490207783Z","Action":"output","Package":"go.temporal.io/server/tools/gomad3/internal/compatibilitypack","Test":"TestEvaluateNilAndEmptySelections/empty/no_reviewed_go_source","Output":"=== RUN   TestEvaluateNilAndEmptySelections/empty/no_reviewed_go_source\n","OutputType":"frame"}
{"Time":"2026-10-08T19:12:56.490251783Z","Action":"output","Package":"go.temporal.io/server/tools/gomad3/internal/compatibilitypack","Test":"TestEvaluateNilAndEmptySelections/empty/no_reviewed_go_source","Output":"    policy_exhaustive_test.go:143: decision=compatibility.Decision{Allowed:false, Disposition:\"denied\", Remediation:\"remove_dependency\", PackID:\"\"} bytes=\"{\\\"allowed\\\":false,\\\"disposition\\\":\\\"denied\\\",\\\"remediation\\\":\\\"remove_dependency\\\"}\"\n"}
{"Time":"2026-10-08T19:12:56.490394825Z","Action":"output","Package":"go.temporal.io/server/tools/gomad3/internal/compatibilitypack","Test":"TestEvaluateNilAndEmptySelections/empty/no_reviewed_go_source","Output":"--- PASS: TestEvaluateNilAndEmptySelections/empty/no_reviewed_go_source (0.00s)\n","OutputType":"frame"}
{"Time":"2026-10-08T19:12:56.49045495Z","Action":"pass","Package":"go.temporal.io/server/tools/gomad3/internal/compatibilitypack","Test":"TestEvaluateNilAndEmptySelections/empty/no_reviewed_go_source","Elapsed":0}
{"Time":"2026-10-08T19:12:56.490745075Z","Action":"run","Package":"go.temporal.io/server/tools/gomad3/internal/compatibilitypack","Test":"TestEvaluateNilAndEmptySelections/empty/future-kind"}
{"Time":"2026-10-08T19:12:56.490847408Z","Action":"output","Package":"go.temporal.io/server/tools/gomad3/internal/compatibilitypack","Test":"TestEvaluateNilAndEmptySelections/empty/future-kind","Output":"=== RUN   TestEvaluateNilAndEmptySelections/empty/future-kind\n","OutputType":"frame"}
{"Time":"2026-10-08T19:12:56.490887575Z","Action":"output","Package":"go.temporal.io/server/tools/gomad3/internal/compatibilitypack","Test":"TestEvaluateNilAndEmptySelections/empty/future-kind","Output":"    policy_exhaustive_test.go:143: decision=compatibility.Decision{Allowed:false, Disposition:\"denied\", Remediation:\"remain_unsupported\", PackID:\"\"} bytes=\"{\\\"allowed\\\":false,\\\"disposition\\\":\\\"denied\\\",\\\"remediation\\\":\\\"remain_unsupported\\\"}\"\n"}
{"Time":"2026-10-08T19:12:56.490925283Z","Action":"output","Package":"go.temporal.io/server/tools/gomad3/internal/compatibilitypack","Test":"TestEvaluateNilAndEmptySelections/empty/future-kind","Output":"--- PASS: TestEvaluateNilAndEmptySelections/empty/future-kind (0.00s)\n","OutputType":"frame"}
{"Time":"2026-10-08T19:12:56.49095895Z","Action":"pass","Package":"go.temporal.io/server/tools/gomad3/internal/compatibilitypack","Test":"TestEvaluateNilAndEmptySelections/empty/future-kind","Elapsed":0}
{"Time":"2026-10-08T19:12:56.490983616Z","Action":"run","Package":"go.temporal.io/server/tools/gomad3/internal/compatibilitypack","Test":"TestEvaluateNilAndEmptySelections/empty/#00"}
{"Time":"2026-10-08T19:12:56.491004533Z","Action":"output","Package":"go.temporal.io/server/tools/gomad3/internal/compatibilitypack","Test":"TestEvaluateNilAndEmptySelections/empty/#00","Output":"=== RUN   TestEvaluateNilAndEmptySelections/empty/#00\n","OutputType":"frame"}
{"Time":"2026-10-08T19:12:56.491036575Z","Action":"output","Package":"go.temporal.io/server/tools/gomad3/internal/compatibilitypack","Test":"TestEvaluateNilAndEmptySelections/empty/#00","Output":"    policy_exhaustive_test.go:143: decision=compatibility.Decision{Allowed:false, Disposition:\"denied\", Remediation:\"remain_unsupported\", PackID:\"\"} bytes=\"{\\\"allowed\\\":false,\\\"disposition\\\":\\\"denied\\\",\\\"remediation\\\":\\\"remain_unsupported\\\"}\"\n"}
{"Time":"2026-10-08T19:12:56.491073241Z","Action":"output","Package":"go.temporal.io/server/tools/gomad3/internal/compatibilitypack","Test":"TestEvaluateNilAndEmptySelections/empty/#00","Output":"--- PASS: TestEvaluateNilAndEmptySelections/empty/#00 (0.00s)\n","OutputType":"frame"}
{"Time":"2026-10-08T19:12:56.491103825Z","Action":"pass","Package":"go.temporal.io/server/tools/gomad3/internal/compatibilitypack","Test":"TestEvaluateNilAndEmptySelections/empty/#00","Elapsed":0}
{"Time":"2026-10-08T19:12:56.491118825Z","Action":"output","Package":"go.temporal.io/server/tools/gomad3/internal/compatibilitypack","Test":"TestEvaluateNilAndEmptySelections/empty","Output":"--- PASS: TestEvaluateNilAndEmptySelections/empty (0.00s)\n","OutputType":"frame"}
{"Time":"2026-10-08T19:12:56.491140325Z","Action":"pass","Package":"go.temporal.io/server/tools/gomad3/internal/compatibilitypack","Test":"TestEvaluateNilAndEmptySelections/empty","Elapsed":0}
{"Time":"2026-10-08T19:12:56.491171866Z","Action":"output","Package":"go.temporal.io/server/tools/gomad3/internal/compatibilitypack","Test":"TestEvaluateNilAndEmptySelections","Output":"--- PASS: TestEvaluateNilAndEmptySelections (0.00s)\n","OutputType":"frame"}
{"Time":"2026-10-08T19:12:56.491237866Z","Action":"pass","Package":"go.temporal.io/server/tools/gomad3/internal/compatibilitypack","Test":"TestEvaluateNilAndEmptySelections","Elapsed":0}
{"Time":"2026-10-08T19:12:56.491256825Z","Action":"run","Package":"go.temporal.io/server/tools/gomad3/internal/compatibilitypack","Test":"TestEvaluateTraversesRulesAndPacks"}
{"Time":"2026-10-08T19:12:56.491276283Z","Action":"output","Package":"go.temporal.io/server/tools/gomad3/internal/compatibilitypack","Test":"TestEvaluateTraversesRulesAndPacks","Output":"=== RUN   TestEvaluateTraversesRulesAndPacks\n","OutputType":"frame"}
{"Time":"2026-10-08T19:12:56.4912977Z","Action":"run","Package":"go.temporal.io/server/tools/gomad3/internal/compatibilitypack","Test":"TestEvaluateTraversesRulesAndPacks/later-matching-rule"}
{"Time":"2026-10-08T19:12:56.491309366Z","Action":"output","Package":"go.temporal.io/server/tools/gomad3/internal/compatibilitypack","Test":"TestEvaluateTraversesRulesAndPacks/later-matching-rule","Output":"=== RUN   TestEvaluateTraversesRulesAndPacks/later-matching-rule\n","OutputType":"frame"}
{"Time":"2026-10-08T19:12:56.491325075Z","Action":"output","Package":"go.temporal.io/server/tools/gomad3/internal/compatibilitypack","Test":"TestEvaluateTraversesRulesAndPacks/later-matching-rule","Output":"    policy_exhaustive_test.go:165: decision=compatibility.Decision{Allowed:true, Disposition:\"allowed_by_exact_pack\", Remediation:\"\", PackID:\"example-pack\"} bytes=\"{\\\"allowed\\\":true,\\\"disposition\\\":\\\"allowed_by_exact_pack\\\",\\\"pack_id\\\":\\\"example-pack\\\"}\"\n"}
{"Time":"2026-10-08T19:12:56.492121908Z","Action":"output","Package":"go.temporal.io/server/tools/gomad3/internal/compatibilitypack","Test":"TestEvaluateTraversesRulesAndPacks/later-matching-rule","Output":"    policy_exhaustive_test.go:165: decision=compatibility.Decision{Allowed:true, Disposition:\"allowed_by_exact_pack\", Remediation:\"\", PackID:\"example-pack\"} bytes=\"{\\\"allowed\\\":true,\\\"disposition\\\":\\\"allowed_by_exact_pack\\\",\\\"pack_id\\\":\\\"example-pack\\\"}\"\n"}
{"Time":"2026-10-08T19:12:56.492147741Z","Action":"output","Package":"go.temporal.io/server/tools/gomad3/internal/compatibilitypack","Test":"TestEvaluateTraversesRulesAndPacks/later-matching-rule","Output":"--- PASS: TestEvaluateTraversesRulesAndPacks/later-matching-rule (0.00s)\n","OutputType":"frame"}
{"Time":"2026-10-08T19:12:56.492164283Z","Action":"pass","Package":"go.temporal.io/server/tools/gomad3/internal/compatibilitypack","Test":"TestEvaluateTraversesRulesAndPacks/later-matching-rule","Elapsed":0}
{"Time":"2026-10-08T19:12:56.492183033Z","Action":"run","Package":"go.temporal.io/server/tools/gomad3/internal/compatibilitypack","Test":"TestEvaluateTraversesRulesAndPacks/later-matching-pack"}
{"Time":"2026-10-08T19:12:56.492480866Z","Action":"output","Package":"go.temporal.io/server/tools/gomad3/internal/compatibilitypack","Test":"TestEvaluateTraversesRulesAndPacks/later-matching-pack","Output":"=== RUN   TestEvaluateTraversesRulesAndPacks/later-matching-pack\n","OutputType":"frame"}
{"Time":"2026-10-08T19:12:56.49250095Z","Action":"output","Package":"go.temporal.io/server/tools/gomad3/internal/compatibilitypack","Test":"TestEvaluateTraversesRulesAndPacks/later-matching-pack","Output":"    policy_exhaustive_test.go:201: decision=compatibility.Decision{Allowed:true, Disposition:\"allowed_by_exact_pack\", Remediation:\"\", PackID:\"z-pack\"} bytes=\"{\\\"allowed\\\":true,\\\"disposition\\\":\\\"allowed_by_exact_pack\\\",\\\"pack_id\\\":\\\"z-pack\\\"}\"\n"}
{"Time":"2026-10-08T19:12:56.492518033Z","Action":"output","Package":"go.temporal.io/server/tools/gomad3/internal/compatibilitypack","Test":"TestEvaluateTraversesRulesAndPacks/later-matching-pack","Output":"    policy_exhaustive_test.go:201: decision=compatibility.Decision{Allowed:true, Disposition:\"allowed_by_exact_pack\", Remediation:\"\", PackID:\"z-pack\"} bytes=\"{\\\"allowed\\\":true,\\\"disposition\\\":\\\"allowed_by_exact_pack\\\",\\\"pack_id\\\":\\\"z-pack\\\"}\"\n"}
{"Time":"2026-10-08T19:12:56.49254195Z","Action":"output","Package":"go.temporal.io/server/tools/gomad3/internal/compatibilitypack","Test":"TestEvaluateTraversesRulesAndPacks/later-matching-pack","Output":"--- PASS: TestEvaluateTraversesRulesAndPacks/later-matching-pack (0.00s)\n","OutputType":"frame"}
{"Time":"2026-10-08T19:12:56.493102908Z","Action":"pass","Package":"go.temporal.io/server/tools/gomad3/internal/compatibilitypack","Test":"TestEvaluateTraversesRulesAndPacks/later-matching-pack","Elapsed":0}
{"Time":"2026-10-08T19:12:56.493131825Z","Action":"run","Package":"go.temporal.io/server/tools/gomad3/internal/compatibilitypack","Test":"TestEvaluateTraversesRulesAndPacks/later-granting-pack"}
{"Time":"2026-10-08T19:12:56.493145825Z","Action":"output","Package":"go.temporal.io/server/tools/gomad3/internal/compatibilitypack","Test":"TestEvaluateTraversesRulesAndPacks/later-granting-pack","Output":"=== RUN   TestEvaluateTraversesRulesAndPacks/later-granting-pack\n","OutputType":"frame"}
{"Time":"2026-10-08T19:12:56.493249408Z","Action":"output","Package":"go.temporal.io/server/tools/gomad3/internal/compatibilitypack","Test":"TestEvaluateTraversesRulesAndPacks/later-granting-pack","Output":"    policy_exhaustive_test.go:201: decision=compatibility.Decision{Allowed:true, Disposition:\"allowed_by_exact_pack\", Remediation:\"\", PackID:\"z-pack\"} bytes=\"{\\\"allowed\\\":true,\\\"disposition\\\":\\\"allowed_by_exact_pack\\\",\\\"pack_id\\\":\\\"z-pack\\\"}\"\n"}
{"Time":"2026-10-08T19:12:56.493373366Z","Action":"output","Package":"go.temporal.io/server/tools/gomad3/internal/compatibilitypack","Test":"TestEvaluateTraversesRulesAndPacks/later-granting-pack","Output":"    policy_exhaustive_test.go:201: decision=compatibility.Decision{Allowed:true, Disposition:\"allowed_by_exact_pack\", Remediation:\"\", PackID:\"z-pack\"} bytes=\"{\\\"allowed\\\":true,\\\"disposition\\\":\\\"allowed_by_exact_pack\\\",\\\"pack_id\\\":\\\"z-pack\\\"}\"\n"}
{"Time":"2026-10-08T19:12:56.493424825Z","Action":"output","Package":"go.temporal.io/server/tools/gomad3/internal/compatibilitypack","Test":"TestEvaluateTraversesRulesAndPacks/later-granting-pack","Output":"--- PASS: TestEvaluateTraversesRulesAndPacks/later-granting-pack (0.00s)\n","OutputType":"frame"}
{"Time":"2026-10-08T19:12:56.49350695Z","Action":"pass","Package":"go.temporal.io/server/tools/gomad3/internal/compatibilitypack","Test":"TestEvaluateTraversesRulesAndPacks/later-granting-pack","Elapsed":0}
{"Time":"2026-10-08T19:12:56.4959142Z","Action":"run","Package":"go.temporal.io/server/tools/gomad3/internal/compatibilitypack","Test":"TestEvaluateTraversesRulesAndPacks/first-grant-precedence"}
{"Time":"2026-10-08T19:12:56.499246866Z","Action":"output","Package":"go.temporal.io/server/tools/gomad3/internal/compatibilitypack","Test":"TestEvaluateTraversesRulesAndPacks/first-grant-precedence","Output":"=== RUN   TestEvaluateTraversesRulesAndPacks/first-grant-precedence\n","OutputType":"frame"}
{"Time":"2026-10-08T19:12:56.500624491Z","Action":"output","Package":"go.temporal.io/server/tools/gomad3/internal/compatibilitypack","Test":"TestEvaluateTraversesRulesAndPacks/first-grant-precedence","Output":"    policy_exhaustive_test.go:199: decision=compatibility.Decision{Allowed:true, Disposition:\"allowed_by_exact_pack\", Remediation:\"\", PackID:\"a-pack\"} bytes=\"{\\\"allowed\\\":true,\\\"disposition\\\":\\\"allowed_by_exact_pack\\\",\\\"pack_id\\\":\\\"a-pack\\\"}\"\n"}
{"Time":"2026-10-08T19:12:56.500775658Z","Action":"output","Package":"go.temporal.io/server/tools/gomad3/internal/compatibilitypack","Test":"TestEvaluateTraversesRulesAndPacks/first-grant-precedence","Output":"    policy_exhaustive_test.go:199: decision=compatibility.Decision{Allowed:true, Disposition:\"allowed_by_exact_pack\", Remediation:\"\", PackID:\"a-pack\"} bytes=\"{\\\"allowed\\\":true,\\\"disposition\\\":\\\"allowed_by_exact_pack\\\",\\\"pack_id\\\":\\\"a-pack\\\"}\"\n"}
{"Time":"2026-10-08T19:12:56.500866158Z","Action":"output","Package":"go.temporal.io/server/tools/gomad3/internal/compatibilitypack","Test":"TestEvaluateTraversesRulesAndPacks/first-grant-precedence","Output":"--- PASS: TestEvaluateTraversesRulesAndPacks/first-grant-precedence (0.00s)\n","OutputType":"frame"}
{"Time":"2026-10-08T19:12:56.501244325Z","Action":"pass","Package":"go.temporal.io/server/tools/gomad3/internal/compatibilitypack","Test":"TestEvaluateTraversesRulesAndPacks/first-grant-precedence","Elapsed":0}
{"Time":"2026-10-08T19:12:56.501392533Z","Action":"output","Package":"go.temporal.io/server/tools/gomad3/internal/compatibilitypack","Test":"TestEvaluateTraversesRulesAndPacks","Output":"--- PASS: TestEvaluateTraversesRulesAndPacks (0.00s)\n","OutputType":"frame"}
{"Time":"2026-10-08T19:12:56.501527825Z","Action":"pass","Package":"go.temporal.io/server/tools/gomad3/internal/compatibilitypack","Test":"TestEvaluateTraversesRulesAndPacks","Elapsed":0}
{"Time":"2026-10-08T19:12:56.501588116Z","Action":"run","Package":"go.temporal.io/server/tools/gomad3/internal/compatibilitypack","Test":"TestEvaluatePreservesInputsAndDetachedCopies"}
{"Time":"2026-10-08T19:12:56.501723116Z","Action":"output","Package":"go.temporal.io/server/tools/gomad3/internal/compatibilitypack","Test":"TestEvaluatePreservesInputsAndDetachedCopies","Output":"=== RUN   TestEvaluatePreservesInputsAndDetachedCopies\n","OutputType":"frame"}
{"Time":"2026-10-08T19:12:56.501773575Z","Action":"output","Package":"go.temporal.io/server/tools/gomad3/internal/compatibilitypack","Test":"TestEvaluatePreservesInputsAndDetachedCopies","Output":"    policy_exhaustive_test.go:214: decision=compatibility.Decision{Allowed:true, Disposition:\"allowed_by_exact_pack\", Remediation:\"\", PackID:\"example-pack\"} bytes=\"{\\\"allowed\\\":true,\\\"disposition\\\":\\\"allowed_by_exact_pack\\\",\\\"pack_id\\\":\\\"example-pack\\\"}\"\n"}
{"Time":"2026-10-08T19:12:56.501852283Z","Action":"output","Package":"go.temporal.io/server/tools/gomad3/internal/compatibilitypack","Test":"TestEvaluatePreservesInputsAndDetachedCopies","Output":"    policy_exhaustive_test.go:214: decision=compatibility.Decision{Allowed:true, Disposition:\"allowed_by_exact_pack\", Remediation:\"\", PackID:\"example-pack\"} bytes=\"{\\\"allowed\\\":true,\\\"disposition\\\":\\\"allowed_by_exact_pack\\\",\\\"pack_id\\\":\\\"example-pack\\\"}\"\n"}
{"Time":"2026-10-08T19:12:56.501878533Z","Action":"output","Package":"go.temporal.io/server/tools/gomad3/internal/compatibilitypack","Test":"TestEvaluatePreservesInputsAndDetachedCopies","Output":"    policy_exhaustive_test.go:236: decision=compatibility.Decision{Allowed:true, Disposition:\"allowed_by_exact_pack\", Remediation:\"\", PackID:\"example-pack\"} bytes=\"{\\\"allowed\\\":true,\\\"disposition\\\":\\\"allowed_by_exact_pack\\\",\\\"pack_id\\\":\\\"example-pack\\\"}\"\n"}
{"Time":"2026-10-08T19:12:56.502458616Z","Action":"output","Package":"go.temporal.io/server/tools/gomad3/internal/compatibilitypack","Test":"TestEvaluatePreservesInputsAndDetachedCopies","Output":"    policy_exhaustive_test.go:236: decision=compatibility.Decision{Allowed:true, Disposition:\"allowed_by_exact_pack\", Remediation:\"\", PackID:\"example-pack\"} bytes=\"{\\\"allowed\\\":true,\\\"disposition\\\":\\\"allowed_by_exact_pack\\\",\\\"pack_id\\\":\\\"example-pack\\\"}\"\n"}
{"Time":"2026-10-08T19:12:56.502891116Z","Action":"output","Package":"go.temporal.io/server/tools/gomad3/internal/compatibilitypack","Test":"TestEvaluatePreservesInputsAndDetachedCopies","Output":"    policy_exhaustive_test.go:245: decision=compatibility.Decision{Allowed:true, Disposition:\"allowed_by_exact_pack\", Remediation:\"\", PackID:\"example-pack\"} bytes=\"{\\\"allowed\\\":true,\\\"disposition\\\":\\\"allowed_by_exact_pack\\\",\\\"pack_id\\\":\\\"example-pack\\\"}\"\n"}
{"Time":"2026-10-08T19:12:56.502967408Z","Action":"output","Package":"go.temporal.io/server/tools/gomad3/internal/compatibilitypack","Test":"TestEvaluatePreservesInputsAndDetachedCopies","Output":"    policy_exhaustive_test.go:248: decision=compatibility.Decision{Allowed:true, Disposition:\"allowed_by_exact_pack\", Remediation:\"\", PackID:\"example-pack\"} bytes=\"{\\\"allowed\\\":true,\\\"disposition\\\":\\\"allowed_by_exact_pack\\\",\\\"pack_id\\\":\\\"example-pack\\\"}\"\n"}
{"Time":"2026-10-08T19:12:56.503003533Z","Action":"output","Package":"go.temporal.io/server/tools/gomad3/internal/compatibilitypack","Test":"TestEvaluatePreservesInputsAndDetachedCopies","Output":"--- PASS: TestEvaluatePreservesInputsAndDetachedCopies (0.00s)\n","OutputType":"frame"}
{"Time":"2026-10-08T19:12:56.503055158Z","Action":"pass","Package":"go.temporal.io/server/tools/gomad3/internal/compatibilitypack","Test":"TestEvaluatePreservesInputsAndDetachedCopies","Elapsed":0}
{"Time":"2026-10-08T19:12:56.503121741Z","Action":"run","Package":"go.temporal.io/server/tools/gomad3/internal/compatibilitypack","Test":"TestDecodePackV2RejectsWeakOrNonCanonicalPolicy"}
{"Time":"2026-10-08T19:12:56.503162908Z","Action":"output","Package":"go.temporal.io/server/tools/gomad3/internal/compatibilitypack","Test":"TestDecodePackV2RejectsWeakOrNonCanonicalPolicy","Output":"=== RUN   TestDecodePackV2RejectsWeakOrNonCanonicalPolicy\n","OutputType":"frame"}
{"Time":"2026-10-08T19:12:56.503190116Z","Action":"run","Package":"go.temporal.io/server/tools/gomad3/internal/compatibilitypack","Test":"TestDecodePackV2RejectsWeakOrNonCanonicalPolicy/trailing_data"}
{"Time":"2026-10-08T19:12:56.503231866Z","Action":"output","Package":"go.temporal.io/server/tools/gomad3/internal/compatibilitypack","Test":"TestDecodePackV2RejectsWeakOrNonCanonicalPolicy/trailing_data","Output":"=== RUN   TestDecodePackV2RejectsWeakOrNonCanonicalPolicy/trailing_data\n","OutputType":"frame"}
{"Time":"2026-10-08T19:12:56.50327495Z","Action":"output","Package":"go.temporal.io/server/tools/gomad3/internal/compatibilitypack","Test":"TestDecodePackV2RejectsWeakOrNonCanonicalPolicy/trailing_data","Output":"--- PASS: TestDecodePackV2RejectsWeakOrNonCanonicalPolicy/trailing_data (0.00s)\n","OutputType":"frame"}
{"Time":"2026-10-08T19:12:56.503337658Z","Action":"pass","Package":"go.temporal.io/server/tools/gomad3/internal/compatibilitypack","Test":"TestDecodePackV2RejectsWeakOrNonCanonicalPolicy/trailing_data","Elapsed":0}
{"Time":"2026-10-08T19:12:56.5033892Z","Action":"run","Package":"go.temporal.io/server/tools/gomad3/internal/compatibilitypack","Test":"TestDecodePackV2RejectsWeakOrNonCanonicalPolicy/legacy_schema"}
{"Time":"2026-10-08T19:12:56.504003658Z","Action":"output","Package":"go.temporal.io/server/tools/gomad3/internal/compatibilitypack","Test":"TestDecodePackV2RejectsWeakOrNonCanonicalPolicy/legacy_schema","Output":"=== RUN   TestDecodePackV2RejectsWeakOrNonCanonicalPolicy/legacy_schema\n","OutputType":"frame"}
{"Time":"2026-10-08T19:12:56.504455658Z","Action":"output","Package":"go.temporal.io/server/tools/gomad3/internal/compatibilitypack","Test":"TestDecodePackV2RejectsWeakOrNonCanonicalPolicy/legacy_schema","Output":"--- PASS: TestDecodePackV2RejectsWeakOrNonCanonicalPolicy/legacy_schema (0.00s)\n","OutputType":"frame"}
{"Time":"2026-10-08T19:12:56.504612283Z","Action":"pass","Package":"go.temporal.io/server/tools/gomad3/internal/compatibilitypack","Test":"TestDecodePackV2RejectsWeakOrNonCanonicalPolicy/legacy_schema","Elapsed":0}
{"Time":"2026-10-08T19:12:56.504690991Z","Action":"run","Package":"go.temporal.io/server/tools/gomad3/internal/compatibilitypack","Test":"TestDecodePackV2RejectsWeakOrNonCanonicalPolicy/missing_sum"}
{"Time":"2026-10-08T19:12:56.504718241Z","Action":"output","Package":"go.temporal.io/server/tools/gomad3/internal/compatibilitypack","Test":"TestDecodePackV2RejectsWeakOrNonCanonicalPolicy/missing_sum","Output":"=== RUN   TestDecodePackV2RejectsWeakOrNonCanonicalPolicy/missing_sum\n","OutputType":"frame"}
{"Time":"2026-10-08T19:12:56.504752866Z","Action":"output","Package":"go.temporal.io/server/tools/gomad3/internal/compatibilitypack","Test":"TestDecodePackV2RejectsWeakOrNonCanonicalPolicy/missing_sum","Output":"--- PASS: TestDecodePackV2RejectsWeakOrNonCanonicalPolicy/missing_sum (0.00s)\n","OutputType":"frame"}
{"Time":"2026-10-08T19:12:56.504773783Z","Action":"pass","Package":"go.temporal.io/server/tools/gomad3/internal/compatibilitypack","Test":"TestDecodePackV2RejectsWeakOrNonCanonicalPolicy/missing_sum","Elapsed":0}
{"Time":"2026-10-08T19:12:56.504796825Z","Action":"run","Package":"go.temporal.io/server/tools/gomad3/internal/compatibilitypack","Test":"TestDecodePackV2RejectsWeakOrNonCanonicalPolicy/duplicate_capability"}
{"Time":"2026-10-08T19:12:56.504845116Z","Action":"output","Package":"go.temporal.io/server/tools/gomad3/internal/compatibilitypack","Test":"TestDecodePackV2RejectsWeakOrNonCanonicalPolicy/duplicate_capability","Output":"=== RUN   TestDecodePackV2RejectsWeakOrNonCanonicalPolicy/duplicate_capability\n","OutputType":"frame"}
{"Time":"2026-10-08T19:12:56.504920075Z","Action":"output","Package":"go.temporal.io/server/tools/gomad3/internal/compatibilitypack","Test":"TestDecodePackV2RejectsWeakOrNonCanonicalPolicy/duplicate_capability","Output":"--- PASS: TestDecodePackV2RejectsWeakOrNonCanonicalPolicy/duplicate_capability (0.00s)\n","OutputType":"frame"}
{"Time":"2026-10-08T19:12:56.505362408Z","Action":"pass","Package":"go.temporal.io/server/tools/gomad3/internal/compatibilitypack","Test":"TestDecodePackV2RejectsWeakOrNonCanonicalPolicy/duplicate_capability","Elapsed":0}
{"Time":"2026-10-08T19:12:56.505432908Z","Action":"run","Package":"go.temporal.io/server/tools/gomad3/internal/compatibilitypack","Test":"TestDecodePackV2RejectsWeakOrNonCanonicalPolicy/source-set_mismatch"}
{"Time":"2026-10-08T19:12:56.505760116Z","Action":"output","Package":"go.temporal.io/server/tools/gomad3/internal/compatibilitypack","Test":"TestDecodePackV2RejectsWeakOrNonCanonicalPolicy/source-set_mismatch","Output":"=== RUN   TestDecodePackV2RejectsWeakOrNonCanonicalPolicy/source-set_mismatch\n","OutputType":"frame"}
{"Time":"2026-10-08T19:12:56.50614845Z","Action":"output","Package":"go.temporal.io/server/tools/gomad3/internal/compatibilitypack","Test":"TestDecodePackV2RejectsWeakOrNonCanonicalPolicy/source-set_mismatch","Output":"--- PASS: TestDecodePackV2RejectsWeakOrNonCanonicalPolicy/source-set_mismatch (0.00s)\n","OutputType":"frame"}
{"Time":"2026-10-08T19:12:56.50619945Z","Action":"pass","Package":"go.temporal.io/server/tools/gomad3/internal/compatibilitypack","Test":"TestDecodePackV2RejectsWeakOrNonCanonicalPolicy/source-set_mismatch","Elapsed":0}
{"Time":"2026-10-08T19:12:56.506253783Z","Action":"run","Package":"go.temporal.io/server/tools/gomad3/internal/compatibilitypack","Test":"TestDecodePackV2RejectsWeakOrNonCanonicalPolicy/admits_os/signal"}
{"Time":"2026-10-08T19:12:56.506291908Z","Action":"output","Package":"go.temporal.io/server/tools/gomad3/internal/compatibilitypack","Test":"TestDecodePackV2RejectsWeakOrNonCanonicalPolicy/admits_os/signal","Output":"=== RUN   TestDecodePackV2RejectsWeakOrNonCanonicalPolicy/admits_os/signal\n","OutputType":"frame"}
{"Time":"2026-10-08T19:12:56.50633945Z","Action":"output","Package":"go.temporal.io/server/tools/gomad3/internal/compatibilitypack","Test":"TestDecodePackV2RejectsWeakOrNonCanonicalPolicy/admits_os/signal","Output":"--- PASS: TestDecodePackV2RejectsWeakOrNonCanonicalPolicy/admits_os/signal (0.00s)\n","OutputType":"frame"}
{"Time":"2026-10-08T19:12:56.506372825Z","Action":"pass","Package":"go.temporal.io/server/tools/gomad3/internal/compatibilitypack","Test":"TestDecodePackV2RejectsWeakOrNonCanonicalPolicy/admits_os/signal","Elapsed":0}
{"Time":"2026-10-08T19:12:56.506812575Z","Action":"run","Package":"go.temporal.io/server/tools/gomad3/internal/compatibilitypack","Test":"TestDecodePackV2RejectsWeakOrNonCanonicalPolicy/admits_os/user"}
{"Time":"2026-10-08T19:12:56.506844408Z","Action":"output","Package":"go.temporal.io/server/tools/gomad3/internal/compatibilitypack","Test":"TestDecodePackV2RejectsWeakOrNonCanonicalPolicy/admits_os/user","Output":"=== RUN   TestDecodePackV2RejectsWeakOrNonCanonicalPolicy/admits_os/user\n","OutputType":"frame"}
{"Time":"2026-10-08T19:12:56.506923866Z","Action":"output","Package":"go.temporal.io/server/tools/gomad3/internal/compatibilitypack","Test":"TestDecodePackV2RejectsWeakOrNonCanonicalPolicy/admits_os/user","Output":"--- PASS: TestDecodePackV2RejectsWeakOrNonCanonicalPolicy/admits_os/user (0.00s)\n","OutputType":"frame"}
{"Time":"2026-10-08T19:12:56.506959533Z","Action":"pass","Package":"go.temporal.io/server/tools/gomad3/internal/compatibilitypack","Test":"TestDecodePackV2RejectsWeakOrNonCanonicalPolicy/admits_os/user","Elapsed":0}
{"Time":"2026-10-08T19:12:56.50698945Z","Action":"run","Package":"go.temporal.io/server/tools/gomad3/internal/compatibilitypack","Test":"TestDecodePackV2RejectsWeakOrNonCanonicalPolicy/local_replacement"}
{"Time":"2026-10-08T19:12:56.507005491Z","Action":"output","Package":"go.temporal.io/server/tools/gomad3/internal/compatibilitypack","Test":"TestDecodePackV2RejectsWeakOrNonCanonicalPolicy/local_replacement","Output":"=== RUN   TestDecodePackV2RejectsWeakOrNonCanonicalPolicy/local_replacement\n","OutputType":"frame"}
{"Time":"2026-10-08T19:12:56.507020658Z","Action":"output","Package":"go.temporal.io/server/tools/gomad3/internal/compatibilitypack","Test":"TestDecodePackV2RejectsWeakOrNonCanonicalPolicy/local_replacement","Output":"--- PASS: TestDecodePackV2RejectsWeakOrNonCanonicalPolicy/local_replacement (0.00s)\n","OutputType":"frame"}
{"Time":"2026-10-08T19:12:56.507038325Z","Action":"pass","Package":"go.temporal.io/server/tools/gomad3/internal/compatibilitypack","Test":"TestDecodePackV2RejectsWeakOrNonCanonicalPolicy/local_replacement","Elapsed":0}
{"Time":"2026-10-08T19:12:56.507052241Z","Action":"run","Package":"go.temporal.io/server/tools/gomad3/internal/compatibilitypack","Test":"TestDecodePackV2RejectsWeakOrNonCanonicalPolicy/unknown_field"}
{"Time":"2026-10-08T19:12:56.507069658Z","Action":"output","Package":"go.temporal.io/server/tools/gomad3/internal/compatibilitypack","Test":"TestDecodePackV2RejectsWeakOrNonCanonicalPolicy/unknown_field","Output":"=== RUN   TestDecodePackV2RejectsWeakOrNonCanonicalPolicy/unknown_field\n","OutputType":"frame"}
{"Time":"2026-10-08T19:12:56.507087616Z","Action":"output","Package":"go.temporal.io/server/tools/gomad3/internal/compatibilitypack","Test":"TestDecodePackV2RejectsWeakOrNonCanonicalPolicy/unknown_field","Output":"--- PASS: TestDecodePackV2RejectsWeakOrNonCanonicalPolicy/unknown_field (0.00s)\n","OutputType":"frame"}
{"Time":"2026-10-08T19:12:56.507170991Z","Action":"pass","Package":"go.temporal.io/server/tools/gomad3/internal/compatibilitypack","Test":"TestDecodePackV2RejectsWeakOrNonCanonicalPolicy/unknown_field","Elapsed":0}
{"Time":"2026-10-08T19:12:56.507200825Z","Action":"run","Package":"go.temporal.io/server/tools/gomad3/internal/compatibilitypack","Test":"TestDecodePackV2RejectsWeakOrNonCanonicalPolicy/admits_os/exec"}
{"Time":"2026-10-08T19:12:56.507280116Z","Action":"output","Package":"go.temporal.io/server/tools/gomad3/internal/compatibilitypack","Test":"TestDecodePackV2RejectsWeakOrNonCanonicalPolicy/admits_os/exec","Output":"=== RUN   TestDecodePackV2RejectsWeakOrNonCanonicalPolicy/admits_os/exec\n","OutputType":"frame"}
{"Time":"2026-10-08T19:12:56.507318866Z","Action":"output","Package":"go.temporal.io/server/tools/gomad3/internal/compatibilitypack","Test":"TestDecodePackV2RejectsWeakOrNonCanonicalPolicy/admits_os/exec","Output":"--- PASS: TestDecodePackV2RejectsWeakOrNonCanonicalPolicy/admits_os/exec (0.00s)\n","OutputType":"frame"}
{"Time":"2026-10-08T19:12:56.507336116Z","Action":"pass","Package":"go.temporal.io/server/tools/gomad3/internal/compatibilitypack","Test":"TestDecodePackV2RejectsWeakOrNonCanonicalPolicy/admits_os/exec","Elapsed":0}
{"Time":"2026-10-08T19:12:56.507364075Z","Action":"output","Package":"go.temporal.io/server/tools/gomad3/internal/compatibilitypack","Test":"TestDecodePackV2RejectsWeakOrNonCanonicalPolicy","Output":"--- PASS: TestDecodePackV2RejectsWeakOrNonCanonicalPolicy (0.00s)\n","OutputType":"frame"}
{"Time":"2026-10-08T19:12:56.507416075Z","Action":"pass","Package":"go.temporal.io/server/tools/gomad3/internal/compatibilitypack","Test":"TestDecodePackV2RejectsWeakOrNonCanonicalPolicy","Elapsed":0}
{"Time":"2026-10-08T19:12:56.507438408Z","Action":"run","Package":"go.temporal.io/server/tools/gomad3/internal/compatibilitypack","Test":"TestSelectValidatedPackRequiresCompleteSourceInventory"}
{"Time":"2026-10-08T19:12:56.507456575Z","Action":"output","Package":"go.temporal.io/server/tools/gomad3/internal/compatibilitypack","Test":"TestSelectValidatedPackRequiresCompleteSourceInventory","Output":"=== RUN   TestSelectValidatedPackRequiresCompleteSourceInventory\n","OutputType":"frame"}
{"Time":"2026-10-08T19:12:56.50747295Z","Action":"output","Package":"go.temporal.io/server/tools/gomad3/internal/compatibilitypack","Test":"TestSelectValidatedPackRequiresCompleteSourceInventory","Output":"--- PASS: TestSelectValidatedPackRequiresCompleteSourceInventory (0.00s)\n","OutputType":"frame"}
{"Time":"2026-10-08T19:12:56.507570908Z","Action":"pass","Package":"go.temporal.io/server/tools/gomad3/internal/compatibilitypack","Test":"TestSelectValidatedPackRequiresCompleteSourceInventory","Elapsed":0}
{"Time":"2026-10-08T19:12:56.507615908Z","Action":"run","Package":"go.temporal.io/server/tools/gomad3/internal/compatibilitypack","Test":"TestSelectValidatedPackRequiresApprovedPlatform"}
{"Time":"2026-10-08T19:12:56.507668033Z","Action":"output","Package":"go.temporal.io/server/tools/gomad3/internal/compatibilitypack","Test":"TestSelectValidatedPackRequiresApprovedPlatform","Output":"=== RUN   TestSelectValidatedPackRequiresApprovedPlatform\n","OutputType":"frame"}
{"Time":"2026-10-08T19:12:56.507702991Z","Action":"output","Package":"go.temporal.io/server/tools/gomad3/internal/compatibilitypack","Test":"TestSelectValidatedPackRequiresApprovedPlatform","Output":"--- PASS: TestSelectValidatedPackRequiresApprovedPlatform (0.00s)\n","OutputType":"frame"}
{"Time":"2026-10-08T19:12:56.507721158Z","Action":"pass","Package":"go.temporal.io/server/tools/gomad3/internal/compatibilitypack","Test":"TestSelectValidatedPackRequiresApprovedPlatform","Elapsed":0}
{"Time":"2026-10-08T19:12:56.50776295Z","Action":"run","Package":"go.temporal.io/server/tools/gomad3/internal/compatibilitypack","Test":"TestSelectValidatedPackRequiresApplicableRule"}
{"Time":"2026-10-08T19:12:56.507796866Z","Action":"output","Package":"go.temporal.io/server/tools/gomad3/internal/compatibilitypack","Test":"TestSelectValidatedPackRequiresApplicableRule","Output":"=== RUN   TestSelectValidatedPackRequiresApplicableRule\n","OutputType":"frame"}
{"Time":"2026-10-08T19:12:56.507939033Z","Action":"output","Package":"go.temporal.io/server/tools/gomad3/internal/compatibilitypack","Test":"TestSelectValidatedPackRequiresApplicableRule","Output":"--- PASS: TestSelectValidatedPackRequiresApplicableRule (0.00s)\n","OutputType":"frame"}
{"Time":"2026-10-08T19:12:56.508747908Z","Action":"pass","Package":"go.temporal.io/server/tools/gomad3/internal/compatibilitypack","Test":"TestSelectValidatedPackRequiresApplicableRule","Elapsed":0}
{"Time":"2026-10-08T19:12:56.508811075Z","Action":"run","Package":"go.temporal.io/server/tools/gomad3/internal/compatibilitypack","Test":"TestVerifyValidatedPackIdentitiesRejectsUnavailableOrModifiedPacks"}
{"Time":"2026-10-08T19:12:56.50886395Z","Action":"output","Package":"go.temporal.io/server/tools/gomad3/internal/compatibilitypack","Test":"TestVerifyValidatedPackIdentitiesRejectsUnavailableOrModifiedPacks","Output":"=== RUN   TestVerifyValidatedPackIdentitiesRejectsUnavailableOrModifiedPacks\n","OutputType":"frame"}
{"Time":"2026-10-08T19:12:56.508904908Z","Action":"output","Package":"go.temporal.io/server/tools/gomad3/internal/compatibilitypack","Test":"TestVerifyValidatedPackIdentitiesRejectsUnavailableOrModifiedPacks","Output":"--- PASS: TestVerifyValidatedPackIdentitiesRejectsUnavailableOrModifiedPacks (0.00s)\n","OutputType":"frame"}
{"Time":"2026-10-08T19:12:56.5090037Z","Action":"pass","Package":"go.temporal.io/server/tools/gomad3/internal/compatibilitypack","Test":"TestVerifyValidatedPackIdentitiesRejectsUnavailableOrModifiedPacks","Elapsed":0}
{"Time":"2026-10-08T19:12:56.509023033Z","Action":"run","Package":"go.temporal.io/server/tools/gomad3/internal/compatibilitypack","Test":"TestSelectBindsExactPackIdentityAndCapabilities"}
{"Time":"2026-10-08T19:12:56.50908045Z","Action":"output","Package":"go.temporal.io/server/tools/gomad3/internal/compatibilitypack","Test":"TestSelectBindsExactPackIdentityAndCapabilities","Output":"=== RUN   TestSelectBindsExactPackIdentityAndCapabilities\n","OutputType":"frame"}
{"Time":"2026-10-08T19:12:56.509112741Z","Action":"run","Package":"go.temporal.io/server/tools/gomad3/internal/compatibilitypack","Test":"TestSelectBindsExactPackIdentityAndCapabilities/modernc-libc-xsys-v047"}
{"Time":"2026-10-08T19:12:56.509132408Z","Action":"output","Package":"go.temporal.io/server/tools/gomad3/internal/compatibilitypack","Test":"TestSelectBindsExactPackIdentityAndCapabilities/modernc-libc-xsys-v047","Output":"=== RUN   TestSelectBindsExactPackIdentityAndCapabilities/modernc-libc-xsys-v047\n","OutputType":"frame"}
{"Time":"2026-10-08T19:12:56.509433325Z","Action":"output","Package":"go.temporal.io/server/tools/gomad3/internal/compatibilitypack","Test":"TestSelectBindsExactPackIdentityAndCapabilities/modernc-libc-xsys-v047","Output":"--- PASS: TestSelectBindsExactPackIdentityAndCapabilities/modernc-libc-xsys-v047 (0.02s)\n","OutputType":"frame"}
{"Time":"2026-10-08T19:12:56.509460866Z","Action":"pass","Package":"go.temporal.io/server/tools/gomad3/internal/compatibilitypack","Test":"TestSelectBindsExactPackIdentityAndCapabilities/modernc-libc-xsys-v047","Elapsed":0.02}
{"Time":"2026-10-08T19:12:56.509481783Z","Action":"run","Package":"go.temporal.io/server/tools/gomad3/internal/compatibilitypack","Test":"TestSelectBindsExactPackIdentityAndCapabilities/modernc-libc-xsys-v041"}
{"Time":"2026-10-08T19:12:56.509656491Z","Action":"output","Package":"go.temporal.io/server/tools/gomad3/internal/compatibilitypack","Test":"TestSelectBindsExactPackIdentityAndCapabilities/modernc-libc-xsys-v041","Output":"=== RUN   TestSelectBindsExactPackIdentityAndCapabilities/modernc-libc-xsys-v041\n","OutputType":"frame"}
{"Time":"2026-10-08T19:12:56.519308408Z","Action":"output","Package":"go.temporal.io/server/tools/gomad3/internal/compatibilitypack/authoring","Test":"TestGenerateAdmissionRetainsFiveDeniedHostImportsWithExactSyscallGrant/import:os/signal","Output":"--- PASS: TestGenerateAdmissionRetainsFiveDeniedHostImportsWithExactSyscallGrant/import:os/signal (0.04s)\n","OutputType":"frame"}
{"Time":"2026-10-08T19:12:56.51936345Z","Action":"pass","Package":"go.temporal.io/server/tools/gomad3/internal/compatibilitypack/authoring","Test":"TestGenerateAdmissionRetainsFiveDeniedHostImportsWithExactSyscallGrant/import:os/signal","Elapsed":0.04}
{"Time":"2026-10-08T19:12:56.519428116Z","Action":"run","Package":"go.temporal.io/server/tools/gomad3/internal/compatibilitypack/authoring","Test":"TestGenerateAdmissionRetainsFiveDeniedHostImportsWithExactSyscallGrant/import:os/user"}
{"Time":"2026-10-08T19:12:56.519498116Z","Action":"output","Package":"go.temporal.io/server/tools/gomad3/internal/compatibilitypack/authoring","Test":"TestGenerateAdmissionRetainsFiveDeniedHostImportsWithExactSyscallGrant/import:os/user","Output":"=== RUN   TestGenerateAdmissionRetainsFiveDeniedHostImportsWithExactSyscallGrant/import:os/user\n","OutputType":"frame"}
{"Time":"2026-10-08T19:12:56.522396325Z","Action":"output","Package":"go.temporal.io/server/tools/gomad3/internal/compatibilitypack","Test":"TestSelectBindsExactPackIdentityAndCapabilities/modernc-libc-xsys-v041","Output":"--- PASS: TestSelectBindsExactPackIdentityAndCapabilities/modernc-libc-xsys-v041 (0.03s)\n","OutputType":"frame"}
{"Time":"2026-10-08T19:12:56.522573325Z","Action":"pass","Package":"go.temporal.io/server/tools/gomad3/internal/compatibilitypack","Test":"TestSelectBindsExactPackIdentityAndCapabilities/modernc-libc-xsys-v041","Elapsed":0.03}
{"Time":"2026-10-08T19:12:56.522660741Z","Action":"output","Package":"go.temporal.io/server/tools/gomad3/internal/compatibilitypack","Test":"TestSelectBindsExactPackIdentityAndCapabilities","Output":"--- PASS: TestSelectBindsExactPackIdentityAndCapabilities (0.05s)\n","OutputType":"frame"}
{"Time":"2026-10-08T19:12:56.522688283Z","Action":"pass","Package":"go.temporal.io/server/tools/gomad3/internal/compatibilitypack","Test":"TestSelectBindsExactPackIdentityAndCapabilities","Elapsed":0.05}
{"Time":"2026-10-08T19:12:56.522711116Z","Action":"run","Package":"go.temporal.io/server/tools/gomad3/internal/compatibilitypack","Test":"TestSelectRequiresExactLinknameSourceIdentity"}
{"Time":"2026-10-08T19:12:56.522754116Z","Action":"output","Package":"go.temporal.io/server/tools/gomad3/internal/compatibilitypack","Test":"TestSelectRequiresExactLinknameSourceIdentity","Output":"=== RUN   TestSelectRequiresExactLinknameSourceIdentity\n","OutputType":"frame"}
{"Time":"2026-10-08T19:12:56.522421825Z","Action":"run","Package":"go.temporal.io/server/tools/gomad3/upgrade","Test":"TestRunRenderingFailurePreservesGateEvidence/boundary/write1"}
{"Time":"2026-10-08T19:12:56.522805575Z","Action":"output","Package":"go.temporal.io/server/tools/gomad3/upgrade","Test":"TestRunRenderingFailurePreservesGateEvidence/boundary/write1","Output":"=== RUN   TestRunRenderingFailurePreservesGateEvidence/boundary/write1\n","OutputType":"frame"}
{"Time":"2026-10-08T19:12:56.537975533Z","Action":"output","Package":"go.temporal.io/server/tools/gomad3/upgrade","Test":"TestRunRenderingFailurePreservesGateEvidence/boundary/write1","Output":"--- PASS: TestRunRenderingFailurePreservesGateEvidence/boundary/write1 (0.02s)\n","OutputType":"frame"}
{"Time":"2026-10-08T19:12:56.538067325Z","Action":"pass","Package":"go.temporal.io/server/tools/gomad3/upgrade","Test":"TestRunRenderingFailurePreservesGateEvidence/boundary/write1","Elapsed":0.02}
{"Time":"2026-10-08T19:12:56.541233241Z","Action":"run","Package":"go.temporal.io/server/tools/gomad3/upgrade","Test":"TestRunRenderingFailurePreservesGateEvidence/boundary/write2"}
{"Time":"2026-10-08T19:12:56.541292616Z","Action":"output","Package":"go.temporal.io/server/tools/gomad3/upgrade","Test":"TestRunRenderingFailurePreservesGateEvidence/boundary/write2","Output":"=== RUN   TestRunRenderingFailurePreservesGateEvidence/boundary/write2\n","OutputType":"frame"}
{"Time":"2026-10-08T19:12:56.541408825Z","Action":"output","Package":"go.temporal.io/server/tools/gomad3/internal/compatibilitypack","Test":"TestSelectRequiresExactLinknameSourceIdentity","Output":"--- PASS: TestSelectRequiresExactLinknameSourceIdentity (0.02s)\n","OutputType":"frame"}
{"Time":"2026-10-08T19:12:56.541453491Z","Action":"pass","Package":"go.temporal.io/server/tools/gomad3/internal/compatibilitypack","Test":"TestSelectRequiresExactLinknameSourceIdentity","Elapsed":0.02}
{"Time":"2026-10-08T19:12:56.5415657Z","Action":"run","Package":"go.temporal.io/server/tools/gomad3/internal/compatibilitypack","Test":"TestVerifyIdentitiesRejectsUnknownOrModifiedPacks"}
{"Time":"2026-10-08T19:12:56.5416157Z","Action":"output","Package":"go.temporal.io/server/tools/gomad3/internal/compatibilitypack","Test":"TestVerifyIdentitiesRejectsUnknownOrModifiedPacks","Output":"=== RUN   TestVerifyIdentitiesRejectsUnknownOrModifiedPacks\n","OutputType":"frame"}
{"Time":"2026-10-08T19:12:56.5446582Z","Action":"output","Package":"go.temporal.io/server/tools/gomad3/internal/compatibilitypack/authoring","Test":"TestGenerateAdmissionRetainsFiveDeniedHostImportsWithExactSyscallGrant/import:os/user","Output":"--- PASS: TestGenerateAdmissionRetainsFiveDeniedHostImportsWithExactSyscallGrant/import:os/user (0.03s)\n","OutputType":"frame"}
{"Time":"2026-10-08T19:12:56.544802866Z","Action":"pass","Package":"go.temporal.io/server/tools/gomad3/internal/compatibilitypack/authoring","Test":"TestGenerateAdmissionRetainsFiveDeniedHostImportsWithExactSyscallGrant/import:os/user","Elapsed":0.03}
{"Time":"2026-10-08T19:12:56.544872408Z","Action":"run","Package":"go.temporal.io/server/tools/gomad3/internal/compatibilitypack/authoring","Test":"TestGenerateAdmissionRetainsFiveDeniedHostImportsWithExactSyscallGrant/import:plugin"}
{"Time":"2026-10-08T19:12:56.544895991Z","Action":"output","Package":"go.temporal.io/server/tools/gomad3/internal/compatibilitypack/authoring","Test":"TestGenerateAdmissionRetainsFiveDeniedHostImportsWithExactSyscallGrant/import:plugin","Output":"=== RUN   TestGenerateAdmissionRetainsFiveDeniedHostImportsWithExactSyscallGrant/import:plugin\n","OutputType":"frame"}
{"Time":"2026-10-08T19:12:56.548820116Z","Action":"output","Package":"go.temporal.io/server/tools/gomad3/upgrade","Test":"TestRunRenderingFailurePreservesGateEvidence/boundary/write2","Output":"--- PASS: TestRunRenderingFailurePreservesGateEvidence/boundary/write2 (0.01s)\n","OutputType":"frame"}
{"Time":"2026-10-08T19:12:56.54919695Z","Action":"pass","Package":"go.temporal.io/server/tools/gomad3/upgrade","Test":"TestRunRenderingFailurePreservesGateEvidence/boundary/write2","Elapsed":0.01}
{"Time":"2026-10-08T19:12:56.5556042Z","Action":"output","Package":"go.temporal.io/server/tools/gomad3/upgrade","Test":"TestRunRenderingFailurePreservesGateEvidence/boundary","Output":"--- PASS: TestRunRenderingFailurePreservesGateEvidence/boundary (0.07s)\n","OutputType":"frame"}
{"Time":"2026-10-08T19:12:56.555653741Z","Action":"pass","Package":"go.temporal.io/server/tools/gomad3/upgrade","Test":"TestRunRenderingFailurePreservesGateEvidence/boundary","Elapsed":0.07}
{"Time":"2026-10-08T19:12:56.555671283Z","Action":"output","Package":"go.temporal.io/server/tools/gomad3/upgrade","Test":"TestRunRenderingFailurePreservesGateEvidence","Output":"--- PASS: TestRunRenderingFailurePreservesGateEvidence (0.99s)\n","OutputType":"frame"}
{"Time":"2026-10-08T19:12:56.555845408Z","Action":"pass","Package":"go.temporal.io/server/tools/gomad3/upgrade","Test":"TestRunRenderingFailurePreservesGateEvidence","Elapsed":0.99}
{"Time":"2026-10-08T19:12:56.556238575Z","Action":"run","Package":"go.temporal.io/server/tools/gomad3/upgrade","Test":"TestOverlayArchiveCleanupFailure"}
{"Time":"2026-10-08T19:12:56.556341866Z","Action":"output","Package":"go.temporal.io/server/tools/gomad3/upgrade","Test":"TestOverlayArchiveCleanupFailure","Output":"=== RUN   TestOverlayArchiveCleanupFailure\n","OutputType":"frame"}
{"Time":"2026-10-08T19:12:56.556444991Z","Action":"run","Package":"go.temporal.io/server/tools/gomad3/upgrade","Test":"TestOverlayArchiveCleanupFailure/read_and_close_fail"}
{"Time":"2026-10-08T19:12:56.556513866Z","Action":"output","Package":"go.temporal.io/server/tools/gomad3/upgrade","Test":"TestOverlayArchiveCleanupFailure/read_and_close_fail","Output":"=== RUN   TestOverlayArchiveCleanupFailure/read_and_close_fail\n","OutputType":"frame"}
{"Time":"2026-10-08T19:12:56.5681647Z","Action":"output","Package":"go.temporal.io/server/tools/gomad3/upgrade","Test":"TestOverlayArchiveCleanupFailure/read_and_close_fail","Output":"--- PASS: TestOverlayArchiveCleanupFailure/read_and_close_fail (0.01s)\n","OutputType":"frame"}
{"Time":"2026-10-08T19:12:56.568260991Z","Action":"pass","Package":"go.temporal.io/server/tools/gomad3/upgrade","Test":"TestOverlayArchiveCleanupFailure/read_and_close_fail","Elapsed":0.01}
{"Time":"2026-10-08T19:12:56.5683047Z","Action":"run","Package":"go.temporal.io/server/tools/gomad3/upgrade","Test":"TestOverlayArchiveCleanupFailure/tar_ends_before_stored_deflate_error"}
{"Time":"2026-10-08T19:12:56.568332575Z","Action":"output","Package":"go.temporal.io/server/tools/gomad3/upgrade","Test":"TestOverlayArchiveCleanupFailure/tar_ends_before_stored_deflate_error","Output":"=== RUN   TestOverlayArchiveCleanupFailure/tar_ends_before_stored_deflate_error\n","OutputType":"frame"}
{"Time":"2026-10-08T19:12:56.576371533Z","Action":"output","Package":"go.temporal.io/server/tools/gomad3/internal/compatibilitypack/authoring","Test":"TestGenerateAdmissionRetainsFiveDeniedHostImportsWithExactSyscallGrant/import:plugin","Output":"--- PASS: TestGenerateAdmissionRetainsFiveDeniedHostImportsWithExactSyscallGrant/import:plugin (0.03s)\n","OutputType":"frame"}
{"Time":"2026-10-08T19:12:56.576482825Z","Action":"pass","Package":"go.temporal.io/server/tools/gomad3/internal/compatibilitypack/authoring","Test":"TestGenerateAdmissionRetainsFiveDeniedHostImportsWithExactSyscallGrant/import:plugin","Elapsed":0.03}
{"Time":"2026-10-08T19:12:56.576572616Z","Action":"run","Package":"go.temporal.io/server/tools/gomad3/internal/compatibilitypack/authoring","Test":"TestGenerateAdmissionRetainsFiveDeniedHostImportsWithExactSyscallGrant/import:runtime/cgo"}
{"Time":"2026-10-08T19:12:56.576639116Z","Action":"output","Package":"go.temporal.io/server/tools/gomad3/internal/compatibilitypack/authoring","Test":"TestGenerateAdmissionRetainsFiveDeniedHostImportsWithExactSyscallGrant/import:runtime/cgo","Output":"=== RUN   TestGenerateAdmissionRetainsFiveDeniedHostImportsWithExactSyscallGrant/import:runtime/cgo\n","OutputType":"frame"}
{"Time":"2026-10-08T19:12:56.579586658Z","Action":"output","Package":"go.temporal.io/server/tools/gomad3/upgrade","Test":"TestOverlayArchiveCleanupFailure/tar_ends_before_stored_deflate_error","Output":"--- PASS: TestOverlayArchiveCleanupFailure/tar_ends_before_stored_deflate_error (0.01s)\n","OutputType":"frame"}
{"Time":"2026-10-08T19:12:56.579708116Z","Action":"pass","Package":"go.temporal.io/server/tools/gomad3/upgrade","Test":"TestOverlayArchiveCleanupFailure/tar_ends_before_stored_deflate_error","Elapsed":0.01}
{"Time":"2026-10-08T19:12:56.579774158Z","Action":"output","Package":"go.temporal.io/server/tools/gomad3/upgrade","Test":"TestOverlayArchiveCleanupFailure","Output":"--- PASS: TestOverlayArchiveCleanupFailure (0.02s)\n","OutputType":"frame"}
{"Time":"2026-10-08T19:12:56.579819241Z","Action":"pass","Package":"go.temporal.io/server/tools/gomad3/upgrade","Test":"TestOverlayArchiveCleanupFailure","Elapsed":0.02}
{"Time":"2026-10-08T19:12:56.5811867Z","Action":"run","Package":"go.temporal.io/server/tools/gomad3/upgrade","Test":"TestOverlayArchiveNilCleanupPreservesReadError"}
{"Time":"2026-10-08T19:12:56.581267825Z","Action":"output","Package":"go.temporal.io/server/tools/gomad3/upgrade","Test":"TestOverlayArchiveNilCleanupPreservesReadError","Output":"=== RUN   TestOverlayArchiveNilCleanupPreservesReadError\n","OutputType":"frame"}
{"Time":"2026-10-08T19:12:56.581876283Z","Action":"output","Package":"go.temporal.io/server/tools/gomad3/internal/compatibilitypack","Test":"TestVerifyIdentitiesRejectsUnknownOrModifiedPacks","Output":"--- PASS: TestVerifyIdentitiesRejectsUnknownOrModifiedPacks (0.04s)\n","OutputType":"frame"}
{"Time":"2026-10-08T19:12:56.581946116Z","Action":"pass","Package":"go.temporal.io/server/tools/gomad3/internal/compatibilitypack","Test":"TestVerifyIdentitiesRejectsUnknownOrModifiedPacks","Elapsed":0.04}
{"Time":"2026-10-08T19:12:56.582703325Z","Action":"run","Package":"go.temporal.io/server/tools/gomad3/internal/compatibilitypack","Test":"TestPackAdmissionRejectsFiveHostImports"}
{"Time":"2026-10-08T19:12:56.5833447Z","Action":"output","Package":"go.temporal.io/server/tools/gomad3/internal/compatibilitypack","Test":"TestPackAdmissionRejectsFiveHostImports","Output":"=== RUN   TestPackAdmissionRejectsFiveHostImports\n","OutputType":"frame"}
{"Time":"2026-10-08T19:12:56.583584283Z","Action":"run","Package":"go.temporal.io/server/tools/gomad3/internal/compatibilitypack","Test":"TestPackAdmissionRejectsFiveHostImports/import:os/exec"}
{"Time":"2026-10-08T19:12:56.587411908Z","Action":"output","Package":"go.temporal.io/server/tools/gomad3/internal/compatibilitypack","Test":"TestPackAdmissionRejectsFiveHostImports/import:os/exec","Output":"=== RUN   TestPackAdmissionRejectsFiveHostImports/import:os/exec\n","OutputType":"frame"}
{"Time":"2026-10-08T19:12:56.587601616Z","Action":"output","Package":"go.temporal.io/server/tools/gomad3/internal/compatibilitypack","Test":"TestPackAdmissionRejectsFiveHostImports/import:os/exec","Output":"--- PASS: TestPackAdmissionRejectsFiveHostImports/import:os/exec (0.00s)\n","OutputType":"frame"}
{"Time":"2026-10-08T19:12:56.587670075Z","Action":"pass","Package":"go.temporal.io/server/tools/gomad3/internal/compatibilitypack","Test":"TestPackAdmissionRejectsFiveHostImports/import:os/exec","Elapsed":0}
{"Time":"2026-10-08T19:12:56.5877277Z","Action":"run","Package":"go.temporal.io/server/tools/gomad3/internal/compatibilitypack","Test":"TestPackAdmissionRejectsFiveHostImports/import:os/signal"}
{"Time":"2026-10-08T19:12:56.587784158Z","Action":"output","Package":"go.temporal.io/server/tools/gomad3/internal/compatibilitypack","Test":"TestPackAdmissionRejectsFiveHostImports/import:os/signal","Output":"=== RUN   TestPackAdmissionRejectsFiveHostImports/import:os/signal\n","OutputType":"frame"}
{"Time":"2026-10-08T19:12:56.58790795Z","Action":"output","Package":"go.temporal.io/server/tools/gomad3/internal/compatibilitypack","Test":"TestPackAdmissionRejectsFiveHostImports/import:os/signal","Output":"--- PASS: TestPackAdmissionRejectsFiveHostImports/import:os/signal (0.00s)\n","OutputType":"frame"}
{"Time":"2026-10-08T19:12:56.589092616Z","Action":"pass","Package":"go.temporal.io/server/tools/gomad3/internal/compatibilitypack","Test":"TestPackAdmissionRejectsFiveHostImports/import:os/signal","Elapsed":0}
{"Time":"2026-10-08T19:12:56.589143533Z","Action":"run","Package":"go.temporal.io/server/tools/gomad3/internal/compatibilitypack","Test":"TestPackAdmissionRejectsFiveHostImports/import:os/user"}
{"Time":"2026-10-08T19:12:56.589206408Z","Action":"output","Package":"go.temporal.io/server/tools/gomad3/internal/compatibilitypack","Test":"TestPackAdmissionRejectsFiveHostImports/import:os/user","Output":"=== RUN   TestPackAdmissionRejectsFiveHostImports/import:os/user\n","OutputType":"frame"}
{"Time":"2026-10-08T19:12:56.589243158Z","Action":"output","Package":"go.temporal.io/server/tools/gomad3/internal/compatibilitypack","Test":"TestPackAdmissionRejectsFiveHostImports/import:os/user","Output":"--- PASS: TestPackAdmissionRejectsFiveHostImports/import:os/user (0.00s)\n","OutputType":"frame"}
{"Time":"2026-10-08T19:12:56.589384075Z","Action":"pass","Package":"go.temporal.io/server/tools/gomad3/internal/compatibilitypack","Test":"TestPackAdmissionRejectsFiveHostImports/import:os/user","Elapsed":0}
{"Time":"2026-10-08T19:12:56.589591991Z","Action":"run","Package":"go.temporal.io/server/tools/gomad3/internal/compatibilitypack","Test":"TestPackAdmissionRejectsFiveHostImports/import:plugin"}
{"Time":"2026-10-08T19:12:56.590049366Z","Action":"output","Package":"go.temporal.io/server/tools/gomad3/internal/compatibilitypack","Test":"TestPackAdmissionRejectsFiveHostImports/import:plugin","Output":"=== RUN   TestPackAdmissionRejectsFiveHostImports/import:plugin\n","OutputType":"frame"}
{"Time":"2026-10-08T19:12:56.590217116Z","Action":"output","Package":"go.temporal.io/server/tools/gomad3/internal/compatibilitypack","Test":"TestPackAdmissionRejectsFiveHostImports/import:plugin","Output":"--- PASS: TestPackAdmissionRejectsFiveHostImports/import:plugin (0.00s)\n","OutputType":"frame"}
{"Time":"2026-10-08T19:12:56.590269158Z","Action":"pass","Package":"go.temporal.io/server/tools/gomad3/internal/compatibilitypack","Test":"TestPackAdmissionRejectsFiveHostImports/import:plugin","Elapsed":0}
{"Time":"2026-10-08T19:12:56.590322366Z","Action":"run","Package":"go.temporal.io/server/tools/gomad3/internal/compatibilitypack","Test":"TestPackAdmissionRejectsFiveHostImports/import:runtime/cgo"}
{"Time":"2026-10-08T19:12:56.590688908Z","Action":"output","Package":"go.temporal.io/server/tools/gomad3/internal/compatibilitypack","Test":"TestPackAdmissionRejectsFiveHostImports/import:runtime/cgo","Output":"=== RUN   TestPackAdmissionRejectsFiveHostImports/import:runtime/cgo\n","OutputType":"frame"}
{"Time":"2026-10-08T19:12:56.5940402Z","Action":"output","Package":"go.temporal.io/server/tools/gomad3/internal/compatibilitypack","Test":"TestPackAdmissionRejectsFiveHostImports/import:runtime/cgo","Output":"--- PASS: TestPackAdmissionRejectsFiveHostImports/import:runtime/cgo (0.00s)\n","OutputType":"frame"}
{"Time":"2026-10-08T19:12:56.594673825Z","Action":"pass","Package":"go.temporal.io/server/tools/gomad3/internal/compatibilitypack","Test":"TestPackAdmissionRejectsFiveHostImports/import:runtime/cgo","Elapsed":0}
{"Time":"2026-10-08T19:12:56.594829366Z","Action":"output","Package":"go.temporal.io/server/tools/gomad3/internal/compatibilitypack","Test":"TestPackAdmissionRejectsFiveHostImports","Output":"--- PASS: TestPackAdmissionRejectsFiveHostImports (0.00s)\n","OutputType":"frame"}
{"Time":"2026-10-08T19:12:56.59558595Z","Action":"pass","Package":"go.temporal.io/server/tools/gomad3/internal/compatibilitypack","Test":"TestPackAdmissionRejectsFiveHostImports","Elapsed":0}
{"Time":"2026-10-08T19:12:56.595649533Z","Action":"run","Package":"go.temporal.io/server/tools/gomad3/internal/compatibilitypack","Test":"TestPackAdmissionPreservesStructuralAndRulePriority"}
{"Time":"2026-10-08T19:12:56.595701075Z","Action":"output","Package":"go.temporal.io/server/tools/gomad3/internal/compatibilitypack","Test":"TestPackAdmissionPreservesStructuralAndRulePriority","Output":"=== RUN   TestPackAdmissionPreservesStructuralAndRulePriority\n","OutputType":"frame"}
{"Time":"2026-10-08T19:12:56.595762325Z","Action":"run","Package":"go.temporal.io/server/tools/gomad3/internal/compatibilitypack","Test":"TestPackAdmissionPreservesStructuralAndRulePriority/later-invalid-inventory"}
{"Time":"2026-10-08T19:12:56.596103616Z","Action":"output","Package":"go.temporal.io/server/tools/gomad3/internal/compatibilitypack","Test":"TestPackAdmissionPreservesStructuralAndRulePriority/later-invalid-inventory","Output":"=== RUN   TestPackAdmissionPreservesStructuralAndRulePriority/later-invalid-inventory\n","OutputType":"frame"}
{"Time":"2026-10-08T19:12:56.596199616Z","Action":"output","Package":"go.temporal.io/server/tools/gomad3/internal/compatibilitypack","Test":"TestPackAdmissionPreservesStructuralAndRulePriority/later-invalid-inventory","Output":"--- PASS: TestPackAdmissionPreservesStructuralAndRulePriority/later-invalid-inventory (0.00s)\n","OutputType":"frame"}
{"Time":"2026-10-08T19:12:56.596240491Z","Action":"pass","Package":"go.temporal.io/server/tools/gomad3/internal/compatibilitypack","Test":"TestPackAdmissionPreservesStructuralAndRulePriority/later-invalid-inventory","Elapsed":0}
{"Time":"2026-10-08T19:12:56.596305866Z","Action":"run","Package":"go.temporal.io/server/tools/gomad3/internal/compatibilitypack","Test":"TestPackAdmissionPreservesStructuralAndRulePriority/later-prohibited-rule"}
{"Time":"2026-10-08T19:12:56.59635045Z","Action":"output","Package":"go.temporal.io/server/tools/gomad3/internal/compatibilitypack","Test":"TestPackAdmissionPreservesStructuralAndRulePriority/later-prohibited-rule","Output":"=== RUN   TestPackAdmissionPreservesStructuralAndRulePriority/later-prohibited-rule\n","OutputType":"frame"}
{"Time":"2026-10-08T19:12:56.596376783Z","Action":"output","Package":"go.temporal.io/server/tools/gomad3/internal/compatibilitypack","Test":"TestPackAdmissionPreservesStructuralAndRulePriority/later-prohibited-rule","Output":"--- PASS: TestPackAdmissionPreservesStructuralAndRulePriority/later-prohibited-rule (0.00s)\n","OutputType":"frame"}
{"Time":"2026-10-08T19:12:56.59647195Z","Action":"pass","Package":"go.temporal.io/server/tools/gomad3/internal/compatibilitypack","Test":"TestPackAdmissionPreservesStructuralAndRulePriority/later-prohibited-rule","Elapsed":0}
{"Time":"2026-10-08T19:12:56.596546158Z","Action":"run","Package":"go.temporal.io/server/tools/gomad3/internal/compatibilitypack","Test":"TestPackAdmissionPreservesStructuralAndRulePriority/first-prohibited-rule"}
{"Time":"2026-10-08T19:12:56.596612575Z","Action":"output","Package":"go.temporal.io/server/tools/gomad3/internal/compatibilitypack","Test":"TestPackAdmissionPreservesStructuralAndRulePriority/first-prohibited-rule","Output":"=== RUN   TestPackAdmissionPreservesStructuralAndRulePriority/first-prohibited-rule\n","OutputType":"frame"}
{"Time":"2026-10-08T19:12:56.596711241Z","Action":"output","Package":"go.temporal.io/server/tools/gomad3/internal/compatibilitypack","Test":"TestPackAdmissionPreservesStructuralAndRulePriority/first-prohibited-rule","Output":"--- PASS: TestPackAdmissionPreservesStructuralAndRulePriority/first-prohibited-rule (0.00s)\n","OutputType":"frame"}
{"Time":"2026-10-08T19:12:56.596762116Z","Action":"pass","Package":"go.temporal.io/server/tools/gomad3/internal/compatibilitypack","Test":"TestPackAdmissionPreservesStructuralAndRulePriority/first-prohibited-rule","Elapsed":0}
{"Time":"2026-10-08T19:12:56.5972012Z","Action":"run","Package":"go.temporal.io/server/tools/gomad3/internal/compatibilitypack","Test":"TestPackAdmissionPreservesStructuralAndRulePriority/capability-order"}
{"Time":"2026-10-08T19:12:56.597240116Z","Action":"output","Package":"go.temporal.io/server/tools/gomad3/internal/compatibilitypack","Test":"TestPackAdmissionPreservesStructuralAndRulePriority/capability-order","Output":"=== RUN   TestPackAdmissionPreservesStructuralAndRulePriority/capability-order\n","OutputType":"frame"}
{"Time":"2026-10-08T19:12:56.597265241Z","Action":"output","Package":"go.temporal.io/server/tools/gomad3/internal/compatibilitypack","Test":"TestPackAdmissionPreservesStructuralAndRulePriority/capability-order","Output":"--- PASS: TestPackAdmissionPreservesStructuralAndRulePriority/capability-order (0.00s)\n","OutputType":"frame"}
{"Time":"2026-10-08T19:12:56.59728445Z","Action":"pass","Package":"go.temporal.io/server/tools/gomad3/internal/compatibilitypack","Test":"TestPackAdmissionPreservesStructuralAndRulePriority/capability-order","Elapsed":0}
{"Time":"2026-10-08T19:12:56.597366075Z","Action":"run","Package":"go.temporal.io/server/tools/gomad3/internal/compatibilitypack","Test":"TestPackAdmissionPreservesStructuralAndRulePriority/existing-ban-before-new-ban"}
{"Time":"2026-10-08T19:12:56.597395991Z","Action":"output","Package":"go.temporal.io/server/tools/gomad3/internal/compatibilitypack","Test":"TestPackAdmissionPreservesStructuralAndRulePriority/existing-ban-before-new-ban","Output":"=== RUN   TestPackAdmissionPreservesStructuralAndRulePriority/existing-ban-before-new-ban\n","OutputType":"frame"}
{"Time":"2026-10-08T19:12:56.597552491Z","Action":"output","Package":"go.temporal.io/server/tools/gomad3/internal/compatibilitypack","Test":"TestPackAdmissionPreservesStructuralAndRulePriority/existing-ban-before-new-ban","Output":"--- PASS: TestPackAdmissionPreservesStructuralAndRulePriority/existing-ban-before-new-ban (0.00s)\n","OutputType":"frame"}
{"Time":"2026-10-08T19:12:56.597600783Z","Action":"pass","Package":"go.temporal.io/server/tools/gomad3/internal/compatibilitypack","Test":"TestPackAdmissionPreservesStructuralAndRulePriority/existing-ban-before-new-ban","Elapsed":0}
{"Time":"2026-10-08T19:12:56.597622325Z","Action":"run","Package":"go.temporal.io/server/tools/gomad3/internal/compatibilitypack","Test":"TestPackAdmissionPreservesStructuralAndRulePriority/unsorted-capabilities"}
{"Time":"2026-10-08T19:12:56.597674741Z","Action":"output","Package":"go.temporal.io/server/tools/gomad3/internal/compatibilitypack","Test":"TestPackAdmissionPreservesStructuralAndRulePriority/unsorted-capabilities","Output":"=== RUN   TestPackAdmissionPreservesStructuralAndRulePriority/unsorted-capabilities\n","OutputType":"frame"}
{"Time":"2026-10-08T19:12:56.597720825Z","Action":"output","Package":"go.temporal.io/server/tools/gomad3/internal/compatibilitypack","Test":"TestPackAdmissionPreservesStructuralAndRulePriority/unsorted-capabilities","Output":"--- PASS: TestPackAdmissionPreservesStructuralAndRulePriority/unsorted-capabilities (0.00s)\n","OutputType":"frame"}
{"Time":"2026-10-08T19:12:56.597744033Z","Action":"pass","Package":"go.temporal.io/server/tools/gomad3/internal/compatibilitypack","Test":"TestPackAdmissionPreservesStructuralAndRulePriority/unsorted-capabilities","Elapsed":0}
{"Time":"2026-10-08T19:12:56.5977992Z","Action":"output","Package":"go.temporal.io/server/tools/gomad3/internal/compatibilitypack","Test":"TestPackAdmissionPreservesStructuralAndRulePriority","Output":"--- PASS: TestPackAdmissionPreservesStructuralAndRulePriority (0.00s)\n","OutputType":"frame"}
{"Time":"2026-10-08T19:12:56.597824741Z","Action":"pass","Package":"go.temporal.io/server/tools/gomad3/internal/compatibilitypack","Test":"TestPackAdmissionPreservesStructuralAndRulePriority","Elapsed":0}
{"Time":"2026-10-08T19:12:56.597840866Z","Action":"run","Package":"go.temporal.io/server/tools/gomad3/internal/compatibilitypack","Test":"TestPackAdmissionRevalidatesUnselectedTokens"}
{"Time":"2026-10-08T19:12:56.597857116Z","Action":"output","Package":"go.temporal.io/server/tools/gomad3/internal/compatibilitypack","Test":"TestPackAdmissionRevalidatesUnselectedTokens","Output":"=== RUN   TestPackAdmissionRevalidatesUnselectedTokens\n","OutputType":"frame"}
{"Time":"2026-10-08T19:12:56.597899866Z","Action":"run","Package":"go.temporal.io/server/tools/gomad3/internal/compatibilitypack","Test":"TestPackAdmissionRevalidatesUnselectedTokens/import:os/exec"}
{"Time":"2026-10-08T19:12:56.597938575Z","Action":"output","Package":"go.temporal.io/server/tools/gomad3/internal/compatibilitypack","Test":"TestPackAdmissionRevalidatesUnselectedTokens/import:os/exec","Output":"=== RUN   TestPackAdmissionRevalidatesUnselectedTokens/import:os/exec\n","OutputType":"frame"}
{"Time":"2026-10-08T19:12:56.597962116Z","Action":"output","Package":"go.temporal.io/server/tools/gomad3/internal/compatibilitypack","Test":"TestPackAdmissionRevalidatesUnselectedTokens/import:os/exec","Output":"--- PASS: TestPackAdmissionRevalidatesUnselectedTokens/import:os/exec (0.00s)\n","OutputType":"frame"}
{"Time":"2026-10-08T19:12:56.598239116Z","Action":"pass","Package":"go.temporal.io/server/tools/gomad3/internal/compatibilitypack","Test":"TestPackAdmissionRevalidatesUnselectedTokens/import:os/exec","Elapsed":0}
{"Time":"2026-10-08T19:12:56.5982682Z","Action":"run","Package":"go.temporal.io/server/tools/gomad3/internal/compatibilitypack","Test":"TestPackAdmissionRevalidatesUnselectedTokens/import:os/signal"}
{"Time":"2026-10-08T19:12:56.598311366Z","Action":"output","Package":"go.temporal.io/server/tools/gomad3/internal/compatibilitypack","Test":"TestPackAdmissionRevalidatesUnselectedTokens/import:os/signal","Output":"=== RUN   TestPackAdmissionRevalidatesUnselectedTokens/import:os/signal\n","OutputType":"frame"}
{"Time":"2026-10-08T19:12:56.598607825Z","Action":"output","Package":"go.temporal.io/server/tools/gomad3/internal/compatibilitypack","Test":"TestPackAdmissionRevalidatesUnselectedTokens/import:os/signal","Output":"--- PASS: TestPackAdmissionRevalidatesUnselectedTokens/import:os/signal (0.00s)\n","OutputType":"frame"}
{"Time":"2026-10-08T19:12:56.59912995Z","Action":"pass","Package":"go.temporal.io/server/tools/gomad3/internal/compatibilitypack","Test":"TestPackAdmissionRevalidatesUnselectedTokens/import:os/signal","Elapsed":0}
{"Time":"2026-10-08T19:12:56.599175533Z","Action":"run","Package":"go.temporal.io/server/tools/gomad3/internal/compatibilitypack","Test":"TestPackAdmissionRevalidatesUnselectedTokens/import:os/user"}
{"Time":"2026-10-08T19:12:56.599215991Z","Action":"output","Package":"go.temporal.io/server/tools/gomad3/internal/compatibilitypack","Test":"TestPackAdmissionRevalidatesUnselectedTokens/import:os/user","Output":"=== RUN   TestPackAdmissionRevalidatesUnselectedTokens/import:os/user\n","OutputType":"frame"}
{"Time":"2026-10-08T19:12:56.599259741Z","Action":"output","Package":"go.temporal.io/server/tools/gomad3/internal/compatibilitypack","Test":"TestPackAdmissionRevalidatesUnselectedTokens/import:os/user","Output":"--- PASS: TestPackAdmissionRevalidatesUnselectedTokens/import:os/user (0.00s)\n","OutputType":"frame"}
{"Time":"2026-10-08T19:12:56.5993732Z","Action":"pass","Package":"go.temporal.io/server/tools/gomad3/internal/compatibilitypack","Test":"TestPackAdmissionRevalidatesUnselectedTokens/import:os/user","Elapsed":0}
{"Time":"2026-10-08T19:12:56.599392241Z","Action":"run","Package":"go.temporal.io/server/tools/gomad3/internal/compatibilitypack","Test":"TestPackAdmissionRevalidatesUnselectedTokens/import:plugin"}
{"Time":"2026-10-08T19:12:56.599448033Z","Action":"output","Package":"go.temporal.io/server/tools/gomad3/internal/compatibilitypack","Test":"TestPackAdmissionRevalidatesUnselectedTokens/import:plugin","Output":"=== RUN   TestPackAdmissionRevalidatesUnselectedTokens/import:plugin\n","OutputType":"frame"}
{"Time":"2026-10-08T19:12:56.599724741Z","Action":"output","Package":"go.temporal.io/server/tools/gomad3/internal/compatibilitypack","Test":"TestPackAdmissionRevalidatesUnselectedTokens/import:plugin","Output":"--- PASS: TestPackAdmissionRevalidatesUnselectedTokens/import:plugin (0.00s)\n","OutputType":"frame"}
{"Time":"2026-10-08T19:12:56.60004295Z","Action":"pass","Package":"go.temporal.io/server/tools/gomad3/internal/compatibilitypack","Test":"TestPackAdmissionRevalidatesUnselectedTokens/import:plugin","Elapsed":0}
{"Time":"2026-10-08T19:12:56.600101908Z","Action":"run","Package":"go.temporal.io/server/tools/gomad3/internal/compatibilitypack","Test":"TestPackAdmissionRevalidatesUnselectedTokens/import:runtime/cgo"}
{"Time":"2026-10-08T19:12:56.600133533Z","Action":"output","Package":"go.temporal.io/server/tools/gomad3/internal/compatibilitypack","Test":"TestPackAdmissionRevalidatesUnselectedTokens/import:runtime/cgo","Output":"=== RUN   TestPackAdmissionRevalidatesUnselectedTokens/import:runtime/cgo\n","OutputType":"frame"}
{"Time":"2026-10-08T19:12:56.600189075Z","Action":"output","Package":"go.temporal.io/server/tools/gomad3/internal/compatibilitypack","Test":"TestPackAdmissionRevalidatesUnselectedTokens/import:runtime/cgo","Output":"--- PASS: TestPackAdmissionRevalidatesUnselectedTokens/import:runtime/cgo (0.00s)\n","OutputType":"frame"}
{"Time":"2026-10-08T19:12:56.600663366Z","Action":"pass","Package":"go.temporal.io/server/tools/gomad3/internal/compatibilitypack","Test":"TestPackAdmissionRevalidatesUnselectedTokens/import:runtime/cgo","Elapsed":0}
{"Time":"2026-10-08T19:12:56.599633741Z","Action":"output","Package":"go.temporal.io/server/tools/gomad3/upgrade","Test":"TestOverlayArchiveNilCleanupPreservesReadError","Output":"--- PASS: TestOverlayArchiveNilCleanupPreservesReadError (0.02s)\n","OutputType":"frame"}
{"Time":"2026-10-08T19:12:56.600731533Z","Action":"pass","Package":"go.temporal.io/server/tools/gomad3/upgrade","Test":"TestOverlayArchiveNilCleanupPreservesReadError","Elapsed":0.02}
{"Time":"2026-10-08T19:12:56.600765991Z","Action":"run","Package":"go.temporal.io/server/tools/gomad3/upgrade","Test":"TestLegacyRegularOverlayArchive"}
{"Time":"2026-10-08T19:12:56.600818283Z","Action":"output","Package":"go.temporal.io/server/tools/gomad3/upgrade","Test":"TestLegacyRegularOverlayArchive","Output":"=== RUN   TestLegacyRegularOverlayArchive\n","OutputType":"frame"}
{"Time":"2026-10-08T19:12:56.600862825Z","Action":"run","Package":"go.temporal.io/server/tools/gomad3/upgrade","Test":"TestLegacyRegularOverlayArchive/go/src/os/gomad.go"}
{"Time":"2026-10-08T19:12:56.602449241Z","Action":"output","Package":"go.temporal.io/server/tools/gomad3/upgrade","Test":"TestLegacyRegularOverlayArchive/go/src/os/gomad.go","Output":"=== RUN   TestLegacyRegularOverlayArchive/go/src/os/gomad.go\n","OutputType":"frame"}
{"Time":"2026-10-08T19:12:56.600719616Z","Action":"output","Package":"go.temporal.io/server/tools/gomad3/internal/compatibilitypack","Test":"TestPackAdmissionRevalidatesUnselectedTokens","Output":"--- PASS: TestPackAdmissionRevalidatesUnselectedTokens (0.00s)\n","OutputType":"frame"}
{"Time":"2026-10-08T19:12:56.602602075Z","Action":"pass","Package":"go.temporal.io/server/tools/gomad3/internal/compatibilitypack","Test":"TestPackAdmissionRevalidatesUnselectedTokens","Elapsed":0}
{"Time":"2026-10-08T19:12:56.602629741Z","Action":"run","Package":"go.temporal.io/server/tools/gomad3/internal/compatibilitypack","Test":"TestPackAdmissionPreservesEarlierPackErrors"}
{"Time":"2026-10-08T19:12:56.602662825Z","Action":"output","Package":"go.temporal.io/server/tools/gomad3/internal/compatibilitypack","Test":"TestPackAdmissionPreservesEarlierPackErrors","Output":"=== RUN   TestPackAdmissionPreservesEarlierPackErrors\n","OutputType":"frame"}
{"Time":"2026-10-08T19:12:56.602685283Z","Action":"run","Package":"go.temporal.io/server/tools/gomad3/internal/compatibilitypack","Test":"TestPackAdmissionPreservesEarlierPackErrors/digest"}
{"Time":"2026-10-08T19:12:56.602707783Z","Action":"output","Package":"go.temporal.io/server/tools/gomad3/internal/compatibilitypack","Test":"TestPackAdmissionPreservesEarlierPackErrors/digest","Output":"=== RUN   TestPackAdmissionPreservesEarlierPackErrors/digest\n","OutputType":"frame"}
{"Time":"2026-10-08T19:12:56.602735825Z","Action":"output","Package":"go.temporal.io/server/tools/gomad3/internal/compatibilitypack","Test":"TestPackAdmissionPreservesEarlierPackErrors/digest","Output":"--- PASS: TestPackAdmissionPreservesEarlierPackErrors/digest (0.00s)\n","OutputType":"frame"}
{"Time":"2026-10-08T19:12:56.602769616Z","Action":"pass","Package":"go.temporal.io/server/tools/gomad3/internal/compatibilitypack","Test":"TestPackAdmissionPreservesEarlierPackErrors/digest","Elapsed":0}
{"Time":"2026-10-08T19:12:56.602794783Z","Action":"run","Package":"go.temporal.io/server/tools/gomad3/internal/compatibilitypack","Test":"TestPackAdmissionPreservesEarlierPackErrors/duplicate"}
{"Time":"2026-10-08T19:12:56.602817283Z","Action":"output","Package":"go.temporal.io/server/tools/gomad3/internal/compatibilitypack","Test":"TestPackAdmissionPreservesEarlierPackErrors/duplicate","Output":"=== RUN   TestPackAdmissionPreservesEarlierPackErrors/duplicate\n","OutputType":"frame"}
{"Time":"2026-10-08T19:12:56.602860491Z","Action":"output","Package":"go.temporal.io/server/tools/gomad3/internal/compatibilitypack","Test":"TestPackAdmissionPreservesEarlierPackErrors/duplicate","Output":"--- PASS: TestPackAdmissionPreservesEarlierPackErrors/duplicate (0.00s)\n","OutputType":"frame"}
{"Time":"2026-10-08T19:12:56.602893366Z","Action":"pass","Package":"go.temporal.io/server/tools/gomad3/internal/compatibilitypack","Test":"TestPackAdmissionPreservesEarlierPackErrors/duplicate","Elapsed":0}
{"Time":"2026-10-08T19:12:56.602907866Z","Action":"output","Package":"go.temporal.io/server/tools/gomad3/internal/compatibilitypack","Test":"TestPackAdmissionPreservesEarlierPackErrors","Output":"--- PASS: TestPackAdmissionPreservesEarlierPackErrors (0.00s)\n","OutputType":"frame"}
{"Time":"2026-10-08T19:12:56.60292695Z","Action":"pass","Package":"go.temporal.io/server/tools/gomad3/internal/compatibilitypack","Test":"TestPackAdmissionPreservesEarlierPackErrors","Elapsed":0}
{"Time":"2026-10-08T19:12:56.602956283Z","Action":"run","Package":"go.temporal.io/server/tools/gomad3/internal/compatibilitypack","Test":"TestPackAdmissionPreservesOtherCapabilities"}
{"Time":"2026-10-08T19:12:56.602987575Z","Action":"output","Package":"go.temporal.io/server/tools/gomad3/internal/compatibilitypack","Test":"TestPackAdmissionPreservesOtherCapabilities","Output":"=== RUN   TestPackAdmissionPreservesOtherCapabilities\n","OutputType":"frame"}
{"Time":"2026-10-08T19:12:56.602997991Z","Action":"run","Package":"go.temporal.io/server/tools/gomad3/internal/compatibilitypack","Test":"TestPackAdmissionPreservesOtherCapabilities/import:syscall"}
{"Time":"2026-10-08T19:12:56.603017825Z","Action":"output","Package":"go.temporal.io/server/tools/gomad3/internal/compatibilitypack","Test":"TestPackAdmissionPreservesOtherCapabilities/import:syscall","Output":"=== RUN   TestPackAdmissionPreservesOtherCapabilities/import:syscall\n","OutputType":"frame"}
{"Time":"2026-10-08T19:12:56.603031783Z","Action":"output","Package":"go.temporal.io/server/tools/gomad3/internal/compatibilitypack","Test":"TestPackAdmissionPreservesOtherCapabilities/import:syscall","Output":"--- PASS: TestPackAdmissionPreservesOtherCapabilities/import:syscall (0.00s)\n","OutputType":"frame"}
{"Time":"2026-10-08T19:12:56.603047575Z","Action":"pass","Package":"go.temporal.io/server/tools/gomad3/internal/compatibilitypack","Test":"TestPackAdmissionPreservesOtherCapabilities/import:syscall","Elapsed":0}
{"Time":"2026-10-08T19:12:56.603062533Z","Action":"run","Package":"go.temporal.io/server/tools/gomad3/internal/compatibilitypack","Test":"TestPackAdmissionPreservesOtherCapabilities/import:future/capability"}
{"Time":"2026-10-08T19:12:56.603078783Z","Action":"output","Package":"go.temporal.io/server/tools/gomad3/internal/compatibilitypack","Test":"TestPackAdmissionPreservesOtherCapabilities/import:future/capability","Output":"=== RUN   TestPackAdmissionPreservesOtherCapabilities/import:future/capability\n","OutputType":"frame"}
{"Time":"2026-10-08T19:12:56.603093116Z","Action":"output","Package":"go.temporal.io/server/tools/gomad3/internal/compatibilitypack","Test":"TestPackAdmissionPreservesOtherCapabilities/import:future/capability","Output":"--- PASS: TestPackAdmissionPreservesOtherCapabilities/import:future/capability (0.00s)\n","OutputType":"frame"}
{"Time":"2026-10-08T19:12:56.603123491Z","Action":"pass","Package":"go.temporal.io/server/tools/gomad3/internal/compatibilitypack","Test":"TestPackAdmissionPreservesOtherCapabilities/import:future/capability","Elapsed":0}
{"Time":"2026-10-08T19:12:56.603143241Z","Action":"run","Package":"go.temporal.io/server/tools/gomad3/internal/compatibilitypack","Test":"TestPackAdmissionPreservesOtherCapabilities/import:plugin/subpackage"}
{"Time":"2026-10-08T19:12:56.603159408Z","Action":"output","Package":"go.temporal.io/server/tools/gomad3/internal/compatibilitypack","Test":"TestPackAdmissionPreservesOtherCapabilities/import:plugin/subpackage","Output":"=== RUN   TestPackAdmissionPreservesOtherCapabilities/import:plugin/subpackage\n","OutputType":"frame"}
{"Time":"2026-10-08T19:12:56.603179241Z","Action":"output","Package":"go.temporal.io/server/tools/gomad3/internal/compatibilitypack","Test":"TestPackAdmissionPreservesOtherCapabilities/import:plugin/subpackage","Output":"--- PASS: TestPackAdmissionPreservesOtherCapabilities/import:plugin/subpackage (0.00s)\n","OutputType":"frame"}
{"Time":"2026-10-08T19:12:56.603199575Z","Action":"pass","Package":"go.temporal.io/server/tools/gomad3/internal/compatibilitypack","Test":"TestPackAdmissionPreservesOtherCapabilities/import:plugin/subpackage","Elapsed":0}
{"Time":"2026-10-08T19:12:56.603237783Z","Action":"run","Package":"go.temporal.io/server/tools/gomad3/internal/compatibilitypack","Test":"TestPackAdmissionPreservesOtherCapabilities/foreign:cgo:native.c"}
{"Time":"2026-10-08T19:12:56.603261158Z","Action":"output","Package":"go.temporal.io/server/tools/gomad3/internal/compatibilitypack","Test":"TestPackAdmissionPreservesOtherCapabilities/foreign:cgo:native.c","Output":"=== RUN   TestPackAdmissionPreservesOtherCapabilities/foreign:cgo:native.c\n","OutputType":"frame"}
{"Time":"2026-10-08T19:12:56.603283825Z","Action":"output","Package":"go.temporal.io/server/tools/gomad3/internal/compatibilitypack","Test":"TestPackAdmissionPreservesOtherCapabilities/foreign:cgo:native.c","Output":"--- PASS: TestPackAdmissionPreservesOtherCapabilities/foreign:cgo:native.c (0.00s)\n","OutputType":"frame"}
{"Time":"2026-10-08T19:12:56.60329495Z","Action":"pass","Package":"go.temporal.io/server/tools/gomad3/internal/compatibilitypack","Test":"TestPackAdmissionPreservesOtherCapabilities/foreign:cgo:native.c","Elapsed":0}
{"Time":"2026-10-08T19:12:56.603304075Z","Action":"output","Package":"go.temporal.io/server/tools/gomad3/internal/compatibilitypack","Test":"TestPackAdmissionPreservesOtherCapabilities","Output":"--- PASS: TestPackAdmissionPreservesOtherCapabilities (0.00s)\n","OutputType":"frame"}
{"Time":"2026-10-08T19:12:56.603313491Z","Action":"pass","Package":"go.temporal.io/server/tools/gomad3/internal/compatibilitypack","Test":"TestPackAdmissionPreservesOtherCapabilities","Elapsed":0}
{"Time":"2026-10-08T19:12:56.603321366Z","Action":"run","Package":"go.temporal.io/server/tools/gomad3/internal/compatibilitypack","Test":"TestGovernanceReviewTimePreservesGrammarAndPrecedence"}
{"Time":"2026-10-08T19:12:56.603330533Z","Action":"output","Package":"go.temporal.io/server/tools/gomad3/internal/compatibilitypack","Test":"TestGovernanceReviewTimePreservesGrammarAndPrecedence","Output":"=== RUN   TestGovernanceReviewTimePreservesGrammarAndPrecedence\n","OutputType":"frame"}
{"Time":"2026-10-08T19:12:56.603339783Z","Action":"output","Package":"go.temporal.io/server/tools/gomad3/internal/compatibilitypack","Test":"TestGovernanceReviewTimePreservesGrammarAndPrecedence","Output":"--- PASS: TestGovernanceReviewTimePreservesGrammarAndPrecedence (0.00s)\n","OutputType":"frame"}
{"Time":"2026-10-08T19:12:56.603348283Z","Action":"pass","Package":"go.temporal.io/server/tools/gomad3/internal/compatibilitypack","Test":"TestGovernanceReviewTimePreservesGrammarAndPrecedence","Elapsed":0}
{"Time":"2026-10-08T19:12:56.603356616Z","Action":"run","Package":"go.temporal.io/server/tools/gomad3/internal/compatibilitypack","Test":"TestGovernanceFullPackPreservesCanonicalBytesAndTimestampSpelling"}
{"Time":"2026-10-08T19:12:56.603364866Z","Action":"output","Package":"go.temporal.io/server/tools/gomad3/internal/compatibilitypack","Test":"TestGovernanceFullPackPreservesCanonicalBytesAndTimestampSpelling","Output":"=== RUN   TestGovernanceFullPackPreservesCanonicalBytesAndTimestampSpelling\n","OutputType":"frame"}
{"Time":"2026-10-08T19:12:56.603374575Z","Action":"output","Package":"go.temporal.io/server/tools/gomad3/internal/compatibilitypack","Test":"TestGovernanceFullPackPreservesCanonicalBytesAndTimestampSpelling","Output":"--- PASS: TestGovernanceFullPackPreservesCanonicalBytesAndTimestampSpelling (0.00s)\n","OutputType":"frame"}
{"Time":"2026-10-08T19:12:56.603393658Z","Action":"pass","Package":"go.temporal.io/server/tools/gomad3/internal/compatibilitypack","Test":"TestGovernanceFullPackPreservesCanonicalBytesAndTimestampSpelling","Elapsed":0}
{"Time":"2026-10-08T19:12:56.6034067Z","Action":"run","Package":"go.temporal.io/server/tools/gomad3/internal/compatibilitypack","Test":"TestGovernanceValidationRetainsCompleteErrorPrecedence"}
{"Time":"2026-10-08T19:12:56.6034197Z","Action":"output","Package":"go.temporal.io/server/tools/gomad3/internal/compatibilitypack","Test":"TestGovernanceValidationRetainsCompleteErrorPrecedence","Output":"=== RUN   TestGovernanceValidationRetainsCompleteErrorPrecedence\n","OutputType":"frame"}
{"Time":"2026-10-08T19:12:56.603440075Z","Action":"run","Package":"go.temporal.io/server/tools/gomad3/internal/compatibilitypack","Test":"TestGovernanceValidationRetainsCompleteErrorPrecedence/owner"}
{"Time":"2026-10-08T19:12:56.6034487Z","Action":"output","Package":"go.temporal.io/server/tools/gomad3/internal/compatibilitypack","Test":"TestGovernanceValidationRetainsCompleteErrorPrecedence/owner","Output":"=== RUN   TestGovernanceValidationRetainsCompleteErrorPrecedence/owner\n","OutputType":"frame"}
{"Time":"2026-10-08T19:12:56.603472783Z","Action":"output","Package":"go.temporal.io/server/tools/gomad3/internal/compatibilitypack","Test":"TestGovernanceValidationRetainsCompleteErrorPrecedence/owner","Output":"--- PASS: TestGovernanceValidationRetainsCompleteErrorPrecedence/owner (0.00s)\n","OutputType":"frame"}
{"Time":"2026-10-08T19:12:56.603480866Z","Action":"pass","Package":"go.temporal.io/server/tools/gomad3/internal/compatibilitypack","Test":"TestGovernanceValidationRetainsCompleteErrorPrecedence/owner","Elapsed":0}
{"Time":"2026-10-08T19:12:56.603488616Z","Action":"run","Package":"go.temporal.io/server/tools/gomad3/internal/compatibilitypack","Test":"TestGovernanceValidationRetainsCompleteErrorPrecedence/justification"}
{"Time":"2026-10-08T19:12:56.603496575Z","Action":"output","Package":"go.temporal.io/server/tools/gomad3/internal/compatibilitypack","Test":"TestGovernanceValidationRetainsCompleteErrorPrecedence/justification","Output":"=== RUN   TestGovernanceValidationRetainsCompleteErrorPrecedence/justification\n","OutputType":"frame"}
{"Time":"2026-10-08T19:12:56.603504741Z","Action":"output","Package":"go.temporal.io/server/tools/gomad3/internal/compatibilitypack","Test":"TestGovernanceValidationRetainsCompleteErrorPrecedence/justification","Output":"--- PASS: TestGovernanceValidationRetainsCompleteErrorPrecedence/justification (0.00s)\n","OutputType":"frame"}
{"Time":"2026-10-08T19:12:56.60351245Z","Action":"pass","Package":"go.temporal.io/server/tools/gomad3/internal/compatibilitypack","Test":"TestGovernanceValidationRetainsCompleteErrorPrecedence/justification","Elapsed":0}
{"Time":"2026-10-08T19:12:56.603525366Z","Action":"run","Package":"go.temporal.io/server/tools/gomad3/internal/compatibilitypack","Test":"TestGovernanceValidationRetainsCompleteErrorPrecedence/time"}
{"Time":"2026-10-08T19:12:56.60353395Z","Action":"output","Package":"go.temporal.io/server/tools/gomad3/internal/compatibilitypack","Test":"TestGovernanceValidationRetainsCompleteErrorPrecedence/time","Output":"=== RUN   TestGovernanceValidationRetainsCompleteErrorPrecedence/time\n","OutputType":"frame"}
{"Time":"2026-10-08T19:12:56.603553991Z","Action":"output","Package":"go.temporal.io/server/tools/gomad3/internal/compatibilitypack","Test":"TestGovernanceValidationRetainsCompleteErrorPrecedence/time","Output":"--- PASS: TestGovernanceValidationRetainsCompleteErrorPrecedence/time (0.00s)\n","OutputType":"frame"}
{"Time":"2026-10-08T19:12:56.603575783Z","Action":"pass","Package":"go.temporal.io/server/tools/gomad3/internal/compatibilitypack","Test":"TestGovernanceValidationRetainsCompleteErrorPrecedence/time","Elapsed":0}
{"Time":"2026-10-08T19:12:56.603596366Z","Action":"run","Package":"go.temporal.io/server/tools/gomad3/internal/compatibilitypack","Test":"TestGovernanceValidationRetainsCompleteErrorPrecedence/workloads"}
{"Time":"2026-10-08T19:12:56.60361445Z","Action":"output","Package":"go.temporal.io/server/tools/gomad3/internal/compatibilitypack","Test":"TestGovernanceValidationRetainsCompleteErrorPrecedence/workloads","Output":"=== RUN   TestGovernanceValidationRetainsCompleteErrorPrecedence/workloads\n","OutputType":"frame"}
{"Time":"2026-10-08T19:12:56.603627616Z","Action":"output","Package":"go.temporal.io/server/tools/gomad3/internal/compatibilitypack","Test":"TestGovernanceValidationRetainsCompleteErrorPrecedence/workloads","Output":"--- PASS: TestGovernanceValidationRetainsCompleteErrorPrecedence/workloads (0.00s)\n","OutputType":"frame"}
{"Time":"2026-10-08T19:12:56.603636241Z","Action":"pass","Package":"go.temporal.io/server/tools/gomad3/internal/compatibilitypack","Test":"TestGovernanceValidationRetainsCompleteErrorPrecedence/workloads","Elapsed":0}
{"Time":"2026-10-08T19:12:56.603645533Z","Action":"run","Package":"go.temporal.io/server/tools/gomad3/internal/compatibilitypack","Test":"TestGovernanceValidationRetainsCompleteErrorPrecedence/platforms"}
{"Time":"2026-10-08T19:12:56.603653533Z","Action":"output","Package":"go.temporal.io/server/tools/gomad3/internal/compatibilitypack","Test":"TestGovernanceValidationRetainsCompleteErrorPrecedence/platforms","Output":"=== RUN   TestGovernanceValidationRetainsCompleteErrorPrecedence/platforms\n","OutputType":"frame"}
{"Time":"2026-10-08T19:12:56.603662991Z","Action":"output","Package":"go.temporal.io/server/tools/gomad3/internal/compatibilitypack","Test":"TestGovernanceValidationRetainsCompleteErrorPrecedence/platforms","Output":"--- PASS: TestGovernanceValidationRetainsCompleteErrorPrecedence/platforms (0.00s)\n","OutputType":"frame"}
{"Time":"2026-10-08T19:12:56.603672033Z","Action":"pass","Package":"go.temporal.io/server/tools/gomad3/internal/compatibilitypack","Test":"TestGovernanceValidationRetainsCompleteErrorPrecedence/platforms","Elapsed":0}
{"Time":"2026-10-08T19:12:56.603679783Z","Action":"run","Package":"go.temporal.io/server/tools/gomad3/internal/compatibilitypack","Test":"TestGovernanceValidationRetainsCompleteErrorPrecedence/approval"}
{"Time":"2026-10-08T19:12:56.603687241Z","Action":"output","Package":"go.temporal.io/server/tools/gomad3/internal/compatibilitypack","Test":"TestGovernanceValidationRetainsCompleteErrorPrecedence/approval","Output":"=== RUN   TestGovernanceValidationRetainsCompleteErrorPrecedence/approval\n","OutputType":"frame"}
{"Time":"2026-10-08T19:12:56.603695116Z","Action":"output","Package":"go.temporal.io/server/tools/gomad3/internal/compatibilitypack","Test":"TestGovernanceValidationRetainsCompleteErrorPrecedence/approval","Output":"--- PASS: TestGovernanceValidationRetainsCompleteErrorPrecedence/approval (0.00s)\n","OutputType":"frame"}
{"Time":"2026-10-08T19:12:56.603702866Z","Action":"pass","Package":"go.temporal.io/server/tools/gomad3/internal/compatibilitypack","Test":"TestGovernanceValidationRetainsCompleteErrorPrecedence/approval","Elapsed":0}
{"Time":"2026-10-08T19:12:56.603710991Z","Action":"output","Package":"go.temporal.io/server/tools/gomad3/internal/compatibilitypack","Test":"TestGovernanceValidationRetainsCompleteErrorPrecedence","Output":"--- PASS: TestGovernanceValidationRetainsCompleteErrorPrecedence (0.00s)\n","OutputType":"frame"}
{"Time":"2026-10-08T19:12:56.60372145Z","Action":"pass","Package":"go.temporal.io/server/tools/gomad3/internal/compatibilitypack","Test":"TestGovernanceValidationRetainsCompleteErrorPrecedence","Elapsed":0}
{"Time":"2026-10-08T19:12:56.603740491Z","Action":"run","Package":"go.temporal.io/server/tools/gomad3/internal/compatibilitypack","Test":"TestHostPacksBindCurrentProfile"}
{"Time":"2026-10-08T19:12:56.603757491Z","Action":"output","Package":"go.temporal.io/server/tools/gomad3/internal/compatibilitypack","Test":"TestHostPacksBindCurrentProfile","Output":"=== RUN   TestHostPacksBindCurrentProfile\n","OutputType":"frame"}
{"Time":"2026-10-08T19:12:56.603765408Z","Action":"output","Package":"go.temporal.io/server/tools/gomad3/internal/compatibilitypack","Test":"TestHostPacksBindCurrentProfile","Output":"    profile_binding_test.go:50: no deterministic profile for linux/arm64\n"}
{"Time":"2026-10-08T19:12:56.6037737Z","Action":"output","Package":"go.temporal.io/server/tools/gomad3/internal/compatibilitypack","Test":"TestHostPacksBindCurrentProfile","Output":"--- SKIP: TestHostPacksBindCurrentProfile (0.00s)\n","OutputType":"frame"}
{"Time":"2026-10-08T19:12:56.603783241Z","Action":"skip","Package":"go.temporal.io/server/tools/gomad3/internal/compatibilitypack","Test":"TestHostPacksBindCurrentProfile","Elapsed":0}
{"Time":"2026-10-08T19:12:56.60379095Z","Action":"run","Package":"go.temporal.io/server/tools/gomad3/internal/compatibilitypack","Test":"TestStaleProfileBindingsAreReported"}
{"Time":"2026-10-08T19:12:56.603798241Z","Action":"output","Package":"go.temporal.io/server/tools/gomad3/internal/compatibilitypack","Test":"TestStaleProfileBindingsAreReported","Output":"=== RUN   TestStaleProfileBindingsAreReported\n","OutputType":"frame"}
{"Time":"2026-10-08T19:12:56.603816283Z","Action":"run","Package":"go.temporal.io/server/tools/gomad3/internal/compatibilitypack","Test":"TestStaleProfileBindingsAreReported/current_bindings"}
{"Time":"2026-10-08T19:12:56.603824325Z","Action":"output","Package":"go.temporal.io/server/tools/gomad3/internal/compatibilitypack","Test":"TestStaleProfileBindingsAreReported/current_bindings","Output":"=== RUN   TestStaleProfileBindingsAreReported/current_bindings\n","OutputType":"frame"}
{"Time":"2026-10-08T19:12:56.603833866Z","Action":"output","Package":"go.temporal.io/server/tools/gomad3/internal/compatibilitypack","Test":"TestStaleProfileBindingsAreReported/current_bindings","Output":"--- PASS: TestStaleProfileBindingsAreReported/current_bindings (0.00s)\n","OutputType":"frame"}
{"Time":"2026-10-08T19:12:56.60384245Z","Action":"pass","Package":"go.temporal.io/server/tools/gomad3/internal/compatibilitypack","Test":"TestStaleProfileBindingsAreReported/current_bindings","Elapsed":0}
{"Time":"2026-10-08T19:12:56.603849658Z","Action":"run","Package":"go.temporal.io/server/tools/gomad3/internal/compatibilitypack","Test":"TestStaleProfileBindingsAreReported/stale_activation"}
{"Time":"2026-10-08T19:12:56.603856783Z","Action":"output","Package":"go.temporal.io/server/tools/gomad3/internal/compatibilitypack","Test":"TestStaleProfileBindingsAreReported/stale_activation","Output":"=== RUN   TestStaleProfileBindingsAreReported/stale_activation\n","OutputType":"frame"}
{"Time":"2026-10-08T19:12:56.603864325Z","Action":"output","Package":"go.temporal.io/server/tools/gomad3/internal/compatibilitypack","Test":"TestStaleProfileBindingsAreReported/stale_activation","Output":"--- PASS: TestStaleProfileBindingsAreReported/stale_activation (0.00s)\n","OutputType":"frame"}
{"Time":"2026-10-08T19:12:56.603871575Z","Action":"pass","Package":"go.temporal.io/server/tools/gomad3/internal/compatibilitypack","Test":"TestStaleProfileBindingsAreReported/stale_activation","Elapsed":0}
{"Time":"2026-10-08T19:12:56.603884575Z","Action":"run","Package":"go.temporal.io/server/tools/gomad3/internal/compatibilitypack","Test":"TestStaleProfileBindingsAreReported/stale_rule_module"}
{"Time":"2026-10-08T19:12:56.603892158Z","Action":"output","Package":"go.temporal.io/server/tools/gomad3/internal/compatibilitypack","Test":"TestStaleProfileBindingsAreReported/stale_rule_module","Output":"=== RUN   TestStaleProfileBindingsAreReported/stale_rule_module\n","OutputType":"frame"}
{"Time":"2026-10-08T19:12:56.603900408Z","Action":"output","Package":"go.temporal.io/server/tools/gomad3/internal/compatibilitypack","Test":"TestStaleProfileBindingsAreReported/stale_rule_module","Output":"--- PASS: TestStaleProfileBindingsAreReported/stale_rule_module (0.00s)\n","OutputType":"frame"}
{"Time":"2026-10-08T19:12:56.60390795Z","Action":"pass","Package":"go.temporal.io/server/tools/gomad3/internal/compatibilitypack","Test":"TestStaleProfileBindingsAreReported/stale_rule_module","Elapsed":0}
{"Time":"2026-10-08T19:12:56.603915116Z","Action":"run","Package":"go.temporal.io/server/tools/gomad3/internal/compatibilitypack","Test":"TestStaleProfileBindingsAreReported/other_profile"}
{"Time":"2026-10-08T19:12:56.603922325Z","Action":"output","Package":"go.temporal.io/server/tools/gomad3/internal/compatibilitypack","Test":"TestStaleProfileBindingsAreReported/other_profile","Output":"=== RUN   TestStaleProfileBindingsAreReported/other_profile\n","OutputType":"frame"}
{"Time":"2026-10-08T19:12:56.603930033Z","Action":"output","Package":"go.temporal.io/server/tools/gomad3/internal/compatibilitypack","Test":"TestStaleProfileBindingsAreReported/other_profile","Output":"--- PASS: TestStaleProfileBindingsAreReported/other_profile (0.00s)\n","OutputType":"frame"}
{"Time":"2026-10-08T19:12:56.603937408Z","Action":"pass","Package":"go.temporal.io/server/tools/gomad3/internal/compatibilitypack","Test":"TestStaleProfileBindingsAreReported/other_profile","Elapsed":0}
{"Time":"2026-10-08T19:12:56.603944616Z","Action":"run","Package":"go.temporal.io/server/tools/gomad3/internal/compatibilitypack","Test":"TestStaleProfileBindingsAreReported/repeated_keys"}
{"Time":"2026-10-08T19:12:56.6039517Z","Action":"output","Package":"go.temporal.io/server/tools/gomad3/internal/compatibilitypack","Test":"TestStaleProfileBindingsAreReported/repeated_keys","Output":"=== RUN   TestStaleProfileBindingsAreReported/repeated_keys\n","OutputType":"frame"}
{"Time":"2026-10-08T19:12:56.603959366Z","Action":"output","Package":"go.temporal.io/server/tools/gomad3/internal/compatibilitypack","Test":"TestStaleProfileBindingsAreReported/repeated_keys","Output":"--- PASS: TestStaleProfileBindingsAreReported/repeated_keys (0.00s)\n","OutputType":"frame"}
{"Time":"2026-10-08T19:12:56.603966825Z","Action":"pass","Package":"go.temporal.io/server/tools/gomad3/internal/compatibilitypack","Test":"TestStaleProfileBindingsAreReported/repeated_keys","Elapsed":0}
{"Time":"2026-10-08T19:12:56.603973866Z","Action":"run","Package":"go.temporal.io/server/tools/gomad3/internal/compatibilitypack","Test":"TestStaleProfileBindingsAreReported/other_platform"}
{"Time":"2026-10-08T19:12:56.603980866Z","Action":"output","Package":"go.temporal.io/server/tools/gomad3/internal/compatibilitypack","Test":"TestStaleProfileBindingsAreReported/other_platform","Output":"=== RUN   TestStaleProfileBindingsAreReported/other_platform\n","OutputType":"frame"}
{"Time":"2026-10-08T19:12:56.603988908Z","Action":"output","Package":"go.temporal.io/server/tools/gomad3/internal/compatibilitypack","Test":"TestStaleProfileBindingsAreReported/other_platform","Output":"--- PASS: TestStaleProfileBindingsAreReported/other_platform (0.00s)\n","OutputType":"frame"}
{"Time":"2026-10-08T19:12:56.603996116Z","Action":"pass","Package":"go.temporal.io/server/tools/gomad3/internal/compatibilitypack","Test":"TestStaleProfileBindingsAreReported/other_platform","Elapsed":0}
{"Time":"2026-10-08T19:12:56.604003616Z","Action":"output","Package":"go.temporal.io/server/tools/gomad3/internal/compatibilitypack","Test":"TestStaleProfileBindingsAreReported","Output":"--- PASS: TestStaleProfileBindingsAreReported (0.00s)\n","OutputType":"frame"}
{"Time":"2026-10-08T19:12:56.604011158Z","Action":"pass","Package":"go.temporal.io/server/tools/gomad3/internal/compatibilitypack","Test":"TestStaleProfileBindingsAreReported","Elapsed":0}
{"Time":"2026-10-08T19:12:56.60401845Z","Action":"output","Package":"go.temporal.io/server/tools/gomad3/internal/compatibilitypack","Output":"PASS\n","OutputType":"frame"}
{"Time":"2026-10-08T19:12:56.604124283Z","Action":"output","Package":"go.temporal.io/server/tools/gomad3/internal/compatibilitypack","Output":"ok  \tgo.temporal.io/server/tools/gomad3/internal/compatibilitypack\t1.051s\n"}
{"Time":"2026-10-08T19:12:56.60414245Z","Action":"pass","Package":"go.temporal.io/server/tools/gomad3/internal/compatibilitypack","Elapsed":1.051}
{"Time":"2026-10-08T19:12:56.613585241Z","Action":"output","Package":"go.temporal.io/server/tools/gomad3/internal/compatibilitypack/authoring","Test":"TestGenerateAdmissionRetainsFiveDeniedHostImportsWithExactSyscallGrant/import:runtime/cgo","Output":"--- PASS: TestGenerateAdmissionRetainsFiveDeniedHostImportsWithExactSyscallGrant/import:runtime/cgo (0.04s)\n","OutputType":"frame"}
{"Time":"2026-10-08T19:12:56.6137032Z","Action":"pass","Package":"go.temporal.io/server/tools/gomad3/internal/compatibilitypack/authoring","Test":"TestGenerateAdmissionRetainsFiveDeniedHostImportsWithExactSyscallGrant/import:runtime/cgo","Elapsed":0.04}
{"Time":"2026-10-08T19:12:56.613793616Z","Action":"output","Package":"go.temporal.io/server/tools/gomad3/internal/compatibilitypack/authoring","Test":"TestGenerateAdmissionRetainsFiveDeniedHostImportsWithExactSyscallGrant","Output":"--- PASS: TestGenerateAdmissionRetainsFiveDeniedHostImportsWithExactSyscallGrant (0.18s)\n","OutputType":"frame"}
{"Time":"2026-10-08T19:12:56.613875033Z","Action":"pass","Package":"go.temporal.io/server/tools/gomad3/internal/compatibilitypack/authoring","Test":"TestGenerateAdmissionRetainsFiveDeniedHostImportsWithExactSyscallGrant","Elapsed":0.18}
{"Time":"2026-10-08T19:12:56.61395145Z","Action":"run","Package":"go.temporal.io/server/tools/gomad3/internal/compatibilitypack/authoring","Test":"TestQualifyRejectsCurrentReviewDrift"}
{"Time":"2026-10-08T19:12:56.614005408Z","Action":"output","Package":"go.temporal.io/server/tools/gomad3/internal/compatibilitypack/authoring","Test":"TestQualifyRejectsCurrentReviewDrift","Output":"=== RUN   TestQualifyRejectsCurrentReviewDrift\n","OutputType":"frame"}
{"Time":"2026-10-08T19:12:56.615398908Z","Action":"output","Package":"go.temporal.io/server/tools/gomad3/upgrade","Test":"TestLegacyRegularOverlayArchive/go/src/os/gomad.go","Output":"--- PASS: TestLegacyRegularOverlayArchive/go/src/os/gomad.go (0.02s)\n","OutputType":"frame"}
{"Time":"2026-10-08T19:12:56.615479908Z","Action":"pass","Package":"go.temporal.io/server/tools/gomad3/upgrade","Test":"TestLegacyRegularOverlayArchive/go/src/os/gomad.go","Elapsed":0.02}
{"Time":"2026-10-08T19:12:56.615536283Z","Action":"run","Package":"go.temporal.io/server/tools/gomad3/upgrade","Test":"TestLegacyRegularOverlayArchive/go/src/runtime/proc.go"}
{"Time":"2026-10-08T19:12:56.615589991Z","Action":"output","Package":"go.temporal.io/server/tools/gomad3/upgrade","Test":"TestLegacyRegularOverlayArchive/go/src/runtime/proc.go","Output":"=== RUN   TestLegacyRegularOverlayArchive/go/src/runtime/proc.go\n","OutputType":"frame"}
{"Time":"2026-10-08T19:12:56.615639908Z","Action":"output","Package":"go.temporal.io/server/tools/gomad3/internal/compatibilitypack/authoring","Test":"TestQualifyRejectsCurrentReviewDrift","Output":"--- PASS: TestQualifyRejectsCurrentReviewDrift (0.00s)\n","OutputType":"frame"}
{"Time":"2026-10-08T19:12:56.615676825Z","Action":"pass","Package":"go.temporal.io/server/tools/gomad3/internal/compatibilitypack/authoring","Test":"TestQualifyRejectsCurrentReviewDrift","Elapsed":0}
{"Time":"2026-10-08T19:12:56.615704741Z","Action":"run","Package":"go.temporal.io/server/tools/gomad3/internal/compatibilitypack/authoring","Test":"TestRefreshDiscoversEachRequestInItsModuleAndStopsAtApproval"}
{"Time":"2026-10-08T19:12:56.615751033Z","Action":"output","Package":"go.temporal.io/server/tools/gomad3/internal/compatibilitypack/authoring","Test":"TestRefreshDiscoversEachRequestInItsModuleAndStopsAtApproval","Output":"=== RUN   TestRefreshDiscoversEachRequestInItsModuleAndStopsAtApproval\n","OutputType":"frame"}
{"Time":"2026-10-08T19:12:56.625228033Z","Action":"output","Package":"go.temporal.io/server/tools/gomad3/upgrade","Test":"TestLegacyRegularOverlayArchive/go/src/runtime/proc.go","Output":"--- PASS: TestLegacyRegularOverlayArchive/go/src/runtime/proc.go (0.01s)\n","OutputType":"frame"}
{"Time":"2026-10-08T19:12:56.625262658Z","Action":"pass","Package":"go.temporal.io/server/tools/gomad3/upgrade","Test":"TestLegacyRegularOverlayArchive/go/src/runtime/proc.go","Elapsed":0.01}
{"Time":"2026-10-08T19:12:56.625281741Z","Action":"run","Package":"go.temporal.io/server/tools/gomad3/upgrade","Test":"TestLegacyRegularOverlayArchive/go/src/os/gomad.go/"}
{"Time":"2026-10-08T19:12:56.625299575Z","Action":"output","Package":"go.temporal.io/server/tools/gomad3/upgrade","Test":"TestLegacyRegularOverlayArchive/go/src/os/gomad.go/","Output":"=== RUN   TestLegacyRegularOverlayArchive/go/src/os/gomad.go/\n","OutputType":"frame"}
{"Time":"2026-10-08T19:12:56.626346575Z","Action":"output","Package":"go.temporal.io/server/tools/gomad3/toolchain/version","Test":"TestGenerateRendersDescriptorConsumers","Output":"--- PASS: TestGenerateRendersDescriptorConsumers (0.53s)\n","OutputType":"frame"}
{"Time":"2026-10-08T19:12:56.62638095Z","Action":"pass","Package":"go.temporal.io/server/tools/gomad3/toolchain/version","Test":"TestGenerateRendersDescriptorConsumers","Elapsed":0.53}
{"Time":"2026-10-08T19:12:56.626403658Z","Action":"run","Package":"go.temporal.io/server/tools/gomad3/toolchain/version","Test":"TestGenerateAllowsNoBuiltInAdapters"}
{"Time":"2026-10-08T19:12:56.626432825Z","Action":"output","Package":"go.temporal.io/server/tools/gomad3/toolchain/version","Test":"TestGenerateAllowsNoBuiltInAdapters","Output":"=== RUN   TestGenerateAllowsNoBuiltInAdapters\n","OutputType":"frame"}
{"Time":"2026-10-08T19:12:56.722183658Z","Action":"output","Package":"go.temporal.io/server/tools/gomad3/upgrade","Test":"TestLegacyRegularOverlayArchive/go/src/os/gomad.go/","Output":"--- PASS: TestLegacyRegularOverlayArchive/go/src/os/gomad.go/ (0.10s)\n","OutputType":"frame"}
{"Time":"2026-10-08T19:12:56.722551158Z","Action":"pass","Package":"go.temporal.io/server/tools/gomad3/upgrade","Test":"TestLegacyRegularOverlayArchive/go/src/os/gomad.go/","Elapsed":0.1}
{"Time":"2026-10-08T19:12:56.722628825Z","Action":"output","Package":"go.temporal.io/server/tools/gomad3/upgrade","Test":"TestLegacyRegularOverlayArchive","Output":"--- PASS: TestLegacyRegularOverlayArchive (0.12s)\n","OutputType":"frame"}
{"Time":"2026-10-08T19:12:56.722665575Z","Action":"pass","Package":"go.temporal.io/server/tools/gomad3/upgrade","Test":"TestLegacyRegularOverlayArchive","Elapsed":0.12}
{"Time":"2026-10-08T19:12:56.722695741Z","Action":"run","Package":"go.temporal.io/server/tools/gomad3/upgrade","Test":"TestRunPublishesCheckedUpgradeEvidence"}
{"Time":"2026-10-08T19:12:56.72279195Z","Action":"output","Package":"go.temporal.io/server/tools/gomad3/upgrade","Test":"TestRunPublishesCheckedUpgradeEvidence","Output":"=== RUN   TestRunPublishesCheckedUpgradeEvidence\n","OutputType":"frame"}
{"Time":"2026-10-08T19:12:56.727033366Z","Action":"output","Package":"go.temporal.io/server/tools/gomad3/toolchain/version","Test":"TestGenerateAllowsNoBuiltInAdapters","Output":"--- PASS: TestGenerateAllowsNoBuiltInAdapters (0.10s)\n","OutputType":"frame"}
{"Time":"2026-10-08T19:12:56.727200491Z","Action":"pass","Package":"go.temporal.io/server/tools/gomad3/toolchain/version","Test":"TestGenerateAllowsNoBuiltInAdapters","Elapsed":0.1}
{"Time":"2026-10-08T19:12:56.72740645Z","Action":"run","Package":"go.temporal.io/server/tools/gomad3/toolchain/version","Test":"TestGenerateRejectsBoundaryVersionMismatch"}
{"Time":"2026-10-08T19:12:56.7274342Z","Action":"output","Package":"go.temporal.io/server/tools/gomad3/toolchain/version","Test":"TestGenerateRejectsBoundaryVersionMismatch","Output":"=== RUN   TestGenerateRejectsBoundaryVersionMismatch\n","OutputType":"frame"}
{"Time":"2026-10-08T19:12:56.733566116Z","Action":"output","Package":"go.temporal.io/server/tools/gomad3/toolchain/version","Test":"TestGenerateRejectsBoundaryVersionMismatch","Output":"--- PASS: TestGenerateRejectsBoundaryVersionMismatch (0.01s)\n","OutputType":"frame"}
{"Time":"2026-10-08T19:12:56.733654325Z","Action":"pass","Package":"go.temporal.io/server/tools/gomad3/toolchain/version","Test":"TestGenerateRejectsBoundaryVersionMismatch","Elapsed":0.01}
{"Time":"2026-10-08T19:12:56.7336942Z","Action":"run","Package":"go.temporal.io/server/tools/gomad3/toolchain/version","Test":"TestGenerateRejectsPatchAllowlistDrift"}
{"Time":"2026-10-08T19:12:56.733726908Z","Action":"output","Package":"go.temporal.io/server/tools/gomad3/toolchain/version","Test":"TestGenerateRejectsPatchAllowlistDrift","Output":"=== RUN   TestGenerateRejectsPatchAllowlistDrift\n","OutputType":"frame"}
{"Time":"2026-10-08T19:12:56.740018575Z","Action":"output","Package":"go.temporal.io/server/tools/gomad3/toolchain/version","Test":"TestGenerateRejectsPatchAllowlistDrift","Output":"--- PASS: TestGenerateRejectsPatchAllowlistDrift (0.01s)\n","OutputType":"frame"}
{"Time":"2026-10-08T19:12:56.740438575Z","Action":"pass","Package":"go.temporal.io/server/tools/gomad3/toolchain/version","Test":"TestGenerateRejectsPatchAllowlistDrift","Elapsed":0.01}
{"Time":"2026-10-08T19:12:56.740551825Z","Action":"run","Package":"go.temporal.io/server/tools/gomad3/toolchain/version","Test":"TestGenerateRejectsOverlayAllowlistDrift"}
{"Time":"2026-10-08T19:12:56.740660158Z","Action":"output","Package":"go.temporal.io/server/tools/gomad3/toolchain/version","Test":"TestGenerateRejectsOverlayAllowlistDrift","Output":"=== RUN   TestGenerateRejectsOverlayAllowlistDrift\n","OutputType":"frame"}
{"Time":"2026-10-08T19:12:56.747383366Z","Action":"output","Package":"go.temporal.io/server/tools/gomad3/toolchain/version","Test":"TestGenerateRejectsOverlayAllowlistDrift","Output":"--- PASS: TestGenerateRejectsOverlayAllowlistDrift (0.01s)\n","OutputType":"frame"}
{"Time":"2026-10-08T19:12:56.747497283Z","Action":"pass","Package":"go.temporal.io/server/tools/gomad3/toolchain/version","Test":"TestGenerateRejectsOverlayAllowlistDrift","Elapsed":0.01}
{"Time":"2026-10-08T19:12:56.747625658Z","Action":"run","Package":"go.temporal.io/server/tools/gomad3/toolchain/version","Test":"TestLoadRejectsDuplicateAllowedPath"}
{"Time":"2026-10-08T19:12:56.748110491Z","Action":"output","Package":"go.temporal.io/server/tools/gomad3/toolchain/version","Test":"TestLoadRejectsDuplicateAllowedPath","Output":"=== RUN   TestLoadRejectsDuplicateAllowedPath\n","OutputType":"frame"}
{"Time":"2026-10-08T19:12:56.752417741Z","Action":"output","Package":"go.temporal.io/server/tools/gomad3/upgrade","Test":"TestRunPublishesCheckedUpgradeEvidence","Output":"--- PASS: TestRunPublishesCheckedUpgradeEvidence (0.03s)\n","OutputType":"frame"}
{"Time":"2026-10-08T19:12:56.752457741Z","Action":"pass","Package":"go.temporal.io/server/tools/gomad3/upgrade","Test":"TestRunPublishesCheckedUpgradeEvidence","Elapsed":0.03}
{"Time":"2026-10-08T19:12:56.752479241Z","Action":"run","Package":"go.temporal.io/server/tools/gomad3/upgrade","Test":"TestRunDoesNotQualifyUnapprovedBoundaryChanges"}
{"Time":"2026-10-08T19:12:56.752551616Z","Action":"output","Package":"go.temporal.io/server/tools/gomad3/upgrade","Test":"TestRunDoesNotQualifyUnapprovedBoundaryChanges","Output":"=== RUN   TestRunDoesNotQualifyUnapprovedBoundaryChanges\n","OutputType":"frame"}
{"Time":"2026-10-08T19:12:56.756694116Z","Action":"output","Package":"go.temporal.io/server/tools/gomad3/toolchain/version","Test":"TestLoadRejectsDuplicateAllowedPath","Output":"--- PASS: TestLoadRejectsDuplicateAllowedPath (0.01s)\n","OutputType":"frame"}
{"Time":"2026-10-08T19:12:56.757005866Z","Action":"pass","Package":"go.temporal.io/server/tools/gomad3/toolchain/version","Test":"TestLoadRejectsDuplicateAllowedPath","Elapsed":0.01}
{"Time":"2026-10-08T19:12:56.757060741Z","Action":"output","Package":"go.temporal.io/server/tools/gomad3/toolchain/version","Output":"PASS\n","OutputType":"frame"}
{"Time":"2026-10-08T19:12:56.757150408Z","Action":"output","Package":"go.temporal.io/server/tools/gomad3/toolchain/version","Output":"ok  \tgo.temporal.io/server/tools/gomad3/toolchain/version\t1.204s\n"}
{"Time":"2026-10-08T19:12:56.757530575Z","Action":"pass","Package":"go.temporal.io/server/tools/gomad3/toolchain/version","Elapsed":1.205}
{"Time":"2026-10-08T19:12:56.781181366Z","Action":"output","Package":"go.temporal.io/server/tools/gomad3/upgrade","Test":"TestRunDoesNotQualifyUnapprovedBoundaryChanges","Output":"--- PASS: TestRunDoesNotQualifyUnapprovedBoundaryChanges (0.03s)\n","OutputType":"frame"}
{"Time":"2026-10-08T19:12:56.781594075Z","Action":"pass","Package":"go.temporal.io/server/tools/gomad3/upgrade","Test":"TestRunDoesNotQualifyUnapprovedBoundaryChanges","Elapsed":0.03}
{"Time":"2026-10-08T19:12:56.781659116Z","Action":"run","Package":"go.temporal.io/server/tools/gomad3/upgrade","Test":"TestRunDoesNotQualifyBoundaryApprovalForAnotherDiff"}
{"Time":"2026-10-08T19:12:56.781694366Z","Action":"output","Package":"go.temporal.io/server/tools/gomad3/upgrade","Test":"TestRunDoesNotQualifyBoundaryApprovalForAnotherDiff","Output":"=== RUN   TestRunDoesNotQualifyBoundaryApprovalForAnotherDiff\n","OutputType":"frame"}
{"Time":"2026-10-08T19:12:56.789543158Z","Action":"output","Package":"go.temporal.io/server/tools/gomad3/internal/compatibilitypack/authoring","Test":"TestRefreshDiscoversEachRequestInItsModuleAndStopsAtApproval","Output":"--- PASS: TestRefreshDiscoversEachRequestInItsModuleAndStopsAtApproval (0.17s)\n","OutputType":"frame"}
{"Time":"2026-10-08T19:12:56.789599075Z","Action":"pass","Package":"go.temporal.io/server/tools/gomad3/internal/compatibilitypack/authoring","Test":"TestRefreshDiscoversEachRequestInItsModuleAndStopsAtApproval","Elapsed":0.17}
{"Time":"2026-10-08T19:12:56.789627033Z","Action":"run","Package":"go.temporal.io/server/tools/gomad3/internal/compatibilitypack/authoring","Test":"TestRefreshKeepsAnApprovedRequestAndReportsOnlyTheOther"}
{"Time":"2026-10-08T19:12:56.7896432Z","Action":"output","Package":"go.temporal.io/server/tools/gomad3/internal/compatibilitypack/authoring","Test":"TestRefreshKeepsAnApprovedRequestAndReportsOnlyTheOther","Output":"=== RUN   TestRefreshKeepsAnApprovedRequestAndReportsOnlyTheOther\n","OutputType":"frame"}
{"Time":"2026-10-08T19:12:56.818454116Z","Action":"output","Package":"go.temporal.io/server/tools/gomad3/upgrade","Test":"TestRunDoesNotQualifyBoundaryApprovalForAnotherDiff","Output":"--- PASS: TestRunDoesNotQualifyBoundaryApprovalForAnotherDiff (0.04s)\n","OutputType":"frame"}
{"Time":"2026-10-08T19:12:56.8188542Z","Action":"pass","Package":"go.temporal.io/server/tools/gomad3/upgrade","Test":"TestRunDoesNotQualifyBoundaryApprovalForAnotherDiff","Elapsed":0.04}
{"Time":"2026-10-08T19:12:56.818900575Z","Action":"run","Package":"go.temporal.io/server/tools/gomad3/upgrade","Test":"TestRunPublishesUnqualifiedEvidenceWhenCorpusIsMissing"}
{"Time":"2026-10-08T19:12:56.818953283Z","Action":"output","Package":"go.temporal.io/server/tools/gomad3/upgrade","Test":"TestRunPublishesUnqualifiedEvidenceWhenCorpusIsMissing","Output":"=== RUN   TestRunPublishesUnqualifiedEvidenceWhenCorpusIsMissing\n","OutputType":"frame"}
{"Time":"2026-10-08T19:12:56.839372825Z","Action":"output","Package":"go.temporal.io/server/tools/gomad3/upgrade","Test":"TestRunPublishesUnqualifiedEvidenceWhenCorpusIsMissing","Output":"--- PASS: TestRunPublishesUnqualifiedEvidenceWhenCorpusIsMissing (0.02s)\n","OutputType":"frame"}
{"Time":"2026-10-08T19:12:56.840133241Z","Action":"pass","Package":"go.temporal.io/server/tools/gomad3/upgrade","Test":"TestRunPublishesUnqualifiedEvidenceWhenCorpusIsMissing","Elapsed":0.02}
{"Time":"2026-10-08T19:12:56.84148695Z","Action":"run","Package":"go.temporal.io/server/tools/gomad3/upgrade","Test":"TestRunPublishesUnqualifiedEvidenceForUnsupportedHost"}
{"Time":"2026-10-08T19:12:56.841517866Z","Action":"output","Package":"go.temporal.io/server/tools/gomad3/upgrade","Test":"TestRunPublishesUnqualifiedEvidenceForUnsupportedHost","Output":"=== RUN   TestRunPublishesUnqualifiedEvidenceForUnsupportedHost\n","OutputType":"frame"}
{"Time":"2026-10-08T19:12:56.875106491Z","Action":"output","Package":"go.temporal.io/server/tools/gomad3/upgrade","Test":"TestRunPublishesUnqualifiedEvidenceForUnsupportedHost","Output":"--- PASS: TestRunPublishesUnqualifiedEvidenceForUnsupportedHost (0.04s)\n","OutputType":"frame"}
{"Time":"2026-10-08T19:12:56.875252241Z","Action":"pass","Package":"go.temporal.io/server/tools/gomad3/upgrade","Test":"TestRunPublishesUnqualifiedEvidenceForUnsupportedHost","Elapsed":0.04}
{"Time":"2026-10-08T19:12:56.8757392Z","Action":"run","Package":"go.temporal.io/server/tools/gomad3/upgrade","Test":"TestRunPublishesFailedGateEvidence"}
{"Time":"2026-10-08T19:12:56.875845491Z","Action":"output","Package":"go.temporal.io/server/tools/gomad3/upgrade","Test":"TestRunPublishesFailedGateEvidence","Output":"=== RUN   TestRunPublishesFailedGateEvidence\n","OutputType":"frame"}
{"Time":"2026-10-08T19:12:56.8951957Z","Action":"output","Package":"go.temporal.io/server/tools/gomad3/upgrade","Test":"TestRunPublishesFailedGateEvidence","Output":"--- PASS: TestRunPublishesFailedGateEvidence (0.02s)\n","OutputType":"frame"}
{"Time":"2026-10-08T19:12:56.8952472Z","Action":"pass","Package":"go.temporal.io/server/tools/gomad3/upgrade","Test":"TestRunPublishesFailedGateEvidence","Elapsed":0.02}
{"Time":"2026-10-08T19:12:56.8952642Z","Action":"run","Package":"go.temporal.io/server/tools/gomad3/upgrade","Test":"TestPublishWritesFixedDossierBytes"}
{"Time":"2026-10-08T19:12:56.895277366Z","Action":"output","Package":"go.temporal.io/server/tools/gomad3/upgrade","Test":"TestPublishWritesFixedDossierBytes","Output":"=== RUN   TestPublishWritesFixedDossierBytes\n","OutputType":"frame"}
{"Time":"2026-10-08T19:12:56.910768075Z","Action":"output","Package":"go.temporal.io/server/tools/gomad3/upgrade","Test":"TestPublishWritesFixedDossierBytes","Output":"--- PASS: TestPublishWritesFixedDossierBytes (0.02s)\n","OutputType":"frame"}
{"Time":"2026-10-08T19:12:56.911127325Z","Action":"pass","Package":"go.temporal.io/server/tools/gomad3/upgrade","Test":"TestPublishWritesFixedDossierBytes","Elapsed":0.02}
{"Time":"2026-10-08T19:12:56.911205658Z","Action":"run","Package":"go.temporal.io/server/tools/gomad3/upgrade","Test":"TestRunReplacesExistingDossierAfterFailedGate"}
{"Time":"2026-10-08T19:12:56.911241408Z","Action":"output","Package":"go.temporal.io/server/tools/gomad3/upgrade","Test":"TestRunReplacesExistingDossierAfterFailedGate","Output":"=== RUN   TestRunReplacesExistingDossierAfterFailedGate\n","OutputType":"frame"}
{"Time":"2026-10-08T19:12:56.920099158Z","Action":"output","Package":"go.temporal.io/server/tools/gomad3/internal/compatibilitypack/authoring","Test":"TestRefreshKeepsAnApprovedRequestAndReportsOnlyTheOther","Output":"--- PASS: TestRefreshKeepsAnApprovedRequestAndReportsOnlyTheOther (0.13s)\n","OutputType":"frame"}
{"Time":"2026-10-08T19:12:56.92014645Z","Action":"pass","Package":"go.temporal.io/server/tools/gomad3/internal/compatibilitypack/authoring","Test":"TestRefreshKeepsAnApprovedRequestAndReportsOnlyTheOther","Elapsed":0.13}
{"Time":"2026-10-08T19:12:56.920200116Z","Action":"run","Package":"go.temporal.io/server/tools/gomad3/internal/compatibilitypack/authoring","Test":"TestRefreshNeverTreatsAnApprovalOfOlderEvidenceAsCurrent"}
{"Time":"2026-10-08T19:12:56.920218241Z","Action":"output","Package":"go.temporal.io/server/tools/gomad3/internal/compatibilitypack/authoring","Test":"TestRefreshNeverTreatsAnApprovalOfOlderEvidenceAsCurrent","Output":"=== RUN   TestRefreshNeverTreatsAnApprovalOfOlderEvidenceAsCurrent\n","OutputType":"frame"}
{"Time":"2026-10-08T19:12:57.194228658Z","Action":"output","Package":"go.temporal.io/server/tools/gomad3/upgrade","Test":"TestRunReplacesExistingDossierAfterFailedGate","Output":"--- PASS: TestRunReplacesExistingDossierAfterFailedGate (0.28s)\n","OutputType":"frame"}
{"Time":"2026-10-08T19:12:57.2005022Z","Action":"pass","Package":"go.temporal.io/server/tools/gomad3/upgrade","Test":"TestRunReplacesExistingDossierAfterFailedGate","Elapsed":0.28}
{"Time":"2026-10-08T19:12:57.200595325Z","Action":"run","Package":"go.temporal.io/server/tools/gomad3/upgrade","Test":"TestRunReportsPublicationFailureAndKeepsPriorDossier"}
{"Time":"2026-10-08T19:12:57.200657992Z","Action":"output","Package":"go.temporal.io/server/tools/gomad3/upgrade","Test":"TestRunReportsPublicationFailureAndKeepsPriorDossier","Output":"=== RUN   TestRunReportsPublicationFailureAndKeepsPriorDossier\n","OutputType":"frame"}
{"Time":"2026-10-08T19:12:57.200713033Z","Action":"run","Package":"go.temporal.io/server/tools/gomad3/upgrade","Test":"TestRunReportsPublicationFailureAndKeepsPriorDossier/replacement_cannot_be_created"}
{"Time":"2026-10-08T19:12:57.200744867Z","Action":"output","Package":"go.temporal.io/server/tools/gomad3/upgrade","Test":"TestRunReportsPublicationFailureAndKeepsPriorDossier/replacement_cannot_be_created","Output":"=== RUN   TestRunReportsPublicationFailureAndKeepsPriorDossier/replacement_cannot_be_created\n","OutputType":"frame"}
{"Time":"2026-10-08T19:12:57.213959783Z","Action":"output","Package":"go.temporal.io/server/tools/gomad3/upgrade","Test":"TestRunReportsPublicationFailureAndKeepsPriorDossier/replacement_cannot_be_created","Output":"--- PASS: TestRunReportsPublicationFailureAndKeepsPriorDossier/replacement_cannot_be_created (0.02s)\n","OutputType":"frame"}
{"Time":"2026-10-08T19:12:57.214050575Z","Action":"pass","Package":"go.temporal.io/server/tools/gomad3/upgrade","Test":"TestRunReportsPublicationFailureAndKeepsPriorDossier/replacement_cannot_be_created","Elapsed":0.02}
{"Time":"2026-10-08T19:12:57.214197617Z","Action":"run","Package":"go.temporal.io/server/tools/gomad3/upgrade","Test":"TestRunReportsPublicationFailureAndKeepsPriorDossier/parent_is_a_file"}
{"Time":"2026-10-08T19:12:57.214256825Z","Action":"output","Package":"go.temporal.io/server/tools/gomad3/upgrade","Test":"TestRunReportsPublicationFailureAndKeepsPriorDossier/parent_is_a_file","Output":"=== RUN   TestRunReportsPublicationFailureAndKeepsPriorDossier/parent_is_a_file\n","OutputType":"frame"}
{"Time":"2026-10-08T19:12:57.2272477Z","Action":"output","Package":"go.temporal.io/server/tools/gomad3/upgrade","Test":"TestRunReportsPublicationFailureAndKeepsPriorDossier/parent_is_a_file","Output":"--- PASS: TestRunReportsPublicationFailureAndKeepsPriorDossier/parent_is_a_file (0.01s)\n","OutputType":"frame"}
{"Time":"2026-10-08T19:12:57.227463992Z","Action":"pass","Package":"go.temporal.io/server/tools/gomad3/upgrade","Test":"TestRunReportsPublicationFailureAndKeepsPriorDossier/parent_is_a_file","Elapsed":0.01}
{"Time":"2026-10-08T19:12:57.227832242Z","Action":"run","Package":"go.temporal.io/server/tools/gomad3/upgrade","Test":"TestRunReportsPublicationFailureAndKeepsPriorDossier/replacement_cannot_be_renamed"}
{"Time":"2026-10-08T19:12:57.228217367Z","Action":"output","Package":"go.temporal.io/server/tools/gomad3/upgrade","Test":"TestRunReportsPublicationFailureAndKeepsPriorDossier/replacement_cannot_be_renamed","Output":"=== RUN   TestRunReportsPublicationFailureAndKeepsPriorDossier/replacement_cannot_be_renamed\n","OutputType":"frame"}
{"Time":"2026-10-08T19:12:57.244007408Z","Action":"output","Package":"go.temporal.io/server/tools/gomad3/upgrade","Test":"TestRunReportsPublicationFailureAndKeepsPriorDossier/replacement_cannot_be_renamed","Output":"--- PASS: TestRunReportsPublicationFailureAndKeepsPriorDossier/replacement_cannot_be_renamed (0.02s)\n","OutputType":"frame"}
{"Time":"2026-10-08T19:12:57.244851575Z","Action":"pass","Package":"go.temporal.io/server/tools/gomad3/upgrade","Test":"TestRunReportsPublicationFailureAndKeepsPriorDossier/replacement_cannot_be_renamed","Elapsed":0.02}
{"Time":"2026-10-08T19:12:57.244966992Z","Action":"output","Package":"go.temporal.io/server/tools/gomad3/upgrade","Test":"TestRunReportsPublicationFailureAndKeepsPriorDossier","Output":"--- PASS: TestRunReportsPublicationFailureAndKeepsPriorDossier (0.05s)\n","OutputType":"frame"}
{"Time":"2026-10-08T19:12:57.245056533Z","Action":"pass","Package":"go.temporal.io/server/tools/gomad3/upgrade","Test":"TestRunReportsPublicationFailureAndKeepsPriorDossier","Elapsed":0.05}
{"Time":"2026-10-08T19:12:57.245117075Z","Action":"run","Package":"go.temporal.io/server/tools/gomad3/upgrade","Test":"TestRunRejectsOverlayCollisionBeforeGates"}
{"Time":"2026-10-08T19:12:57.245212783Z","Action":"output","Package":"go.temporal.io/server/tools/gomad3/upgrade","Test":"TestRunRejectsOverlayCollisionBeforeGates","Output":"=== RUN   TestRunRejectsOverlayCollisionBeforeGates\n","OutputType":"frame"}
{"Time":"2026-10-08T19:12:57.253457825Z","Action":"output","Package":"go.temporal.io/server/tools/gomad3/upgrade","Test":"TestRunRejectsOverlayCollisionBeforeGates","Output":"--- PASS: TestRunRejectsOverlayCollisionBeforeGates (0.01s)\n","OutputType":"frame"}
{"Time":"2026-10-08T19:12:57.253498825Z","Action":"pass","Package":"go.temporal.io/server/tools/gomad3/upgrade","Test":"TestRunRejectsOverlayCollisionBeforeGates","Elapsed":0.01}
{"Time":"2026-10-08T19:12:57.253593742Z","Action":"run","Package":"go.temporal.io/server/tools/gomad3/upgrade","Test":"TestCompareBoundariesRetainsNewManifestAndEntryFields"}
{"Time":"2026-10-08T19:12:57.253661617Z","Action":"output","Package":"go.temporal.io/server/tools/gomad3/upgrade","Test":"TestCompareBoundariesRetainsNewManifestAndEntryFields","Output":"=== RUN   TestCompareBoundariesRetainsNewManifestAndEntryFields\n","OutputType":"frame"}
{"Time":"2026-10-08T19:12:57.253712575Z","Action":"output","Package":"go.temporal.io/server/tools/gomad3/upgrade","Test":"TestCompareBoundariesRetainsNewManifestAndEntryFields","Output":"--- PASS: TestCompareBoundariesRetainsNewManifestAndEntryFields (0.00s)\n","OutputType":"frame"}
{"Time":"2026-10-08T19:12:57.253744158Z","Action":"pass","Package":"go.temporal.io/server/tools/gomad3/upgrade","Test":"TestCompareBoundariesRetainsNewManifestAndEntryFields","Elapsed":0}
{"Time":"2026-10-08T19:12:57.253790325Z","Action":"run","Package":"go.temporal.io/server/tools/gomad3/upgrade","Test":"TestLoadCorpusRejectsUncheckedOrUnqualifiedJSON"}
{"Time":"2026-10-08T19:12:57.253814908Z","Action":"output","Package":"go.temporal.io/server/tools/gomad3/upgrade","Test":"TestLoadCorpusRejectsUncheckedOrUnqualifiedJSON","Output":"=== RUN   TestLoadCorpusRejectsUncheckedOrUnqualifiedJSON\n","OutputType":"frame"}
{"Time":"2026-10-08T19:12:57.256433575Z","Action":"output","Package":"go.temporal.io/server/tools/gomad3/upgrade","Test":"TestLoadCorpusRejectsUncheckedOrUnqualifiedJSON","Output":"--- PASS: TestLoadCorpusRejectsUncheckedOrUnqualifiedJSON (0.00s)\n","OutputType":"frame"}
{"Time":"2026-10-08T19:12:57.25706445Z","Action":"pass","Package":"go.temporal.io/server/tools/gomad3/upgrade","Test":"TestLoadCorpusRejectsUncheckedOrUnqualifiedJSON","Elapsed":0}
{"Time":"2026-10-08T19:12:57.257098117Z","Action":"run","Package":"go.temporal.io/server/tools/gomad3/upgrade","Test":"TestLoadCorpusRejectsQualifiedDownstreamSet"}
{"Time":"2026-10-08T19:12:57.257135242Z","Action":"output","Package":"go.temporal.io/server/tools/gomad3/upgrade","Test":"TestLoadCorpusRejectsQualifiedDownstreamSet","Output":"=== RUN   TestLoadCorpusRejectsQualifiedDownstreamSet\n","OutputType":"frame"}
{"Time":"2026-10-08T19:12:57.270654658Z","Action":"output","Package":"go.temporal.io/server/tools/gomad3/upgrade","Test":"TestLoadCorpusRejectsQualifiedDownstreamSet","Output":"--- PASS: TestLoadCorpusRejectsQualifiedDownstreamSet (0.01s)\n","OutputType":"frame"}
{"Time":"2026-10-08T19:12:57.270982825Z","Action":"pass","Package":"go.temporal.io/server/tools/gomad3/upgrade","Test":"TestLoadCorpusRejectsQualifiedDownstreamSet","Elapsed":0.01}
{"Time":"2026-10-08T19:12:57.271019242Z","Action":"run","Package":"go.temporal.io/server/tools/gomad3/upgrade","Test":"TestRunKeepsPriorDossierWhenWriteFails"}
{"Time":"2026-10-08T19:12:57.271344242Z","Action":"output","Package":"go.temporal.io/server/tools/gomad3/upgrade","Test":"TestRunKeepsPriorDossierWhenWriteFails","Output":"=== RUN   TestRunKeepsPriorDossierWhenWriteFails\n","OutputType":"frame"}
{"Time":"2026-10-08T19:12:57.284435783Z","Action":"output","Package":"go.temporal.io/server/tools/gomad3/upgrade","Test":"TestRunKeepsPriorDossierWhenWriteFails","Output":"--- PASS: TestRunKeepsPriorDossierWhenWriteFails (0.01s)\n","OutputType":"frame"}
{"Time":"2026-10-08T19:12:57.284703575Z","Action":"pass","Package":"go.temporal.io/server/tools/gomad3/upgrade","Test":"TestRunKeepsPriorDossierWhenWriteFails","Elapsed":0.01}
{"Time":"2026-10-08T19:12:57.285527283Z","Action":"output","Package":"go.temporal.io/server/tools/gomad3/upgrade","Output":"PASS\n","OutputType":"frame"}
{"Time":"2026-10-08T19:12:57.287248617Z","Action":"output","Package":"go.temporal.io/server/tools/gomad3/upgrade","Output":"ok  \tgo.temporal.io/server/tools/gomad3/upgrade\t1.734s\n"}
{"Time":"2026-10-08T19:12:57.287289033Z","Action":"pass","Package":"go.temporal.io/server/tools/gomad3/upgrade","Elapsed":1.7349999999999999}
{"Time":"2026-10-08T19:12:57.314032617Z","Action":"output","Package":"go.temporal.io/server/tools/gomad3/internal/compatibilitypack/authoring","Test":"TestRefreshNeverTreatsAnApprovalOfOlderEvidenceAsCurrent","Output":"--- PASS: TestRefreshNeverTreatsAnApprovalOfOlderEvidenceAsCurrent (0.39s)\n","OutputType":"frame"}
{"Time":"2026-10-08T19:12:57.3141257Z","Action":"pass","Package":"go.temporal.io/server/tools/gomad3/internal/compatibilitypack/authoring","Test":"TestRefreshNeverTreatsAnApprovalOfOlderEvidenceAsCurrent","Elapsed":0.39}
{"Time":"2026-10-08T19:12:57.314187825Z","Action":"run","Package":"go.temporal.io/server/tools/gomad3/internal/compatibilitypack/authoring","Test":"TestRefreshReportsOtherPlatformRequestsAndLeavesThemUntouched"}
{"Time":"2026-10-08T19:12:57.314209575Z","Action":"output","Package":"go.temporal.io/server/tools/gomad3/internal/compatibilitypack/authoring","Test":"TestRefreshReportsOtherPlatformRequestsAndLeavesThemUntouched","Output":"=== RUN   TestRefreshReportsOtherPlatformRequestsAndLeavesThemUntouched\n","OutputType":"frame"}
{"Time":"2026-10-08T19:12:57.389849992Z","Action":"output","Package":"go.temporal.io/server/tools/gomad3/internal/compatibilitypack/authoring","Test":"TestRefreshReportsOtherPlatformRequestsAndLeavesThemUntouched","Output":"--- PASS: TestRefreshReportsOtherPlatformRequestsAndLeavesThemUntouched (0.08s)\n","OutputType":"frame"}
{"Time":"2026-10-08T19:12:57.389999825Z","Action":"pass","Package":"go.temporal.io/server/tools/gomad3/internal/compatibilitypack/authoring","Test":"TestRefreshReportsOtherPlatformRequestsAndLeavesThemUntouched","Elapsed":0.08}
{"Time":"2026-10-08T19:12:57.390076825Z","Action":"run","Package":"go.temporal.io/server/tools/gomad3/internal/compatibilitypack/authoring","Test":"TestRefreshRejectsAnUnmappedRequestAsInvalidInput"}
{"Time":"2026-10-08T19:12:57.390158492Z","Action":"output","Package":"go.temporal.io/server/tools/gomad3/internal/compatibilitypack/authoring","Test":"TestRefreshRejectsAnUnmappedRequestAsInvalidInput","Output":"=== RUN   TestRefreshRejectsAnUnmappedRequestAsInvalidInput\n","OutputType":"frame"}
{"Time":"2026-10-08T19:12:57.436820242Z","Action":"output","Package":"go.temporal.io/server/tools/gomad3/internal/compatibilitypack/authoring","Test":"TestRefreshRejectsAnUnmappedRequestAsInvalidInput","Output":"--- PASS: TestRefreshRejectsAnUnmappedRequestAsInvalidInput (0.05s)\n","OutputType":"frame"}
{"Time":"2026-10-08T19:12:57.436880033Z","Action":"pass","Package":"go.temporal.io/server/tools/gomad3/internal/compatibilitypack/authoring","Test":"TestRefreshRejectsAnUnmappedRequestAsInvalidInput","Elapsed":0.05}
{"Time":"2026-10-08T19:12:57.436896075Z","Action":"run","Package":"go.temporal.io/server/tools/gomad3/internal/compatibilitypack/authoring","Test":"TestRefreshReportsAReviewFailureAndContinues"}
{"Time":"2026-10-08T19:12:57.4369102Z","Action":"output","Package":"go.temporal.io/server/tools/gomad3/internal/compatibilitypack/authoring","Test":"TestRefreshReportsAReviewFailureAndContinues","Output":"=== RUN   TestRefreshReportsAReviewFailureAndContinues\n","OutputType":"frame"}
{"Time":"2026-10-08T19:12:57.4902842Z","Action":"output","Package":"go.temporal.io/server/tools/gomad3/internal/compatibilitypack/authoring","Test":"TestRefreshReportsAReviewFailureAndContinues","Output":"--- PASS: TestRefreshReportsAReviewFailureAndContinues (0.05s)\n","OutputType":"frame"}
{"Time":"2026-10-08T19:12:57.4911407Z","Action":"pass","Package":"go.temporal.io/server/tools/gomad3/internal/compatibilitypack/authoring","Test":"TestRefreshReportsAReviewFailureAndContinues","Elapsed":0.05}
{"Time":"2026-10-08T19:12:57.491598492Z","Action":"run","Package":"go.temporal.io/server/tools/gomad3/internal/compatibilitypack/authoring","Test":"TestCheckedInWorkingDirectoriesMapEveryRequest"}
{"Time":"2026-10-08T19:12:57.4916862Z","Action":"output","Package":"go.temporal.io/server/tools/gomad3/internal/compatibilitypack/authoring","Test":"TestCheckedInWorkingDirectoriesMapEveryRequest","Output":"=== RUN   TestCheckedInWorkingDirectoriesMapEveryRequest\n","OutputType":"frame"}
{"Time":"2026-10-08T19:12:57.506691367Z","Action":"output","Package":"go.temporal.io/server/tools/gomad3/internal/compatibilitypack/authoring","Test":"TestCheckedInWorkingDirectoriesMapEveryRequest","Output":"--- PASS: TestCheckedInWorkingDirectoriesMapEveryRequest (0.02s)\n","OutputType":"frame"}
{"Time":"2026-10-08T19:12:57.5067972Z","Action":"pass","Package":"go.temporal.io/server/tools/gomad3/internal/compatibilitypack/authoring","Test":"TestCheckedInWorkingDirectoriesMapEveryRequest","Elapsed":0.02}
{"Time":"2026-10-08T19:12:57.5069092Z","Action":"run","Package":"go.temporal.io/server/tools/gomad3/internal/compatibilitypack/authoring","Test":"TestRefreshSelectsAHostRequestBoundToAnotherProfile"}
{"Time":"2026-10-08T19:12:57.506933075Z","Action":"output","Package":"go.temporal.io/server/tools/gomad3/internal/compatibilitypack/authoring","Test":"TestRefreshSelectsAHostRequestBoundToAnotherProfile","Output":"=== RUN   TestRefreshSelectsAHostRequestBoundToAnotherProfile\n","OutputType":"frame"}
{"Time":"2026-10-08T19:12:57.52956645Z","Action":"output","Package":"go.temporal.io/server/tools/gomad3/internal/compatibilitypack/authoring","Test":"TestRefreshSelectsAHostRequestBoundToAnotherProfile","Output":"--- PASS: TestRefreshSelectsAHostRequestBoundToAnotherProfile (0.02s)\n","OutputType":"frame"}
{"Time":"2026-10-08T19:12:57.529685617Z","Action":"pass","Package":"go.temporal.io/server/tools/gomad3/internal/compatibilitypack/authoring","Test":"TestRefreshSelectsAHostRequestBoundToAnotherProfile","Elapsed":0.02}
{"Time":"2026-10-08T19:12:57.529731033Z","Action":"run","Package":"go.temporal.io/server/tools/gomad3/internal/compatibilitypack/authoring","Test":"TestCheckWorkingDirectoriesRequiresTheTableAndAModulePerEntry"}
{"Time":"2026-10-08T19:12:57.529758117Z","Action":"output","Package":"go.temporal.io/server/tools/gomad3/internal/compatibilitypack/authoring","Test":"TestCheckWorkingDirectoriesRequiresTheTableAndAModulePerEntry","Output":"=== RUN   TestCheckWorkingDirectoriesRequiresTheTableAndAModulePerEntry\n","OutputType":"frame"}
{"Time":"2026-10-08T19:12:57.589615325Z","Action":"output","Package":"go.temporal.io/server/tools/gomad3/internal/compatibilitypack/authoring","Test":"TestCheckWorkingDirectoriesRequiresTheTableAndAModulePerEntry","Output":"--- PASS: TestCheckWorkingDirectoriesRequiresTheTableAndAModulePerEntry (0.06s)\n","OutputType":"frame"}
{"Time":"2026-10-08T19:12:57.589709825Z","Action":"pass","Package":"go.temporal.io/server/tools/gomad3/internal/compatibilitypack/authoring","Test":"TestCheckWorkingDirectoriesRequiresTheTableAndAModulePerEntry","Elapsed":0.06}
{"Time":"2026-10-08T19:12:57.589747367Z","Action":"run","Package":"go.temporal.io/server/tools/gomad3/internal/compatibilitypack/authoring","Test":"TestApprovalSHA256BindsCompleteReviewedRequest"}
{"Time":"2026-10-08T19:12:57.58979345Z","Action":"output","Package":"go.temporal.io/server/tools/gomad3/internal/compatibilitypack/authoring","Test":"TestApprovalSHA256BindsCompleteReviewedRequest","Output":"=== RUN   TestApprovalSHA256BindsCompleteReviewedRequest\n","OutputType":"frame"}
{"Time":"2026-10-08T19:12:57.590037242Z","Action":"run","Package":"go.temporal.io/server/tools/gomad3/internal/compatibilitypack/authoring","Test":"TestApprovalSHA256BindsCompleteReviewedRequest/workload"}
{"Time":"2026-10-08T19:12:57.590216283Z","Action":"output","Package":"go.temporal.io/server/tools/gomad3/internal/compatibilitypack/authoring","Test":"TestApprovalSHA256BindsCompleteReviewedRequest/workload","Output":"=== RUN   TestApprovalSHA256BindsCompleteReviewedRequest/workload\n","OutputType":"frame"}
{"Time":"2026-10-08T19:12:57.590392367Z","Action":"output","Package":"go.temporal.io/server/tools/gomad3/internal/compatibilitypack/authoring","Test":"TestApprovalSHA256BindsCompleteReviewedRequest/workload","Output":"--- PASS: TestApprovalSHA256BindsCompleteReviewedRequest/workload (0.00s)\n","OutputType":"frame"}
{"Time":"2026-10-08T19:12:57.59059595Z","Action":"pass","Package":"go.temporal.io/server/tools/gomad3/internal/compatibilitypack/authoring","Test":"TestApprovalSHA256BindsCompleteReviewedRequest/workload","Elapsed":0}
{"Time":"2026-10-08T19:12:57.591202117Z","Action":"run","Package":"go.temporal.io/server/tools/gomad3/internal/compatibilitypack/authoring","Test":"TestApprovalSHA256BindsCompleteReviewedRequest/platform"}
{"Time":"2026-10-08T19:12:57.591272575Z","Action":"output","Package":"go.temporal.io/server/tools/gomad3/internal/compatibilitypack/authoring","Test":"TestApprovalSHA256BindsCompleteReviewedRequest/platform","Output":"=== RUN   TestApprovalSHA256BindsCompleteReviewedRequest/platform\n","OutputType":"frame"}
{"Time":"2026-10-08T19:12:57.591616575Z","Action":"output","Package":"go.temporal.io/server/tools/gomad3/internal/compatibilitypack/authoring","Test":"TestApprovalSHA256BindsCompleteReviewedRequest/platform","Output":"--- PASS: TestApprovalSHA256BindsCompleteReviewedRequest/platform (0.00s)\n","OutputType":"frame"}
{"Time":"2026-10-08T19:12:57.591665158Z","Action":"pass","Package":"go.temporal.io/server/tools/gomad3/internal/compatibilitypack/authoring","Test":"TestApprovalSHA256BindsCompleteReviewedRequest/platform","Elapsed":0}
{"Time":"2026-10-08T19:12:57.59169195Z","Action":"run","Package":"go.temporal.io/server/tools/gomad3/internal/compatibilitypack/authoring","Test":"TestApprovalSHA256BindsCompleteReviewedRequest/source"}
{"Time":"2026-10-08T19:12:57.591719325Z","Action":"output","Package":"go.temporal.io/server/tools/gomad3/internal/compatibilitypack/authoring","Test":"TestApprovalSHA256BindsCompleteReviewedRequest/source","Output":"=== RUN   TestApprovalSHA256BindsCompleteReviewedRequest/source\n","OutputType":"frame"}
{"Time":"2026-10-08T19:12:57.591762783Z","Action":"output","Package":"go.temporal.io/server/tools/gomad3/internal/compatibilitypack/authoring","Test":"TestApprovalSHA256BindsCompleteReviewedRequest/source","Output":"--- PASS: TestApprovalSHA256BindsCompleteReviewedRequest/source (0.00s)\n","OutputType":"frame"}
{"Time":"2026-10-08T19:12:57.591809783Z","Action":"pass","Package":"go.temporal.io/server/tools/gomad3/internal/compatibilitypack/authoring","Test":"TestApprovalSHA256BindsCompleteReviewedRequest/source","Elapsed":0}
{"Time":"2026-10-08T19:12:57.591839283Z","Action":"run","Package":"go.temporal.io/server/tools/gomad3/internal/compatibilitypack/authoring","Test":"TestApprovalSHA256BindsCompleteReviewedRequest/fact_disposition"}
{"Time":"2026-10-08T19:12:57.5918662Z","Action":"output","Package":"go.temporal.io/server/tools/gomad3/internal/compatibilitypack/authoring","Test":"TestApprovalSHA256BindsCompleteReviewedRequest/fact_disposition","Output":"=== RUN   TestApprovalSHA256BindsCompleteReviewedRequest/fact_disposition\n","OutputType":"frame"}
{"Time":"2026-10-08T19:12:57.591897158Z","Action":"output","Package":"go.temporal.io/server/tools/gomad3/internal/compatibilitypack/authoring","Test":"TestApprovalSHA256BindsCompleteReviewedRequest/fact_disposition","Output":"--- PASS: TestApprovalSHA256BindsCompleteReviewedRequest/fact_disposition (0.00s)\n","OutputType":"frame"}
{"Time":"2026-10-08T19:12:57.591927575Z","Action":"pass","Package":"go.temporal.io/server/tools/gomad3/internal/compatibilitypack/authoring","Test":"TestApprovalSHA256BindsCompleteReviewedRequest/fact_disposition","Elapsed":0}
{"Time":"2026-10-08T19:12:57.591951158Z","Action":"run","Package":"go.temporal.io/server/tools/gomad3/internal/compatibilitypack/authoring","Test":"TestApprovalSHA256BindsCompleteReviewedRequest/owner"}
{"Time":"2026-10-08T19:12:57.591986492Z","Action":"output","Package":"go.temporal.io/server/tools/gomad3/internal/compatibilitypack/authoring","Test":"TestApprovalSHA256BindsCompleteReviewedRequest/owner","Output":"=== RUN   TestApprovalSHA256BindsCompleteReviewedRequest/owner\n","OutputType":"frame"}
{"Time":"2026-10-08T19:12:57.592010242Z","Action":"output","Package":"go.temporal.io/server/tools/gomad3/internal/compatibilitypack/authoring","Test":"TestApprovalSHA256BindsCompleteReviewedRequest/owner","Output":"--- PASS: TestApprovalSHA256BindsCompleteReviewedRequest/owner (0.00s)\n","OutputType":"frame"}
{"Time":"2026-10-08T19:12:57.592033283Z","Action":"pass","Package":"go.temporal.io/server/tools/gomad3/internal/compatibilitypack/authoring","Test":"TestApprovalSHA256BindsCompleteReviewedRequest/owner","Elapsed":0}
{"Time":"2026-10-08T19:12:57.592057033Z","Action":"run","Package":"go.temporal.io/server/tools/gomad3/internal/compatibilitypack/authoring","Test":"TestApprovalSHA256BindsCompleteReviewedRequest/review_time"}
{"Time":"2026-10-08T19:12:57.592107533Z","Action":"output","Package":"go.temporal.io/server/tools/gomad3/internal/compatibilitypack/authoring","Test":"TestApprovalSHA256BindsCompleteReviewedRequest/review_time","Output":"=== RUN   TestApprovalSHA256BindsCompleteReviewedRequest/review_time\n","OutputType":"frame"}
{"Time":"2026-10-08T19:12:57.592138992Z","Action":"output","Package":"go.temporal.io/server/tools/gomad3/internal/compatibilitypack/authoring","Test":"TestApprovalSHA256BindsCompleteReviewedRequest/review_time","Output":"--- PASS: TestApprovalSHA256BindsCompleteReviewedRequest/review_time (0.00s)\n","OutputType":"frame"}
{"Time":"2026-10-08T19:12:57.592186242Z","Action":"pass","Package":"go.temporal.io/server/tools/gomad3/internal/compatibilitypack/authoring","Test":"TestApprovalSHA256BindsCompleteReviewedRequest/review_time","Elapsed":0}
{"Time":"2026-10-08T19:12:57.592219742Z","Action":"run","Package":"go.temporal.io/server/tools/gomad3/internal/compatibilitypack/authoring","Test":"TestApprovalSHA256BindsCompleteReviewedRequest/justification"}
{"Time":"2026-10-08T19:12:57.5922587Z","Action":"output","Package":"go.temporal.io/server/tools/gomad3/internal/compatibilitypack/authoring","Test":"TestApprovalSHA256BindsCompleteReviewedRequest/justification","Output":"=== RUN   TestApprovalSHA256BindsCompleteReviewedRequest/justification\n","OutputType":"frame"}
{"Time":"2026-10-08T19:12:57.592292533Z","Action":"output","Package":"go.temporal.io/server/tools/gomad3/internal/compatibilitypack/authoring","Test":"TestApprovalSHA256BindsCompleteReviewedRequest/justification","Output":"--- PASS: TestApprovalSHA256BindsCompleteReviewedRequest/justification (0.00s)\n","OutputType":"frame"}
{"Time":"2026-10-08T19:12:57.592342367Z","Action":"pass","Package":"go.temporal.io/server/tools/gomad3/internal/compatibilitypack/authoring","Test":"TestApprovalSHA256BindsCompleteReviewedRequest/justification","Elapsed":0}
{"Time":"2026-10-08T19:12:57.592365658Z","Action":"output","Package":"go.temporal.io/server/tools/gomad3/internal/compatibilitypack/authoring","Test":"TestApprovalSHA256BindsCompleteReviewedRequest","Output":"--- PASS: TestApprovalSHA256BindsCompleteReviewedRequest (0.00s)\n","OutputType":"frame"}
{"Time":"2026-10-08T19:12:57.592413492Z","Action":"pass","Package":"go.temporal.io/server/tools/gomad3/internal/compatibilitypack/authoring","Test":"TestApprovalSHA256BindsCompleteReviewedRequest","Elapsed":0}
{"Time":"2026-10-08T19:12:57.59242795Z","Action":"run","Package":"go.temporal.io/server/tools/gomad3/internal/compatibilitypack/authoring","Test":"TestDecodeDraftRequestAcceptsSelectorsWithoutDiscoveredEvidence"}
{"Time":"2026-10-08T19:12:57.59243995Z","Action":"output","Package":"go.temporal.io/server/tools/gomad3/internal/compatibilitypack/authoring","Test":"TestDecodeDraftRequestAcceptsSelectorsWithoutDiscoveredEvidence","Output":"=== RUN   TestDecodeDraftRequestAcceptsSelectorsWithoutDiscoveredEvidence\n","OutputType":"frame"}
{"Time":"2026-10-08T19:12:57.59245295Z","Action":"output","Package":"go.temporal.io/server/tools/gomad3/internal/compatibilitypack/authoring","Test":"TestDecodeDraftRequestAcceptsSelectorsWithoutDiscoveredEvidence","Output":"--- PASS: TestDecodeDraftRequestAcceptsSelectorsWithoutDiscoveredEvidence (0.00s)\n","OutputType":"frame"}
{"Time":"2026-10-08T19:12:57.5924682Z","Action":"pass","Package":"go.temporal.io/server/tools/gomad3/internal/compatibilitypack/authoring","Test":"TestDecodeDraftRequestAcceptsSelectorsWithoutDiscoveredEvidence","Elapsed":0}
{"Time":"2026-10-08T19:12:57.59248095Z","Action":"run","Package":"go.temporal.io/server/tools/gomad3/internal/compatibilitypack/authoring","Test":"TestValidateRequestRejectsOperationalPathsAndCollectionOverflow"}
{"Time":"2026-10-08T19:12:57.592492283Z","Action":"output","Package":"go.temporal.io/server/tools/gomad3/internal/compatibilitypack/authoring","Test":"TestValidateRequestRejectsOperationalPathsAndCollectionOverflow","Output":"=== RUN   TestValidateRequestRejectsOperationalPathsAndCollectionOverflow\n","OutputType":"frame"}
{"Time":"2026-10-08T19:12:57.592503283Z","Action":"output","Package":"go.temporal.io/server/tools/gomad3/internal/compatibilitypack/authoring","Test":"TestValidateRequestRejectsOperationalPathsAndCollectionOverflow","Output":"--- PASS: TestValidateRequestRejectsOperationalPathsAndCollectionOverflow (0.00s)\n","OutputType":"frame"}
{"Time":"2026-10-08T19:12:57.592516367Z","Action":"pass","Package":"go.temporal.io/server/tools/gomad3/internal/compatibilitypack/authoring","Test":"TestValidateRequestRejectsOperationalPathsAndCollectionOverflow","Elapsed":0}
{"Time":"2026-10-08T19:12:57.592551575Z","Action":"run","Package":"go.temporal.io/server/tools/gomad3/internal/compatibilitypack/authoring","Test":"TestValidateRequestRejectsUnadmittableCapabilities"}
{"Time":"2026-10-08T19:12:57.592578367Z","Action":"output","Package":"go.temporal.io/server/tools/gomad3/internal/compatibilitypack/authoring","Test":"TestValidateRequestRejectsUnadmittableCapabilities","Output":"=== RUN   TestValidateRequestRejectsUnadmittableCapabilities\n","OutputType":"frame"}
{"Time":"2026-10-08T19:12:57.592595575Z","Action":"run","Package":"go.temporal.io/server/tools/gomad3/internal/compatibilitypack/authoring","Test":"TestValidateRequestRejectsUnadmittableCapabilities/import:os/exec"}
{"Time":"2026-10-08T19:12:57.592611908Z","Action":"output","Package":"go.temporal.io/server/tools/gomad3/internal/compatibilitypack/authoring","Test":"TestValidateRequestRejectsUnadmittableCapabilities/import:os/exec","Output":"=== RUN   TestValidateRequestRejectsUnadmittableCapabilities/import:os/exec\n","OutputType":"frame"}
{"Time":"2026-10-08T19:12:57.592645867Z","Action":"output","Package":"go.temporal.io/server/tools/gomad3/internal/compatibilitypack/authoring","Test":"TestValidateRequestRejectsUnadmittableCapabilities/import:os/exec","Output":"--- PASS: TestValidateRequestRejectsUnadmittableCapabilities/import:os/exec (0.00s)\n","OutputType":"frame"}
{"Time":"2026-10-08T19:12:57.592663575Z","Action":"pass","Package":"go.temporal.io/server/tools/gomad3/internal/compatibilitypack/authoring","Test":"TestValidateRequestRejectsUnadmittableCapabilities/import:os/exec","Elapsed":0}
{"Time":"2026-10-08T19:12:57.592754283Z","Action":"run","Package":"go.temporal.io/server/tools/gomad3/internal/compatibilitypack/authoring","Test":"TestValidateRequestRejectsUnadmittableCapabilities/import:os/signal"}
{"Time":"2026-10-08T19:12:57.5927762Z","Action":"output","Package":"go.temporal.io/server/tools/gomad3/internal/compatibilitypack/authoring","Test":"TestValidateRequestRejectsUnadmittableCapabilities/import:os/signal","Output":"=== RUN   TestValidateRequestRejectsUnadmittableCapabilities/import:os/signal\n","OutputType":"frame"}
{"Time":"2026-10-08T19:12:57.592795075Z","Action":"output","Package":"go.temporal.io/server/tools/gomad3/internal/compatibilitypack/authoring","Test":"TestValidateRequestRejectsUnadmittableCapabilities/import:os/signal","Output":"--- PASS: TestValidateRequestRejectsUnadmittableCapabilities/import:os/signal (0.00s)\n","OutputType":"frame"}
{"Time":"2026-10-08T19:12:57.592810492Z","Action":"pass","Package":"go.temporal.io/server/tools/gomad3/internal/compatibilitypack/authoring","Test":"TestValidateRequestRejectsUnadmittableCapabilities/import:os/signal","Elapsed":0}
{"Time":"2026-10-08T19:12:57.592826283Z","Action":"run","Package":"go.temporal.io/server/tools/gomad3/internal/compatibilitypack/authoring","Test":"TestValidateRequestRejectsUnadmittableCapabilities/import:os/user"}
{"Time":"2026-10-08T19:12:57.592841992Z","Action":"output","Package":"go.temporal.io/server/tools/gomad3/internal/compatibilitypack/authoring","Test":"TestValidateRequestRejectsUnadmittableCapabilities/import:os/user","Output":"=== RUN   TestValidateRequestRejectsUnadmittableCapabilities/import:os/user\n","OutputType":"frame"}
{"Time":"2026-10-08T19:12:57.592950867Z","Action":"output","Package":"go.temporal.io/server/tools/gomad3/internal/compatibilitypack/authoring","Test":"TestValidateRequestRejectsUnadmittableCapabilities/import:os/user","Output":"--- PASS: TestValidateRequestRejectsUnadmittableCapabilities/import:os/user (0.00s)\n","OutputType":"frame"}
{"Time":"2026-10-08T19:12:57.593008867Z","Action":"pass","Package":"go.temporal.io/server/tools/gomad3/internal/compatibilitypack/authoring","Test":"TestValidateRequestRejectsUnadmittableCapabilities/import:os/user","Elapsed":0}
{"Time":"2026-10-08T19:12:57.593035908Z","Action":"output","Package":"go.temporal.io/server/tools/gomad3/internal/compatibilitypack/authoring","Test":"TestValidateRequestRejectsUnadmittableCapabilities","Output":"--- PASS: TestValidateRequestRejectsUnadmittableCapabilities (0.00s)\n","OutputType":"frame"}
{"Time":"2026-10-08T19:12:57.593058117Z","Action":"pass","Package":"go.temporal.io/server/tools/gomad3/internal/compatibilitypack/authoring","Test":"TestValidateRequestRejectsUnadmittableCapabilities","Elapsed":0}
{"Time":"2026-10-08T19:12:57.593091867Z","Action":"run","Package":"go.temporal.io/server/tools/gomad3/internal/compatibilitypack/authoring","Test":"TestRequestAdmissionRejectsFiveAllowedHostImports"}
{"Time":"2026-10-08T19:12:57.593120533Z","Action":"output","Package":"go.temporal.io/server/tools/gomad3/internal/compatibilitypack/authoring","Test":"TestRequestAdmissionRejectsFiveAllowedHostImports","Output":"=== RUN   TestRequestAdmissionRejectsFiveAllowedHostImports\n","OutputType":"frame"}
{"Time":"2026-10-08T19:12:57.593146242Z","Action":"run","Package":"go.temporal.io/server/tools/gomad3/internal/compatibilitypack/authoring","Test":"TestRequestAdmissionRejectsFiveAllowedHostImports/import:os/exec"}
{"Time":"2026-10-08T19:12:57.593178158Z","Action":"output","Package":"go.temporal.io/server/tools/gomad3/internal/compatibilitypack/authoring","Test":"TestRequestAdmissionRejectsFiveAllowedHostImports/import:os/exec","Output":"=== RUN   TestRequestAdmissionRejectsFiveAllowedHostImports/import:os/exec\n","OutputType":"frame"}
{"Time":"2026-10-08T19:12:57.593214783Z","Action":"output","Package":"go.temporal.io/server/tools/gomad3/internal/compatibilitypack/authoring","Test":"TestRequestAdmissionRejectsFiveAllowedHostImports/import:os/exec","Output":"--- PASS: TestRequestAdmissionRejectsFiveAllowedHostImports/import:os/exec (0.00s)\n","OutputType":"frame"}
{"Time":"2026-10-08T19:12:57.593238283Z","Action":"pass","Package":"go.temporal.io/server/tools/gomad3/internal/compatibilitypack/authoring","Test":"TestRequestAdmissionRejectsFiveAllowedHostImports/import:os/exec","Elapsed":0}
{"Time":"2026-10-08T19:12:57.593264575Z","Action":"run","Package":"go.temporal.io/server/tools/gomad3/internal/compatibilitypack/authoring","Test":"TestRequestAdmissionRejectsFiveAllowedHostImports/import:os/signal"}
{"Time":"2026-10-08T19:12:57.593300617Z","Action":"output","Package":"go.temporal.io/server/tools/gomad3/internal/compatibilitypack/authoring","Test":"TestRequestAdmissionRejectsFiveAllowedHostImports/import:os/signal","Output":"=== RUN   TestRequestAdmissionRejectsFiveAllowedHostImports/import:os/signal\n","OutputType":"frame"}
{"Time":"2026-10-08T19:12:57.593347033Z","Action":"output","Package":"go.temporal.io/server/tools/gomad3/internal/compatibilitypack/authoring","Test":"TestRequestAdmissionRejectsFiveAllowedHostImports/import:os/signal","Output":"--- PASS: TestRequestAdmissionRejectsFiveAllowedHostImports/import:os/signal (0.00s)\n","OutputType":"frame"}
{"Time":"2026-10-08T19:12:57.593607075Z","Action":"pass","Package":"go.temporal.io/server/tools/gomad3/internal/compatibilitypack/authoring","Test":"TestRequestAdmissionRejectsFiveAllowedHostImports/import:os/signal","Elapsed":0}
{"Time":"2026-10-08T19:12:57.593653158Z","Action":"run","Package":"go.temporal.io/server/tools/gomad3/internal/compatibilitypack/authoring","Test":"TestRequestAdmissionRejectsFiveAllowedHostImports/import:os/user"}
{"Time":"2026-10-08T19:12:57.593709617Z","Action":"output","Package":"go.temporal.io/server/tools/gomad3/internal/compatibilitypack/authoring","Test":"TestRequestAdmissionRejectsFiveAllowedHostImports/import:os/user","Output":"=== RUN   TestRequestAdmissionRejectsFiveAllowedHostImports/import:os/user\n","OutputType":"frame"}
{"Time":"2026-10-08T19:12:57.593739033Z","Action":"output","Package":"go.temporal.io/server/tools/gomad3/internal/compatibilitypack/authoring","Test":"TestRequestAdmissionRejectsFiveAllowedHostImports/import:os/user","Output":"--- PASS: TestRequestAdmissionRejectsFiveAllowedHostImports/import:os/user (0.00s)\n","OutputType":"frame"}
{"Time":"2026-10-08T19:12:57.593764783Z","Action":"pass","Package":"go.temporal.io/server/tools/gomad3/internal/compatibilitypack/authoring","Test":"TestRequestAdmissionRejectsFiveAllowedHostImports/import:os/user","Elapsed":0}
{"Time":"2026-10-08T19:12:57.594034825Z","Action":"run","Package":"go.temporal.io/server/tools/gomad3/internal/compatibilitypack/authoring","Test":"TestRequestAdmissionRejectsFiveAllowedHostImports/import:plugin"}
{"Time":"2026-10-08T19:12:57.59407245Z","Action":"output","Package":"go.temporal.io/server/tools/gomad3/internal/compatibilitypack/authoring","Test":"TestRequestAdmissionRejectsFiveAllowedHostImports/import:plugin","Output":"=== RUN   TestRequestAdmissionRejectsFiveAllowedHostImports/import:plugin\n","OutputType":"frame"}
{"Time":"2026-10-08T19:12:57.594119242Z","Action":"output","Package":"go.temporal.io/server/tools/gomad3/internal/compatibilitypack/authoring","Test":"TestRequestAdmissionRejectsFiveAllowedHostImports/import:plugin","Output":"--- PASS: TestRequestAdmissionRejectsFiveAllowedHostImports/import:plugin (0.00s)\n","OutputType":"frame"}
{"Time":"2026-10-08T19:12:57.594154117Z","Action":"pass","Package":"go.temporal.io/server/tools/gomad3/internal/compatibilitypack/authoring","Test":"TestRequestAdmissionRejectsFiveAllowedHostImports/import:plugin","Elapsed":0}
{"Time":"2026-10-08T19:12:57.59418595Z","Action":"run","Package":"go.temporal.io/server/tools/gomad3/internal/compatibilitypack/authoring","Test":"TestRequestAdmissionRejectsFiveAllowedHostImports/import:runtime/cgo"}
{"Time":"2026-10-08T19:12:57.594229367Z","Action":"output","Package":"go.temporal.io/server/tools/gomad3/internal/compatibilitypack/authoring","Test":"TestRequestAdmissionRejectsFiveAllowedHostImports/import:runtime/cgo","Output":"=== RUN   TestRequestAdmissionRejectsFiveAllowedHostImports/import:runtime/cgo\n","OutputType":"frame"}
{"Time":"2026-10-08T19:12:57.594275117Z","Action":"output","Package":"go.temporal.io/server/tools/gomad3/internal/compatibilitypack/authoring","Test":"TestRequestAdmissionRejectsFiveAllowedHostImports/import:runtime/cgo","Output":"--- PASS: TestRequestAdmissionRejectsFiveAllowedHostImports/import:runtime/cgo (0.00s)\n","OutputType":"frame"}
{"Time":"2026-10-08T19:12:57.594292242Z","Action":"pass","Package":"go.temporal.io/server/tools/gomad3/internal/compatibilitypack/authoring","Test":"TestRequestAdmissionRejectsFiveAllowedHostImports/import:runtime/cgo","Elapsed":0}
{"Time":"2026-10-08T19:12:57.5943077Z","Action":"output","Package":"go.temporal.io/server/tools/gomad3/internal/compatibilitypack/authoring","Test":"TestRequestAdmissionRejectsFiveAllowedHostImports","Output":"--- PASS: TestRequestAdmissionRejectsFiveAllowedHostImports (0.00s)\n","OutputType":"frame"}
{"Time":"2026-10-08T19:12:57.594324492Z","Action":"pass","Package":"go.temporal.io/server/tools/gomad3/internal/compatibilitypack/authoring","Test":"TestRequestAdmissionRejectsFiveAllowedHostImports","Elapsed":0}
{"Time":"2026-10-08T19:12:57.59434245Z","Action":"run","Package":"go.temporal.io/server/tools/gomad3/internal/compatibilitypack/authoring","Test":"TestRequestAdmissionPreservesFactValidationPriority"}
{"Time":"2026-10-08T19:12:57.594377367Z","Action":"output","Package":"go.temporal.io/server/tools/gomad3/internal/compatibilitypack/authoring","Test":"TestRequestAdmissionPreservesFactValidationPriority","Output":"=== RUN   TestRequestAdmissionPreservesFactValidationPriority\n","OutputType":"frame"}
{"Time":"2026-10-08T19:12:57.59447645Z","Action":"run","Package":"go.temporal.io/server/tools/gomad3/internal/compatibilitypack/authoring","Test":"TestRequestAdmissionPreservesFactValidationPriority/admission-before-inventory"}
{"Time":"2026-10-08T19:12:57.594492825Z","Action":"output","Package":"go.temporal.io/server/tools/gomad3/internal/compatibilitypack/authoring","Test":"TestRequestAdmissionPreservesFactValidationPriority/admission-before-inventory","Output":"=== RUN   TestRequestAdmissionPreservesFactValidationPriority/admission-before-inventory\n","OutputType":"frame"}
{"Time":"2026-10-08T19:12:57.594509492Z","Action":"output","Package":"go.temporal.io/server/tools/gomad3/internal/compatibilitypack/authoring","Test":"TestRequestAdmissionPreservesFactValidationPriority/admission-before-inventory","Output":"--- PASS: TestRequestAdmissionPreservesFactValidationPriority/admission-before-inventory (0.00s)\n","OutputType":"frame"}
{"Time":"2026-10-08T19:12:57.594550658Z","Action":"pass","Package":"go.temporal.io/server/tools/gomad3/internal/compatibilitypack/authoring","Test":"TestRequestAdmissionPreservesFactValidationPriority/admission-before-inventory","Elapsed":0}
{"Time":"2026-10-08T19:12:57.594596325Z","Action":"run","Package":"go.temporal.io/server/tools/gomad3/internal/compatibilitypack/authoring","Test":"TestRequestAdmissionPreservesFactValidationPriority/malformed-before-admission"}
{"Time":"2026-10-08T19:12:57.594617242Z","Action":"output","Package":"go.temporal.io/server/tools/gomad3/internal/compatibilitypack/authoring","Test":"TestRequestAdmissionPreservesFactValidationPriority/malformed-before-admission","Output":"=== RUN   TestRequestAdmissionPreservesFactValidationPriority/malformed-before-admission\n","OutputType":"frame"}
{"Time":"2026-10-08T19:12:57.594673242Z","Action":"output","Package":"go.temporal.io/server/tools/gomad3/internal/compatibilitypack/authoring","Test":"TestRequestAdmissionPreservesFactValidationPriority/malformed-before-admission","Output":"--- PASS: TestRequestAdmissionPreservesFactValidationPriority/malformed-before-admission (0.00s)\n","OutputType":"frame"}
{"Time":"2026-10-08T19:12:57.594730825Z","Action":"pass","Package":"go.temporal.io/server/tools/gomad3/internal/compatibilitypack/authoring","Test":"TestRequestAdmissionPreservesFactValidationPriority/malformed-before-admission","Elapsed":0}
{"Time":"2026-10-08T19:12:57.59478145Z","Action":"run","Package":"go.temporal.io/server/tools/gomad3/internal/compatibilitypack/authoring","Test":"TestRequestAdmissionPreservesFactValidationPriority/disposition-before-admission"}
{"Time":"2026-10-08T19:12:57.5948397Z","Action":"output","Package":"go.temporal.io/server/tools/gomad3/internal/compatibilitypack/authoring","Test":"TestRequestAdmissionPreservesFactValidationPriority/disposition-before-admission","Output":"=== RUN   TestRequestAdmissionPreservesFactValidationPriority/disposition-before-admission\n","OutputType":"frame"}
{"Time":"2026-10-08T19:12:57.594886575Z","Action":"output","Package":"go.temporal.io/server/tools/gomad3/internal/compatibilitypack/authoring","Test":"TestRequestAdmissionPreservesFactValidationPriority/disposition-before-admission","Output":"--- PASS: TestRequestAdmissionPreservesFactValidationPriority/disposition-before-admission (0.00s)\n","OutputType":"frame"}
{"Time":"2026-10-08T19:12:57.594928617Z","Action":"pass","Package":"go.temporal.io/server/tools/gomad3/internal/compatibilitypack/authoring","Test":"TestRequestAdmissionPreservesFactValidationPriority/disposition-before-admission","Elapsed":0}
{"Time":"2026-10-08T19:12:57.594974825Z","Action":"run","Package":"go.temporal.io/server/tools/gomad3/internal/compatibilitypack/authoring","Test":"TestRequestAdmissionPreservesFactValidationPriority/earlier-fact-before-admission"}
{"Time":"2026-10-08T19:12:57.595003908Z","Action":"output","Package":"go.temporal.io/server/tools/gomad3/internal/compatibilitypack/authoring","Test":"TestRequestAdmissionPreservesFactValidationPriority/earlier-fact-before-admission","Output":"=== RUN   TestRequestAdmissionPreservesFactValidationPriority/earlier-fact-before-admission\n","OutputType":"frame"}
{"Time":"2026-10-08T19:12:57.5950242Z","Action":"output","Package":"go.temporal.io/server/tools/gomad3/internal/compatibilitypack/authoring","Test":"TestRequestAdmissionPreservesFactValidationPriority/earlier-fact-before-admission","Output":"--- PASS: TestRequestAdmissionPreservesFactValidationPriority/earlier-fact-before-admission (0.00s)\n","OutputType":"frame"}
{"Time":"2026-10-08T19:12:57.595042367Z","Action":"pass","Package":"go.temporal.io/server/tools/gomad3/internal/compatibilitypack/authoring","Test":"TestRequestAdmissionPreservesFactValidationPriority/earlier-fact-before-admission","Elapsed":0}
{"Time":"2026-10-08T19:12:57.595059325Z","Action":"run","Package":"go.temporal.io/server/tools/gomad3/internal/compatibilitypack/authoring","Test":"TestRequestAdmissionPreservesFactValidationPriority/admission-before-later-fact"}
{"Time":"2026-10-08T19:12:57.59507495Z","Action":"output","Package":"go.temporal.io/server/tools/gomad3/internal/compatibilitypack/authoring","Test":"TestRequestAdmissionPreservesFactValidationPriority/admission-before-later-fact","Output":"=== RUN   TestRequestAdmissionPreservesFactValidationPriority/admission-before-later-fact\n","OutputType":"frame"}
{"Time":"2026-10-08T19:12:57.595104908Z","Action":"output","Package":"go.temporal.io/server/tools/gomad3/internal/compatibilitypack/authoring","Test":"TestRequestAdmissionPreservesFactValidationPriority/admission-before-later-fact","Output":"--- PASS: TestRequestAdmissionPreservesFactValidationPriority/admission-before-later-fact (0.00s)\n","OutputType":"frame"}
{"Time":"2026-10-08T19:12:57.595128825Z","Action":"pass","Package":"go.temporal.io/server/tools/gomad3/internal/compatibilitypack/authoring","Test":"TestRequestAdmissionPreservesFactValidationPriority/admission-before-later-fact","Elapsed":0}
{"Time":"2026-10-08T19:12:57.595171075Z","Action":"output","Package":"go.temporal.io/server/tools/gomad3/internal/compatibilitypack/authoring","Test":"TestRequestAdmissionPreservesFactValidationPriority","Output":"--- PASS: TestRequestAdmissionPreservesFactValidationPriority (0.00s)\n","OutputType":"frame"}
{"Time":"2026-10-08T19:12:57.595202617Z","Action":"pass","Package":"go.temporal.io/server/tools/gomad3/internal/compatibilitypack/authoring","Test":"TestRequestAdmissionPreservesFactValidationPriority","Elapsed":0}
{"Time":"2026-10-08T19:12:57.595263325Z","Action":"run","Package":"go.temporal.io/server/tools/gomad3/internal/compatibilitypack/authoring","Test":"TestRenderReviewIncludesGovernanceEvidenceAndSecurityLabels"}
{"Time":"2026-10-08T19:12:57.595292617Z","Action":"output","Package":"go.temporal.io/server/tools/gomad3/internal/compatibilitypack/authoring","Test":"TestRenderReviewIncludesGovernanceEvidenceAndSecurityLabels","Output":"=== RUN   TestRenderReviewIncludesGovernanceEvidenceAndSecurityLabels\n","OutputType":"frame"}
{"Time":"2026-10-08T19:12:57.5953177Z","Action":"output","Package":"go.temporal.io/server/tools/gomad3/internal/compatibilitypack/authoring","Test":"TestRenderReviewIncludesGovernanceEvidenceAndSecurityLabels","Output":"--- PASS: TestRenderReviewIncludesGovernanceEvidenceAndSecurityLabels (0.00s)\n","OutputType":"frame"}
{"Time":"2026-10-08T19:12:57.595336658Z","Action":"pass","Package":"go.temporal.io/server/tools/gomad3/internal/compatibilitypack/authoring","Test":"TestRenderReviewIncludesGovernanceEvidenceAndSecurityLabels","Elapsed":0}
{"Time":"2026-10-08T19:12:57.595358617Z","Action":"run","Package":"go.temporal.io/server/tools/gomad3/internal/compatibilitypack/authoring","Test":"TestSelectedLibcVariantsResolveTheirMappedModuleVersions"}
{"Time":"2026-10-08T19:12:57.595375658Z","Action":"output","Package":"go.temporal.io/server/tools/gomad3/internal/compatibilitypack/authoring","Test":"TestSelectedLibcVariantsResolveTheirMappedModuleVersions","Output":"=== RUN   TestSelectedLibcVariantsResolveTheirMappedModuleVersions\n","OutputType":"frame"}
{"Time":"2026-10-08T19:12:57.608984325Z","Action":"run","Package":"go.temporal.io/server/tools/gomad3/internal/compatibilitypack/authoring","Test":"TestSelectedLibcVariantsResolveTheirMappedModuleVersions/modernc-libc-xsys-v041"}
{"Time":"2026-10-08T19:12:57.609043783Z","Action":"output","Package":"go.temporal.io/server/tools/gomad3/internal/compatibilitypack/authoring","Test":"TestSelectedLibcVariantsResolveTheirMappedModuleVersions/modernc-libc-xsys-v041","Output":"=== RUN   TestSelectedLibcVariantsResolveTheirMappedModuleVersions/modernc-libc-xsys-v041\n","OutputType":"frame"}
{"Time":"2026-10-08T19:12:57.616392658Z","Action":"output","Package":"go.temporal.io/server/tools/gomad3/internal/compatibilitypack/authoring","Test":"TestSelectedLibcVariantsResolveTheirMappedModuleVersions/modernc-libc-xsys-v041","Output":"    variant_selectors_test.go:68: mapped modernc-libc-xsys-v041 in /Users/stephan/Workspace/skunkworks/gomad/temporal/tools/gomad3/internal/compatibilitypack/testdata/v041 resolves golang.org/x/sys@v0.41.0 h1:Ivj+2Cp/ylzLiEU89QhWblYnOE9zerudt9Ftecq2C6k=; variant remains selected, native closure qualification is separate\n"}
{"Time":"2026-10-08T19:12:57.616428283Z","Action":"output","Package":"go.temporal.io/server/tools/gomad3/internal/compatibilitypack/authoring","Test":"TestSelectedLibcVariantsResolveTheirMappedModuleVersions/modernc-libc-xsys-v041","Output":"--- PASS: TestSelectedLibcVariantsResolveTheirMappedModuleVersions/modernc-libc-xsys-v041 (0.01s)\n","OutputType":"frame"}
{"Time":"2026-10-08T19:12:57.616447492Z","Action":"pass","Package":"go.temporal.io/server/tools/gomad3/internal/compatibilitypack/authoring","Test":"TestSelectedLibcVariantsResolveTheirMappedModuleVersions/modernc-libc-xsys-v041","Elapsed":0.01}
{"Time":"2026-10-08T19:12:57.616473075Z","Action":"run","Package":"go.temporal.io/server/tools/gomad3/internal/compatibilitypack/authoring","Test":"TestSelectedLibcVariantsResolveTheirMappedModuleVersions/modernc-libc-xsys-v047"}
{"Time":"2026-10-08T19:12:57.616571075Z","Action":"output","Package":"go.temporal.io/server/tools/gomad3/internal/compatibilitypack/authoring","Test":"TestSelectedLibcVariantsResolveTheirMappedModuleVersions/modernc-libc-xsys-v047","Output":"=== RUN   TestSelectedLibcVariantsResolveTheirMappedModuleVersions/modernc-libc-xsys-v047\n","OutputType":"frame"}
{"Time":"2026-10-08T19:12:57.624787367Z","Action":"output","Package":"go.temporal.io/server/tools/gomad3/internal/compatibilitypack/authoring","Test":"TestSelectedLibcVariantsResolveTheirMappedModuleVersions/modernc-libc-xsys-v047","Output":"    variant_selectors_test.go:68: mapped modernc-libc-xsys-v047 in /Users/stephan/Workspace/skunkworks/gomad/temporal/tools/gomad3/qualification/corpus resolves golang.org/x/sys@v0.47.0 h1:o7XGOvZQCADBQQ4Y7VNq2dRWQR7JmOUW8Kxx4ZsNgWs=; variant remains selected, native closure qualification is separate\n"}
{"Time":"2026-10-08T19:12:57.624891534Z","Action":"output","Package":"go.temporal.io/server/tools/gomad3/internal/compatibilitypack/authoring","Test":"TestSelectedLibcVariantsResolveTheirMappedModuleVersions/modernc-libc-xsys-v047","Output":"--- PASS: TestSelectedLibcVariantsResolveTheirMappedModuleVersions/modernc-libc-xsys-v047 (0.01s)\n","OutputType":"frame"}
{"Time":"2026-10-08T19:12:57.624928325Z","Action":"pass","Package":"go.temporal.io/server/tools/gomad3/internal/compatibilitypack/authoring","Test":"TestSelectedLibcVariantsResolveTheirMappedModuleVersions/modernc-libc-xsys-v047","Elapsed":0.01}
{"Time":"2026-10-08T19:12:57.624953492Z","Action":"output","Package":"go.temporal.io/server/tools/gomad3/internal/compatibilitypack/authoring","Test":"TestSelectedLibcVariantsResolveTheirMappedModuleVersions","Output":"--- PASS: TestSelectedLibcVariantsResolveTheirMappedModuleVersions (0.03s)\n","OutputType":"frame"}
{"Time":"2026-10-08T19:12:57.62499745Z","Action":"pass","Package":"go.temporal.io/server/tools/gomad3/internal/compatibilitypack/authoring","Test":"TestSelectedLibcVariantsResolveTheirMappedModuleVersions","Elapsed":0.03}
{"Time":"2026-10-08T19:12:57.625071242Z","Action":"output","Package":"go.temporal.io/server/tools/gomad3/internal/compatibilitypack/authoring","Output":"PASS\n","OutputType":"frame"}
{"Time":"2026-10-08T19:12:57.625206659Z","Action":"output","Package":"go.temporal.io/server/tools/gomad3/internal/compatibilitypack/authoring","Output":"ok  \tgo.temporal.io/server/tools/gomad3/internal/compatibilitypack/authoring\t2.072s\n"}
{"Time":"2026-10-08T19:12:57.6257802Z","Action":"pass","Package":"go.temporal.io/server/tools/gomad3/internal/compatibilitypack/authoring","Elapsed":2.072}
{"Time":"2026-10-08T19:12:58.868912492Z","Action":"output","Package":"go.temporal.io/server/tools/gomad3/cmd/gomadtool","Test":"TestRunAdapterRegenerateOutputFailuresPreserveStatus/human","Output":"--- PASS: TestRunAdapterRegenerateOutputFailuresPreserveStatus/human (2.77s)\n","OutputType":"frame"}
{"Time":"2026-10-08T19:12:58.869003367Z","Action":"pass","Package":"go.temporal.io/server/tools/gomad3/cmd/gomadtool","Test":"TestRunAdapterRegenerateOutputFailuresPreserveStatus/human","Elapsed":2.77}
{"Time":"2026-10-08T19:12:58.869068867Z","Action":"run","Package":"go.temporal.io/server/tools/gomad3/cmd/gomadtool","Test":"TestRunAdapterRegenerateOutputFailuresPreserveStatus/json"}
{"Time":"2026-10-08T19:12:58.869105826Z","Action":"output","Package":"go.temporal.io/server/tools/gomad3/cmd/gomadtool","Test":"TestRunAdapterRegenerateOutputFailuresPreserveStatus/json","Output":"=== RUN   TestRunAdapterRegenerateOutputFailuresPreserveStatus/json\n","OutputType":"frame"}
{"Time":"2026-10-08T19:13:01.290367077Z","Action":"output","Package":"go.temporal.io/server/tools/gomad3/cmd/gomadtool","Test":"TestRunAdapterRegenerateOutputFailuresPreserveStatus/json","Output":"--- PASS: TestRunAdapterRegenerateOutputFailuresPreserveStatus/json (2.42s)\n","OutputType":"frame"}
{"Time":"2026-10-08T19:13:01.29058116Z","Action":"pass","Package":"go.temporal.io/server/tools/gomad3/cmd/gomadtool","Test":"TestRunAdapterRegenerateOutputFailuresPreserveStatus/json","Elapsed":2.42}
{"Time":"2026-10-08T19:13:01.29070591Z","Action":"output","Package":"go.temporal.io/server/tools/gomad3/cmd/gomadtool","Test":"TestRunAdapterRegenerateOutputFailuresPreserveStatus","Output":"--- PASS: TestRunAdapterRegenerateOutputFailuresPreserveStatus (5.19s)\n","OutputType":"frame"}
{"Time":"2026-10-08T19:13:01.290770369Z","Action":"pass","Package":"go.temporal.io/server/tools/gomad3/cmd/gomadtool","Test":"TestRunAdapterRegenerateOutputFailuresPreserveStatus","Elapsed":5.19}
{"Time":"2026-10-08T19:13:01.290832327Z","Action":"run","Package":"go.temporal.io/server/tools/gomad3/cmd/gomadtool","Test":"TestRunAdapterRegenerateInputStatuses"}
{"Time":"2026-10-08T19:13:01.290908827Z","Action":"output","Package":"go.temporal.io/server/tools/gomad3/cmd/gomadtool","Test":"TestRunAdapterRegenerateInputStatuses","Output":"=== RUN   TestRunAdapterRegenerateInputStatuses\n","OutputType":"frame"}
{"Time":"2026-10-08T19:13:01.291075285Z","Action":"run","Package":"go.temporal.io/server/tools/gomad3/cmd/gomadtool","Test":"TestRunAdapterRegenerateInputStatuses/usage"}
{"Time":"2026-10-08T19:13:01.291146577Z","Action":"output","Package":"go.temporal.io/server/tools/gomad3/cmd/gomadtool","Test":"TestRunAdapterRegenerateInputStatuses/usage","Output":"=== RUN   TestRunAdapterRegenerateInputStatuses/usage\n","OutputType":"frame"}
{"Time":"2026-10-08T19:13:01.291191035Z","Action":"output","Package":"go.temporal.io/server/tools/gomad3/cmd/gomadtool","Test":"TestRunAdapterRegenerateInputStatuses/usage","Output":"--- PASS: TestRunAdapterRegenerateInputStatuses/usage (0.00s)\n","OutputType":"frame"}
{"Time":"2026-10-08T19:13:01.29123991Z","Action":"pass","Package":"go.temporal.io/server/tools/gomad3/cmd/gomadtool","Test":"TestRunAdapterRegenerateInputStatuses/usage","Elapsed":0}
{"Time":"2026-10-08T19:13:01.291285744Z","Action":"run","Package":"go.temporal.io/server/tools/gomad3/cmd/gomadtool","Test":"TestRunAdapterRegenerateInputStatuses/unknown_module"}
{"Time":"2026-10-08T19:13:01.29132416Z","Action":"output","Package":"go.temporal.io/server/tools/gomad3/cmd/gomadtool","Test":"TestRunAdapterRegenerateInputStatuses/unknown_module","Output":"=== RUN   TestRunAdapterRegenerateInputStatuses/unknown_module\n","OutputType":"frame"}
{"Time":"2026-10-08T19:13:01.291402535Z","Action":"output","Package":"go.temporal.io/server/tools/gomad3/cmd/gomadtool","Test":"TestRunAdapterRegenerateInputStatuses/unknown_module","Output":"--- PASS: TestRunAdapterRegenerateInputStatuses/unknown_module (0.00s)\n","OutputType":"frame"}
{"Time":"2026-10-08T19:13:01.291694869Z","Action":"pass","Package":"go.temporal.io/server/tools/gomad3/cmd/gomadtool","Test":"TestRunAdapterRegenerateInputStatuses/unknown_module","Elapsed":0}
{"Time":"2026-10-08T19:13:01.291867994Z","Action":"run","Package":"go.temporal.io/server/tools/gomad3/cmd/gomadtool","Test":"TestRunAdapterRegenerateInputStatuses/verify_usage"}
{"Time":"2026-10-08T19:13:01.291948327Z","Action":"output","Package":"go.temporal.io/server/tools/gomad3/cmd/gomadtool","Test":"TestRunAdapterRegenerateInputStatuses/verify_usage","Output":"=== RUN   TestRunAdapterRegenerateInputStatuses/verify_usage\n","OutputType":"frame"}
{"Time":"2026-10-08T19:13:01.291985535Z","Action":"output","Package":"go.temporal.io/server/tools/gomad3/cmd/gomadtool","Test":"TestRunAdapterRegenerateInputStatuses/verify_usage","Output":"--- PASS: TestRunAdapterRegenerateInputStatuses/verify_usage (0.00s)\n","OutputType":"frame"}
{"Time":"2026-10-08T19:13:01.292014494Z","Action":"pass","Package":"go.temporal.io/server/tools/gomad3/cmd/gomadtool","Test":"TestRunAdapterRegenerateInputStatuses/verify_usage","Elapsed":0}
{"Time":"2026-10-08T19:13:01.292037702Z","Action":"run","Package":"go.temporal.io/server/tools/gomad3/cmd/gomadtool","Test":"TestRunAdapterRegenerateInputStatuses/recover_nothing"}
{"Time":"2026-10-08T19:13:01.292096202Z","Action":"output","Package":"go.temporal.io/server/tools/gomad3/cmd/gomadtool","Test":"TestRunAdapterRegenerateInputStatuses/recover_nothing","Output":"=== RUN   TestRunAdapterRegenerateInputStatuses/recover_nothing\n","OutputType":"frame"}
{"Time":"2026-10-08T19:13:01.304346035Z","Action":"output","Package":"go.temporal.io/server/tools/gomad3/cmd/gomadtool","Test":"TestRunAdapterRegenerateInputStatuses/recover_nothing","Output":"--- PASS: TestRunAdapterRegenerateInputStatuses/recover_nothing (0.01s)\n","OutputType":"frame"}
{"Time":"2026-10-08T19:13:01.304681285Z","Action":"pass","Package":"go.temporal.io/server/tools/gomad3/cmd/gomadtool","Test":"TestRunAdapterRegenerateInputStatuses/recover_nothing","Elapsed":0.01}
{"Time":"2026-10-08T19:13:01.305019535Z","Action":"run","Package":"go.temporal.io/server/tools/gomad3/cmd/gomadtool","Test":"TestRunAdapterRegenerateInputStatuses/conflicting_approval_aliases"}
{"Time":"2026-10-08T19:13:01.305130535Z","Action":"output","Package":"go.temporal.io/server/tools/gomad3/cmd/gomadtool","Test":"TestRunAdapterRegenerateInputStatuses/conflicting_approval_aliases","Output":"=== RUN   TestRunAdapterRegenerateInputStatuses/conflicting_approval_aliases\n","OutputType":"frame"}
{"Time":"2026-10-08T19:13:01.305199369Z","Action":"output","Package":"go.temporal.io/server/tools/gomad3/cmd/gomadtool","Test":"TestRunAdapterRegenerateInputStatuses/conflicting_approval_aliases","Output":"--- PASS: TestRunAdapterRegenerateInputStatuses/conflicting_approval_aliases (0.00s)\n","OutputType":"frame"}
{"Time":"2026-10-08T19:13:01.30523791Z","Action":"pass","Package":"go.temporal.io/server/tools/gomad3/cmd/gomadtool","Test":"TestRunAdapterRegenerateInputStatuses/conflicting_approval_aliases","Elapsed":0}
{"Time":"2026-10-08T19:13:01.305286952Z","Action":"run","Package":"go.temporal.io/server/tools/gomad3/cmd/gomadtool","Test":"TestRunAdapterRegenerateInputStatuses/stage_requires_approval"}
{"Time":"2026-10-08T19:13:01.305321035Z","Action":"output","Package":"go.temporal.io/server/tools/gomad3/cmd/gomadtool","Test":"TestRunAdapterRegenerateInputStatuses/stage_requires_approval","Output":"=== RUN   TestRunAdapterRegenerateInputStatuses/stage_requires_approval\n","OutputType":"frame"}
{"Time":"2026-10-08T19:13:01.305376369Z","Action":"output","Package":"go.temporal.io/server/tools/gomad3/cmd/gomadtool","Test":"TestRunAdapterRegenerateInputStatuses/stage_requires_approval","Output":"--- PASS: TestRunAdapterRegenerateInputStatuses/stage_requires_approval (0.00s)\n","OutputType":"frame"}
{"Time":"2026-10-08T19:13:01.305480827Z","Action":"pass","Package":"go.temporal.io/server/tools/gomad3/cmd/gomadtool","Test":"TestRunAdapterRegenerateInputStatuses/stage_requires_approval","Elapsed":0}
{"Time":"2026-10-08T19:13:01.305499494Z","Action":"output","Package":"go.temporal.io/server/tools/gomad3/cmd/gomadtool","Test":"TestRunAdapterRegenerateInputStatuses","Output":"--- PASS: TestRunAdapterRegenerateInputStatuses (0.02s)\n","OutputType":"frame"}
{"Time":"2026-10-08T19:13:01.305514327Z","Action":"pass","Package":"go.temporal.io/server/tools/gomad3/cmd/gomadtool","Test":"TestRunAdapterRegenerateInputStatuses","Elapsed":0.02}
{"Time":"2026-10-08T19:13:01.305533077Z","Action":"run","Package":"go.temporal.io/server/tools/gomad3/cmd/gomadtool","Test":"TestRunCompatibilityPackRefreshDiagnosticsPreservePrimaryStatus"}
{"Time":"2026-10-08T19:13:01.30554891Z","Action":"output","Package":"go.temporal.io/server/tools/gomad3/cmd/gomadtool","Test":"TestRunCompatibilityPackRefreshDiagnosticsPreservePrimaryStatus","Output":"=== RUN   TestRunCompatibilityPackRefreshDiagnosticsPreservePrimaryStatus\n","OutputType":"frame"}
{"Time":"2026-10-08T19:13:01.305651577Z","Action":"run","Package":"go.temporal.io/server/tools/gomad3/cmd/gomadtool","Test":"TestRunCompatibilityPackRefreshDiagnosticsPreservePrimaryStatus/usage"}
{"Time":"2026-10-08T19:13:01.305761952Z","Action":"output","Package":"go.temporal.io/server/tools/gomad3/cmd/gomadtool","Test":"TestRunCompatibilityPackRefreshDiagnosticsPreservePrimaryStatus/usage","Output":"=== RUN   TestRunCompatibilityPackRefreshDiagnosticsPreservePrimaryStatus/usage\n","OutputType":"frame"}
{"Time":"2026-10-08T19:13:01.306895244Z","Action":"output","Package":"go.temporal.io/server/tools/gomad3/cmd/gomadtool","Test":"TestRunCompatibilityPackRefreshDiagnosticsPreservePrimaryStatus/usage","Output":"    compatibility_pack_refresh_diagnostics_test.go:114: healthy status 2 diagnostic \"usage: gomadtool compatibility-pack refresh --root=DIR [--compatibility-root=DIR] [--baseline-ref=REV] [--go=GO] [--impact-report=FILE]\\n\"\n"}
{"Time":"2026-10-08T19:13:01.307268244Z","Action":"output","Package":"go.temporal.io/server/tools/gomad3/cmd/gomadtool","Test":"TestRunCompatibilityPackRefreshDiagnosticsPreservePrimaryStatus/usage","Output":"    compatibility_pack_refresh_diagnostics_test.go:108: diagnostic write executed and returned EBADF\n"}
{"Time":"2026-10-08T19:13:01.30767441Z","Action":"output","Package":"go.temporal.io/server/tools/gomad3/cmd/gomadtool","Test":"TestRunCompatibilityPackRefreshDiagnosticsPreservePrimaryStatus/usage","Output":"--- PASS: TestRunCompatibilityPackRefreshDiagnosticsPreservePrimaryStatus/usage (0.00s)\n","OutputType":"frame"}
{"Time":"2026-10-08T19:13:01.307773202Z","Action":"pass","Package":"go.temporal.io/server/tools/gomad3/cmd/gomadtool","Test":"TestRunCompatibilityPackRefreshDiagnosticsPreservePrimaryStatus/usage","Elapsed":0}
{"Time":"2026-10-08T19:13:01.307896494Z","Action":"run","Package":"go.temporal.io/server/tools/gomad3/cmd/gomadtool","Test":"TestRunCompatibilityPackRefreshDiagnosticsPreservePrimaryStatus/authoring_root"}
{"Time":"2026-10-08T19:13:01.307971369Z","Action":"output","Package":"go.temporal.io/server/tools/gomad3/cmd/gomadtool","Test":"TestRunCompatibilityPackRefreshDiagnosticsPreservePrimaryStatus/authoring_root","Output":"=== RUN   TestRunCompatibilityPackRefreshDiagnosticsPreservePrimaryStatus/authoring_root\n","OutputType":"frame"}
{"Time":"2026-10-08T19:13:01.308480077Z","Action":"output","Package":"go.temporal.io/server/tools/gomad3/cmd/gomadtool","Test":"TestRunCompatibilityPackRefreshDiagnosticsPreservePrimaryStatus/authoring_root","Output":"    compatibility_pack_refresh_diagnostics_test.go:114: healthy status 2 diagnostic \"--compatibility-root \\\"relative\\\" must be an absolute, clean path\\n\"\n"}
{"Time":"2026-10-08T19:13:01.308837327Z","Action":"output","Package":"go.temporal.io/server/tools/gomad3/cmd/gomadtool","Test":"TestRunCompatibilityPackRefreshDiagnosticsPreservePrimaryStatus/authoring_root","Output":"    compatibility_pack_refresh_diagnostics_test.go:108: diagnostic write executed and returned EBADF\n"}
{"Time":"2026-10-08T19:13:01.309312285Z","Action":"output","Package":"go.temporal.io/server/tools/gomad3/cmd/gomadtool","Test":"TestRunCompatibilityPackRefreshDiagnosticsPreservePrimaryStatus/authoring_root","Output":"--- PASS: TestRunCompatibilityPackRefreshDiagnosticsPreservePrimaryStatus/authoring_root (0.00s)\n","OutputType":"frame"}
{"Time":"2026-10-08T19:13:01.30936741Z","Action":"pass","Package":"go.temporal.io/server/tools/gomad3/cmd/gomadtool","Test":"TestRunCompatibilityPackRefreshDiagnosticsPreservePrimaryStatus/authoring_root","Elapsed":0}
{"Time":"2026-10-08T19:13:01.309429577Z","Action":"run","Package":"go.temporal.io/server/tools/gomad3/cmd/gomadtool","Test":"TestRunCompatibilityPackRefreshDiagnosticsPreservePrimaryStatus/missing_table"}
{"Time":"2026-10-08T19:13:01.309443202Z","Action":"output","Package":"go.temporal.io/server/tools/gomad3/cmd/gomadtool","Test":"TestRunCompatibilityPackRefreshDiagnosticsPreservePrimaryStatus/missing_table","Output":"=== RUN   TestRunCompatibilityPackRefreshDiagnosticsPreservePrimaryStatus/missing_table\n","OutputType":"frame"}
{"Time":"2026-10-08T19:13:01.309853785Z","Action":"output","Package":"go.temporal.io/server/tools/gomad3/cmd/gomadtool","Test":"TestRunCompatibilityPackRefreshDiagnosticsPreservePrimaryStatus/missing_table","Output":"    compatibility_pack_refresh_diagnostics_test.go:114: healthy status 2 diagnostic \"compatibility-pack working-directory table working-directories.json is not a bounded regular file\\n\"\n"}
{"Time":"2026-10-08T19:13:01.443573202Z","Action":"output","Package":"go.temporal.io/server/tools/gomad3/cmd/gomadtool","Test":"TestRunCompatibilityPackRefreshDiagnosticsPreservePrimaryStatus/missing_table","Output":"    compatibility_pack_refresh_diagnostics_test.go:108: diagnostic write executed and returned EBADF\n"}
{"Time":"2026-10-08T19:13:01.444146077Z","Action":"output","Package":"go.temporal.io/server/tools/gomad3/cmd/gomadtool","Test":"TestRunCompatibilityPackRefreshDiagnosticsPreservePrimaryStatus/missing_table","Output":"--- PASS: TestRunCompatibilityPackRefreshDiagnosticsPreservePrimaryStatus/missing_table (0.13s)\n","OutputType":"frame"}
{"Time":"2026-10-08T19:13:01.444218869Z","Action":"pass","Package":"go.temporal.io/server/tools/gomad3/cmd/gomadtool","Test":"TestRunCompatibilityPackRefreshDiagnosticsPreservePrimaryStatus/missing_table","Elapsed":0.13}
{"Time":"2026-10-08T19:13:01.44428291Z","Action":"run","Package":"go.temporal.io/server/tools/gomad3/cmd/gomadtool","Test":"TestRunCompatibilityPackRefreshDiagnosticsPreservePrimaryStatus/missing_requests"}
{"Time":"2026-10-08T19:13:01.44435391Z","Action":"output","Package":"go.temporal.io/server/tools/gomad3/cmd/gomadtool","Test":"TestRunCompatibilityPackRefreshDiagnosticsPreservePrimaryStatus/missing_requests","Output":"=== RUN   TestRunCompatibilityPackRefreshDiagnosticsPreservePrimaryStatus/missing_requests\n","OutputType":"frame"}
{"Time":"2026-10-08T19:13:01.52882741Z","Action":"output","Package":"go.temporal.io/server/tools/gomad3/cmd/gomadtool","Test":"TestRunCompatibilityPackRefreshDiagnosticsPreservePrimaryStatus/missing_requests","Output":"    compatibility_pack_refresh_diagnostics_test.go:114: healthy status 3 diagnostic \"read compatibility-pack requests: open /Users/stephan/Workspace/skunkworks/.gomad-source-gates-UsyTMX/TestRunCompatibilityPackRefreshDiagnosticsPreservePrimaryStatus2704695869/001/requests: no such file or directory\\n\"\n"}
{"Time":"2026-10-08T19:13:01.530017619Z","Action":"output","Package":"go.temporal.io/server/tools/gomad3/cmd/gomadtool","Test":"TestRunCompatibilityPackRefreshDiagnosticsPreservePrimaryStatus/missing_requests","Output":"    compatibility_pack_refresh_diagnostics_test.go:108: diagnostic write executed and returned EBADF\n"}
{"Time":"2026-10-08T19:13:01.530674077Z","Action":"output","Package":"go.temporal.io/server/tools/gomad3/cmd/gomadtool","Test":"TestRunCompatibilityPackRefreshDiagnosticsPreservePrimaryStatus/missing_requests","Output":"--- PASS: TestRunCompatibilityPackRefreshDiagnosticsPreservePrimaryStatus/missing_requests (0.09s)\n","OutputType":"frame"}
{"Time":"2026-10-08T19:13:01.530750869Z","Action":"pass","Package":"go.temporal.io/server/tools/gomad3/cmd/gomadtool","Test":"TestRunCompatibilityPackRefreshDiagnosticsPreservePrimaryStatus/missing_requests","Elapsed":0.09}
{"Time":"2026-10-08T19:13:01.530818577Z","Action":"run","Package":"go.temporal.io/server/tools/gomad3/cmd/gomadtool","Test":"TestRunCompatibilityPackRefreshDiagnosticsPreservePrimaryStatus/missing_Go"}
{"Time":"2026-10-08T19:13:01.530854744Z","Action":"output","Package":"go.temporal.io/server/tools/gomad3/cmd/gomadtool","Test":"TestRunCompatibilityPackRefreshDiagnosticsPreservePrimaryStatus/missing_Go","Output":"=== RUN   TestRunCompatibilityPackRefreshDiagnosticsPreservePrimaryStatus/missing_Go\n","OutputType":"frame"}
{"Time":"2026-10-08T19:13:01.532347202Z","Action":"output","Package":"go.temporal.io/server/tools/gomad3/cmd/gomadtool","Test":"TestRunCompatibilityPackRefreshDiagnosticsPreservePrimaryStatus/missing_Go","Output":"    compatibility_pack_refresh_diagnostics_test.go:114: healthy status 3 diagnostic \"compatibility-pack refresh requires a go command; set GOMAD3_BOOTSTRAP_GO or pass --go: exec: \\\"/Users/stephan/Workspace/skunkworks/.gomad-source-gates-UsyTMX/TestRunCompatibilityPackRefreshDiagnosticsPreservePrimaryStatus3518402319/001/missing-go\\\": stat /Users/stephan/Workspace/skunkworks/.gomad-source-gates-UsyTMX/TestRunCompatibilityPackRefreshDiagnosticsPreservePrimaryStatus3518402319/001/missing-go: no such file or directory\\n\"\n"}
{"Time":"2026-10-08T19:13:01.532925535Z","Action":"output","Package":"go.temporal.io/server/tools/gomad3/cmd/gomadtool","Test":"TestRunCompatibilityPackRefreshDiagnosticsPreservePrimaryStatus/missing_Go","Output":"    compatibility_pack_refresh_diagnostics_test.go:108: diagnostic write executed and returned EBADF\n"}
{"Time":"2026-10-08T19:13:01.533441744Z","Action":"output","Package":"go.temporal.io/server/tools/gomad3/cmd/gomadtool","Test":"TestRunCompatibilityPackRefreshDiagnosticsPreservePrimaryStatus/missing_Go","Output":"--- PASS: TestRunCompatibilityPackRefreshDiagnosticsPreservePrimaryStatus/missing_Go (0.00s)\n","OutputType":"frame"}
{"Time":"2026-10-08T19:13:01.533483994Z","Action":"pass","Package":"go.temporal.io/server/tools/gomad3/cmd/gomadtool","Test":"TestRunCompatibilityPackRefreshDiagnosticsPreservePrimaryStatus/missing_Go","Elapsed":0}
{"Time":"2026-10-08T19:13:01.533506785Z","Action":"run","Package":"go.temporal.io/server/tools/gomad3/cmd/gomadtool","Test":"TestRunCompatibilityPackRefreshDiagnosticsPreservePrimaryStatus/live_impact"}
{"Time":"2026-10-08T19:13:01.533521494Z","Action":"output","Package":"go.temporal.io/server/tools/gomad3/cmd/gomadtool","Test":"TestRunCompatibilityPackRefreshDiagnosticsPreservePrimaryStatus/live_impact","Output":"=== RUN   TestRunCompatibilityPackRefreshDiagnosticsPreservePrimaryStatus/live_impact\n","OutputType":"frame"}
{"Time":"2026-10-08T19:13:01.535364827Z","Action":"output","Package":"go.temporal.io/server/tools/gomad3/cmd/gomadtool","Test":"TestRunCompatibilityPackRefreshDiagnosticsPreservePrimaryStatus/live_impact","Output":"    compatibility_pack_refresh_diagnostics_test.go:64: proxy example.test/refreshdependency@v1.0.0 zip h1:VuVom6RFbKrVLst1oUNXb3pThC7OdIPjCRblI2Bda8Q=\n"}
{"Time":"2026-10-08T19:13:01.536125077Z","Action":"output","Package":"go.temporal.io/server/tools/gomad3/cmd/gomadtool","Test":"TestRunCompatibilityPackRefreshDiagnosticsPreservePrimaryStatus/live_impact","Output":"    compatibility_pack_refresh_diagnostics_test.go:64: proxy example.test/refreshdependency@v1.1.0 zip h1:xycrtZzZjmcqADRl2EnMEDd2SsDKsE9ES09Vx8uzRzs=\n"}
{"Time":"2026-10-08T19:13:01.539305827Z","Action":"output","Package":"go.temporal.io/server/tools/gomad3/cmd/gomadtool","Test":"TestRunCompatibilityPackRefreshDiagnosticsPreservePrimaryStatus/live_impact","Output":"    compatibility_pack_refresh_diagnostics_test.go:64: proxy example.test/refreshdependency@v1.2.0 zip h1:jrP4HSSRn7rVTJptnFzxy2coT8j5kqQDKO2+oFsXvsc=\n"}
{"Time":"2026-10-08T19:13:01.540663035Z","Action":"output","Package":"go.temporal.io/server/tools/gomad3/cmd/gomadtool","Test":"TestRunCompatibilityPackRefreshDiagnosticsPreservePrimaryStatus/live_impact","Output":"    compatibility_pack_refresh_diagnostics_test.go:64: proxy example.test/refreshdependency@v1.3.0 zip h1:lNyrN2ohlWa7CUJ/OhU21WZI0XpRD1URH+bAtw5QcCU=\n"}
{"Time":"2026-10-08T19:13:01.834945036Z","Action":"output","Package":"go.temporal.io/server/tools/gomad3/cmd/gomadtool","Test":"TestRunCompatibilityPackRefreshDiagnosticsPreservePrimaryStatus/live_impact","Output":"    compatibility_pack_refresh_diagnostics_test.go:114: healthy status 2 diagnostic \"read module file: open /Users/stephan/Workspace/skunkworks/.gomad-source-gates-UsyTMX/TestRunCompatibilityPackRefreshDiagnosticsPreservePrimaryStatus2657670806/002/missing/go.mod: no such file or directory\\n\"\n"}
{"Time":"2026-10-08T19:13:01.836791911Z","Action":"output","Package":"go.temporal.io/server/tools/gomad3/cmd/gomadtool","Test":"TestRunCompatibilityPackRefreshDiagnosticsPreservePrimaryStatus/live_impact","Output":"    compatibility_pack_refresh_diagnostics_test.go:108: diagnostic write executed and returned EBADF\n"}
{"Time":"2026-10-08T19:13:01.847658786Z","Action":"output","Package":"go.temporal.io/server/tools/gomad3/cmd/gomadtool","Test":"TestRunCompatibilityPackRefreshDiagnosticsPreservePrimaryStatus/live_impact","Output":"--- PASS: TestRunCompatibilityPackRefreshDiagnosticsPreservePrimaryStatus/live_impact (0.31s)\n","OutputType":"frame"}
{"Time":"2026-10-08T19:13:01.847708702Z","Action":"pass","Package":"go.temporal.io/server/tools/gomad3/cmd/gomadtool","Test":"TestRunCompatibilityPackRefreshDiagnosticsPreservePrimaryStatus/live_impact","Elapsed":0.31}
{"Time":"2026-10-08T19:13:01.847751869Z","Action":"run","Package":"go.temporal.io/server/tools/gomad3/cmd/gomadtool","Test":"TestRunCompatibilityPackRefreshDiagnosticsPreservePrimaryStatus/saved_impact"}
{"Time":"2026-10-08T19:13:01.847943036Z","Action":"output","Package":"go.temporal.io/server/tools/gomad3/cmd/gomadtool","Test":"TestRunCompatibilityPackRefreshDiagnosticsPreservePrimaryStatus/saved_impact","Output":"=== RUN   TestRunCompatibilityPackRefreshDiagnosticsPreservePrimaryStatus/saved_impact\n","OutputType":"frame"}
{"Time":"2026-10-08T19:13:01.852905619Z","Action":"output","Package":"go.temporal.io/server/tools/gomad3/cmd/gomadtool","Test":"TestRunCompatibilityPackRefreshDiagnosticsPreservePrimaryStatus/saved_impact","Output":"    compatibility_pack_refresh_diagnostics_test.go:114: healthy status 2 diagnostic \"invalid pin-impact report\\n\"\n"}
{"Time":"2026-10-08T19:13:01.854208661Z","Action":"output","Package":"go.temporal.io/server/tools/gomad3/cmd/gomadtool","Test":"TestRunCompatibilityPackRefreshDiagnosticsPreservePrimaryStatus/saved_impact","Output":"    compatibility_pack_refresh_diagnostics_test.go:108: diagnostic write executed and returned EBADF\n"}
{"Time":"2026-10-08T19:13:01.854716744Z","Action":"output","Package":"go.temporal.io/server/tools/gomad3/cmd/gomadtool","Test":"TestRunCompatibilityPackRefreshDiagnosticsPreservePrimaryStatus/saved_impact","Output":"--- PASS: TestRunCompatibilityPackRefreshDiagnosticsPreservePrimaryStatus/saved_impact (0.01s)\n","OutputType":"frame"}
{"Time":"2026-10-08T19:13:01.854751952Z","Action":"pass","Package":"go.temporal.io/server/tools/gomad3/cmd/gomadtool","Test":"TestRunCompatibilityPackRefreshDiagnosticsPreservePrimaryStatus/saved_impact","Elapsed":0.01}
{"Time":"2026-10-08T19:13:01.854771869Z","Action":"run","Package":"go.temporal.io/server/tools/gomad3/cmd/gomadtool","Test":"TestRunCompatibilityPackRefreshDiagnosticsPreservePrimaryStatus/authoring_refresh"}
{"Time":"2026-10-08T19:13:01.854786452Z","Action":"output","Package":"go.temporal.io/server/tools/gomad3/cmd/gomadtool","Test":"TestRunCompatibilityPackRefreshDiagnosticsPreservePrimaryStatus/authoring_refresh","Output":"=== RUN   TestRunCompatibilityPackRefreshDiagnosticsPreservePrimaryStatus/authoring_refresh\n","OutputType":"frame"}
{"Time":"2026-10-08T19:13:01.856190369Z","Action":"output","Package":"go.temporal.io/server/tools/gomad3/cmd/gomadtool","Test":"TestRunCompatibilityPackRefreshDiagnosticsPreservePrimaryStatus/authoring_refresh","Output":"    compatibility_pack_refresh_diagnostics_test.go:114: healthy status 3 diagnostic \"read compatibility-pack requests: open /Users/stephan/Workspace/skunkworks/.gomad-source-gates-UsyTMX/TestRunCompatibilityPackRefreshDiagnosticsPreservePrimaryStatus1726614272/001/requests: no such file or directory\\n\"\n"}
{"Time":"2026-10-08T19:13:01.857193411Z","Action":"output","Package":"go.temporal.io/server/tools/gomad3/cmd/gomadtool","Test":"TestRunCompatibilityPackRefreshDiagnosticsPreservePrimaryStatus/authoring_refresh","Output":"    compatibility_pack_refresh_diagnostics_test.go:108: diagnostic write executed and returned EBADF\n"}
{"Time":"2026-10-08T19:13:01.857536869Z","Action":"output","Package":"go.temporal.io/server/tools/gomad3/cmd/gomadtool","Test":"TestRunCompatibilityPackRefreshDiagnosticsPreservePrimaryStatus/authoring_refresh","Output":"--- PASS: TestRunCompatibilityPackRefreshDiagnosticsPreservePrimaryStatus/authoring_refresh (0.00s)\n","OutputType":"frame"}
{"Time":"2026-10-08T19:13:01.857567911Z","Action":"pass","Package":"go.temporal.io/server/tools/gomad3/cmd/gomadtool","Test":"TestRunCompatibilityPackRefreshDiagnosticsPreservePrimaryStatus/authoring_refresh","Elapsed":0}
{"Time":"2026-10-08T19:13:01.857594536Z","Action":"run","Package":"go.temporal.io/server/tools/gomad3/cmd/gomadtool","Test":"TestRunCompatibilityPackRefreshDiagnosticsPreservePrimaryStatus/absolute_root"}
{"Time":"2026-10-08T19:13:01.857610744Z","Action":"output","Package":"go.temporal.io/server/tools/gomad3/cmd/gomadtool","Test":"TestRunCompatibilityPackRefreshDiagnosticsPreservePrimaryStatus/absolute_root","Output":"=== RUN   TestRunCompatibilityPackRefreshDiagnosticsPreservePrimaryStatus/absolute_root\n","OutputType":"frame"}
{"Time":"2026-10-08T19:13:01.942489911Z","Action":"output","Package":"go.temporal.io/server/tools/gomad3/cmd/gomadtool","Test":"TestRunCompatibilityPackRefreshDiagnosticsPreservePrimaryStatus/absolute_root","Output":"    compatibility_pack_refresh_diagnostics_test.go:142: healthy status 2 diagnostic \"getwd: no such file or directory\\n\"; failed diagnostic executed actual EBADF\n"}
{"Time":"2026-10-08T19:13:01.944001286Z","Action":"output","Package":"go.temporal.io/server/tools/gomad3/cmd/gomadtool","Test":"TestRunCompatibilityPackRefreshDiagnosticsPreservePrimaryStatus/absolute_root","Output":"--- PASS: TestRunCompatibilityPackRefreshDiagnosticsPreservePrimaryStatus/absolute_root (0.09s)\n","OutputType":"frame"}
{"Time":"2026-10-08T19:13:01.944193577Z","Action":"pass","Package":"go.temporal.io/server/tools/gomad3/cmd/gomadtool","Test":"TestRunCompatibilityPackRefreshDiagnosticsPreservePrimaryStatus/absolute_root","Elapsed":0.09}
{"Time":"2026-10-08T19:13:01.944495161Z","Action":"output","Package":"go.temporal.io/server/tools/gomad3/cmd/gomadtool","Test":"TestRunCompatibilityPackRefreshDiagnosticsPreservePrimaryStatus","Output":"--- PASS: TestRunCompatibilityPackRefreshDiagnosticsPreservePrimaryStatus (0.64s)\n","OutputType":"frame"}
{"Time":"2026-10-08T19:13:01.944541536Z","Action":"pass","Package":"go.temporal.io/server/tools/gomad3/cmd/gomadtool","Test":"TestRunCompatibilityPackRefreshDiagnosticsPreservePrimaryStatus","Elapsed":0.64}
{"Time":"2026-10-08T19:13:01.944574077Z","Action":"run","Package":"go.temporal.io/server/tools/gomad3/cmd/gomadtool","Test":"TestRunCompatibilityPackRefreshOutputFailure"}
{"Time":"2026-10-08T19:13:01.944631452Z","Action":"output","Package":"go.temporal.io/server/tools/gomad3/cmd/gomadtool","Test":"TestRunCompatibilityPackRefreshOutputFailure","Output":"=== RUN   TestRunCompatibilityPackRefreshOutputFailure\n","OutputType":"frame"}
{"Time":"2026-10-08T19:13:01.949225952Z","Action":"run","Package":"go.temporal.io/server/tools/gomad3/cmd/gomadtool","Test":"TestRunCompatibilityPackRefreshOutputFailure/invalid_input"}
{"Time":"2026-10-08T19:13:01.949300869Z","Action":"output","Package":"go.temporal.io/server/tools/gomad3/cmd/gomadtool","Test":"TestRunCompatibilityPackRefreshOutputFailure/invalid_input","Output":"=== RUN   TestRunCompatibilityPackRefreshOutputFailure/invalid_input\n","OutputType":"frame"}
{"Time":"2026-10-08T19:13:01.952566077Z","Action":"output","Package":"go.temporal.io/server/tools/gomad3/cmd/gomadtool","Test":"TestRunCompatibilityPackRefreshOutputFailure/invalid_input","Output":"--- PASS: TestRunCompatibilityPackRefreshOutputFailure/invalid_input (0.00s)\n","OutputType":"frame"}
{"Time":"2026-10-08T19:13:01.952784827Z","Action":"pass","Package":"go.temporal.io/server/tools/gomad3/cmd/gomadtool","Test":"TestRunCompatibilityPackRefreshOutputFailure/invalid_input","Elapsed":0}
{"Time":"2026-10-08T19:13:01.952829994Z","Action":"run","Package":"go.temporal.io/server/tools/gomad3/cmd/gomadtool","Test":"TestRunCompatibilityPackRefreshOutputFailure/missing_go"}
{"Time":"2026-10-08T19:13:01.952865244Z","Action":"output","Package":"go.temporal.io/server/tools/gomad3/cmd/gomadtool","Test":"TestRunCompatibilityPackRefreshOutputFailure/missing_go","Output":"=== RUN   TestRunCompatibilityPackRefreshOutputFailure/missing_go\n","OutputType":"frame"}
{"Time":"2026-10-08T19:13:01.954624202Z","Action":"output","Package":"go.temporal.io/server/tools/gomad3/cmd/gomadtool","Test":"TestRunCompatibilityPackRefreshOutputFailure/missing_go","Output":"--- PASS: TestRunCompatibilityPackRefreshOutputFailure/missing_go (0.00s)\n","OutputType":"frame"}
{"Time":"2026-10-08T19:13:01.954759869Z","Action":"pass","Package":"go.temporal.io/server/tools/gomad3/cmd/gomadtool","Test":"TestRunCompatibilityPackRefreshOutputFailure/missing_go","Elapsed":0}
{"Time":"2026-10-08T19:13:01.957123369Z","Action":"output","Package":"go.temporal.io/server/tools/gomad3/cmd/gomadtool","Test":"TestRunCompatibilityPackRefreshOutputFailure","Output":"    compatibility_pack_refresh_output_test.go:99: stdout write observed EBADF after 0 successful writes\n"}
{"Time":"2026-10-08T19:13:01.958035036Z","Action":"output","Package":"go.temporal.io/server/tools/gomad3/cmd/gomadtool","Test":"TestRunCompatibilityPackRefreshOutputFailure","Output":"--- PASS: TestRunCompatibilityPackRefreshOutputFailure (0.01s)\n","OutputType":"frame"}
{"Time":"2026-10-08T19:13:01.958145036Z","Action":"pass","Package":"go.temporal.io/server/tools/gomad3/cmd/gomadtool","Test":"TestRunCompatibilityPackRefreshOutputFailure","Elapsed":0.01}
{"Time":"2026-10-08T19:13:01.958180536Z","Action":"run","Package":"go.temporal.io/server/tools/gomad3/cmd/gomadtool","Test":"TestRunCompatibilityPackRefreshResolvesTwoModulesAndKeepsPartialApproval"}
{"Time":"2026-10-08T19:13:01.958202244Z","Action":"output","Package":"go.temporal.io/server/tools/gomad3/cmd/gomadtool","Test":"TestRunCompatibilityPackRefreshResolvesTwoModulesAndKeepsPartialApproval","Output":"=== RUN   TestRunCompatibilityPackRefreshResolvesTwoModulesAndKeepsPartialApproval\n","OutputType":"frame"}
{"Time":"2026-10-08T19:13:01.962678327Z","Action":"output","Package":"go.temporal.io/server/tools/gomad3/cmd/gomadtool","Test":"TestRunCompatibilityPackRefreshResolvesTwoModulesAndKeepsPartialApproval","Output":"    compatibility_pack_refresh_resolved_test.go:195: proxy example.test/refreshdependency@v1.0.0 zip h1:VuVom6RFbKrVLst1oUNXb3pThC7OdIPjCRblI2Bda8Q=\n"}
{"Time":"2026-10-08T19:13:01.963619452Z","Action":"output","Package":"go.temporal.io/server/tools/gomad3/cmd/gomadtool","Test":"TestRunCompatibilityPackRefreshResolvesTwoModulesAndKeepsPartialApproval","Output":"    compatibility_pack_refresh_resolved_test.go:195: proxy example.test/refreshdependency@v1.1.0 zip h1:xycrtZzZjmcqADRl2EnMEDd2SsDKsE9ES09Vx8uzRzs=\n"}
{"Time":"2026-10-08T19:13:01.964351786Z","Action":"output","Package":"go.temporal.io/server/tools/gomad3/cmd/gomadtool","Test":"TestRunCompatibilityPackRefreshResolvesTwoModulesAndKeepsPartialApproval","Output":"    compatibility_pack_refresh_resolved_test.go:195: proxy example.test/refreshdependency@v1.2.0 zip h1:jrP4HSSRn7rVTJptnFzxy2coT8j5kqQDKO2+oFsXvsc=\n"}
{"Time":"2026-10-08T19:13:01.968492369Z","Action":"output","Package":"go.temporal.io/server/tools/gomad3/cmd/gomadtool","Test":"TestRunCompatibilityPackRefreshResolvesTwoModulesAndKeepsPartialApproval","Output":"    compatibility_pack_refresh_resolved_test.go:195: proxy example.test/refreshdependency@v1.3.0 zip h1:lNyrN2ohlWa7CUJ/OhU21WZI0XpRD1URH+bAtw5QcCU=\n"}
{"Time":"2026-10-08T19:13:02.270408327Z","Action":"run","Package":"go.temporal.io/server/tools/gomad3/cmd/gomadtool","Test":"TestRunCompatibilityPackRefreshResolvesTwoModulesAndKeepsPartialApproval/unmapped"}
{"Time":"2026-10-08T19:13:02.270575119Z","Action":"output","Package":"go.temporal.io/server/tools/gomad3/cmd/gomadtool","Test":"TestRunCompatibilityPackRefreshResolvesTwoModulesAndKeepsPartialApproval/unmapped","Output":"=== RUN   TestRunCompatibilityPackRefreshResolvesTwoModulesAndKeepsPartialApproval/unmapped\n","OutputType":"frame"}
{"Time":"2026-10-08T19:13:02.275531452Z","Action":"output","Package":"go.temporal.io/server/tools/gomad3/cmd/gomadtool","Test":"TestRunCompatibilityPackRefreshResolvesTwoModulesAndKeepsPartialApproval/unmapped","Output":"--- PASS: TestRunCompatibilityPackRefreshResolvesTwoModulesAndKeepsPartialApproval/unmapped (0.00s)\n","OutputType":"frame"}
{"Time":"2026-10-08T19:13:02.275668702Z","Action":"pass","Package":"go.temporal.io/server/tools/gomad3/cmd/gomadtool","Test":"TestRunCompatibilityPackRefreshResolvesTwoModulesAndKeepsPartialApproval/unmapped","Elapsed":0}
{"Time":"2026-10-08T19:13:02.275696202Z","Action":"run","Package":"go.temporal.io/server/tools/gomad3/cmd/gomadtool","Test":"TestRunCompatibilityPackRefreshResolvesTwoModulesAndKeepsPartialApproval/absolute"}
{"Time":"2026-10-08T19:13:02.275717994Z","Action":"output","Package":"go.temporal.io/server/tools/gomad3/cmd/gomadtool","Test":"TestRunCompatibilityPackRefreshResolvesTwoModulesAndKeepsPartialApproval/absolute","Output":"=== RUN   TestRunCompatibilityPackRefreshResolvesTwoModulesAndKeepsPartialApproval/absolute\n","OutputType":"frame"}
{"Time":"2026-10-08T19:13:02.279794036Z","Action":"output","Package":"go.temporal.io/server/tools/gomad3/cmd/gomadtool","Test":"TestRunCompatibilityPackRefreshResolvesTwoModulesAndKeepsPartialApproval/absolute","Output":"--- PASS: TestRunCompatibilityPackRefreshResolvesTwoModulesAndKeepsPartialApproval/absolute (0.00s)\n","OutputType":"frame"}
{"Time":"2026-10-08T19:13:02.279845869Z","Action":"pass","Package":"go.temporal.io/server/tools/gomad3/cmd/gomadtool","Test":"TestRunCompatibilityPackRefreshResolvesTwoModulesAndKeepsPartialApproval/absolute","Elapsed":0}
{"Time":"2026-10-08T19:13:02.279934494Z","Action":"run","Package":"go.temporal.io/server/tools/gomad3/cmd/gomadtool","Test":"TestRunCompatibilityPackRefreshResolvesTwoModulesAndKeepsPartialApproval/missing_module"}
{"Time":"2026-10-08T19:13:02.279960077Z","Action":"output","Package":"go.temporal.io/server/tools/gomad3/cmd/gomadtool","Test":"TestRunCompatibilityPackRefreshResolvesTwoModulesAndKeepsPartialApproval/missing_module","Output":"=== RUN   TestRunCompatibilityPackRefreshResolvesTwoModulesAndKeepsPartialApproval/missing_module\n","OutputType":"frame"}
{"Time":"2026-10-08T19:13:02.284151702Z","Action":"output","Package":"go.temporal.io/server/tools/gomad3/cmd/gomadtool","Test":"TestRunCompatibilityPackRefreshResolvesTwoModulesAndKeepsPartialApproval/missing_module","Output":"--- PASS: TestRunCompatibilityPackRefreshResolvesTwoModulesAndKeepsPartialApproval/missing_module (0.00s)\n","OutputType":"frame"}
{"Time":"2026-10-08T19:13:02.284327452Z","Action":"pass","Package":"go.temporal.io/server/tools/gomad3/cmd/gomadtool","Test":"TestRunCompatibilityPackRefreshResolvesTwoModulesAndKeepsPartialApproval/missing_module","Elapsed":0}
{"Time":"2026-10-08T19:13:02.539320119Z","Action":"output","Package":"go.temporal.io/server/tools/gomad3/cmd/gomadtool","Test":"TestRunCompatibilityPackRefreshResolvesTwoModulesAndKeepsPartialApproval","Output":"    compatibility_pack_refresh_resolved_test.go:235: stock Go go1.27.1 root /home/agent/go/pkg/mod/golang.org/toolchain@v0.0.1-go1.27.1.linux-arm64 reviewed pack-b in /Users/stephan/Workspace/skunkworks/.gomad-source-gates-UsyTMX/TestRunCompatibilityPackRefreshResolvesTwoModulesAndKeepsPartial1197471584/001/pack-b; actual candidate example.test/refreshdependency@v1.2.0 sum h1:jrP4HSSRn7rVTJptnFzxy2coT8j5kqQDKO2+oFsXvsc= source sha256:0e3b16d769a5a98fca18378c31a4092c5f9d0e70d9e4dca2bd535bd2afc439e8 fresh approval sha256:a5970e16eeb60c8d850f3bb2aa717d41676a800c1cf04829dcbe0e28ff595b76\n"}
{"Time":"2026-10-08T19:13:02.539580119Z","Action":"output","Package":"go.temporal.io/server/tools/gomad3/cmd/gomadtool","Test":"TestRunCompatibilityPackRefreshResolvesTwoModulesAndKeepsPartialApproval","Output":"    compatibility_pack_refresh_resolved_test.go:235: stock Go go1.27.1 root /home/agent/go/pkg/mod/golang.org/toolchain@v0.0.1-go1.27.1.linux-arm64 reviewed pack-a in /Users/stephan/Workspace/skunkworks/.gomad-source-gates-UsyTMX/TestRunCompatibilityPackRefreshResolvesTwoModulesAndKeepsPartial1197471584/001/pack-a; actual candidate example.test/refreshdependency@v1.1.0 sum h1:xycrtZzZjmcqADRl2EnMEDd2SsDKsE9ES09Vx8uzRzs= source sha256:bf5633c940d14f0e6f5c1c6d6e1fffc939711ffe6f27e366754d4ecc053d02fd fresh approval sha256:50da8e2351a17238e3c5284f973c16b212510b532dd10fabe37aab922b9467e5\n"}
{"Time":"2026-10-08T19:13:02.697762036Z","Action":"output","Package":"go.temporal.io/server/tools/gomad3/cmd/gomadtool","Test":"TestRunCompatibilityPackRefreshResolvesTwoModulesAndKeepsPartialApproval","Output":"--- PASS: TestRunCompatibilityPackRefreshResolvesTwoModulesAndKeepsPartialApproval (0.74s)\n","OutputType":"frame"}
{"Time":"2026-10-08T19:13:02.698042994Z","Action":"pass","Package":"go.temporal.io/server/tools/gomad3/cmd/gomadtool","Test":"TestRunCompatibilityPackRefreshResolvesTwoModulesAndKeepsPartialApproval","Elapsed":0.74}
{"Time":"2026-10-08T19:13:02.698073869Z","Action":"run","Package":"go.temporal.io/server/tools/gomad3/cmd/gomadtool","Test":"TestRunCompatibilityPackRefreshContinuesAfterActualDiscoveryFailure"}
{"Time":"2026-10-08T19:13:02.698138786Z","Action":"output","Package":"go.temporal.io/server/tools/gomad3/cmd/gomadtool","Test":"TestRunCompatibilityPackRefreshContinuesAfterActualDiscoveryFailure","Output":"=== RUN   TestRunCompatibilityPackRefreshContinuesAfterActualDiscoveryFailure\n","OutputType":"frame"}
{"Time":"2026-10-08T19:13:02.704332453Z","Action":"output","Package":"go.temporal.io/server/tools/gomad3/cmd/gomadtool","Test":"TestRunCompatibilityPackRefreshContinuesAfterActualDiscoveryFailure","Output":"    compatibility_pack_refresh_resolved_test.go:260: proxy example.test/refreshdependency@v1.0.0 zip h1:VuVom6RFbKrVLst1oUNXb3pThC7OdIPjCRblI2Bda8Q=\n"}
{"Time":"2026-10-08T19:13:02.705434911Z","Action":"output","Package":"go.temporal.io/server/tools/gomad3/cmd/gomadtool","Test":"TestRunCompatibilityPackRefreshContinuesAfterActualDiscoveryFailure","Output":"    compatibility_pack_refresh_resolved_test.go:260: proxy example.test/refreshdependency@v1.1.0 zip h1:xycrtZzZjmcqADRl2EnMEDd2SsDKsE9ES09Vx8uzRzs=\n"}
{"Time":"2026-10-08T19:13:02.706892786Z","Action":"output","Package":"go.temporal.io/server/tools/gomad3/cmd/gomadtool","Test":"TestRunCompatibilityPackRefreshContinuesAfterActualDiscoveryFailure","Output":"    compatibility_pack_refresh_resolved_test.go:260: proxy example.test/refreshdependency@v1.2.0 zip h1:jrP4HSSRn7rVTJptnFzxy2coT8j5kqQDKO2+oFsXvsc=\n"}
{"Time":"2026-10-08T19:13:02.708075786Z","Action":"output","Package":"go.temporal.io/server/tools/gomad3/cmd/gomadtool","Test":"TestRunCompatibilityPackRefreshContinuesAfterActualDiscoveryFailure","Output":"    compatibility_pack_refresh_resolved_test.go:260: proxy example.test/refreshdependency@v1.3.0 zip h1:lNyrN2ohlWa7CUJ/OhU21WZI0XpRD1URH+bAtw5QcCU=\n"}
{"Time":"2026-10-08T19:13:03.198354578Z","Action":"output","Package":"go.temporal.io/server/tools/gomad3/cmd/gomadtool","Test":"TestRunCompatibilityPackRefreshContinuesAfterActualDiscoveryFailure","Output":"    compatibility_pack_refresh_resolved_test.go:287: actual pack-a discovery lacked syscall and failed; pack-b continued to fresh approval\n"}
{"Time":"2026-10-08T19:13:03.209109369Z","Action":"output","Package":"go.temporal.io/server/tools/gomad3/cmd/gomadtool","Test":"TestRunCompatibilityPackRefreshContinuesAfterActualDiscoveryFailure","Output":"--- PASS: TestRunCompatibilityPackRefreshContinuesAfterActualDiscoveryFailure (0.51s)\n","OutputType":"frame"}
{"Time":"2026-10-08T19:13:03.209165619Z","Action":"pass","Package":"go.temporal.io/server/tools/gomad3/cmd/gomadtool","Test":"TestRunCompatibilityPackRefreshContinuesAfterActualDiscoveryFailure","Elapsed":0.51}
{"Time":"2026-10-08T19:13:03.209188578Z","Action":"run","Package":"go.temporal.io/server/tools/gomad3/cmd/gomadtool","Test":"TestRunCompatibilityPackRefreshStopsAtApprovalAndResumes"}
{"Time":"2026-10-08T19:13:03.209218744Z","Action":"output","Package":"go.temporal.io/server/tools/gomad3/cmd/gomadtool","Test":"TestRunCompatibilityPackRefreshStopsAtApprovalAndResumes","Output":"=== RUN   TestRunCompatibilityPackRefreshStopsAtApprovalAndResumes\n","OutputType":"frame"}
{"Time":"2026-10-08T19:13:03.209335453Z","Action":"run","Package":"go.temporal.io/server/tools/gomad3/cmd/gomadtool","Test":"TestRunCompatibilityPackRefreshStopsAtApprovalAndResumes/unset"}
{"Time":"2026-10-08T19:13:03.209368286Z","Action":"output","Package":"go.temporal.io/server/tools/gomad3/cmd/gomadtool","Test":"TestRunCompatibilityPackRefreshStopsAtApprovalAndResumes/unset","Output":"=== RUN   TestRunCompatibilityPackRefreshStopsAtApprovalAndResumes/unset\n","OutputType":"frame"}
{"Time":"2026-10-08T19:13:03.377999286Z","Action":"run","Package":"go.temporal.io/server/tools/gomad3/cmd/gomadtool","Test":"TestRunCompatibilityPackRefreshStopsAtApprovalAndResumes/unset/output_after_0_writes"}
{"Time":"2026-10-08T19:13:03.378069953Z","Action":"output","Package":"go.temporal.io/server/tools/gomad3/cmd/gomadtool","Test":"TestRunCompatibilityPackRefreshStopsAtApprovalAndResumes/unset/output_after_0_writes","Output":"=== RUN   TestRunCompatibilityPackRefreshStopsAtApprovalAndResumes/unset/output_after_0_writes\n","OutputType":"frame"}
{"Time":"2026-10-08T19:13:03.429939203Z","Action":"output","Package":"go.temporal.io/server/tools/gomad3/cmd/gomadtool","Test":"TestRunCompatibilityPackRefreshStopsAtApprovalAndResumes/unset/output_after_0_writes","Output":"    compatibility_pack_refresh_test.go:339: stdout write observed EBADF after 0 successful writes\n"}
{"Time":"2026-10-08T19:13:03.430722703Z","Action":"output","Package":"go.temporal.io/server/tools/gomad3/cmd/gomadtool","Test":"TestRunCompatibilityPackRefreshStopsAtApprovalAndResumes/unset/output_after_0_writes","Output":"--- PASS: TestRunCompatibilityPackRefreshStopsAtApprovalAndResumes/unset/output_after_0_writes (0.05s)\n","OutputType":"frame"}
{"Time":"2026-10-08T19:13:03.430768703Z","Action":"pass","Package":"go.temporal.io/server/tools/gomad3/cmd/gomadtool","Test":"TestRunCompatibilityPackRefreshStopsAtApprovalAndResumes/unset/output_after_0_writes","Elapsed":0.05}
{"Time":"2026-10-08T19:13:03.430802536Z","Action":"run","Package":"go.temporal.io/server/tools/gomad3/cmd/gomadtool","Test":"TestRunCompatibilityPackRefreshStopsAtApprovalAndResumes/unset/output_after_1_writes"}
{"Time":"2026-10-08T19:13:03.430818828Z","Action":"output","Package":"go.temporal.io/server/tools/gomad3/cmd/gomadtool","Test":"TestRunCompatibilityPackRefreshStopsAtApprovalAndResumes/unset/output_after_1_writes","Output":"=== RUN   TestRunCompatibilityPackRefreshStopsAtApprovalAndResumes/unset/output_after_1_writes\n","OutputType":"frame"}
{"Time":"2026-10-08T19:13:03.48135187Z","Action":"output","Package":"go.temporal.io/server/tools/gomad3/cmd/gomadtool","Test":"TestRunCompatibilityPackRefreshStopsAtApprovalAndResumes/unset/output_after_1_writes","Output":"    compatibility_pack_refresh_test.go:339: stdout write observed EBADF after 1 successful writes\n"}
{"Time":"2026-10-08T19:13:03.481930911Z","Action":"output","Package":"go.temporal.io/server/tools/gomad3/cmd/gomadtool","Test":"TestRunCompatibilityPackRefreshStopsAtApprovalAndResumes/unset/output_after_1_writes","Output":"--- PASS: TestRunCompatibilityPackRefreshStopsAtApprovalAndResumes/unset/output_after_1_writes (0.05s)\n","OutputType":"frame"}
{"Time":"2026-10-08T19:13:03.481995745Z","Action":"pass","Package":"go.temporal.io/server/tools/gomad3/cmd/gomadtool","Test":"TestRunCompatibilityPackRefreshStopsAtApprovalAndResumes/unset/output_after_1_writes","Elapsed":0.05}
{"Time":"2026-10-08T19:13:03.482071495Z","Action":"run","Package":"go.temporal.io/server/tools/gomad3/cmd/gomadtool","Test":"TestRunCompatibilityPackRefreshStopsAtApprovalAndResumes/unset/output_after_2_writes"}
{"Time":"2026-10-08T19:13:03.482098078Z","Action":"output","Package":"go.temporal.io/server/tools/gomad3/cmd/gomadtool","Test":"TestRunCompatibilityPackRefreshStopsAtApprovalAndResumes/unset/output_after_2_writes","Output":"=== RUN   TestRunCompatibilityPackRefreshStopsAtApprovalAndResumes/unset/output_after_2_writes\n","OutputType":"frame"}
{"Time":"2026-10-08T19:13:03.565820161Z","Action":"output","Package":"go.temporal.io/server/tools/gomad3/cmd/gomadtool","Test":"TestRunCompatibilityPackRefreshStopsAtApprovalAndResumes/unset/output_after_2_writes","Output":"    compatibility_pack_refresh_test.go:339: stdout write observed EBADF after 2 successful writes\n"}
{"Time":"2026-10-08T19:13:03.566556453Z","Action":"output","Package":"go.temporal.io/server/tools/gomad3/cmd/gomadtool","Test":"TestRunCompatibilityPackRefreshStopsAtApprovalAndResumes/unset/output_after_2_writes","Output":"--- PASS: TestRunCompatibilityPackRefreshStopsAtApprovalAndResumes/unset/output_after_2_writes (0.08s)\n","OutputType":"frame"}
{"Time":"2026-10-08T19:13:03.566670911Z","Action":"pass","Package":"go.temporal.io/server/tools/gomad3/cmd/gomadtool","Test":"TestRunCompatibilityPackRefreshStopsAtApprovalAndResumes/unset/output_after_2_writes","Elapsed":0.08}
{"Time":"2026-10-08T19:13:03.667017078Z","Action":"output","Package":"go.temporal.io/server/tools/gomad3/cmd/gomadtool","Test":"TestRunCompatibilityPackRefreshStopsAtApprovalAndResumes/unset","Output":"--- PASS: TestRunCompatibilityPackRefreshStopsAtApprovalAndResumes/unset (0.46s)\n","OutputType":"frame"}
{"Time":"2026-10-08T19:13:03.667212911Z","Action":"pass","Package":"go.temporal.io/server/tools/gomad3/cmd/gomadtool","Test":"TestRunCompatibilityPackRefreshStopsAtApprovalAndResumes/unset","Elapsed":0.46}
{"Time":"2026-10-08T19:13:03.667541745Z","Action":"run","Package":"go.temporal.io/server/tools/gomad3/cmd/gomadtool","Test":"TestRunCompatibilityPackRefreshStopsAtApprovalAndResumes/root_packs"}
{"Time":"2026-10-08T19:13:03.667629036Z","Action":"output","Package":"go.temporal.io/server/tools/gomad3/cmd/gomadtool","Test":"TestRunCompatibilityPackRefreshStopsAtApprovalAndResumes/root_packs","Output":"=== RUN   TestRunCompatibilityPackRefreshStopsAtApprovalAndResumes/root_packs\n","OutputType":"frame"}
{"Time":"2026-10-08T19:13:04.027405078Z","Action":"output","Package":"go.temporal.io/server/tools/gomad3/cmd/gomadtool","Test":"TestRunCompatibilityPackRefreshStopsAtApprovalAndResumes/root_packs","Output":"--- PASS: TestRunCompatibilityPackRefreshStopsAtApprovalAndResumes/root_packs (0.36s)\n","OutputType":"frame"}
{"Time":"2026-10-08T19:13:04.027521328Z","Action":"pass","Package":"go.temporal.io/server/tools/gomad3/cmd/gomadtool","Test":"TestRunCompatibilityPackRefreshStopsAtApprovalAndResumes/root_packs","Elapsed":0.36}
{"Time":"2026-10-08T19:13:04.027772328Z","Action":"run","Package":"go.temporal.io/server/tools/gomad3/cmd/gomadtool","Test":"TestRunCompatibilityPackRefreshStopsAtApprovalAndResumes/elsewhere"}
{"Time":"2026-10-08T19:13:04.027793828Z","Action":"output","Package":"go.temporal.io/server/tools/gomad3/cmd/gomadtool","Test":"TestRunCompatibilityPackRefreshStopsAtApprovalAndResumes/elsewhere","Output":"=== RUN   TestRunCompatibilityPackRefreshStopsAtApprovalAndResumes/elsewhere\n","OutputType":"frame"}
{"Time":"2026-10-08T19:13:04.390109245Z","Action":"output","Package":"go.temporal.io/server/tools/gomad3/cmd/gomadtool","Test":"TestRunCompatibilityPackRefreshStopsAtApprovalAndResumes/elsewhere","Output":"--- PASS: TestRunCompatibilityPackRefreshStopsAtApprovalAndResumes/elsewhere (0.36s)\n","OutputType":"frame"}
{"Time":"2026-10-08T19:13:04.390272745Z","Action":"pass","Package":"go.temporal.io/server/tools/gomad3/cmd/gomadtool","Test":"TestRunCompatibilityPackRefreshStopsAtApprovalAndResumes/elsewhere","Elapsed":0.36}
{"Time":"2026-10-08T19:13:04.390332328Z","Action":"run","Package":"go.temporal.io/server/tools/gomad3/cmd/gomadtool","Test":"TestRunCompatibilityPackRefreshStopsAtApprovalAndResumes/saved_module_report"}
{"Time":"2026-10-08T19:13:04.390408495Z","Action":"output","Package":"go.temporal.io/server/tools/gomad3/cmd/gomadtool","Test":"TestRunCompatibilityPackRefreshStopsAtApprovalAndResumes/saved_module_report","Output":"=== RUN   TestRunCompatibilityPackRefreshStopsAtApprovalAndResumes/saved_module_report\n","OutputType":"frame"}
{"Time":"2026-10-08T19:13:04.829149329Z","Action":"output","Package":"go.temporal.io/server/tools/gomad3/cmd/gomadtool","Test":"TestRunCompatibilityPackRefreshStopsAtApprovalAndResumes/saved_module_report","Output":"--- PASS: TestRunCompatibilityPackRefreshStopsAtApprovalAndResumes/saved_module_report (0.44s)\n","OutputType":"frame"}
{"Time":"2026-10-08T19:13:04.829332204Z","Action":"pass","Package":"go.temporal.io/server/tools/gomad3/cmd/gomadtool","Test":"TestRunCompatibilityPackRefreshStopsAtApprovalAndResumes/saved_module_report","Elapsed":0.44}
{"Time":"2026-10-08T19:13:04.82939312Z","Action":"run","Package":"go.temporal.io/server/tools/gomad3/cmd/gomadtool","Test":"TestRunCompatibilityPackRefreshStopsAtApprovalAndResumes/saved_file_report"}
{"Time":"2026-10-08T19:13:04.829428537Z","Action":"output","Package":"go.temporal.io/server/tools/gomad3/cmd/gomadtool","Test":"TestRunCompatibilityPackRefreshStopsAtApprovalAndResumes/saved_file_report","Output":"=== RUN   TestRunCompatibilityPackRefreshStopsAtApprovalAndResumes/saved_file_report\n","OutputType":"frame"}
{"Time":"2026-10-08T19:13:05.295590495Z","Action":"output","Package":"go.temporal.io/server/tools/gomad3/cmd/gomadtool","Test":"TestRunCompatibilityPackRefreshStopsAtApprovalAndResumes/saved_file_report","Output":"--- PASS: TestRunCompatibilityPackRefreshStopsAtApprovalAndResumes/saved_file_report (0.47s)\n","OutputType":"frame"}
{"Time":"2026-10-08T19:13:05.295920495Z","Action":"pass","Package":"go.temporal.io/server/tools/gomad3/cmd/gomadtool","Test":"TestRunCompatibilityPackRefreshStopsAtApprovalAndResumes/saved_file_report","Elapsed":0.47}
{"Time":"2026-10-08T19:13:05.296826829Z","Action":"run","Package":"go.temporal.io/server/tools/gomad3/cmd/gomadtool","Test":"TestRunCompatibilityPackRefreshStopsAtApprovalAndResumes/current_output"}
{"Time":"2026-10-08T19:13:05.296873245Z","Action":"output","Package":"go.temporal.io/server/tools/gomad3/cmd/gomadtool","Test":"TestRunCompatibilityPackRefreshStopsAtApprovalAndResumes/current_output","Output":"=== RUN   TestRunCompatibilityPackRefreshStopsAtApprovalAndResumes/current_output\n","OutputType":"frame"}
{"Time":"2026-10-08T19:13:05.639311371Z","Action":"output","Package":"go.temporal.io/server/tools/gomad3/cmd/gomadtool","Test":"TestRunCompatibilityPackRefreshStopsAtApprovalAndResumes/current_output","Output":"    compatibility_pack_refresh_test.go:243: stdout write observed EBADF after 1 successful write\n"}
{"Time":"2026-10-08T19:13:05.698448871Z","Action":"output","Package":"go.temporal.io/server/tools/gomad3/cmd/gomadtool","Test":"TestRunCompatibilityPackRefreshStopsAtApprovalAndResumes/current_output","Output":"--- PASS: TestRunCompatibilityPackRefreshStopsAtApprovalAndResumes/current_output (0.40s)\n","OutputType":"frame"}
{"Time":"2026-10-08T19:13:05.698686579Z","Action":"pass","Package":"go.temporal.io/server/tools/gomad3/cmd/gomadtool","Test":"TestRunCompatibilityPackRefreshStopsAtApprovalAndResumes/current_output","Elapsed":0.4}
{"Time":"2026-10-08T19:13:05.698742454Z","Action":"run","Package":"go.temporal.io/server/tools/gomad3/cmd/gomadtool","Test":"TestRunCompatibilityPackRefreshStopsAtApprovalAndResumes/unselected_output"}
{"Time":"2026-10-08T19:13:05.699282996Z","Action":"output","Package":"go.temporal.io/server/tools/gomad3/cmd/gomadtool","Test":"TestRunCompatibilityPackRefreshStopsAtApprovalAndResumes/unselected_output","Output":"=== RUN   TestRunCompatibilityPackRefreshStopsAtApprovalAndResumes/unselected_output\n","OutputType":"frame"}
{"Time":"2026-10-08T19:13:06.156781121Z","Action":"output","Package":"go.temporal.io/server/tools/gomad3/cmd/gomadtool","Test":"TestRunCompatibilityPackRefreshStopsAtApprovalAndResumes/unselected_output","Output":"    compatibility_pack_refresh_test.go:243: stdout write observed EBADF after 1 successful write\n"}
{"Time":"2026-10-08T19:13:06.223972913Z","Action":"output","Package":"go.temporal.io/server/tools/gomad3/cmd/gomadtool","Test":"TestRunCompatibilityPackRefreshStopsAtApprovalAndResumes/unselected_output","Output":"--- PASS: TestRunCompatibilityPackRefreshStopsAtApprovalAndResumes/unselected_output (0.53s)\n","OutputType":"frame"}
{"Time":"2026-10-08T19:13:06.224661371Z","Action":"pass","Package":"go.temporal.io/server/tools/gomad3/cmd/gomadtool","Test":"TestRunCompatibilityPackRefreshStopsAtApprovalAndResumes/unselected_output","Elapsed":0.53}
{"Time":"2026-10-08T19:13:06.225259621Z","Action":"run","Package":"go.temporal.io/server/tools/gomad3/cmd/gomadtool","Test":"TestRunCompatibilityPackRefreshStopsAtApprovalAndResumes/not_evaluable_output"}
{"Time":"2026-10-08T19:13:06.226606871Z","Action":"output","Package":"go.temporal.io/server/tools/gomad3/cmd/gomadtool","Test":"TestRunCompatibilityPackRefreshStopsAtApprovalAndResumes/not_evaluable_output","Output":"=== RUN   TestRunCompatibilityPackRefreshStopsAtApprovalAndResumes/not_evaluable_output\n","OutputType":"frame"}
{"Time":"2026-10-08T19:13:06.452500329Z","Action":"output","Package":"go.temporal.io/server/tools/gomad3/cmd/gomadtool","Test":"TestRunCompatibilityPackRefreshStopsAtApprovalAndResumes/not_evaluable_output","Output":"    compatibility_pack_refresh_test.go:243: stdout write observed EBADF after 1 successful write\n"}
{"Time":"2026-10-08T19:13:06.474616871Z","Action":"output","Package":"go.temporal.io/server/tools/gomad3/cmd/gomadtool","Test":"TestRunCompatibilityPackRefreshStopsAtApprovalAndResumes/not_evaluable_output","Output":"--- PASS: TestRunCompatibilityPackRefreshStopsAtApprovalAndResumes/not_evaluable_output (0.25s)\n","OutputType":"frame"}
{"Time":"2026-10-08T19:13:06.478029496Z","Action":"pass","Package":"go.temporal.io/server/tools/gomad3/cmd/gomadtool","Test":"TestRunCompatibilityPackRefreshStopsAtApprovalAndResumes/not_evaluable_output","Elapsed":0.25}
{"Time":"2026-10-08T19:13:06.478214996Z","Action":"output","Package":"go.temporal.io/server/tools/gomad3/cmd/gomadtool","Test":"TestRunCompatibilityPackRefreshStopsAtApprovalAndResumes","Output":"--- PASS: TestRunCompatibilityPackRefreshStopsAtApprovalAndResumes (3.27s)\n","OutputType":"frame"}
{"Time":"2026-10-08T19:13:06.478335038Z","Action":"pass","Package":"go.temporal.io/server/tools/gomad3/cmd/gomadtool","Test":"TestRunCompatibilityPackRefreshStopsAtApprovalAndResumes","Elapsed":3.27}
{"Time":"2026-10-08T19:13:06.478450246Z","Action":"run","Package":"go.temporal.io/server/tools/gomad3/cmd/gomadtool","Test":"TestRunCompatibilityPackCheckRequiresTheRepositoryWorkingDirectoryTable"}
{"Time":"2026-10-08T19:13:06.478653496Z","Action":"output","Package":"go.temporal.io/server/tools/gomad3/cmd/gomadtool","Test":"TestRunCompatibilityPackCheckRequiresTheRepositoryWorkingDirectoryTable","Output":"=== RUN   TestRunCompatibilityPackCheckRequiresTheRepositoryWorkingDirectoryTable\n","OutputType":"frame"}
{"Time":"2026-10-08T19:13:06.532489913Z","Action":"output","Package":"go.temporal.io/server/tools/gomad3/cmd/gomadtool","Test":"TestRunCompatibilityPackCheckRequiresTheRepositoryWorkingDirectoryTable","Output":"--- PASS: TestRunCompatibilityPackCheckRequiresTheRepositoryWorkingDirectoryTable (0.06s)\n","OutputType":"frame"}
{"Time":"2026-10-08T19:13:06.532811371Z","Action":"pass","Package":"go.temporal.io/server/tools/gomad3/cmd/gomadtool","Test":"TestRunCompatibilityPackCheckRequiresTheRepositoryWorkingDirectoryTable","Elapsed":0.06}
{"Time":"2026-10-08T19:13:06.533038121Z","Action":"run","Package":"go.temporal.io/server/tools/gomad3/cmd/gomadtool","Test":"TestCompatibilityPackRefreshAcceptsSavedPinImpactSchemas"}
{"Time":"2026-10-08T19:13:06.533109204Z","Action":"output","Package":"go.temporal.io/server/tools/gomad3/cmd/gomadtool","Test":"TestCompatibilityPackRefreshAcceptsSavedPinImpactSchemas","Output":"=== RUN   TestCompatibilityPackRefreshAcceptsSavedPinImpactSchemas\n","OutputType":"frame"}
{"Time":"2026-10-08T19:13:06.533188204Z","Action":"run","Package":"go.temporal.io/server/tools/gomad3/cmd/gomadtool","Test":"TestCompatibilityPackRefreshAcceptsSavedPinImpactSchemas/module_report"}
{"Time":"2026-10-08T19:13:06.533222371Z","Action":"output","Package":"go.temporal.io/server/tools/gomad3/cmd/gomadtool","Test":"TestCompatibilityPackRefreshAcceptsSavedPinImpactSchemas/module_report","Output":"=== RUN   TestCompatibilityPackRefreshAcceptsSavedPinImpactSchemas/module_report\n","OutputType":"frame"}
{"Time":"2026-10-08T19:13:06.534877413Z","Action":"output","Package":"go.temporal.io/server/tools/gomad3/cmd/gomadtool","Test":"TestCompatibilityPackRefreshAcceptsSavedPinImpactSchemas/module_report","Output":"--- PASS: TestCompatibilityPackRefreshAcceptsSavedPinImpactSchemas/module_report (0.00s)\n","OutputType":"frame"}
{"Time":"2026-10-08T19:13:06.534949246Z","Action":"pass","Package":"go.temporal.io/server/tools/gomad3/cmd/gomadtool","Test":"TestCompatibilityPackRefreshAcceptsSavedPinImpactSchemas/module_report","Elapsed":0}
{"Time":"2026-10-08T19:13:06.535371329Z","Action":"run","Package":"go.temporal.io/server/tools/gomad3/cmd/gomadtool","Test":"TestCompatibilityPackRefreshAcceptsSavedPinImpactSchemas/file_report"}
{"Time":"2026-10-08T19:13:06.535405454Z","Action":"output","Package":"go.temporal.io/server/tools/gomad3/cmd/gomadtool","Test":"TestCompatibilityPackRefreshAcceptsSavedPinImpactSchemas/file_report","Output":"=== RUN   TestCompatibilityPackRefreshAcceptsSavedPinImpactSchemas/file_report\n","OutputType":"frame"}
{"Time":"2026-10-08T19:13:06.535989871Z","Action":"output","Package":"go.temporal.io/server/tools/gomad3/cmd/gomadtool","Test":"TestCompatibilityPackRefreshAcceptsSavedPinImpactSchemas/file_report","Output":"--- PASS: TestCompatibilityPackRefreshAcceptsSavedPinImpactSchemas/file_report (0.00s)\n","OutputType":"frame"}
{"Time":"2026-10-08T19:13:06.536221246Z","Action":"pass","Package":"go.temporal.io/server/tools/gomad3/cmd/gomadtool","Test":"TestCompatibilityPackRefreshAcceptsSavedPinImpactSchemas/file_report","Elapsed":0}
{"Time":"2026-10-08T19:13:06.536266413Z","Action":"output","Package":"go.temporal.io/server/tools/gomad3/cmd/gomadtool","Test":"TestCompatibilityPackRefreshAcceptsSavedPinImpactSchemas","Output":"--- PASS: TestCompatibilityPackRefreshAcceptsSavedPinImpactSchemas (0.00s)\n","OutputType":"frame"}
{"Time":"2026-10-08T19:13:06.536435996Z","Action":"pass","Package":"go.temporal.io/server/tools/gomad3/cmd/gomadtool","Test":"TestCompatibilityPackRefreshAcceptsSavedPinImpactSchemas","Elapsed":0}
{"Time":"2026-10-08T19:13:06.536528454Z","Action":"run","Package":"go.temporal.io/server/tools/gomad3/cmd/gomadtool","Test":"TestCompatibilityPackRefreshInfrastructureErrorsUseStatusThree"}
{"Time":"2026-10-08T19:13:06.536548413Z","Action":"output","Package":"go.temporal.io/server/tools/gomad3/cmd/gomadtool","Test":"TestCompatibilityPackRefreshInfrastructureErrorsUseStatusThree","Output":"=== RUN   TestCompatibilityPackRefreshInfrastructureErrorsUseStatusThree\n","OutputType":"frame"}
{"Time":"2026-10-08T19:13:06.536568663Z","Action":"output","Package":"go.temporal.io/server/tools/gomad3/cmd/gomadtool","Test":"TestCompatibilityPackRefreshInfrastructureErrorsUseStatusThree","Output":"--- PASS: TestCompatibilityPackRefreshInfrastructureErrorsUseStatusThree (0.00s)\n","OutputType":"frame"}
{"Time":"2026-10-08T19:13:06.536586621Z","Action":"pass","Package":"go.temporal.io/server/tools/gomad3/cmd/gomadtool","Test":"TestCompatibilityPackRefreshInfrastructureErrorsUseStatusThree","Elapsed":0}
{"Time":"2026-10-08T19:13:06.536604746Z","Action":"run","Package":"go.temporal.io/server/tools/gomad3/cmd/gomadtool","Test":"TestSavedReportCannotSuppressAnotherMappedModule"}
{"Time":"2026-10-08T19:13:06.536630871Z","Action":"output","Package":"go.temporal.io/server/tools/gomad3/cmd/gomadtool","Test":"TestSavedReportCannotSuppressAnotherMappedModule","Output":"=== RUN   TestSavedReportCannotSuppressAnotherMappedModule\n","OutputType":"frame"}
{"Time":"2026-10-08T19:13:06.536667829Z","Action":"output","Package":"go.temporal.io/server/tools/gomad3/cmd/gomadtool","Test":"TestSavedReportCannotSuppressAnotherMappedModule","Output":"--- PASS: TestSavedReportCannotSuppressAnotherMappedModule (0.00s)\n","OutputType":"frame"}
{"Time":"2026-10-08T19:13:06.536684663Z","Action":"pass","Package":"go.temporal.io/server/tools/gomad3/cmd/gomadtool","Test":"TestSavedReportCannotSuppressAnotherMappedModule","Elapsed":0}
{"Time":"2026-10-08T19:13:06.536710538Z","Action":"run","Package":"go.temporal.io/server/tools/gomad3/cmd/gomadtool","Test":"TestCompatibilityPackPathsHonorAnExternalRoot"}
{"Time":"2026-10-08T19:13:06.536725496Z","Action":"output","Package":"go.temporal.io/server/tools/gomad3/cmd/gomadtool","Test":"TestCompatibilityPackPathsHonorAnExternalRoot","Output":"=== RUN   TestCompatibilityPackPathsHonorAnExternalRoot\n","OutputType":"frame"}
{"Time":"2026-10-08T19:13:06.813248788Z","Action":"output","Package":"go.temporal.io/server/tools/gomad3/cmd/gomadtool","Test":"TestCompatibilityPackPathsHonorAnExternalRoot","Output":"--- PASS: TestCompatibilityPackPathsHonorAnExternalRoot (0.28s)\n","OutputType":"frame"}
{"Time":"2026-10-08T19:13:06.813327788Z","Action":"pass","Package":"go.temporal.io/server/tools/gomad3/cmd/gomadtool","Test":"TestCompatibilityPackPathsHonorAnExternalRoot","Elapsed":0.28}
{"Time":"2026-10-08T19:13:06.813353413Z","Action":"run","Package":"go.temporal.io/server/tools/gomad3/cmd/gomadtool","Test":"TestCompatibilityPathBaseKeepsDefaultPathsRootRelative"}
{"Time":"2026-10-08T19:13:06.813394246Z","Action":"output","Package":"go.temporal.io/server/tools/gomad3/cmd/gomadtool","Test":"TestCompatibilityPathBaseKeepsDefaultPathsRootRelative","Output":"=== RUN   TestCompatibilityPathBaseKeepsDefaultPathsRootRelative\n","OutputType":"frame"}
{"Time":"2026-10-08T19:13:07.082253788Z","Action":"output","Package":"go.temporal.io/server/tools/gomad3/cmd/gomadtool","Test":"TestCompatibilityPathBaseKeepsDefaultPathsRootRelative","Output":"--- PASS: TestCompatibilityPathBaseKeepsDefaultPathsRootRelative (0.27s)\n","OutputType":"frame"}
{"Time":"2026-10-08T19:13:07.083085746Z","Action":"pass","Package":"go.temporal.io/server/tools/gomad3/cmd/gomadtool","Test":"TestCompatibilityPathBaseKeepsDefaultPathsRootRelative","Elapsed":0.27}
{"Time":"2026-10-08T19:13:07.083148746Z","Action":"run","Package":"go.temporal.io/server/tools/gomad3/cmd/gomadtool","Test":"TestDiagnosticDiffStatusesAndNoPartialInvalidResult"}
{"Time":"2026-10-08T19:13:07.083169121Z","Action":"output","Package":"go.temporal.io/server/tools/gomad3/cmd/gomadtool","Test":"TestDiagnosticDiffStatusesAndNoPartialInvalidResult","Output":"=== RUN   TestDiagnosticDiffStatusesAndNoPartialInvalidResult\n","OutputType":"frame"}
{"Time":"2026-10-08T19:13:07.235812496Z","Action":"run","Package":"go.temporal.io/server/tools/gomad3/cmd/gomadtool","Test":"TestDiagnosticDiffStatusesAndNoPartialInvalidResult/equal"}
{"Time":"2026-10-08T19:13:07.235937288Z","Action":"output","Package":"go.temporal.io/server/tools/gomad3/cmd/gomadtool","Test":"TestDiagnosticDiffStatusesAndNoPartialInvalidResult/equal","Output":"=== RUN   TestDiagnosticDiffStatusesAndNoPartialInvalidResult/equal\n","OutputType":"frame"}
{"Time":"2026-10-08T19:13:07.237195205Z","Action":"output","Package":"go.temporal.io/server/tools/gomad3/cmd/gomadtool","Test":"TestDiagnosticDiffStatusesAndNoPartialInvalidResult/equal","Output":"--- PASS: TestDiagnosticDiffStatusesAndNoPartialInvalidResult/equal (0.00s)\n","OutputType":"frame"}
{"Time":"2026-10-08T19:13:07.237390913Z","Action":"pass","Package":"go.temporal.io/server/tools/gomad3/cmd/gomadtool","Test":"TestDiagnosticDiffStatusesAndNoPartialInvalidResult/equal","Elapsed":0}
{"Time":"2026-10-08T19:13:07.237445955Z","Action":"run","Package":"go.temporal.io/server/tools/gomad3/cmd/gomadtool","Test":"TestDiagnosticDiffStatusesAndNoPartialInvalidResult/different"}
{"Time":"2026-10-08T19:13:07.237497871Z","Action":"output","Package":"go.temporal.io/server/tools/gomad3/cmd/gomadtool","Test":"TestDiagnosticDiffStatusesAndNoPartialInvalidResult/different","Output":"=== RUN   TestDiagnosticDiffStatusesAndNoPartialInvalidResult/different\n","OutputType":"frame"}
{"Time":"2026-10-08T19:13:07.239072163Z","Action":"output","Package":"go.temporal.io/server/tools/gomad3/cmd/gomadtool","Test":"TestDiagnosticDiffStatusesAndNoPartialInvalidResult/different","Output":"--- PASS: TestDiagnosticDiffStatusesAndNoPartialInvalidResult/different (0.00s)\n","OutputType":"frame"}
{"Time":"2026-10-08T19:13:07.239139996Z","Action":"pass","Package":"go.temporal.io/server/tools/gomad3/cmd/gomadtool","Test":"TestDiagnosticDiffStatusesAndNoPartialInvalidResult/different","Elapsed":0}
{"Time":"2026-10-08T19:13:07.239193038Z","Action":"run","Package":"go.temporal.io/server/tools/gomad3/cmd/gomadtool","Test":"TestDiagnosticDiffStatusesAndNoPartialInvalidResult/json"}
{"Time":"2026-10-08T19:13:07.239235496Z","Action":"output","Package":"go.temporal.io/server/tools/gomad3/cmd/gomadtool","Test":"TestDiagnosticDiffStatusesAndNoPartialInvalidResult/json","Output":"=== RUN   TestDiagnosticDiffStatusesAndNoPartialInvalidResult/json\n","OutputType":"frame"}
{"Time":"2026-10-08T19:13:07.239981538Z","Action":"output","Package":"go.temporal.io/server/tools/gomad3/cmd/gomadtool","Test":"TestDiagnosticDiffStatusesAndNoPartialInvalidResult/json","Output":"--- PASS: TestDiagnosticDiffStatusesAndNoPartialInvalidResult/json (0.00s)\n","OutputType":"frame"}
{"Time":"2026-10-08T19:13:07.240177913Z","Action":"pass","Package":"go.temporal.io/server/tools/gomad3/cmd/gomadtool","Test":"TestDiagnosticDiffStatusesAndNoPartialInvalidResult/json","Elapsed":0}
{"Time":"2026-10-08T19:13:07.240355663Z","Action":"run","Package":"go.temporal.io/server/tools/gomad3/cmd/gomadtool","Test":"TestDiagnosticDiffStatusesAndNoPartialInvalidResult/truncated"}
{"Time":"2026-10-08T19:13:07.240420621Z","Action":"output","Package":"go.temporal.io/server/tools/gomad3/cmd/gomadtool","Test":"TestDiagnosticDiffStatusesAndNoPartialInvalidResult/truncated","Output":"=== RUN   TestDiagnosticDiffStatusesAndNoPartialInvalidResult/truncated\n","OutputType":"frame"}
{"Time":"2026-10-08T19:13:07.24096183Z","Action":"output","Package":"go.temporal.io/server/tools/gomad3/cmd/gomadtool","Test":"TestDiagnosticDiffStatusesAndNoPartialInvalidResult/truncated","Output":"--- PASS: TestDiagnosticDiffStatusesAndNoPartialInvalidResult/truncated (0.00s)\n","OutputType":"frame"}
{"Time":"2026-10-08T19:13:07.241099913Z","Action":"pass","Package":"go.temporal.io/server/tools/gomad3/cmd/gomadtool","Test":"TestDiagnosticDiffStatusesAndNoPartialInvalidResult/truncated","Elapsed":0}
{"Time":"2026-10-08T19:13:07.241172121Z","Action":"run","Package":"go.temporal.io/server/tools/gomad3/cmd/gomadtool","Test":"TestDiagnosticDiffStatusesAndNoPartialInvalidResult/recording"}
{"Time":"2026-10-08T19:13:07.24134783Z","Action":"output","Package":"go.temporal.io/server/tools/gomad3/cmd/gomadtool","Test":"TestDiagnosticDiffStatusesAndNoPartialInvalidResult/recording","Output":"=== RUN   TestDiagnosticDiffStatusesAndNoPartialInvalidResult/recording\n","OutputType":"frame"}
{"Time":"2026-10-08T19:13:07.241589246Z","Action":"output","Package":"go.temporal.io/server/tools/gomad3/cmd/gomadtool","Test":"TestDiagnosticDiffStatusesAndNoPartialInvalidResult/recording","Output":"--- PASS: TestDiagnosticDiffStatusesAndNoPartialInvalidResult/recording (0.00s)\n","OutputType":"frame"}
{"Time":"2026-10-08T19:13:07.241636371Z","Action":"pass","Package":"go.temporal.io/server/tools/gomad3/cmd/gomadtool","Test":"TestDiagnosticDiffStatusesAndNoPartialInvalidResult/recording","Elapsed":0}
{"Time":"2026-10-08T19:13:07.243016996Z","Action":"output","Package":"go.temporal.io/server/tools/gomad3/cmd/gomadtool","Test":"TestDiagnosticDiffStatusesAndNoPartialInvalidResult","Output":"--- PASS: TestDiagnosticDiffStatusesAndNoPartialInvalidResult (0.16s)\n","OutputType":"frame"}
{"Time":"2026-10-08T19:13:07.243065871Z","Action":"pass","Package":"go.temporal.io/server/tools/gomad3/cmd/gomadtool","Test":"TestDiagnosticDiffStatusesAndNoPartialInvalidResult","Elapsed":0.16}
{"Time":"2026-10-08T19:13:07.24312333Z","Action":"run","Package":"go.temporal.io/server/tools/gomad3/cmd/gomadtool","Test":"TestRunBuildKey"}
{"Time":"2026-10-08T19:13:07.243182121Z","Action":"output","Package":"go.temporal.io/server/tools/gomad3/cmd/gomadtool","Test":"TestRunBuildKey","Output":"=== RUN   TestRunBuildKey\n","OutputType":"frame"}
{"Time":"2026-10-08T19:13:07.245919371Z","Action":"output","Package":"go.temporal.io/server/tools/gomad3/cmd/gomadtool","Test":"TestRunBuildKey","Output":"--- PASS: TestRunBuildKey (0.00s)\n","OutputType":"frame"}
{"Time":"2026-10-08T19:13:07.245965371Z","Action":"pass","Package":"go.temporal.io/server/tools/gomad3/cmd/gomadtool","Test":"TestRunBuildKey","Elapsed":0}
{"Time":"2026-10-08T19:13:07.246005538Z","Action":"run","Package":"go.temporal.io/server/tools/gomad3/cmd/gomadtool","Test":"TestRunBuildKeyRejectsIncompleteInput"}
{"Time":"2026-10-08T19:13:07.246026371Z","Action":"output","Package":"go.temporal.io/server/tools/gomad3/cmd/gomadtool","Test":"TestRunBuildKeyRejectsIncompleteInput","Output":"=== RUN   TestRunBuildKeyRejectsIncompleteInput\n","OutputType":"frame"}
{"Time":"2026-10-08T19:13:07.246058996Z","Action":"output","Package":"go.temporal.io/server/tools/gomad3/cmd/gomadtool","Test":"TestRunBuildKeyRejectsIncompleteInput","Output":"--- PASS: TestRunBuildKeyRejectsIncompleteInput (0.00s)\n","OutputType":"frame"}
{"Time":"2026-10-08T19:13:07.246090538Z","Action":"pass","Package":"go.temporal.io/server/tools/gomad3/cmd/gomadtool","Test":"TestRunBuildKeyRejectsIncompleteInput","Elapsed":0}
{"Time":"2026-10-08T19:13:07.246115288Z","Action":"run","Package":"go.temporal.io/server/tools/gomad3/cmd/gomadtool","Test":"TestRunCompatibilityPackCheckReportsOperationalFailure"}
{"Time":"2026-10-08T19:13:07.246756455Z","Action":"output","Package":"go.temporal.io/server/tools/gomad3/cmd/gomadtool","Test":"TestRunCompatibilityPackCheckReportsOperationalFailure","Output":"=== RUN   TestRunCompatibilityPackCheckReportsOperationalFailure\n","OutputType":"frame"}
{"Time":"2026-10-08T19:13:07.247056163Z","Action":"output","Package":"go.temporal.io/server/tools/gomad3/cmd/gomadtool","Test":"TestRunCompatibilityPackCheckReportsOperationalFailure","Output":"--- PASS: TestRunCompatibilityPackCheckReportsOperationalFailure (0.00s)\n","OutputType":"frame"}
{"Time":"2026-10-08T19:13:07.247120663Z","Action":"pass","Package":"go.temporal.io/server/tools/gomad3/cmd/gomadtool","Test":"TestRunCompatibilityPackCheckReportsOperationalFailure","Elapsed":0}
{"Time":"2026-10-08T19:13:07.247153205Z","Action":"run","Package":"go.temporal.io/server/tools/gomad3/cmd/gomadtool","Test":"TestRunCompatibilityPackGenerateWithoutApprovalRegeneratesRecordedRequests"}
{"Time":"2026-10-08T19:13:07.247169413Z","Action":"output","Package":"go.temporal.io/server/tools/gomad3/cmd/gomadtool","Test":"TestRunCompatibilityPackGenerateWithoutApprovalRegeneratesRecordedRequests","Output":"=== RUN   TestRunCompatibilityPackGenerateWithoutApprovalRegeneratesRecordedRequests\n","OutputType":"frame"}
{"Time":"2026-10-08T19:13:07.247497663Z","Action":"output","Package":"go.temporal.io/server/tools/gomad3/cmd/gomadtool","Test":"TestRunCompatibilityPackGenerateWithoutApprovalRegeneratesRecordedRequests","Output":"--- PASS: TestRunCompatibilityPackGenerateWithoutApprovalRegeneratesRecordedRequests (0.00s)\n","OutputType":"frame"}
{"Time":"2026-10-08T19:13:07.247544121Z","Action":"pass","Package":"go.temporal.io/server/tools/gomad3/cmd/gomadtool","Test":"TestRunCompatibilityPackGenerateWithoutApprovalRegeneratesRecordedRequests","Elapsed":0}
{"Time":"2026-10-08T19:13:07.247571163Z","Action":"run","Package":"go.temporal.io/server/tools/gomad3/cmd/gomadtool","Test":"TestRunRejectsRemovedTestMode"}
{"Time":"2026-10-08T19:13:07.247611288Z","Action":"output","Package":"go.temporal.io/server/tools/gomad3/cmd/gomadtool","Test":"TestRunRejectsRemovedTestMode","Output":"=== RUN   TestRunRejectsRemovedTestMode\n","OutputType":"frame"}
{"Time":"2026-10-08T19:13:07.247635121Z","Action":"output","Package":"go.temporal.io/server/tools/gomad3/cmd/gomadtool","Test":"TestRunRejectsRemovedTestMode","Output":"--- PASS: TestRunRejectsRemovedTestMode (0.00s)\n","OutputType":"frame"}
{"Time":"2026-10-08T19:13:07.247658496Z","Action":"pass","Package":"go.temporal.io/server/tools/gomad3/cmd/gomadtool","Test":"TestRunRejectsRemovedTestMode","Elapsed":0}
{"Time":"2026-10-08T19:13:07.247675996Z","Action":"run","Package":"go.temporal.io/server/tools/gomad3/cmd/gomadtool","Test":"TestRunPatchValidateChecksCurrentModule"}
{"Time":"2026-10-08T19:13:07.247690996Z","Action":"output","Package":"go.temporal.io/server/tools/gomad3/cmd/gomadtool","Test":"TestRunPatchValidateChecksCurrentModule","Output":"=== RUN   TestRunPatchValidateChecksCurrentModule\n","OutputType":"frame"}
{"Time":"2026-10-08T19:13:07.267165163Z","Action":"output","Package":"go.temporal.io/server/tools/gomad3/cmd/gomadtool","Test":"TestRunPatchValidateChecksCurrentModule","Output":"--- PASS: TestRunPatchValidateChecksCurrentModule (0.02s)\n","OutputType":"frame"}
{"Time":"2026-10-08T19:13:07.267283705Z","Action":"pass","Package":"go.temporal.io/server/tools/gomad3/cmd/gomadtool","Test":"TestRunPatchValidateChecksCurrentModule","Elapsed":0.02}
{"Time":"2026-10-08T19:13:07.267309663Z","Action":"run","Package":"go.temporal.io/server/tools/gomad3/cmd/gomadtool","Test":"TestRunScriptValidateChecksCurrentModule"}
{"Time":"2026-10-08T19:13:07.267332871Z","Action":"output","Package":"go.temporal.io/server/tools/gomad3/cmd/gomadtool","Test":"TestRunScriptValidateChecksCurrentModule","Output":"=== RUN   TestRunScriptValidateChecksCurrentModule\n","OutputType":"frame"}
{"Time":"2026-10-08T19:13:07.272437371Z","Action":"output","Package":"go.temporal.io/server/tools/gomad3/cmd/gomadtool","Test":"TestRunScriptValidateChecksCurrentModule","Output":"--- PASS: TestRunScriptValidateChecksCurrentModule (0.01s)\n","OutputType":"frame"}
{"Time":"2026-10-08T19:13:07.272653621Z","Action":"pass","Package":"go.temporal.io/server/tools/gomad3/cmd/gomadtool","Test":"TestRunScriptValidateChecksCurrentModule","Elapsed":0.01}
{"Time":"2026-10-08T19:13:07.272735496Z","Action":"run","Package":"go.temporal.io/server/tools/gomad3/cmd/gomadtool","Test":"TestRunPatchCommandsRejectIncompleteInput"}
{"Time":"2026-10-08T19:13:07.276231413Z","Action":"output","Package":"go.temporal.io/server/tools/gomad3/cmd/gomadtool","Test":"TestRunPatchCommandsRejectIncompleteInput","Output":"=== RUN   TestRunPatchCommandsRejectIncompleteInput\n","OutputType":"frame"}
{"Time":"2026-10-08T19:13:07.276296871Z","Action":"output","Package":"go.temporal.io/server/tools/gomad3/cmd/gomadtool","Test":"TestRunPatchCommandsRejectIncompleteInput","Output":"--- PASS: TestRunPatchCommandsRejectIncompleteInput (0.00s)\n","OutputType":"frame"}
{"Time":"2026-10-08T19:13:07.276313163Z","Action":"pass","Package":"go.temporal.io/server/tools/gomad3/cmd/gomadtool","Test":"TestRunPatchCommandsRejectIncompleteInput","Elapsed":0}
{"Time":"2026-10-08T19:13:07.27771558Z","Action":"run","Package":"go.temporal.io/server/tools/gomad3/cmd/gomadtool","Test":"TestRunToolchainBuildRejectsIncompleteInput"}
{"Time":"2026-10-08T19:13:07.278279788Z","Action":"output","Package":"go.temporal.io/server/tools/gomad3/cmd/gomadtool","Test":"TestRunToolchainBuildRejectsIncompleteInput","Output":"=== RUN   TestRunToolchainBuildRejectsIncompleteInput\n","OutputType":"frame"}
{"Time":"2026-10-08T19:13:07.278700955Z","Action":"output","Package":"go.temporal.io/server/tools/gomad3/cmd/gomadtool","Test":"TestRunToolchainBuildRejectsIncompleteInput","Output":"--- PASS: TestRunToolchainBuildRejectsIncompleteInput (0.00s)\n","OutputType":"frame"}
{"Time":"2026-10-08T19:13:07.27883508Z","Action":"pass","Package":"go.temporal.io/server/tools/gomad3/cmd/gomadtool","Test":"TestRunToolchainBuildRejectsIncompleteInput","Elapsed":0}
{"Time":"2026-10-08T19:13:07.278899955Z","Action":"run","Package":"go.temporal.io/server/tools/gomad3/cmd/gomadtool","Test":"TestRunTestRejectsIncompleteInput"}
{"Time":"2026-10-08T19:13:07.27918258Z","Action":"output","Package":"go.temporal.io/server/tools/gomad3/cmd/gomadtool","Test":"TestRunTestRejectsIncompleteInput","Output":"=== RUN   TestRunTestRejectsIncompleteInput\n","OutputType":"frame"}
{"Time":"2026-10-08T19:13:07.27922133Z","Action":"output","Package":"go.temporal.io/server/tools/gomad3/cmd/gomadtool","Test":"TestRunTestRejectsIncompleteInput","Output":"--- PASS: TestRunTestRejectsIncompleteInput (0.00s)\n","OutputType":"frame"}
{"Time":"2026-10-08T19:13:07.279262288Z","Action":"pass","Package":"go.temporal.io/server/tools/gomad3/cmd/gomadtool","Test":"TestRunTestRejectsIncompleteInput","Elapsed":0}
{"Time":"2026-10-08T19:13:07.279319621Z","Action":"run","Package":"go.temporal.io/server/tools/gomad3/cmd/gomadtool","Test":"TestBootstrapGofmtResolvesInstalledTool"}
{"Time":"2026-10-08T19:13:07.279387663Z","Action":"output","Package":"go.temporal.io/server/tools/gomad3/cmd/gomadtool","Test":"TestBootstrapGofmtResolvesInstalledTool","Output":"=== RUN   TestBootstrapGofmtResolvesInstalledTool\n","OutputType":"frame"}
{"Time":"2026-10-08T19:13:07.279525413Z","Action":"output","Package":"go.temporal.io/server/tools/gomad3/cmd/gomadtool","Test":"TestBootstrapGofmtResolvesInstalledTool","Output":"--- PASS: TestBootstrapGofmtResolvesInstalledTool (0.00s)\n","OutputType":"frame"}
{"Time":"2026-10-08T19:13:07.27971883Z","Action":"pass","Package":"go.temporal.io/server/tools/gomad3/cmd/gomadtool","Test":"TestBootstrapGofmtResolvesInstalledTool","Elapsed":0}
{"Time":"2026-10-08T19:13:07.279748163Z","Action":"run","Package":"go.temporal.io/server/tools/gomad3/cmd/gomadtool","Test":"TestRunCheckedRunWritesCompatibilityResult"}
{"Time":"2026-10-08T19:13:07.279832038Z","Action":"output","Package":"go.temporal.io/server/tools/gomad3/cmd/gomadtool","Test":"TestRunCheckedRunWritesCompatibilityResult","Output":"=== RUN   TestRunCheckedRunWritesCompatibilityResult\n","OutputType":"frame"}
{"Time":"2026-10-08T19:13:07.282774163Z","Action":"output","Package":"go.temporal.io/server/tools/gomad3/cmd/gomadtool","Test":"TestRunCheckedRunWritesCompatibilityResult","Output":"--- PASS: TestRunCheckedRunWritesCompatibilityResult (0.01s)\n","OutputType":"frame"}
{"Time":"2026-10-08T19:13:07.282880538Z","Action":"pass","Package":"go.temporal.io/server/tools/gomad3/cmd/gomadtool","Test":"TestRunCheckedRunWritesCompatibilityResult","Elapsed":0.01}
{"Time":"2026-10-08T19:13:07.282969496Z","Action":"run","Package":"go.temporal.io/server/tools/gomad3/cmd/gomadtool","Test":"TestRunCheckedRunDistinguishesExit124FromTimeout"}
{"Time":"2026-10-08T19:13:07.283519163Z","Action":"output","Package":"go.temporal.io/server/tools/gomad3/cmd/gomadtool","Test":"TestRunCheckedRunDistinguishesExit124FromTimeout","Output":"=== RUN   TestRunCheckedRunDistinguishesExit124FromTimeout\n","OutputType":"frame"}
{"Time":"2026-10-08T19:13:07.362867246Z","Action":"output","Package":"go.temporal.io/server/tools/gomad3/cmd/gomadtool","Test":"TestRunCheckedRunDistinguishesExit124FromTimeout","Output":"--- PASS: TestRunCheckedRunDistinguishesExit124FromTimeout (0.08s)\n","OutputType":"frame"}
{"Time":"2026-10-08T19:13:07.36295008Z","Action":"pass","Package":"go.temporal.io/server/tools/gomad3/cmd/gomadtool","Test":"TestRunCheckedRunDistinguishesExit124FromTimeout","Elapsed":0.08}
{"Time":"2026-10-08T19:13:07.363054663Z","Action":"run","Package":"go.temporal.io/server/tools/gomad3/cmd/gomadtool","Test":"TestRunMaintainerOutputPatchPublication"}
{"Time":"2026-10-08T19:13:07.363098038Z","Action":"output","Package":"go.temporal.io/server/tools/gomad3/cmd/gomadtool","Test":"TestRunMaintainerOutputPatchPublication","Output":"=== RUN   TestRunMaintainerOutputPatchPublication\n","OutputType":"frame"}
{"Time":"2026-10-08T19:13:07.363131621Z","Action":"run","Package":"go.temporal.io/server/tools/gomad3/cmd/gomadtool","Test":"TestRunMaintainerOutputPatchPublication/patch-materialize"}
{"Time":"2026-10-08T19:13:07.363163996Z","Action":"output","Package":"go.temporal.io/server/tools/gomad3/cmd/gomadtool","Test":"TestRunMaintainerOutputPatchPublication/patch-materialize","Output":"=== RUN   TestRunMaintainerOutputPatchPublication/patch-materialize\n","OutputType":"frame"}
{"Time":"2026-10-08T19:13:07.396719163Z","Action":"output","Package":"go.temporal.io/server/tools/gomad3/cmd/gomadtool","Test":"TestRunMaintainerOutputPatchPublication/patch-materialize","Output":"    maintainer_output_patch_test.go:68: stdout write observed EBADF\n"}
{"Time":"2026-10-08T19:13:07.405781496Z","Action":"output","Package":"go.temporal.io/server/tools/gomad3/cmd/gomadtool","Test":"TestRunMaintainerOutputPatchPublication/patch-materialize","Output":"--- PASS: TestRunMaintainerOutputPatchPublication/patch-materialize (0.04s)\n","OutputType":"frame"}
{"Time":"2026-10-08T19:13:07.405846246Z","Action":"pass","Package":"go.temporal.io/server/tools/gomad3/cmd/gomadtool","Test":"TestRunMaintainerOutputPatchPublication/patch-materialize","Elapsed":0.04}
{"Time":"2026-10-08T19:13:07.405877455Z","Action":"run","Package":"go.temporal.io/server/tools/gomad3/cmd/gomadtool","Test":"TestRunMaintainerOutputPatchPublication/patch-regenerate"}
{"Time":"2026-10-08T19:13:07.405908371Z","Action":"output","Package":"go.temporal.io/server/tools/gomad3/cmd/gomadtool","Test":"TestRunMaintainerOutputPatchPublication/patch-regenerate","Output":"=== RUN   TestRunMaintainerOutputPatchPublication/patch-regenerate\n","OutputType":"frame"}
{"Time":"2026-10-08T19:13:07.649313997Z","Action":"output","Package":"go.temporal.io/server/tools/gomad3/cmd/gomadtool","Test":"TestRunMaintainerOutputPatchPublication/patch-regenerate","Output":"    maintainer_output_patch_test.go:68: stdout write observed EBADF\n"}
{"Time":"2026-10-08T19:13:07.654383205Z","Action":"output","Package":"go.temporal.io/server/tools/gomad3/cmd/gomadtool","Test":"TestRunMaintainerOutputPatchPublication/patch-regenerate","Output":"--- PASS: TestRunMaintainerOutputPatchPublication/patch-regenerate (0.25s)\n","OutputType":"frame"}
{"Time":"2026-10-08T19:13:07.654800913Z","Action":"pass","Package":"go.temporal.io/server/tools/gomad3/cmd/gomadtool","Test":"TestRunMaintainerOutputPatchPublication/patch-regenerate","Elapsed":0.25}
{"Time":"2026-10-08T19:13:07.654835497Z","Action":"output","Package":"go.temporal.io/server/tools/gomad3/cmd/gomadtool","Test":"TestRunMaintainerOutputPatchPublication","Output":"--- PASS: TestRunMaintainerOutputPatchPublication (0.29s)\n","OutputType":"frame"}
{"Time":"2026-10-08T19:13:07.655128913Z","Action":"pass","Package":"go.temporal.io/server/tools/gomad3/cmd/gomadtool","Test":"TestRunMaintainerOutputPatchPublication","Elapsed":0.29}
{"Time":"2026-10-08T19:13:07.65528358Z","Action":"run","Package":"go.temporal.io/server/tools/gomad3/cmd/gomadtool","Test":"TestRunMaintainerOutputTerminalReports"}
{"Time":"2026-10-08T19:13:07.655418955Z","Action":"output","Package":"go.temporal.io/server/tools/gomad3/cmd/gomadtool","Test":"TestRunMaintainerOutputTerminalReports","Output":"=== RUN   TestRunMaintainerOutputTerminalReports\n","OutputType":"frame"}
{"Time":"2026-10-08T19:13:07.659147038Z","Action":"run","Package":"go.temporal.io/server/tools/gomad3/cmd/gomadtool","Test":"TestRunMaintainerOutputTerminalReports/patch-validate"}
{"Time":"2026-10-08T19:13:07.659197163Z","Action":"output","Package":"go.temporal.io/server/tools/gomad3/cmd/gomadtool","Test":"TestRunMaintainerOutputTerminalReports/patch-validate","Output":"=== RUN   TestRunMaintainerOutputTerminalReports/patch-validate\n","OutputType":"frame"}
{"Time":"2026-10-08T19:13:07.68850408Z","Action":"output","Package":"go.temporal.io/server/tools/gomad3/cmd/gomadtool","Test":"TestRunMaintainerOutputTerminalReports/patch-validate","Output":"    maintainer_output_test.go:32: stdout write observed EBADF\n"}
{"Time":"2026-10-08T19:13:07.689096372Z","Action":"output","Package":"go.temporal.io/server/tools/gomad3/cmd/gomadtool","Test":"TestRunMaintainerOutputTerminalReports/patch-validate","Output":"--- PASS: TestRunMaintainerOutputTerminalReports/patch-validate (0.03s)\n","OutputType":"frame"}
{"Time":"2026-10-08T19:13:07.689146205Z","Action":"pass","Package":"go.temporal.io/server/tools/gomad3/cmd/gomadtool","Test":"TestRunMaintainerOutputTerminalReports/patch-validate","Elapsed":0.03}
{"Time":"2026-10-08T19:13:07.68918208Z","Action":"run","Package":"go.temporal.io/server/tools/gomad3/cmd/gomadtool","Test":"TestRunMaintainerOutputTerminalReports/script-validate"}
{"Time":"2026-10-08T19:13:07.689195413Z","Action":"output","Package":"go.temporal.io/server/tools/gomad3/cmd/gomadtool","Test":"TestRunMaintainerOutputTerminalReports/script-validate","Output":"=== RUN   TestRunMaintainerOutputTerminalReports/script-validate\n","OutputType":"frame"}
{"Time":"2026-10-08T19:13:07.696450205Z","Action":"output","Package":"go.temporal.io/server/tools/gomad3/cmd/gomadtool","Test":"TestRunMaintainerOutputTerminalReports/script-validate","Output":"    maintainer_output_test.go:32: stdout write observed EBADF\n"}
{"Time":"2026-10-08T19:13:07.698370705Z","Action":"output","Package":"go.temporal.io/server/tools/gomad3/cmd/gomadtool","Test":"TestRunMaintainerOutputTerminalReports/script-validate","Output":"--- PASS: TestRunMaintainerOutputTerminalReports/script-validate (0.01s)\n","OutputType":"frame"}
{"Time":"2026-10-08T19:13:07.698587538Z","Action":"pass","Package":"go.temporal.io/server/tools/gomad3/cmd/gomadtool","Test":"TestRunMaintainerOutputTerminalReports/script-validate","Elapsed":0.01}
{"Time":"2026-10-08T19:13:07.698674705Z","Action":"run","Package":"go.temporal.io/server/tools/gomad3/cmd/gomadtool","Test":"TestRunMaintainerOutputTerminalReports/build-key"}
{"Time":"2026-10-08T19:13:07.699102913Z","Action":"output","Package":"go.temporal.io/server/tools/gomad3/cmd/gomadtool","Test":"TestRunMaintainerOutputTerminalReports/build-key","Output":"=== RUN   TestRunMaintainerOutputTerminalReports/build-key\n","OutputType":"frame"}
{"Time":"2026-10-08T19:13:07.702507163Z","Action":"output","Package":"go.temporal.io/server/tools/gomad3/cmd/gomadtool","Test":"TestRunMaintainerOutputTerminalReports/build-key","Output":"    maintainer_output_test.go:32: stdout write observed EBADF\n"}
{"Time":"2026-10-08T19:13:07.703434997Z","Action":"output","Package":"go.temporal.io/server/tools/gomad3/cmd/gomadtool","Test":"TestRunMaintainerOutputTerminalReports/build-key","Output":"--- PASS: TestRunMaintainerOutputTerminalReports/build-key (0.00s)\n","OutputType":"frame"}
{"Time":"2026-10-08T19:13:07.703853122Z","Action":"pass","Package":"go.temporal.io/server/tools/gomad3/cmd/gomadtool","Test":"TestRunMaintainerOutputTerminalReports/build-key","Elapsed":0}
{"Time":"2026-10-08T19:13:07.704472038Z","Action":"output","Package":"go.temporal.io/server/tools/gomad3/cmd/gomadtool","Test":"TestRunMaintainerOutputTerminalReports","Output":"--- PASS: TestRunMaintainerOutputTerminalReports (0.05s)\n","OutputType":"frame"}
{"Time":"2026-10-08T19:13:07.704564538Z","Action":"pass","Package":"go.temporal.io/server/tools/gomad3/cmd/gomadtool","Test":"TestRunMaintainerOutputTerminalReports","Elapsed":0.05}
{"Time":"2026-10-08T19:13:07.70464408Z","Action":"run","Package":"go.temporal.io/server/tools/gomad3/cmd/gomadtool","Test":"TestRunMaintainerOutputBoundaryDiscovery"}
{"Time":"2026-10-08T19:13:07.704698997Z","Action":"output","Package":"go.temporal.io/server/tools/gomad3/cmd/gomadtool","Test":"TestRunMaintainerOutputBoundaryDiscovery","Output":"=== RUN   TestRunMaintainerOutputBoundaryDiscovery\n","OutputType":"frame"}
{"Time":"2026-10-08T19:13:08.743693289Z","Action":"run","Package":"go.temporal.io/server/tools/gomad3/cmd/gomadtool","Test":"TestRunMaintainerOutputBoundaryDiscovery/literal_control"}
{"Time":"2026-10-08T19:13:08.743795705Z","Action":"output","Package":"go.temporal.io/server/tools/gomad3/cmd/gomadtool","Test":"TestRunMaintainerOutputBoundaryDiscovery/literal_control","Output":"=== RUN   TestRunMaintainerOutputBoundaryDiscovery/literal_control\n","OutputType":"frame"}
{"Time":"2026-10-08T19:13:08.744201455Z","Action":"output","Package":"go.temporal.io/server/tools/gomad3/cmd/gomadtool","Test":"TestRunMaintainerOutputBoundaryDiscovery/literal_control","Output":"--- PASS: TestRunMaintainerOutputBoundaryDiscovery/literal_control (0.00s)\n","OutputType":"frame"}
{"Time":"2026-10-08T19:13:08.745961039Z","Action":"pass","Package":"go.temporal.io/server/tools/gomad3/cmd/gomadtool","Test":"TestRunMaintainerOutputBoundaryDiscovery/literal_control","Elapsed":0}
{"Time":"2026-10-08T19:13:09.600765498Z","Action":"output","Package":"go.temporal.io/server/tools/gomad3/cmd/gomadtool","Test":"TestRunMaintainerOutputBoundaryDiscovery","Output":"    maintainer_output_test.go:60: stdout write observed EBADF\n"}
{"Time":"2026-10-08T19:13:09.601181539Z","Action":"output","Package":"go.temporal.io/server/tools/gomad3/cmd/gomadtool","Test":"TestRunMaintainerOutputBoundaryDiscovery","Output":"--- PASS: TestRunMaintainerOutputBoundaryDiscovery (1.90s)\n","OutputType":"frame"}
{"Time":"2026-10-08T19:13:09.601269039Z","Action":"pass","Package":"go.temporal.io/server/tools/gomad3/cmd/gomadtool","Test":"TestRunMaintainerOutputBoundaryDiscovery","Elapsed":1.9}
{"Time":"2026-10-08T19:13:09.601311831Z","Action":"run","Package":"go.temporal.io/server/tools/gomad3/cmd/gomadtool","Test":"TestRunMaintainerOutputAuthoring"}
{"Time":"2026-10-08T19:13:09.601352498Z","Action":"output","Package":"go.temporal.io/server/tools/gomad3/cmd/gomadtool","Test":"TestRunMaintainerOutputAuthoring","Output":"=== RUN   TestRunMaintainerOutputAuthoring\n","OutputType":"frame"}
{"Time":"2026-10-08T19:13:09.601462123Z","Action":"run","Package":"go.temporal.io/server/tools/gomad3/cmd/gomadtool","Test":"TestRunMaintainerOutputAuthoring/review"}
{"Time":"2026-10-08T19:13:09.601479956Z","Action":"output","Package":"go.temporal.io/server/tools/gomad3/cmd/gomadtool","Test":"TestRunMaintainerOutputAuthoring/review","Output":"=== RUN   TestRunMaintainerOutputAuthoring/review\n","OutputType":"frame"}
{"Time":"2026-10-08T19:13:09.609610873Z","Action":"output","Package":"go.temporal.io/server/tools/gomad3/cmd/gomadtool","Test":"TestRunMaintainerOutputAuthoring/review","Output":"    maintainer_output_test.go:110: stdout write observed EBADF\n"}
{"Time":"2026-10-08T19:13:09.610474373Z","Action":"output","Package":"go.temporal.io/server/tools/gomad3/cmd/gomadtool","Test":"TestRunMaintainerOutputAuthoring/review","Output":"--- PASS: TestRunMaintainerOutputAuthoring/review (0.01s)\n","OutputType":"frame"}
{"Time":"2026-10-08T19:13:09.610529581Z","Action":"pass","Package":"go.temporal.io/server/tools/gomad3/cmd/gomadtool","Test":"TestRunMaintainerOutputAuthoring/review","Elapsed":0.01}
{"Time":"2026-10-08T19:13:09.610547081Z","Action":"run","Package":"go.temporal.io/server/tools/gomad3/cmd/gomadtool","Test":"TestRunMaintainerOutputAuthoring/generate-all"}
{"Time":"2026-10-08T19:13:09.610562498Z","Action":"output","Package":"go.temporal.io/server/tools/gomad3/cmd/gomadtool","Test":"TestRunMaintainerOutputAuthoring/generate-all","Output":"=== RUN   TestRunMaintainerOutputAuthoring/generate-all\n","OutputType":"frame"}
{"Time":"2026-10-08T19:13:09.630907789Z","Action":"output","Package":"go.temporal.io/server/tools/gomad3/cmd/gomadtool","Test":"TestRunMaintainerOutputAuthoring/generate-all","Output":"    maintainer_output_test.go:110: stdout write observed EBADF\n"}
{"Time":"2026-10-08T19:13:09.632005873Z","Action":"output","Package":"go.temporal.io/server/tools/gomad3/cmd/gomadtool","Test":"TestRunMaintainerOutputAuthoring/generate-all","Output":"--- PASS: TestRunMaintainerOutputAuthoring/generate-all (0.02s)\n","OutputType":"frame"}
{"Time":"2026-10-08T19:13:09.632038081Z","Action":"pass","Package":"go.temporal.io/server/tools/gomad3/cmd/gomadtool","Test":"TestRunMaintainerOutputAuthoring/generate-all","Elapsed":0.02}
{"Time":"2026-10-08T19:13:09.632080039Z","Action":"run","Package":"go.temporal.io/server/tools/gomad3/cmd/gomadtool","Test":"TestRunMaintainerOutputAuthoring/generate-approved"}
{"Time":"2026-10-08T19:13:09.632108414Z","Action":"output","Package":"go.temporal.io/server/tools/gomad3/cmd/gomadtool","Test":"TestRunMaintainerOutputAuthoring/generate-approved","Output":"=== RUN   TestRunMaintainerOutputAuthoring/generate-approved\n","OutputType":"frame"}
{"Time":"2026-10-08T19:13:09.655510498Z","Action":"output","Package":"go.temporal.io/server/tools/gomad3/cmd/gomadtool","Test":"TestRunMaintainerOutputAuthoring/generate-approved","Output":"    maintainer_output_test.go:110: stdout write observed EBADF\n"}
{"Time":"2026-10-08T19:13:09.656959914Z","Action":"output","Package":"go.temporal.io/server/tools/gomad3/cmd/gomadtool","Test":"TestRunMaintainerOutputAuthoring/generate-approved","Output":"--- PASS: TestRunMaintainerOutputAuthoring/generate-approved (0.02s)\n","OutputType":"frame"}
{"Time":"2026-10-08T19:13:09.656988498Z","Action":"pass","Package":"go.temporal.io/server/tools/gomad3/cmd/gomadtool","Test":"TestRunMaintainerOutputAuthoring/generate-approved","Elapsed":0.02}
{"Time":"2026-10-08T19:13:09.657008081Z","Action":"run","Package":"go.temporal.io/server/tools/gomad3/cmd/gomadtool","Test":"TestRunMaintainerOutputAuthoring/check"}
{"Time":"2026-10-08T19:13:09.657025789Z","Action":"output","Package":"go.temporal.io/server/tools/gomad3/cmd/gomadtool","Test":"TestRunMaintainerOutputAuthoring/check","Output":"=== RUN   TestRunMaintainerOutputAuthoring/check\n","OutputType":"frame"}
{"Time":"2026-10-08T19:13:09.682415206Z","Action":"output","Package":"go.temporal.io/server/tools/gomad3/cmd/gomadtool","Test":"TestRunMaintainerOutputAuthoring/check","Output":"    maintainer_output_test.go:110: stdout write observed EBADF\n"}
{"Time":"2026-10-08T19:13:09.683447998Z","Action":"output","Package":"go.temporal.io/server/tools/gomad3/cmd/gomadtool","Test":"TestRunMaintainerOutputAuthoring/check","Output":"--- PASS: TestRunMaintainerOutputAuthoring/check (0.03s)\n","OutputType":"frame"}
{"Time":"2026-10-08T19:13:09.683496581Z","Action":"pass","Package":"go.temporal.io/server/tools/gomad3/cmd/gomadtool","Test":"TestRunMaintainerOutputAuthoring/check","Elapsed":0.03}
{"Time":"2026-10-08T19:13:09.683655039Z","Action":"output","Package":"go.temporal.io/server/tools/gomad3/cmd/gomadtool","Test":"TestRunMaintainerOutputAuthoring","Output":"--- PASS: TestRunMaintainerOutputAuthoring (0.08s)\n","OutputType":"frame"}
{"Time":"2026-10-08T19:13:09.683731123Z","Action":"pass","Package":"go.temporal.io/server/tools/gomad3/cmd/gomadtool","Test":"TestRunMaintainerOutputAuthoring","Elapsed":0.08}
{"Time":"2026-10-08T19:13:09.683843914Z","Action":"run","Package":"go.temporal.io/server/tools/gomad3/cmd/gomadtool","Test":"TestRunMaintainerOutputPrimaryFailures"}
{"Time":"2026-10-08T19:13:09.683862998Z","Action":"output","Package":"go.temporal.io/server/tools/gomad3/cmd/gomadtool","Test":"TestRunMaintainerOutputPrimaryFailures","Output":"=== RUN   TestRunMaintainerOutputPrimaryFailures\n","OutputType":"frame"}
{"Time":"2026-10-08T19:13:09.683988831Z","Action":"run","Package":"go.temporal.io/server/tools/gomad3/cmd/gomadtool","Test":"TestRunMaintainerOutputPrimaryFailures/build-key/invalid"}
{"Time":"2026-10-08T19:13:09.684019873Z","Action":"output","Package":"go.temporal.io/server/tools/gomad3/cmd/gomadtool","Test":"TestRunMaintainerOutputPrimaryFailures/build-key/invalid","Output":"=== RUN   TestRunMaintainerOutputPrimaryFailures/build-key/invalid\n","OutputType":"frame"}
{"Time":"2026-10-08T19:13:09.685979248Z","Action":"output","Package":"go.temporal.io/server/tools/gomad3/cmd/gomadtool","Test":"TestRunMaintainerOutputPrimaryFailures/build-key/invalid","Output":"--- PASS: TestRunMaintainerOutputPrimaryFailures/build-key/invalid (0.00s)\n","OutputType":"frame"}
{"Time":"2026-10-08T19:13:09.686027539Z","Action":"pass","Package":"go.temporal.io/server/tools/gomad3/cmd/gomadtool","Test":"TestRunMaintainerOutputPrimaryFailures/build-key/invalid","Elapsed":0}
{"Time":"2026-10-08T19:13:09.686047289Z","Action":"run","Package":"go.temporal.io/server/tools/gomad3/cmd/gomadtool","Test":"TestRunMaintainerOutputPrimaryFailures/patch-validate/invalid"}
{"Time":"2026-10-08T19:13:09.686283539Z","Action":"output","Package":"go.temporal.io/server/tools/gomad3/cmd/gomadtool","Test":"TestRunMaintainerOutputPrimaryFailures/patch-validate/invalid","Output":"=== RUN   TestRunMaintainerOutputPrimaryFailures/patch-validate/invalid\n","OutputType":"frame"}
{"Time":"2026-10-08T19:13:09.687519039Z","Action":"output","Package":"go.temporal.io/server/tools/gomad3/cmd/gomadtool","Test":"TestRunMaintainerOutputPrimaryFailures/patch-validate/invalid","Output":"--- PASS: TestRunMaintainerOutputPrimaryFailures/patch-validate/invalid (0.00s)\n","OutputType":"frame"}
{"Time":"2026-10-08T19:13:09.687677956Z","Action":"pass","Package":"go.temporal.io/server/tools/gomad3/cmd/gomadtool","Test":"TestRunMaintainerOutputPrimaryFailures/patch-validate/invalid","Elapsed":0}
{"Time":"2026-10-08T19:13:09.687720248Z","Action":"run","Package":"go.temporal.io/server/tools/gomad3/cmd/gomadtool","Test":"TestRunMaintainerOutputPrimaryFailures/patch-validate/operation"}
{"Time":"2026-10-08T19:13:09.687759664Z","Action":"output","Package":"go.temporal.io/server/tools/gomad3/cmd/gomadtool","Test":"TestRunMaintainerOutputPrimaryFailures/patch-validate/operation","Output":"=== RUN   TestRunMaintainerOutputPrimaryFailures/patch-validate/operation\n","OutputType":"frame"}
{"Time":"2026-10-08T19:13:09.690356081Z","Action":"output","Package":"go.temporal.io/server/tools/gomad3/cmd/gomadtool","Test":"TestRunMaintainerOutputPrimaryFailures/patch-validate/operation","Output":"--- PASS: TestRunMaintainerOutputPrimaryFailures/patch-validate/operation (0.00s)\n","OutputType":"frame"}
{"Time":"2026-10-08T19:13:09.690424581Z","Action":"pass","Package":"go.temporal.io/server/tools/gomad3/cmd/gomadtool","Test":"TestRunMaintainerOutputPrimaryFailures/patch-validate/operation","Elapsed":0}
{"Time":"2026-10-08T19:13:09.690489789Z","Action":"run","Package":"go.temporal.io/server/tools/gomad3/cmd/gomadtool","Test":"TestRunMaintainerOutputPrimaryFailures/script-validate/invalid"}
{"Time":"2026-10-08T19:13:09.690523373Z","Action":"output","Package":"go.temporal.io/server/tools/gomad3/cmd/gomadtool","Test":"TestRunMaintainerOutputPrimaryFailures/script-validate/invalid","Output":"=== RUN   TestRunMaintainerOutputPrimaryFailures/script-validate/invalid\n","OutputType":"frame"}
{"Time":"2026-10-08T19:13:09.692386539Z","Action":"output","Package":"go.temporal.io/server/tools/gomad3/cmd/gomadtool","Test":"TestRunMaintainerOutputPrimaryFailures/script-validate/invalid","Output":"--- PASS: TestRunMaintainerOutputPrimaryFailures/script-validate/invalid (0.00s)\n","OutputType":"frame"}
{"Time":"2026-10-08T19:13:09.692477748Z","Action":"pass","Package":"go.temporal.io/server/tools/gomad3/cmd/gomadtool","Test":"TestRunMaintainerOutputPrimaryFailures/script-validate/invalid","Elapsed":0}
{"Time":"2026-10-08T19:13:09.692524748Z","Action":"run","Package":"go.temporal.io/server/tools/gomad3/cmd/gomadtool","Test":"TestRunMaintainerOutputPrimaryFailures/script-validate/operation"}
{"Time":"2026-10-08T19:13:09.692552831Z","Action":"output","Package":"go.temporal.io/server/tools/gomad3/cmd/gomadtool","Test":"TestRunMaintainerOutputPrimaryFailures/script-validate/operation","Output":"=== RUN   TestRunMaintainerOutputPrimaryFailures/script-validate/operation\n","OutputType":"frame"}
{"Time":"2026-10-08T19:13:09.693933956Z","Action":"output","Package":"go.temporal.io/server/tools/gomad3/cmd/gomadtool","Test":"TestRunMaintainerOutputPrimaryFailures/script-validate/operation","Output":"--- PASS: TestRunMaintainerOutputPrimaryFailures/script-validate/operation (0.00s)\n","OutputType":"frame"}
{"Time":"2026-10-08T19:13:09.694053998Z","Action":"pass","Package":"go.temporal.io/server/tools/gomad3/cmd/gomadtool","Test":"TestRunMaintainerOutputPrimaryFailures/script-validate/operation","Elapsed":0}
{"Time":"2026-10-08T19:13:09.694188956Z","Action":"run","Package":"go.temporal.io/server/tools/gomad3/cmd/gomadtool","Test":"TestRunMaintainerOutputPrimaryFailures/patch-materialize/invalid"}
{"Time":"2026-10-08T19:13:09.694258706Z","Action":"output","Package":"go.temporal.io/server/tools/gomad3/cmd/gomadtool","Test":"TestRunMaintainerOutputPrimaryFailures/patch-materialize/invalid","Output":"=== RUN   TestRunMaintainerOutputPrimaryFailures/patch-materialize/invalid\n","OutputType":"frame"}
{"Time":"2026-10-08T19:13:09.695400539Z","Action":"output","Package":"go.temporal.io/server/tools/gomad3/cmd/gomadtool","Test":"TestRunMaintainerOutputPrimaryFailures/patch-materialize/invalid","Output":"--- PASS: TestRunMaintainerOutputPrimaryFailures/patch-materialize/invalid (0.00s)\n","OutputType":"frame"}
{"Time":"2026-10-08T19:13:09.695429956Z","Action":"pass","Package":"go.temporal.io/server/tools/gomad3/cmd/gomadtool","Test":"TestRunMaintainerOutputPrimaryFailures/patch-materialize/invalid","Elapsed":0}
{"Time":"2026-10-08T19:13:09.695457748Z","Action":"run","Package":"go.temporal.io/server/tools/gomad3/cmd/gomadtool","Test":"TestRunMaintainerOutputPrimaryFailures/patch-regenerate/invalid"}
{"Time":"2026-10-08T19:13:09.695531873Z","Action":"output","Package":"go.temporal.io/server/tools/gomad3/cmd/gomadtool","Test":"TestRunMaintainerOutputPrimaryFailures/patch-regenerate/invalid","Output":"=== RUN   TestRunMaintainerOutputPrimaryFailures/patch-regenerate/invalid\n","OutputType":"frame"}
{"Time":"2026-10-08T19:13:09.696943123Z","Action":"output","Package":"go.temporal.io/server/tools/gomad3/cmd/gomadtool","Test":"TestRunMaintainerOutputPrimaryFailures/patch-regenerate/invalid","Output":"--- PASS: TestRunMaintainerOutputPrimaryFailures/patch-regenerate/invalid (0.00s)\n","OutputType":"frame"}
{"Time":"2026-10-08T19:13:09.696981581Z","Action":"pass","Package":"go.temporal.io/server/tools/gomad3/cmd/gomadtool","Test":"TestRunMaintainerOutputPrimaryFailures/patch-regenerate/invalid","Elapsed":0}
{"Time":"2026-10-08T19:13:09.697007706Z","Action":"run","Package":"go.temporal.io/server/tools/gomad3/cmd/gomadtool","Test":"TestRunMaintainerOutputPrimaryFailures/test/invalid"}
{"Time":"2026-10-08T19:13:09.697027998Z","Action":"output","Package":"go.temporal.io/server/tools/gomad3/cmd/gomadtool","Test":"TestRunMaintainerOutputPrimaryFailures/test/invalid","Output":"=== RUN   TestRunMaintainerOutputPrimaryFailures/test/invalid\n","OutputType":"frame"}
{"Time":"2026-10-08T19:13:09.698020581Z","Action":"output","Package":"go.temporal.io/server/tools/gomad3/cmd/gomadtool","Test":"TestRunMaintainerOutputPrimaryFailures/test/invalid","Output":"--- PASS: TestRunMaintainerOutputPrimaryFailures/test/invalid (0.00s)\n","OutputType":"frame"}
{"Time":"2026-10-08T19:13:09.698051039Z","Action":"pass","Package":"go.temporal.io/server/tools/gomad3/cmd/gomadtool","Test":"TestRunMaintainerOutputPrimaryFailures/test/invalid","Elapsed":0}
{"Time":"2026-10-08T19:13:09.698075623Z","Action":"run","Package":"go.temporal.io/server/tools/gomad3/cmd/gomadtool","Test":"TestRunMaintainerOutputPrimaryFailures/toolchain-build/invalid"}
{"Time":"2026-10-08T19:13:09.698090123Z","Action":"output","Package":"go.temporal.io/server/tools/gomad3/cmd/gomadtool","Test":"TestRunMaintainerOutputPrimaryFailures/toolchain-build/invalid","Output":"=== RUN   TestRunMaintainerOutputPrimaryFailures/toolchain-build/invalid\n","OutputType":"frame"}
{"Time":"2026-10-08T19:13:09.698965289Z","Action":"output","Package":"go.temporal.io/server/tools/gomad3/cmd/gomadtool","Test":"TestRunMaintainerOutputPrimaryFailures/toolchain-build/invalid","Output":"--- PASS: TestRunMaintainerOutputPrimaryFailures/toolchain-build/invalid (0.00s)\n","OutputType":"frame"}
{"Time":"2026-10-08T19:13:09.698980831Z","Action":"pass","Package":"go.temporal.io/server/tools/gomad3/cmd/gomadtool","Test":"TestRunMaintainerOutputPrimaryFailures/toolchain-build/invalid","Elapsed":0}
{"Time":"2026-10-08T19:13:09.699029664Z","Action":"run","Package":"go.temporal.io/server/tools/gomad3/cmd/gomadtool","Test":"TestRunMaintainerOutputPrimaryFailures/boundary-generate/invalid"}
{"Time":"2026-10-08T19:13:09.699047581Z","Action":"output","Package":"go.temporal.io/server/tools/gomad3/cmd/gomadtool","Test":"TestRunMaintainerOutputPrimaryFailures/boundary-generate/invalid","Output":"=== RUN   TestRunMaintainerOutputPrimaryFailures/boundary-generate/invalid\n","OutputType":"frame"}
{"Time":"2026-10-08T19:13:09.699706539Z","Action":"output","Package":"go.temporal.io/server/tools/gomad3/cmd/gomadtool","Test":"TestRunMaintainerOutputPrimaryFailures/boundary-generate/invalid","Output":"--- PASS: TestRunMaintainerOutputPrimaryFailures/boundary-generate/invalid (0.00s)\n","OutputType":"frame"}
{"Time":"2026-10-08T19:13:09.699721873Z","Action":"pass","Package":"go.temporal.io/server/tools/gomad3/cmd/gomadtool","Test":"TestRunMaintainerOutputPrimaryFailures/boundary-generate/invalid","Elapsed":0}
{"Time":"2026-10-08T19:13:09.699744956Z","Action":"run","Package":"go.temporal.io/server/tools/gomad3/cmd/gomadtool","Test":"TestRunMaintainerOutputPrimaryFailures/boundary-generate/operation"}
{"Time":"2026-10-08T19:13:09.699765581Z","Action":"output","Package":"go.temporal.io/server/tools/gomad3/cmd/gomadtool","Test":"TestRunMaintainerOutputPrimaryFailures/boundary-generate/operation","Output":"=== RUN   TestRunMaintainerOutputPrimaryFailures/boundary-generate/operation\n","OutputType":"frame"}
{"Time":"2026-10-08T19:13:09.700754248Z","Action":"output","Package":"go.temporal.io/server/tools/gomad3/cmd/gomadtool","Test":"TestRunMaintainerOutputPrimaryFailures/boundary-generate/operation","Output":"--- PASS: TestRunMaintainerOutputPrimaryFailures/boundary-generate/operation (0.00s)\n","OutputType":"frame"}
{"Time":"2026-10-08T19:13:09.700774956Z","Action":"pass","Package":"go.temporal.io/server/tools/gomad3/cmd/gomadtool","Test":"TestRunMaintainerOutputPrimaryFailures/boundary-generate/operation","Elapsed":0}
{"Time":"2026-10-08T19:13:09.700788456Z","Action":"run","Package":"go.temporal.io/server/tools/gomad3/cmd/gomadtool","Test":"TestRunMaintainerOutputPrimaryFailures/compatibility-pack/invalid"}
{"Time":"2026-10-08T19:13:09.700833081Z","Action":"output","Package":"go.temporal.io/server/tools/gomad3/cmd/gomadtool","Test":"TestRunMaintainerOutputPrimaryFailures/compatibility-pack/invalid","Output":"=== RUN   TestRunMaintainerOutputPrimaryFailures/compatibility-pack/invalid\n","OutputType":"frame"}
{"Time":"2026-10-08T19:13:09.701857664Z","Action":"output","Package":"go.temporal.io/server/tools/gomad3/cmd/gomadtool","Test":"TestRunMaintainerOutputPrimaryFailures/compatibility-pack/invalid","Output":"--- PASS: TestRunMaintainerOutputPrimaryFailures/compatibility-pack/invalid (0.00s)\n","OutputType":"frame"}
{"Time":"2026-10-08T19:13:09.701878039Z","Action":"pass","Package":"go.temporal.io/server/tools/gomad3/cmd/gomadtool","Test":"TestRunMaintainerOutputPrimaryFailures/compatibility-pack/invalid","Elapsed":0}
{"Time":"2026-10-08T19:13:09.701898164Z","Action":"run","Package":"go.temporal.io/server/tools/gomad3/cmd/gomadtool","Test":"TestRunMaintainerOutputPrimaryFailures/upgrade-dossier/invalid"}
{"Time":"2026-10-08T19:13:09.701930914Z","Action":"output","Package":"go.temporal.io/server/tools/gomad3/cmd/gomadtool","Test":"TestRunMaintainerOutputPrimaryFailures/upgrade-dossier/invalid","Output":"=== RUN   TestRunMaintainerOutputPrimaryFailures/upgrade-dossier/invalid\n","OutputType":"frame"}
{"Time":"2026-10-08T19:13:09.702890873Z","Action":"output","Package":"go.temporal.io/server/tools/gomad3/cmd/gomadtool","Test":"TestRunMaintainerOutputPrimaryFailures/upgrade-dossier/invalid","Output":"--- PASS: TestRunMaintainerOutputPrimaryFailures/upgrade-dossier/invalid (0.00s)\n","OutputType":"frame"}
{"Time":"2026-10-08T19:13:09.702909664Z","Action":"pass","Package":"go.temporal.io/server/tools/gomad3/cmd/gomadtool","Test":"TestRunMaintainerOutputPrimaryFailures/upgrade-dossier/invalid","Elapsed":0}
{"Time":"2026-10-08T19:13:09.703068206Z","Action":"output","Package":"go.temporal.io/server/tools/gomad3/cmd/gomadtool","Test":"TestRunMaintainerOutputPrimaryFailures","Output":"--- PASS: TestRunMaintainerOutputPrimaryFailures (0.02s)\n","OutputType":"frame"}
{"Time":"2026-10-08T19:13:09.703093956Z","Action":"pass","Package":"go.temporal.io/server/tools/gomad3/cmd/gomadtool","Test":"TestRunMaintainerOutputPrimaryFailures","Elapsed":0.02}
{"Time":"2026-10-08T19:13:09.703121206Z","Action":"run","Package":"go.temporal.io/server/tools/gomad3/cmd/gomadtool","Test":"TestRunPinImpactDiagnosticFailuresPreservePrimaryStatus"}
{"Time":"2026-10-08T19:13:09.703153206Z","Action":"output","Package":"go.temporal.io/server/tools/gomad3/cmd/gomadtool","Test":"TestRunPinImpactDiagnosticFailuresPreservePrimaryStatus","Output":"=== RUN   TestRunPinImpactDiagnosticFailuresPreservePrimaryStatus\n","OutputType":"frame"}
{"Time":"2026-10-08T19:13:09.705317498Z","Action":"run","Package":"go.temporal.io/server/tools/gomad3/cmd/gomadtool","Test":"TestRunPinImpactDiagnosticFailuresPreservePrimaryStatus/unknown_flag"}
{"Time":"2026-10-08T19:13:09.705343914Z","Action":"output","Package":"go.temporal.io/server/tools/gomad3/cmd/gomadtool","Test":"TestRunPinImpactDiagnosticFailuresPreservePrimaryStatus/unknown_flag","Output":"=== RUN   TestRunPinImpactDiagnosticFailuresPreservePrimaryStatus/unknown_flag\n","OutputType":"frame"}
{"Time":"2026-10-08T19:13:09.708222164Z","Action":"output","Package":"go.temporal.io/server/tools/gomad3/cmd/gomadtool","Test":"TestRunPinImpactDiagnosticFailuresPreservePrimaryStatus/unknown_flag","Output":"--- PASS: TestRunPinImpactDiagnosticFailuresPreservePrimaryStatus/unknown_flag (0.00s)\n","OutputType":"frame"}
{"Time":"2026-10-08T19:13:09.708426456Z","Action":"pass","Package":"go.temporal.io/server/tools/gomad3/cmd/gomadtool","Test":"TestRunPinImpactDiagnosticFailuresPreservePrimaryStatus/unknown_flag","Elapsed":0}
{"Time":"2026-10-08T19:13:09.708475998Z","Action":"run","Package":"go.temporal.io/server/tools/gomad3/cmd/gomadtool","Test":"TestRunPinImpactDiagnosticFailuresPreservePrimaryStatus/help"}
{"Time":"2026-10-08T19:13:09.708506623Z","Action":"output","Package":"go.temporal.io/server/tools/gomad3/cmd/gomadtool","Test":"TestRunPinImpactDiagnosticFailuresPreservePrimaryStatus/help","Output":"=== RUN   TestRunPinImpactDiagnosticFailuresPreservePrimaryStatus/help\n","OutputType":"frame"}
{"Time":"2026-10-08T19:13:09.708972831Z","Action":"output","Package":"go.temporal.io/server/tools/gomad3/cmd/gomadtool","Test":"TestRunPinImpactDiagnosticFailuresPreservePrimaryStatus/help","Output":"--- PASS: TestRunPinImpactDiagnosticFailuresPreservePrimaryStatus/help (0.00s)\n","OutputType":"frame"}
{"Time":"2026-10-08T19:13:09.708998998Z","Action":"pass","Package":"go.temporal.io/server/tools/gomad3/cmd/gomadtool","Test":"TestRunPinImpactDiagnosticFailuresPreservePrimaryStatus/help","Elapsed":0}
{"Time":"2026-10-08T19:13:09.709193164Z","Action":"run","Package":"go.temporal.io/server/tools/gomad3/cmd/gomadtool","Test":"TestRunPinImpactDiagnosticFailuresPreservePrimaryStatus/positional_argument"}
{"Time":"2026-10-08T19:13:09.709208081Z","Action":"output","Package":"go.temporal.io/server/tools/gomad3/cmd/gomadtool","Test":"TestRunPinImpactDiagnosticFailuresPreservePrimaryStatus/positional_argument","Output":"=== RUN   TestRunPinImpactDiagnosticFailuresPreservePrimaryStatus/positional_argument\n","OutputType":"frame"}
{"Time":"2026-10-08T19:13:09.709889206Z","Action":"output","Package":"go.temporal.io/server/tools/gomad3/cmd/gomadtool","Test":"TestRunPinImpactDiagnosticFailuresPreservePrimaryStatus/positional_argument","Output":"--- PASS: TestRunPinImpactDiagnosticFailuresPreservePrimaryStatus/positional_argument (0.00s)\n","OutputType":"frame"}
{"Time":"2026-10-08T19:13:09.709939456Z","Action":"pass","Package":"go.temporal.io/server/tools/gomad3/cmd/gomadtool","Test":"TestRunPinImpactDiagnosticFailuresPreservePrimaryStatus/positional_argument","Elapsed":0}
{"Time":"2026-10-08T19:13:09.710029289Z","Action":"run","Package":"go.temporal.io/server/tools/gomad3/cmd/gomadtool","Test":"TestRunPinImpactDiagnosticFailuresPreservePrimaryStatus/unknown_format"}
{"Time":"2026-10-08T19:13:09.710046164Z","Action":"output","Package":"go.temporal.io/server/tools/gomad3/cmd/gomadtool","Test":"TestRunPinImpactDiagnosticFailuresPreservePrimaryStatus/unknown_format","Output":"=== RUN   TestRunPinImpactDiagnosticFailuresPreservePrimaryStatus/unknown_format\n","OutputType":"frame"}
{"Time":"2026-10-08T19:13:09.710540873Z","Action":"output","Package":"go.temporal.io/server/tools/gomad3/cmd/gomadtool","Test":"TestRunPinImpactDiagnosticFailuresPreservePrimaryStatus/unknown_format","Output":"--- PASS: TestRunPinImpactDiagnosticFailuresPreservePrimaryStatus/unknown_format (0.00s)\n","OutputType":"frame"}
{"Time":"2026-10-08T19:13:09.710571706Z","Action":"pass","Package":"go.temporal.io/server/tools/gomad3/cmd/gomadtool","Test":"TestRunPinImpactDiagnosticFailuresPreservePrimaryStatus/unknown_format","Elapsed":0}
{"Time":"2026-10-08T19:13:09.710643498Z","Action":"run","Package":"go.temporal.io/server/tools/gomad3/cmd/gomadtool","Test":"TestRunPinImpactDiagnosticFailuresPreservePrimaryStatus/both_baseline_flags"}
{"Time":"2026-10-08T19:13:09.710684664Z","Action":"output","Package":"go.temporal.io/server/tools/gomad3/cmd/gomadtool","Test":"TestRunPinImpactDiagnosticFailuresPreservePrimaryStatus/both_baseline_flags","Output":"=== RUN   TestRunPinImpactDiagnosticFailuresPreservePrimaryStatus/both_baseline_flags\n","OutputType":"frame"}
{"Time":"2026-10-08T19:13:09.711235914Z","Action":"output","Package":"go.temporal.io/server/tools/gomad3/cmd/gomadtool","Test":"TestRunPinImpactDiagnosticFailuresPreservePrimaryStatus/both_baseline_flags","Output":"--- PASS: TestRunPinImpactDiagnosticFailuresPreservePrimaryStatus/both_baseline_flags (0.00s)\n","OutputType":"frame"}
{"Time":"2026-10-08T19:13:09.711259373Z","Action":"pass","Package":"go.temporal.io/server/tools/gomad3/cmd/gomadtool","Test":"TestRunPinImpactDiagnosticFailuresPreservePrimaryStatus/both_baseline_flags","Elapsed":0}
{"Time":"2026-10-08T19:13:09.711363164Z","Action":"run","Package":"go.temporal.io/server/tools/gomad3/cmd/gomadtool","Test":"TestRunPinImpactDiagnosticFailuresPreservePrimaryStatus/partial_file_arguments"}
{"Time":"2026-10-08T19:13:09.711383331Z","Action":"output","Package":"go.temporal.io/server/tools/gomad3/cmd/gomadtool","Test":"TestRunPinImpactDiagnosticFailuresPreservePrimaryStatus/partial_file_arguments","Output":"=== RUN   TestRunPinImpactDiagnosticFailuresPreservePrimaryStatus/partial_file_arguments\n","OutputType":"frame"}
{"Time":"2026-10-08T19:13:09.711826414Z","Action":"output","Package":"go.temporal.io/server/tools/gomad3/cmd/gomadtool","Test":"TestRunPinImpactDiagnosticFailuresPreservePrimaryStatus/partial_file_arguments","Output":"--- PASS: TestRunPinImpactDiagnosticFailuresPreservePrimaryStatus/partial_file_arguments (0.00s)\n","OutputType":"frame"}
{"Time":"2026-10-08T19:13:09.711845081Z","Action":"pass","Package":"go.temporal.io/server/tools/gomad3/cmd/gomadtool","Test":"TestRunPinImpactDiagnosticFailuresPreservePrimaryStatus/partial_file_arguments","Elapsed":0}
{"Time":"2026-10-08T19:13:09.711856914Z","Action":"run","Package":"go.temporal.io/server/tools/gomad3/cmd/gomadtool","Test":"TestRunPinImpactDiagnosticFailuresPreservePrimaryStatus/mixed_file_arguments"}
{"Time":"2026-10-08T19:13:09.711865956Z","Action":"output","Package":"go.temporal.io/server/tools/gomad3/cmd/gomadtool","Test":"TestRunPinImpactDiagnosticFailuresPreservePrimaryStatus/mixed_file_arguments","Output":"=== RUN   TestRunPinImpactDiagnosticFailuresPreservePrimaryStatus/mixed_file_arguments\n","OutputType":"frame"}
{"Time":"2026-10-08T19:13:09.712425039Z","Action":"output","Package":"go.temporal.io/server/tools/gomad3/cmd/gomadtool","Test":"TestRunPinImpactDiagnosticFailuresPreservePrimaryStatus/mixed_file_arguments","Output":"--- PASS: TestRunPinImpactDiagnosticFailuresPreservePrimaryStatus/mixed_file_arguments (0.00s)\n","OutputType":"frame"}
{"Time":"2026-10-08T19:13:09.712446123Z","Action":"pass","Package":"go.temporal.io/server/tools/gomad3/cmd/gomadtool","Test":"TestRunPinImpactDiagnosticFailuresPreservePrimaryStatus/mixed_file_arguments","Elapsed":0}
{"Time":"2026-10-08T19:13:09.712470414Z","Action":"run","Package":"go.temporal.io/server/tools/gomad3/cmd/gomadtool","Test":"TestRunPinImpactDiagnosticFailuresPreservePrimaryStatus/missing_candidate"}
{"Time":"2026-10-08T19:13:09.712487539Z","Action":"output","Package":"go.temporal.io/server/tools/gomad3/cmd/gomadtool","Test":"TestRunPinImpactDiagnosticFailuresPreservePrimaryStatus/missing_candidate","Output":"=== RUN   TestRunPinImpactDiagnosticFailuresPreservePrimaryStatus/missing_candidate\n","OutputType":"frame"}
{"Time":"2026-10-08T19:13:09.712920164Z","Action":"output","Package":"go.temporal.io/server/tools/gomad3/cmd/gomadtool","Test":"TestRunPinImpactDiagnosticFailuresPreservePrimaryStatus/missing_candidate","Output":"--- PASS: TestRunPinImpactDiagnosticFailuresPreservePrimaryStatus/missing_candidate (0.00s)\n","OutputType":"frame"}
{"Time":"2026-10-08T19:13:09.712934539Z","Action":"pass","Package":"go.temporal.io/server/tools/gomad3/cmd/gomadtool","Test":"TestRunPinImpactDiagnosticFailuresPreservePrimaryStatus/missing_candidate","Elapsed":0}
{"Time":"2026-10-08T19:13:09.712944373Z","Action":"run","Package":"go.temporal.io/server/tools/gomad3/cmd/gomadtool","Test":"TestRunPinImpactDiagnosticFailuresPreservePrimaryStatus/missing_baseline"}
{"Time":"2026-10-08T19:13:09.712964081Z","Action":"output","Package":"go.temporal.io/server/tools/gomad3/cmd/gomadtool","Test":"TestRunPinImpactDiagnosticFailuresPreservePrimaryStatus/missing_baseline","Output":"=== RUN   TestRunPinImpactDiagnosticFailuresPreservePrimaryStatus/missing_baseline\n","OutputType":"frame"}
{"Time":"2026-10-08T19:13:09.713710998Z","Action":"output","Package":"go.temporal.io/server/tools/gomad3/cmd/gomadtool","Test":"TestRunPinImpactDiagnosticFailuresPreservePrimaryStatus/missing_baseline","Output":"--- PASS: TestRunPinImpactDiagnosticFailuresPreservePrimaryStatus/missing_baseline (0.00s)\n","OutputType":"frame"}
{"Time":"2026-10-08T19:13:09.713773914Z","Action":"pass","Package":"go.temporal.io/server/tools/gomad3/cmd/gomadtool","Test":"TestRunPinImpactDiagnosticFailuresPreservePrimaryStatus/missing_baseline","Elapsed":0}
{"Time":"2026-10-08T19:13:09.713800873Z","Action":"run","Package":"go.temporal.io/server/tools/gomad3/cmd/gomadtool","Test":"TestRunPinImpactDiagnosticFailuresPreservePrimaryStatus/malformed_candidate"}
{"Time":"2026-10-08T19:13:09.713821956Z","Action":"output","Package":"go.temporal.io/server/tools/gomad3/cmd/gomadtool","Test":"TestRunPinImpactDiagnosticFailuresPreservePrimaryStatus/malformed_candidate","Output":"=== RUN   TestRunPinImpactDiagnosticFailuresPreservePrimaryStatus/malformed_candidate\n","OutputType":"frame"}
{"Time":"2026-10-08T19:13:09.786611873Z","Action":"output","Package":"go.temporal.io/server/tools/gomad3/cmd/gomadtool","Test":"TestRunPinImpactDiagnosticFailuresPreservePrimaryStatus/malformed_candidate","Output":"--- PASS: TestRunPinImpactDiagnosticFailuresPreservePrimaryStatus/malformed_candidate (0.07s)\n","OutputType":"frame"}
{"Time":"2026-10-08T19:13:09.786711581Z","Action":"pass","Package":"go.temporal.io/server/tools/gomad3/cmd/gomadtool","Test":"TestRunPinImpactDiagnosticFailuresPreservePrimaryStatus/malformed_candidate","Elapsed":0.07}
{"Time":"2026-10-08T19:13:09.786752123Z","Action":"run","Package":"go.temporal.io/server/tools/gomad3/cmd/gomadtool","Test":"TestRunPinImpactDiagnosticFailuresPreservePrimaryStatus/missing_go_command"}
{"Time":"2026-10-08T19:13:09.787259664Z","Action":"output","Package":"go.temporal.io/server/tools/gomad3/cmd/gomadtool","Test":"TestRunPinImpactDiagnosticFailuresPreservePrimaryStatus/missing_go_command","Output":"=== RUN   TestRunPinImpactDiagnosticFailuresPreservePrimaryStatus/missing_go_command\n","OutputType":"frame"}
{"Time":"2026-10-08T19:13:09.789195498Z","Action":"output","Package":"go.temporal.io/server/tools/gomad3/cmd/gomadtool","Test":"TestRunPinImpactDiagnosticFailuresPreservePrimaryStatus/missing_go_command","Output":"--- PASS: TestRunPinImpactDiagnosticFailuresPreservePrimaryStatus/missing_go_command (0.00s)\n","OutputType":"frame"}
{"Time":"2026-10-08T19:13:09.789451414Z","Action":"pass","Package":"go.temporal.io/server/tools/gomad3/cmd/gomadtool","Test":"TestRunPinImpactDiagnosticFailuresPreservePrimaryStatus/missing_go_command","Elapsed":0}
{"Time":"2026-10-08T19:13:09.789628664Z","Action":"run","Package":"go.temporal.io/server/tools/gomad3/cmd/gomadtool","Test":"TestRunPinImpactDiagnosticFailuresPreservePrimaryStatus/unreachable_proxy"}
{"Time":"2026-10-08T19:13:09.789686248Z","Action":"output","Package":"go.temporal.io/server/tools/gomad3/cmd/gomadtool","Test":"TestRunPinImpactDiagnosticFailuresPreservePrimaryStatus/unreachable_proxy","Output":"=== RUN   TestRunPinImpactDiagnosticFailuresPreservePrimaryStatus/unreachable_proxy\n","OutputType":"frame"}
{"Time":"2026-10-08T19:13:09.816975498Z","Action":"output","Package":"go.temporal.io/server/tools/gomad3/cmd/gomadtool","Test":"TestRunPinImpactDiagnosticFailuresPreservePrimaryStatus/unreachable_proxy","Output":"--- PASS: TestRunPinImpactDiagnosticFailuresPreservePrimaryStatus/unreachable_proxy (0.03s)\n","OutputType":"frame"}
{"Time":"2026-10-08T19:13:09.817020831Z","Action":"pass","Package":"go.temporal.io/server/tools/gomad3/cmd/gomadtool","Test":"TestRunPinImpactDiagnosticFailuresPreservePrimaryStatus/unreachable_proxy","Elapsed":0.03}
{"Time":"2026-10-08T19:13:09.817060998Z","Action":"run","Package":"go.temporal.io/server/tools/gomad3/cmd/gomadtool","Test":"TestRunPinImpactDiagnosticFailuresPreservePrimaryStatus/module_publication"}
{"Time":"2026-10-08T19:13:09.817104706Z","Action":"output","Package":"go.temporal.io/server/tools/gomad3/cmd/gomadtool","Test":"TestRunPinImpactDiagnosticFailuresPreservePrimaryStatus/module_publication","Output":"=== RUN   TestRunPinImpactDiagnosticFailuresPreservePrimaryStatus/module_publication\n","OutputType":"frame"}
{"Time":"2026-10-08T19:13:09.883844164Z","Action":"output","Package":"go.temporal.io/server/tools/gomad3/cmd/gomadtool","Test":"TestRunPinImpactDiagnosticFailuresPreservePrimaryStatus/module_publication","Output":"--- PASS: TestRunPinImpactDiagnosticFailuresPreservePrimaryStatus/module_publication (0.07s)\n","OutputType":"frame"}
{"Time":"2026-10-08T19:13:09.883964998Z","Action":"pass","Package":"go.temporal.io/server/tools/gomad3/cmd/gomadtool","Test":"TestRunPinImpactDiagnosticFailuresPreservePrimaryStatus/module_publication","Elapsed":0.07}
{"Time":"2026-10-08T19:13:09.883995873Z","Action":"run","Package":"go.temporal.io/server/tools/gomad3/cmd/gomadtool","Test":"TestRunPinImpactDiagnosticFailuresPreservePrimaryStatus/module_stdout"}
{"Time":"2026-10-08T19:13:09.884011039Z","Action":"output","Package":"go.temporal.io/server/tools/gomad3/cmd/gomadtool","Test":"TestRunPinImpactDiagnosticFailuresPreservePrimaryStatus/module_stdout","Output":"=== RUN   TestRunPinImpactDiagnosticFailuresPreservePrimaryStatus/module_stdout\n","OutputType":"frame"}
{"Time":"2026-10-08T19:13:09.955563164Z","Action":"output","Package":"go.temporal.io/server/tools/gomad3/cmd/gomadtool","Test":"TestRunPinImpactDiagnosticFailuresPreservePrimaryStatus/module_stdout","Output":"--- PASS: TestRunPinImpactDiagnosticFailuresPreservePrimaryStatus/module_stdout (0.07s)\n","OutputType":"frame"}
{"Time":"2026-10-08T19:13:09.955691873Z","Action":"pass","Package":"go.temporal.io/server/tools/gomad3/cmd/gomadtool","Test":"TestRunPinImpactDiagnosticFailuresPreservePrimaryStatus/module_stdout","Elapsed":0.07}
{"Time":"2026-10-08T19:13:09.955727664Z","Action":"run","Package":"go.temporal.io/server/tools/gomad3/cmd/gomadtool","Test":"TestRunPinImpactDiagnosticFailuresPreservePrimaryStatus/file_malformed_candidate"}
{"Time":"2026-10-08T19:13:09.955759789Z","Action":"output","Package":"go.temporal.io/server/tools/gomad3/cmd/gomadtool","Test":"TestRunPinImpactDiagnosticFailuresPreservePrimaryStatus/file_malformed_candidate","Output":"=== RUN   TestRunPinImpactDiagnosticFailuresPreservePrimaryStatus/file_malformed_candidate\n","OutputType":"frame"}
{"Time":"2026-10-08T19:13:09.986651956Z","Action":"output","Package":"go.temporal.io/server/tools/gomad3/cmd/gomadtool","Test":"TestRunPinImpactDiagnosticFailuresPreservePrimaryStatus/file_malformed_candidate","Output":"--- PASS: TestRunPinImpactDiagnosticFailuresPreservePrimaryStatus/file_malformed_candidate (0.03s)\n","OutputType":"frame"}
{"Time":"2026-10-08T19:13:09.986743873Z","Action":"pass","Package":"go.temporal.io/server/tools/gomad3/cmd/gomadtool","Test":"TestRunPinImpactDiagnosticFailuresPreservePrimaryStatus/file_malformed_candidate","Elapsed":0.03}
{"Time":"2026-10-08T19:13:09.986817331Z","Action":"run","Package":"go.temporal.io/server/tools/gomad3/cmd/gomadtool","Test":"TestRunPinImpactDiagnosticFailuresPreservePrimaryStatus/file_publication"}
{"Time":"2026-10-08T19:13:09.986902623Z","Action":"output","Package":"go.temporal.io/server/tools/gomad3/cmd/gomadtool","Test":"TestRunPinImpactDiagnosticFailuresPreservePrimaryStatus/file_publication","Output":"=== RUN   TestRunPinImpactDiagnosticFailuresPreservePrimaryStatus/file_publication\n","OutputType":"frame"}
{"Time":"2026-10-08T19:13:10.052009831Z","Action":"output","Package":"go.temporal.io/server/tools/gomad3/cmd/gomadtool","Test":"TestRunPinImpactDiagnosticFailuresPreservePrimaryStatus/file_publication","Output":"--- PASS: TestRunPinImpactDiagnosticFailuresPreservePrimaryStatus/file_publication (0.07s)\n","OutputType":"frame"}
{"Time":"2026-10-08T19:13:10.052056956Z","Action":"pass","Package":"go.temporal.io/server/tools/gomad3/cmd/gomadtool","Test":"TestRunPinImpactDiagnosticFailuresPreservePrimaryStatus/file_publication","Elapsed":0.07}
{"Time":"2026-10-08T19:13:10.052098998Z","Action":"run","Package":"go.temporal.io/server/tools/gomad3/cmd/gomadtool","Test":"TestRunPinImpactDiagnosticFailuresPreservePrimaryStatus/file_stdout"}
{"Time":"2026-10-08T19:13:10.052134039Z","Action":"output","Package":"go.temporal.io/server/tools/gomad3/cmd/gomadtool","Test":"TestRunPinImpactDiagnosticFailuresPreservePrimaryStatus/file_stdout","Output":"=== RUN   TestRunPinImpactDiagnosticFailuresPreservePrimaryStatus/file_stdout\n","OutputType":"frame"}
{"Time":"2026-10-08T19:13:10.147462331Z","Action":"output","Package":"go.temporal.io/server/tools/gomad3/cmd/gomadtool","Test":"TestRunPinImpactDiagnosticFailuresPreservePrimaryStatus/file_stdout","Output":"--- PASS: TestRunPinImpactDiagnosticFailuresPreservePrimaryStatus/file_stdout (0.10s)\n","OutputType":"frame"}
{"Time":"2026-10-08T19:13:10.147582123Z","Action":"pass","Package":"go.temporal.io/server/tools/gomad3/cmd/gomadtool","Test":"TestRunPinImpactDiagnosticFailuresPreservePrimaryStatus/file_stdout","Elapsed":0.1}
{"Time":"2026-10-08T19:13:10.150189248Z","Action":"output","Package":"go.temporal.io/server/tools/gomad3/cmd/gomadtool","Test":"TestRunPinImpactDiagnosticFailuresPreservePrimaryStatus","Output":"--- PASS: TestRunPinImpactDiagnosticFailuresPreservePrimaryStatus (0.45s)\n","OutputType":"frame"}
{"Time":"2026-10-08T19:13:10.150223081Z","Action":"pass","Package":"go.temporal.io/server/tools/gomad3/cmd/gomadtool","Test":"TestRunPinImpactDiagnosticFailuresPreservePrimaryStatus","Elapsed":0.45}
{"Time":"2026-10-08T19:13:10.150484248Z","Action":"run","Package":"go.temporal.io/server/tools/gomad3/cmd/gomadtool","Test":"TestRunPinImpactMissingPackSumIsUnknown"}
{"Time":"2026-10-08T19:13:10.150520956Z","Action":"output","Package":"go.temporal.io/server/tools/gomad3/cmd/gomadtool","Test":"TestRunPinImpactMissingPackSumIsUnknown","Output":"=== RUN   TestRunPinImpactMissingPackSumIsUnknown\n","OutputType":"frame"}
{"Time":"2026-10-08T19:13:10.259973706Z","Action":"output","Package":"go.temporal.io/server/tools/gomad3/cmd/gomadtool","Test":"TestRunPinImpactMissingPackSumIsUnknown","Output":"--- PASS: TestRunPinImpactMissingPackSumIsUnknown (0.11s)\n","OutputType":"frame"}
{"Time":"2026-10-08T19:13:10.260042373Z","Action":"pass","Package":"go.temporal.io/server/tools/gomad3/cmd/gomadtool","Test":"TestRunPinImpactMissingPackSumIsUnknown","Elapsed":0.11}
{"Time":"2026-10-08T19:13:10.260087665Z","Action":"run","Package":"go.temporal.io/server/tools/gomad3/cmd/gomadtool","Test":"TestRunPinImpactMissingPackRuleSumIsUnknown"}
{"Time":"2026-10-08T19:13:10.260139081Z","Action":"output","Package":"go.temporal.io/server/tools/gomad3/cmd/gomadtool","Test":"TestRunPinImpactMissingPackRuleSumIsUnknown","Output":"=== RUN   TestRunPinImpactMissingPackRuleSumIsUnknown\n","OutputType":"frame"}
{"Time":"2026-10-08T19:13:10.270670831Z","Action":"run","Package":"go.temporal.io/server/tools/gomad3/cmd/gomadtool","Test":"TestRunPinImpactMissingPackRuleSumIsUnknown/json=false"}
{"Time":"2026-10-08T19:13:10.270729706Z","Action":"output","Package":"go.temporal.io/server/tools/gomad3/cmd/gomadtool","Test":"TestRunPinImpactMissingPackRuleSumIsUnknown/json=false","Output":"=== RUN   TestRunPinImpactMissingPackRuleSumIsUnknown/json=false\n","OutputType":"frame"}
{"Time":"2026-10-08T19:13:10.303890373Z","Action":"output","Package":"go.temporal.io/server/tools/gomad3/cmd/gomadtool","Test":"TestRunPinImpactMissingPackRuleSumIsUnknown/json=false","Output":"--- PASS: TestRunPinImpactMissingPackRuleSumIsUnknown/json=false (0.03s)\n","OutputType":"frame"}
{"Time":"2026-10-08T19:13:10.303997873Z","Action":"pass","Package":"go.temporal.io/server/tools/gomad3/cmd/gomadtool","Test":"TestRunPinImpactMissingPackRuleSumIsUnknown/json=false","Elapsed":0.03}
{"Time":"2026-10-08T19:13:10.304028123Z","Action":"run","Package":"go.temporal.io/server/tools/gomad3/cmd/gomadtool","Test":"TestRunPinImpactMissingPackRuleSumIsUnknown/json=true"}
{"Time":"2026-10-08T19:13:10.304045123Z","Action":"output","Package":"go.temporal.io/server/tools/gomad3/cmd/gomadtool","Test":"TestRunPinImpactMissingPackRuleSumIsUnknown/json=true","Output":"=== RUN   TestRunPinImpactMissingPackRuleSumIsUnknown/json=true\n","OutputType":"frame"}
{"Time":"2026-10-08T19:13:10.34277754Z","Action":"output","Package":"go.temporal.io/server/tools/gomad3/cmd/gomadtool","Test":"TestRunPinImpactMissingPackRuleSumIsUnknown/json=true","Output":"--- PASS: TestRunPinImpactMissingPackRuleSumIsUnknown/json=true (0.04s)\n","OutputType":"frame"}
{"Time":"2026-10-08T19:13:10.342851706Z","Action":"pass","Package":"go.temporal.io/server/tools/gomad3/cmd/gomadtool","Test":"TestRunPinImpactMissingPackRuleSumIsUnknown/json=true","Elapsed":0.04}
{"Time":"2026-10-08T19:13:10.346093206Z","Action":"output","Package":"go.temporal.io/server/tools/gomad3/cmd/gomadtool","Test":"TestRunPinImpactMissingPackRuleSumIsUnknown","Output":"--- PASS: TestRunPinImpactMissingPackRuleSumIsUnknown (0.09s)\n","OutputType":"frame"}
{"Time":"2026-10-08T19:13:10.346191165Z","Action":"pass","Package":"go.temporal.io/server/tools/gomad3/cmd/gomadtool","Test":"TestRunPinImpactMissingPackRuleSumIsUnknown","Elapsed":0.09}
{"Time":"2026-10-08T19:13:10.346530456Z","Action":"run","Package":"go.temporal.io/server/tools/gomad3/cmd/gomadtool","Test":"TestRunPinImpactReportsInvalidatedPinsWithoutTouchingTheModule"}
{"Time":"2026-10-08T19:13:10.346598956Z","Action":"output","Package":"go.temporal.io/server/tools/gomad3/cmd/gomadtool","Test":"TestRunPinImpactReportsInvalidatedPinsWithoutTouchingTheModule","Output":"=== RUN   TestRunPinImpactReportsInvalidatedPinsWithoutTouchingTheModule\n","OutputType":"frame"}
{"Time":"2026-10-08T19:13:10.470291206Z","Action":"output","Package":"go.temporal.io/server/tools/gomad3/cmd/gomadtool","Test":"TestRunPinImpactReportsInvalidatedPinsWithoutTouchingTheModule","Output":"--- PASS: TestRunPinImpactReportsInvalidatedPinsWithoutTouchingTheModule (0.12s)\n","OutputType":"frame"}
{"Time":"2026-10-08T19:13:10.470380165Z","Action":"pass","Package":"go.temporal.io/server/tools/gomad3/cmd/gomadtool","Test":"TestRunPinImpactReportsInvalidatedPinsWithoutTouchingTheModule","Elapsed":0.12}
{"Time":"2026-10-08T19:13:10.470570206Z","Action":"run","Package":"go.temporal.io/server/tools/gomad3/cmd/gomadtool","Test":"TestRunPinImpactReportsANewerGoDirectiveAsUnknownPins"}
{"Time":"2026-10-08T19:13:10.470627956Z","Action":"output","Package":"go.temporal.io/server/tools/gomad3/cmd/gomadtool","Test":"TestRunPinImpactReportsANewerGoDirectiveAsUnknownPins","Output":"=== RUN   TestRunPinImpactReportsANewerGoDirectiveAsUnknownPins\n","OutputType":"frame"}
{"Time":"2026-10-08T19:13:10.503561665Z","Action":"output","Package":"go.temporal.io/server/tools/gomad3/cmd/gomadtool","Test":"TestRunPinImpactReportsANewerGoDirectiveAsUnknownPins","Output":"--- PASS: TestRunPinImpactReportsANewerGoDirectiveAsUnknownPins (0.03s)\n","OutputType":"frame"}
{"Time":"2026-10-08T19:13:10.503657206Z","Action":"pass","Package":"go.temporal.io/server/tools/gomad3/cmd/gomadtool","Test":"TestRunPinImpactReportsANewerGoDirectiveAsUnknownPins","Elapsed":0.03}
{"Time":"2026-10-08T19:13:10.503735748Z","Action":"run","Package":"go.temporal.io/server/tools/gomad3/cmd/gomadtool","Test":"TestRunPinImpactReportsADependencyRequiringNewerGoAsUnknownPins"}
{"Time":"2026-10-08T19:13:10.503766706Z","Action":"output","Package":"go.temporal.io/server/tools/gomad3/cmd/gomadtool","Test":"TestRunPinImpactReportsADependencyRequiringNewerGoAsUnknownPins","Output":"=== RUN   TestRunPinImpactReportsADependencyRequiringNewerGoAsUnknownPins\n","OutputType":"frame"}
{"Time":"2026-10-08T19:13:10.570227998Z","Action":"output","Package":"go.temporal.io/server/tools/gomad3/cmd/gomadtool","Test":"TestRunPinImpactReportsADependencyRequiringNewerGoAsUnknownPins","Output":"--- PASS: TestRunPinImpactReportsADependencyRequiringNewerGoAsUnknownPins (0.07s)\n","OutputType":"frame"}
{"Time":"2026-10-08T19:13:10.570279456Z","Action":"pass","Package":"go.temporal.io/server/tools/gomad3/cmd/gomadtool","Test":"TestRunPinImpactReportsADependencyRequiringNewerGoAsUnknownPins","Elapsed":0.07}
{"Time":"2026-10-08T19:13:10.57034079Z","Action":"run","Package":"go.temporal.io/server/tools/gomad3/cmd/gomadtool","Test":"TestRunPinImpactReadsTheBaselineFromGit"}
{"Time":"2026-10-08T19:13:10.570373873Z","Action":"output","Package":"go.temporal.io/server/tools/gomad3/cmd/gomadtool","Test":"TestRunPinImpactReadsTheBaselineFromGit","Output":"=== RUN   TestRunPinImpactReadsTheBaselineFromGit\n","OutputType":"frame"}
{"Time":"2026-10-08T19:13:10.84492479Z","Action":"output","Package":"go.temporal.io/server/tools/gomad3/cmd/gomadtool","Test":"TestRunPinImpactReadsTheBaselineFromGit","Output":"--- PASS: TestRunPinImpactReadsTheBaselineFromGit (0.27s)\n","OutputType":"frame"}
{"Time":"2026-10-08T19:13:10.844975665Z","Action":"pass","Package":"go.temporal.io/server/tools/gomad3/cmd/gomadtool","Test":"TestRunPinImpactReadsTheBaselineFromGit","Elapsed":0.27}
{"Time":"2026-10-08T19:13:10.846372373Z","Action":"run","Package":"go.temporal.io/server/tools/gomad3/cmd/gomadtool","Test":"TestRunPinImpactStatuses"}
{"Time":"2026-10-08T19:13:10.846406248Z","Action":"output","Package":"go.temporal.io/server/tools/gomad3/cmd/gomadtool","Test":"TestRunPinImpactStatuses","Output":"=== RUN   TestRunPinImpactStatuses\n","OutputType":"frame"}
{"Time":"2026-10-08T19:13:10.848293915Z","Action":"run","Package":"go.temporal.io/server/tools/gomad3/cmd/gomadtool","Test":"TestRunPinImpactStatuses/missing_module"}
{"Time":"2026-10-08T19:13:10.848376415Z","Action":"output","Package":"go.temporal.io/server/tools/gomad3/cmd/gomadtool","Test":"TestRunPinImpactStatuses/missing_module","Output":"=== RUN   TestRunPinImpactStatuses/missing_module\n","OutputType":"frame"}
{"Time":"2026-10-08T19:13:10.848404915Z","Action":"output","Package":"go.temporal.io/server/tools/gomad3/cmd/gomadtool","Test":"TestRunPinImpactStatuses/missing_module","Output":"--- PASS: TestRunPinImpactStatuses/missing_module (0.00s)\n","OutputType":"frame"}
{"Time":"2026-10-08T19:13:10.848422873Z","Action":"pass","Package":"go.temporal.io/server/tools/gomad3/cmd/gomadtool","Test":"TestRunPinImpactStatuses/missing_module","Elapsed":0}
{"Time":"2026-10-08T19:13:10.848444623Z","Action":"run","Package":"go.temporal.io/server/tools/gomad3/cmd/gomadtool","Test":"TestRunPinImpactStatuses/unreachable_proxy"}
{"Time":"2026-10-08T19:13:10.848483248Z","Action":"output","Package":"go.temporal.io/server/tools/gomad3/cmd/gomadtool","Test":"TestRunPinImpactStatuses/unreachable_proxy","Output":"=== RUN   TestRunPinImpactStatuses/unreachable_proxy\n","OutputType":"frame"}
{"Time":"2026-10-08T19:13:10.880918748Z","Action":"output","Package":"go.temporal.io/server/tools/gomad3/cmd/gomadtool","Test":"TestRunPinImpactStatuses/unreachable_proxy","Output":"--- PASS: TestRunPinImpactStatuses/unreachable_proxy (0.03s)\n","OutputType":"frame"}
{"Time":"2026-10-08T19:13:10.880985456Z","Action":"pass","Package":"go.temporal.io/server/tools/gomad3/cmd/gomadtool","Test":"TestRunPinImpactStatuses/unreachable_proxy","Elapsed":0.03}
{"Time":"2026-10-08T19:13:10.881042665Z","Action":"run","Package":"go.temporal.io/server/tools/gomad3/cmd/gomadtool","Test":"TestRunPinImpactStatuses/both_baselines"}
{"Time":"2026-10-08T19:13:10.881062748Z","Action":"output","Package":"go.temporal.io/server/tools/gomad3/cmd/gomadtool","Test":"TestRunPinImpactStatuses/both_baselines","Output":"=== RUN   TestRunPinImpactStatuses/both_baselines\n","OutputType":"frame"}
{"Time":"2026-10-08T19:13:10.881102165Z","Action":"output","Package":"go.temporal.io/server/tools/gomad3/cmd/gomadtool","Test":"TestRunPinImpactStatuses/both_baselines","Output":"--- PASS: TestRunPinImpactStatuses/both_baselines (0.00s)\n","OutputType":"frame"}
{"Time":"2026-10-08T19:13:10.881185123Z","Action":"pass","Package":"go.temporal.io/server/tools/gomad3/cmd/gomadtool","Test":"TestRunPinImpactStatuses/both_baselines","Elapsed":0}
{"Time":"2026-10-08T19:13:10.881215873Z","Action":"run","Package":"go.temporal.io/server/tools/gomad3/cmd/gomadtool","Test":"TestRunPinImpactStatuses/malformed_module"}
{"Time":"2026-10-08T19:13:10.881234873Z","Action":"output","Package":"go.temporal.io/server/tools/gomad3/cmd/gomadtool","Test":"TestRunPinImpactStatuses/malformed_module","Output":"=== RUN   TestRunPinImpactStatuses/malformed_module\n","OutputType":"frame"}
{"Time":"2026-10-08T19:13:10.910708207Z","Action":"output","Package":"go.temporal.io/server/tools/gomad3/cmd/gomadtool","Test":"TestRunPinImpactStatuses/malformed_module","Output":"--- PASS: TestRunPinImpactStatuses/malformed_module (0.03s)\n","OutputType":"frame"}
{"Time":"2026-10-08T19:13:10.910756248Z","Action":"pass","Package":"go.temporal.io/server/tools/gomad3/cmd/gomadtool","Test":"TestRunPinImpactStatuses/malformed_module","Elapsed":0.03}
{"Time":"2026-10-08T19:13:10.912170915Z","Action":"output","Package":"go.temporal.io/server/tools/gomad3/cmd/gomadtool","Test":"TestRunPinImpactStatuses","Output":"--- PASS: TestRunPinImpactStatuses (0.07s)\n","OutputType":"frame"}
{"Time":"2026-10-08T19:13:10.91221504Z","Action":"pass","Package":"go.temporal.io/server/tools/gomad3/cmd/gomadtool","Test":"TestRunPinImpactStatuses","Elapsed":0.07}
{"Time":"2026-10-08T19:13:10.912252332Z","Action":"run","Package":"go.temporal.io/server/tools/gomad3/cmd/gomadtool","Test":"TestRunPinImpactFileFlagsKeepTheV1Report"}
{"Time":"2026-10-08T19:13:10.912319873Z","Action":"output","Package":"go.temporal.io/server/tools/gomad3/cmd/gomadtool","Test":"TestRunPinImpactFileFlagsKeepTheV1Report","Output":"=== RUN   TestRunPinImpactFileFlagsKeepTheV1Report\n","OutputType":"frame"}
{"Time":"2026-10-08T19:13:10.962279415Z","Action":"output","Package":"go.temporal.io/server/tools/gomad3/cmd/gomadtool","Test":"TestRunPinImpactFileFlagsKeepTheV1Report","Output":"--- PASS: TestRunPinImpactFileFlagsKeepTheV1Report (0.05s)\n","OutputType":"frame"}
{"Time":"2026-10-08T19:13:10.962380415Z","Action":"pass","Package":"go.temporal.io/server/tools/gomad3/cmd/gomadtool","Test":"TestRunPinImpactFileFlagsKeepTheV1Report","Elapsed":0.05}
{"Time":"2026-10-08T19:13:10.96243329Z","Action":"run","Package":"go.temporal.io/server/tools/gomad3/cmd/gomadtool","Test":"TestSoakRejectsInvalidInvocationsAsInvalidInput"}
{"Time":"2026-10-08T19:13:10.96246279Z","Action":"output","Package":"go.temporal.io/server/tools/gomad3/cmd/gomadtool","Test":"TestSoakRejectsInvalidInvocationsAsInvalidInput","Output":"=== RUN   TestSoakRejectsInvalidInvocationsAsInvalidInput\n","OutputType":"frame"}
{"Time":"2026-10-08T19:13:10.96269254Z","Action":"run","Package":"go.temporal.io/server/tools/gomad3/cmd/gomadtool","Test":"TestSoakRejectsInvalidInvocationsAsInvalidInput/missing_manifest"}
{"Time":"2026-10-08T19:13:10.962726582Z","Action":"output","Package":"go.temporal.io/server/tools/gomad3/cmd/gomadtool","Test":"TestSoakRejectsInvalidInvocationsAsInvalidInput/missing_manifest","Output":"=== RUN   TestSoakRejectsInvalidInvocationsAsInvalidInput/missing_manifest\n","OutputType":"frame"}
{"Time":"2026-10-08T19:13:10.963053998Z","Action":"output","Package":"go.temporal.io/server/tools/gomad3/cmd/gomadtool","Test":"TestSoakRejectsInvalidInvocationsAsInvalidInput/missing_manifest","Output":"--- PASS: TestSoakRejectsInvalidInvocationsAsInvalidInput/missing_manifest (0.00s)\n","OutputType":"frame"}
{"Time":"2026-10-08T19:13:10.963106248Z","Action":"pass","Package":"go.temporal.io/server/tools/gomad3/cmd/gomadtool","Test":"TestSoakRejectsInvalidInvocationsAsInvalidInput/missing_manifest","Elapsed":0}
{"Time":"2026-10-08T19:13:10.963124873Z","Action":"run","Package":"go.temporal.io/server/tools/gomad3/cmd/gomadtool","Test":"TestSoakRejectsInvalidInvocationsAsInvalidInput/positional_argument"}
{"Time":"2026-10-08T19:13:10.963152123Z","Action":"output","Package":"go.temporal.io/server/tools/gomad3/cmd/gomadtool","Test":"TestSoakRejectsInvalidInvocationsAsInvalidInput/positional_argument","Output":"=== RUN   TestSoakRejectsInvalidInvocationsAsInvalidInput/positional_argument\n","OutputType":"frame"}
{"Time":"2026-10-08T19:13:10.963195165Z","Action":"output","Package":"go.temporal.io/server/tools/gomad3/cmd/gomadtool","Test":"TestSoakRejectsInvalidInvocationsAsInvalidInput/positional_argument","Output":"--- PASS: TestSoakRejectsInvalidInvocationsAsInvalidInput/positional_argument (0.00s)\n","OutputType":"frame"}
{"Time":"2026-10-08T19:13:10.963452582Z","Action":"pass","Package":"go.temporal.io/server/tools/gomad3/cmd/gomadtool","Test":"TestSoakRejectsInvalidInvocationsAsInvalidInput/positional_argument","Elapsed":0}
{"Time":"2026-10-08T19:13:10.963498373Z","Action":"run","Package":"go.temporal.io/server/tools/gomad3/cmd/gomadtool","Test":"TestSoakRejectsInvalidInvocationsAsInvalidInput/invalid_seed"}
{"Time":"2026-10-08T19:13:10.96354529Z","Action":"output","Package":"go.temporal.io/server/tools/gomad3/cmd/gomadtool","Test":"TestSoakRejectsInvalidInvocationsAsInvalidInput/invalid_seed","Output":"=== RUN   TestSoakRejectsInvalidInvocationsAsInvalidInput/invalid_seed\n","OutputType":"frame"}
{"Time":"2026-10-08T19:13:10.963563207Z","Action":"output","Package":"go.temporal.io/server/tools/gomad3/cmd/gomadtool","Test":"TestSoakRejectsInvalidInvocationsAsInvalidInput/invalid_seed","Output":"--- PASS: TestSoakRejectsInvalidInvocationsAsInvalidInput/invalid_seed (0.00s)\n","OutputType":"frame"}
{"Time":"2026-10-08T19:13:10.963580582Z","Action":"pass","Package":"go.temporal.io/server/tools/gomad3/cmd/gomadtool","Test":"TestSoakRejectsInvalidInvocationsAsInvalidInput/invalid_seed","Elapsed":0}
{"Time":"2026-10-08T19:13:10.963597123Z","Action":"run","Package":"go.temporal.io/server/tools/gomad3/cmd/gomadtool","Test":"TestSoakRejectsInvalidInvocationsAsInvalidInput/missing_directories"}
{"Time":"2026-10-08T19:13:10.963610207Z","Action":"output","Package":"go.temporal.io/server/tools/gomad3/cmd/gomadtool","Test":"TestSoakRejectsInvalidInvocationsAsInvalidInput/missing_directories","Output":"=== RUN   TestSoakRejectsInvalidInvocationsAsInvalidInput/missing_directories\n","OutputType":"frame"}
{"Time":"2026-10-08T19:13:10.963624707Z","Action":"output","Package":"go.temporal.io/server/tools/gomad3/cmd/gomadtool","Test":"TestSoakRejectsInvalidInvocationsAsInvalidInput/missing_directories","Output":"--- PASS: TestSoakRejectsInvalidInvocationsAsInvalidInput/missing_directories (0.00s)\n","OutputType":"frame"}
{"Time":"2026-10-08T19:13:10.963641665Z","Action":"pass","Package":"go.temporal.io/server/tools/gomad3/cmd/gomadtool","Test":"TestSoakRejectsInvalidInvocationsAsInvalidInput/missing_directories","Elapsed":0}
{"Time":"2026-10-08T19:13:10.96365779Z","Action":"output","Package":"go.temporal.io/server/tools/gomad3/cmd/gomadtool","Test":"TestSoakRejectsInvalidInvocationsAsInvalidInput","Output":"--- PASS: TestSoakRejectsInvalidInvocationsAsInvalidInput (0.00s)\n","OutputType":"frame"}
{"Time":"2026-10-08T19:13:10.963671998Z","Action":"pass","Package":"go.temporal.io/server/tools/gomad3/cmd/gomadtool","Test":"TestSoakRejectsInvalidInvocationsAsInvalidInput","Elapsed":0}
{"Time":"2026-10-08T19:13:10.963687373Z","Action":"run","Package":"go.temporal.io/server/tools/gomad3/cmd/gomadtool","Test":"TestGitFileDistinguishesAnIntroducedFileFromAnInvalidRevision"}
{"Time":"2026-10-08T19:13:10.96371004Z","Action":"output","Package":"go.temporal.io/server/tools/gomad3/cmd/gomadtool","Test":"TestGitFileDistinguishesAnIntroducedFileFromAnInvalidRevision","Output":"=== RUN   TestGitFileDistinguishesAnIntroducedFileFromAnInvalidRevision\n","OutputType":"frame"}
{"Time":"2026-10-08T19:13:11.358340332Z","Action":"output","Package":"go.temporal.io/server/tools/gomad3/cmd/gomadtool","Test":"TestGitFileDistinguishesAnIntroducedFileFromAnInvalidRevision","Output":"--- PASS: TestGitFileDistinguishesAnIntroducedFileFromAnInvalidRevision (0.40s)\n","OutputType":"frame"}
{"Time":"2026-10-08T19:13:11.358537332Z","Action":"pass","Package":"go.temporal.io/server/tools/gomad3/cmd/gomadtool","Test":"TestGitFileDistinguishesAnIntroducedFileFromAnInvalidRevision","Elapsed":0.4}
{"Time":"2026-10-08T19:13:11.358573832Z","Action":"output","Package":"go.temporal.io/server/tools/gomad3/cmd/gomadtool","Output":"PASS\n","OutputType":"frame"}
{"Time":"2026-10-08T19:13:11.362083415Z","Action":"output","Package":"go.temporal.io/server/tools/gomad3/cmd/gomadtool","Output":"ok  \tgo.temporal.io/server/tools/gomad3/cmd/gomadtool\t15.809s\n"}
{"Time":"2026-10-08T19:13:11.362176123Z","Action":"pass","Package":"go.temporal.io/server/tools/gomad3/cmd/gomadtool","Elapsed":15.81}
