{"Time":"2026-10-05T14:27:06.515577101Z","Action":"start","Package":"go.temporal.io/server/tools/gomad3/internal/gomadtool/architecture"}
{"Time":"2026-10-05T14:27:06.516925767Z","Action":"run","Package":"go.temporal.io/server/tools/gomad3/internal/gomadtool/architecture","Test":"TestDiscoveryRejectsOmittedSource"}
{"Time":"2026-10-05T14:27:06.517007226Z","Action":"output","Package":"go.temporal.io/server/tools/gomad3/internal/gomadtool/architecture","Test":"TestDiscoveryRejectsOmittedSource","Output":"=== RUN   TestDiscoveryRejectsOmittedSource\n","OutputType":"frame"}
{"Time":"2026-10-05T14:27:06.518729684Z","Action":"output","Package":"go.temporal.io/server/tools/gomad3/internal/gomadtool/architecture","Test":"TestDiscoveryRejectsOmittedSource","Output":"--- PASS: TestDiscoveryRejectsOmittedSource (0.00s)\n","OutputType":"frame"}
{"Time":"2026-10-05T14:27:06.518804517Z","Action":"pass","Package":"go.temporal.io/server/tools/gomad3/internal/gomadtool/architecture","Test":"TestDiscoveryRejectsOmittedSource","Elapsed":0}
{"Time":"2026-10-05T14:27:06.518832934Z","Action":"run","Package":"go.temporal.io/server/tools/gomad3/internal/gomadtool/architecture","Test":"TestRequiredModuleNeedsItsOwnSource"}
{"Time":"2026-10-05T14:27:06.518853642Z","Action":"output","Package":"go.temporal.io/server/tools/gomad3/internal/gomadtool/architecture","Test":"TestRequiredModuleNeedsItsOwnSource","Output":"=== RUN   TestRequiredModuleNeedsItsOwnSource\n","OutputType":"frame"}
{"Time":"2026-10-05T14:27:06.520309976Z","Action":"output","Package":"go.temporal.io/server/tools/gomad3/internal/gomadtool/architecture","Test":"TestRequiredModuleNeedsItsOwnSource","Output":"--- PASS: TestRequiredModuleNeedsItsOwnSource (0.00s)\n","OutputType":"frame"}
{"Time":"2026-10-05T14:27:06.520337476Z","Action":"pass","Package":"go.temporal.io/server/tools/gomad3/internal/gomadtool/architecture","Test":"TestRequiredModuleNeedsItsOwnSource","Elapsed":0}
{"Time":"2026-10-05T14:27:06.520359184Z","Action":"run","Package":"go.temporal.io/server/tools/gomad3/internal/gomadtool/architecture","Test":"TestDiscoveryRejectsDirectorySymlink"}
{"Time":"2026-10-05T14:27:06.520376309Z","Action":"output","Package":"go.temporal.io/server/tools/gomad3/internal/gomadtool/architecture","Test":"TestDiscoveryRejectsDirectorySymlink","Output":"=== RUN   TestDiscoveryRejectsDirectorySymlink\n","OutputType":"frame"}
{"Time":"2026-10-05T14:27:06.521937101Z","Action":"output","Package":"go.temporal.io/server/tools/gomad3/internal/gomadtool/architecture","Test":"TestDiscoveryRejectsDirectorySymlink","Output":"--- PASS: TestDiscoveryRejectsDirectorySymlink (0.00s)\n","OutputType":"frame"}
{"Time":"2026-10-05T14:27:06.521989434Z","Action":"pass","Package":"go.temporal.io/server/tools/gomad3/internal/gomadtool/architecture","Test":"TestDiscoveryRejectsDirectorySymlink","Elapsed":0}
{"Time":"2026-10-05T14:27:06.522022392Z","Action":"run","Package":"go.temporal.io/server/tools/gomad3/internal/gomadtool/architecture","Test":"TestEffectThroughHelper"}
{"Time":"2026-10-05T14:27:06.522046601Z","Action":"output","Package":"go.temporal.io/server/tools/gomad3/internal/gomadtool/architecture","Test":"TestEffectThroughHelper","Output":"=== RUN   TestEffectThroughHelper\n","OutputType":"frame"}
{"Time":"2026-10-05T14:27:06.803979143Z","Action":"output","Package":"go.temporal.io/server/tools/gomad3/internal/gomadtool/architecture","Test":"TestEffectThroughHelper","Output":"--- PASS: TestEffectThroughHelper (0.28s)\n","OutputType":"frame"}
{"Time":"2026-10-05T14:27:06.807019309Z","Action":"pass","Package":"go.temporal.io/server/tools/gomad3/internal/gomadtool/architecture","Test":"TestEffectThroughHelper","Elapsed":0.28}
{"Time":"2026-10-05T14:27:06.807065351Z","Action":"run","Package":"go.temporal.io/server/tools/gomad3/internal/gomadtool/architecture","Test":"TestMemorySummarySourceIdentity"}
{"Time":"2026-10-05T14:27:06.807082059Z","Action":"output","Package":"go.temporal.io/server/tools/gomad3/internal/gomadtool/architecture","Test":"TestMemorySummarySourceIdentity","Output":"=== RUN   TestMemorySummarySourceIdentity\n","OutputType":"frame"}
{"Time":"2026-10-05T14:27:07.043474601Z","Action":"run","Package":"go.temporal.io/server/tools/gomad3/internal/gomadtool/architecture","Test":"TestMemorySummarySourceIdentity/foreign-inspected-body"}
{"Time":"2026-10-05T14:27:07.043600726Z","Action":"output","Package":"go.temporal.io/server/tools/gomad3/internal/gomadtool/architecture","Test":"TestMemorySummarySourceIdentity/foreign-inspected-body","Output":"=== RUN   TestMemorySummarySourceIdentity/foreign-inspected-body\n","OutputType":"frame"}
{"Time":"2026-10-05T14:27:07.057107018Z","Action":"output","Package":"go.temporal.io/server/tools/gomad3/internal/gomadtool/architecture","Test":"TestMemorySummarySourceIdentity/foreign-inspected-body","Output":"--- PASS: TestMemorySummarySourceIdentity/foreign-inspected-body (0.01s)\n","OutputType":"frame"}
{"Time":"2026-10-05T14:27:07.057170184Z","Action":"pass","Package":"go.temporal.io/server/tools/gomad3/internal/gomadtool/architecture","Test":"TestMemorySummarySourceIdentity/foreign-inspected-body","Elapsed":0.01}
{"Time":"2026-10-05T14:27:07.057197976Z","Action":"run","Package":"go.temporal.io/server/tools/gomad3/internal/gomadtool/architecture","Test":"TestMemorySummarySourceIdentity/changed-source"}
{"Time":"2026-10-05T14:27:07.057211726Z","Action":"output","Package":"go.temporal.io/server/tools/gomad3/internal/gomadtool/architecture","Test":"TestMemorySummarySourceIdentity/changed-source","Output":"=== RUN   TestMemorySummarySourceIdentity/changed-source\n","OutputType":"frame"}
{"Time":"2026-10-05T14:27:07.069828018Z","Action":"output","Package":"go.temporal.io/server/tools/gomad3/internal/gomadtool/architecture","Test":"TestMemorySummarySourceIdentity/changed-source","Output":"--- PASS: TestMemorySummarySourceIdentity/changed-source (0.01s)\n","OutputType":"frame"}
{"Time":"2026-10-05T14:27:07.069878601Z","Action":"pass","Package":"go.temporal.io/server/tools/gomad3/internal/gomadtool/architecture","Test":"TestMemorySummarySourceIdentity/changed-source","Elapsed":0.01}
{"Time":"2026-10-05T14:27:07.069941934Z","Action":"output","Package":"go.temporal.io/server/tools/gomad3/internal/gomadtool/architecture","Test":"TestMemorySummarySourceIdentity","Output":"--- PASS: TestMemorySummarySourceIdentity (0.26s)\n","OutputType":"frame"}
{"Time":"2026-10-05T14:27:07.069997309Z","Action":"pass","Package":"go.temporal.io/server/tools/gomad3/internal/gomadtool/architecture","Test":"TestMemorySummarySourceIdentity","Elapsed":0.26}
{"Time":"2026-10-05T14:27:07.070014184Z","Action":"run","Package":"go.temporal.io/server/tools/gomad3/internal/gomadtool/architecture","Test":"TestPureRootStoredClosureIsChecked"}
{"Time":"2026-10-05T14:27:07.070026976Z","Action":"output","Package":"go.temporal.io/server/tools/gomad3/internal/gomadtool/architecture","Test":"TestPureRootStoredClosureIsChecked","Output":"=== RUN   TestPureRootStoredClosureIsChecked\n","OutputType":"frame"}
{"Time":"2026-10-05T14:27:07.327116893Z","Action":"output","Package":"go.temporal.io/server/tools/gomad3/internal/gomadtool/architecture","Test":"TestPureRootStoredClosureIsChecked","Output":"--- PASS: TestPureRootStoredClosureIsChecked (0.26s)\n","OutputType":"frame"}
{"Time":"2026-10-05T14:27:07.327216726Z","Action":"pass","Package":"go.temporal.io/server/tools/gomad3/internal/gomadtool/architecture","Test":"TestPureRootStoredClosureIsChecked","Elapsed":0.26}
{"Time":"2026-10-05T14:27:07.32724281Z","Action":"run","Package":"go.temporal.io/server/tools/gomad3/internal/gomadtool/architecture","Test":"TestEffectCallbackContextsAndUnwrapReturns"}
{"Time":"2026-10-05T14:27:07.327263268Z","Action":"output","Package":"go.temporal.io/server/tools/gomad3/internal/gomadtool/architecture","Test":"TestEffectCallbackContextsAndUnwrapReturns","Output":"=== RUN   TestEffectCallbackContextsAndUnwrapReturns\n","OutputType":"frame"}
{"Time":"2026-10-05T14:27:07.327281935Z","Action":"run","Package":"go.temporal.io/server/tools/gomad3/internal/gomadtool/architecture","Test":"TestEffectCallbackContextsAndUnwrapReturns/argument-order"}
{"Time":"2026-10-05T14:27:07.327295185Z","Action":"output","Package":"go.temporal.io/server/tools/gomad3/internal/gomadtool/architecture","Test":"TestEffectCallbackContextsAndUnwrapReturns/argument-order","Output":"=== RUN   TestEffectCallbackContextsAndUnwrapReturns/argument-order\n","OutputType":"frame"}
{"Time":"2026-10-05T14:27:07.721137768Z","Action":"output","Package":"go.temporal.io/server/tools/gomad3/internal/gomadtool/architecture","Test":"TestEffectCallbackContextsAndUnwrapReturns/argument-order","Output":"--- PASS: TestEffectCallbackContextsAndUnwrapReturns/argument-order (0.39s)\n","OutputType":"frame"}
{"Time":"2026-10-05T14:27:07.726206393Z","Action":"pass","Package":"go.temporal.io/server/tools/gomad3/internal/gomadtool/architecture","Test":"TestEffectCallbackContextsAndUnwrapReturns/argument-order","Elapsed":0.39}
{"Time":"2026-10-05T14:27:07.726265435Z","Action":"run","Package":"go.temporal.io/server/tools/gomad3/internal/gomadtool/architecture","Test":"TestEffectCallbackContextsAndUnwrapReturns/captured-order"}
{"Time":"2026-10-05T14:27:07.72628631Z","Action":"output","Package":"go.temporal.io/server/tools/gomad3/internal/gomadtool/architecture","Test":"TestEffectCallbackContextsAndUnwrapReturns/captured-order","Output":"=== RUN   TestEffectCallbackContextsAndUnwrapReturns/captured-order\n","OutputType":"frame"}
{"Time":"2026-10-05T14:27:08.107683602Z","Action":"output","Package":"go.temporal.io/server/tools/gomad3/internal/gomadtool/architecture","Test":"TestEffectCallbackContextsAndUnwrapReturns/captured-order","Output":"--- PASS: TestEffectCallbackContextsAndUnwrapReturns/captured-order (0.38s)\n","OutputType":"frame"}
{"Time":"2026-10-05T14:27:08.109878102Z","Action":"pass","Package":"go.temporal.io/server/tools/gomad3/internal/gomadtool/architecture","Test":"TestEffectCallbackContextsAndUnwrapReturns/captured-order","Elapsed":0.38}
{"Time":"2026-10-05T14:27:08.109910727Z","Action":"run","Package":"go.temporal.io/server/tools/gomad3/internal/gomadtool/architecture","Test":"TestEffectCallbackContextsAndUnwrapReturns/single-unwrap"}
{"Time":"2026-10-05T14:27:08.109929268Z","Action":"output","Package":"go.temporal.io/server/tools/gomad3/internal/gomadtool/architecture","Test":"TestEffectCallbackContextsAndUnwrapReturns/single-unwrap","Output":"=== RUN   TestEffectCallbackContextsAndUnwrapReturns/single-unwrap\n","OutputType":"frame"}
{"Time":"2026-10-05T14:27:08.490982185Z","Action":"output","Package":"go.temporal.io/server/tools/gomad3/internal/gomadtool/architecture","Test":"TestEffectCallbackContextsAndUnwrapReturns/single-unwrap","Output":"--- PASS: TestEffectCallbackContextsAndUnwrapReturns/single-unwrap (0.38s)\n","OutputType":"frame"}
{"Time":"2026-10-05T14:27:08.491062393Z","Action":"pass","Package":"go.temporal.io/server/tools/gomad3/internal/gomadtool/architecture","Test":"TestEffectCallbackContextsAndUnwrapReturns/single-unwrap","Elapsed":0.38}
{"Time":"2026-10-05T14:27:08.491102977Z","Action":"run","Package":"go.temporal.io/server/tools/gomad3/internal/gomadtool/architecture","Test":"TestEffectCallbackContextsAndUnwrapReturns/joined-unwrap"}
{"Time":"2026-10-05T14:27:08.491123268Z","Action":"output","Package":"go.temporal.io/server/tools/gomad3/internal/gomadtool/architecture","Test":"TestEffectCallbackContextsAndUnwrapReturns/joined-unwrap","Output":"=== RUN   TestEffectCallbackContextsAndUnwrapReturns/joined-unwrap\n","OutputType":"frame"}
{"Time":"2026-10-05T14:27:08.908088477Z","Action":"output","Package":"go.temporal.io/server/tools/gomad3/internal/gomadtool/architecture","Test":"TestEffectCallbackContextsAndUnwrapReturns/joined-unwrap","Output":"--- PASS: TestEffectCallbackContextsAndUnwrapReturns/joined-unwrap (0.42s)\n","OutputType":"frame"}
{"Time":"2026-10-05T14:27:08.908208269Z","Action":"pass","Package":"go.temporal.io/server/tools/gomad3/internal/gomadtool/architecture","Test":"TestEffectCallbackContextsAndUnwrapReturns/joined-unwrap","Elapsed":0.42}
{"Time":"2026-10-05T14:27:08.90824181Z","Action":"run","Package":"go.temporal.io/server/tools/gomad3/internal/gomadtool/architecture","Test":"TestEffectCallbackContextsAndUnwrapReturns/wrapped-is"}
{"Time":"2026-10-05T14:27:08.908278852Z","Action":"output","Package":"go.temporal.io/server/tools/gomad3/internal/gomadtool/architecture","Test":"TestEffectCallbackContextsAndUnwrapReturns/wrapped-is","Output":"=== RUN   TestEffectCallbackContextsAndUnwrapReturns/wrapped-is\n","OutputType":"frame"}
{"Time":"2026-10-05T14:27:09.299608602Z","Action":"output","Package":"go.temporal.io/server/tools/gomad3/internal/gomadtool/architecture","Test":"TestEffectCallbackContextsAndUnwrapReturns/wrapped-is","Output":"--- PASS: TestEffectCallbackContextsAndUnwrapReturns/wrapped-is (0.39s)\n","OutputType":"frame"}
{"Time":"2026-10-05T14:27:09.299744144Z","Action":"pass","Package":"go.temporal.io/server/tools/gomad3/internal/gomadtool/architecture","Test":"TestEffectCallbackContextsAndUnwrapReturns/wrapped-is","Elapsed":0.39}
{"Time":"2026-10-05T14:27:09.299778685Z","Action":"run","Package":"go.temporal.io/server/tools/gomad3/internal/gomadtool/architecture","Test":"TestEffectCallbackContextsAndUnwrapReturns/interface-return"}
{"Time":"2026-10-05T14:27:09.299796435Z","Action":"output","Package":"go.temporal.io/server/tools/gomad3/internal/gomadtool/architecture","Test":"TestEffectCallbackContextsAndUnwrapReturns/interface-return","Output":"=== RUN   TestEffectCallbackContextsAndUnwrapReturns/interface-return\n","OutputType":"frame"}
{"Time":"2026-10-05T14:27:09.696477019Z","Action":"output","Package":"go.temporal.io/server/tools/gomad3/internal/gomadtool/architecture","Test":"TestEffectCallbackContextsAndUnwrapReturns/interface-return","Output":"--- PASS: TestEffectCallbackContextsAndUnwrapReturns/interface-return (0.40s)\n","OutputType":"frame"}
{"Time":"2026-10-05T14:27:09.696597144Z","Action":"pass","Package":"go.temporal.io/server/tools/gomad3/internal/gomadtool/architecture","Test":"TestEffectCallbackContextsAndUnwrapReturns/interface-return","Elapsed":0.4}
{"Time":"2026-10-05T14:27:09.696633769Z","Action":"run","Package":"go.temporal.io/server/tools/gomad3/internal/gomadtool/architecture","Test":"TestEffectCallbackContextsAndUnwrapReturns/multi-unwrap"}
{"Time":"2026-10-05T14:27:09.696652894Z","Action":"output","Package":"go.temporal.io/server/tools/gomad3/internal/gomadtool/architecture","Test":"TestEffectCallbackContextsAndUnwrapReturns/multi-unwrap","Output":"=== RUN   TestEffectCallbackContextsAndUnwrapReturns/multi-unwrap\n","OutputType":"frame"}
{"Time":"2026-10-05T14:27:10.085140852Z","Action":"output","Package":"go.temporal.io/server/tools/gomad3/internal/gomadtool/architecture","Test":"TestEffectCallbackContextsAndUnwrapReturns/multi-unwrap","Output":"--- PASS: TestEffectCallbackContextsAndUnwrapReturns/multi-unwrap (0.39s)\n","OutputType":"frame"}
{"Time":"2026-10-05T14:27:10.085230102Z","Action":"pass","Package":"go.temporal.io/server/tools/gomad3/internal/gomadtool/architecture","Test":"TestEffectCallbackContextsAndUnwrapReturns/multi-unwrap","Elapsed":0.39}
{"Time":"2026-10-05T14:27:10.085256811Z","Action":"run","Package":"go.temporal.io/server/tools/gomad3/internal/gomadtool/architecture","Test":"TestEffectCallbackContextsAndUnwrapReturns/unwrap-return"}
{"Time":"2026-10-05T14:27:10.085361269Z","Action":"output","Package":"go.temporal.io/server/tools/gomad3/internal/gomadtool/architecture","Test":"TestEffectCallbackContextsAndUnwrapReturns/unwrap-return","Output":"=== RUN   TestEffectCallbackContextsAndUnwrapReturns/unwrap-return\n","OutputType":"frame"}
{"Time":"2026-10-05T14:27:10.470953728Z","Action":"output","Package":"go.temporal.io/server/tools/gomad3/internal/gomadtool/architecture","Test":"TestEffectCallbackContextsAndUnwrapReturns/unwrap-return","Output":"--- PASS: TestEffectCallbackContextsAndUnwrapReturns/unwrap-return (0.39s)\n","OutputType":"frame"}
{"Time":"2026-10-05T14:27:10.472905686Z","Action":"pass","Package":"go.temporal.io/server/tools/gomad3/internal/gomadtool/architecture","Test":"TestEffectCallbackContextsAndUnwrapReturns/unwrap-return","Elapsed":0.39}
{"Time":"2026-10-05T14:27:10.472939269Z","Action":"run","Package":"go.temporal.io/server/tools/gomad3/internal/gomadtool/architecture","Test":"TestEffectCallbackContextsAndUnwrapReturns/recursive-wrapper"}
{"Time":"2026-10-05T14:27:10.472991353Z","Action":"output","Package":"go.temporal.io/server/tools/gomad3/internal/gomadtool/architecture","Test":"TestEffectCallbackContextsAndUnwrapReturns/recursive-wrapper","Output":"=== RUN   TestEffectCallbackContextsAndUnwrapReturns/recursive-wrapper\n","OutputType":"frame"}
{"Time":"2026-10-05T14:27:10.847081186Z","Action":"output","Package":"go.temporal.io/server/tools/gomad3/internal/gomadtool/architecture","Test":"TestEffectCallbackContextsAndUnwrapReturns/recursive-wrapper","Output":"--- PASS: TestEffectCallbackContextsAndUnwrapReturns/recursive-wrapper (0.37s)\n","OutputType":"frame"}
{"Time":"2026-10-05T14:27:10.847210645Z","Action":"pass","Package":"go.temporal.io/server/tools/gomad3/internal/gomadtool/architecture","Test":"TestEffectCallbackContextsAndUnwrapReturns/recursive-wrapper","Elapsed":0.37}
{"Time":"2026-10-05T14:27:10.84724177Z","Action":"run","Package":"go.temporal.io/server/tools/gomad3/internal/gomadtool/architecture","Test":"TestEffectCallbackContextsAndUnwrapReturns/recursive-returned-callback"}
{"Time":"2026-10-05T14:27:10.847264728Z","Action":"output","Package":"go.temporal.io/server/tools/gomad3/internal/gomadtool/architecture","Test":"TestEffectCallbackContextsAndUnwrapReturns/recursive-returned-callback","Output":"=== RUN   TestEffectCallbackContextsAndUnwrapReturns/recursive-returned-callback\n","OutputType":"frame"}
{"Time":"2026-10-05T14:27:11.255659645Z","Action":"output","Package":"go.temporal.io/server/tools/gomad3/internal/gomadtool/architecture","Test":"TestEffectCallbackContextsAndUnwrapReturns/recursive-returned-callback","Output":"--- PASS: TestEffectCallbackContextsAndUnwrapReturns/recursive-returned-callback (0.41s)\n","OutputType":"frame"}
{"Time":"2026-10-05T14:27:11.255798978Z","Action":"pass","Package":"go.temporal.io/server/tools/gomad3/internal/gomadtool/architecture","Test":"TestEffectCallbackContextsAndUnwrapReturns/recursive-returned-callback","Elapsed":0.41}
{"Time":"2026-10-05T14:27:11.255834478Z","Action":"run","Package":"go.temporal.io/server/tools/gomad3/internal/gomadtool/architecture","Test":"TestEffectCallbackContextsAndUnwrapReturns/global-callback-tuple"}
{"Time":"2026-10-05T14:27:11.255853561Z","Action":"output","Package":"go.temporal.io/server/tools/gomad3/internal/gomadtool/architecture","Test":"TestEffectCallbackContextsAndUnwrapReturns/global-callback-tuple","Output":"=== RUN   TestEffectCallbackContextsAndUnwrapReturns/global-callback-tuple\n","OutputType":"frame"}
{"Time":"2026-10-05T14:27:11.655352478Z","Action":"output","Package":"go.temporal.io/server/tools/gomad3/internal/gomadtool/architecture","Test":"TestEffectCallbackContextsAndUnwrapReturns/global-callback-tuple","Output":"--- PASS: TestEffectCallbackContextsAndUnwrapReturns/global-callback-tuple (0.40s)\n","OutputType":"frame"}
{"Time":"2026-10-05T14:27:11.655449937Z","Action":"pass","Package":"go.temporal.io/server/tools/gomad3/internal/gomadtool/architecture","Test":"TestEffectCallbackContextsAndUnwrapReturns/global-callback-tuple","Elapsed":0.4}
{"Time":"2026-10-05T14:27:11.655486062Z","Action":"run","Package":"go.temporal.io/server/tools/gomad3/internal/gomadtool/architecture","Test":"TestEffectCallbackContextsAndUnwrapReturns/cross-argument-alias"}
{"Time":"2026-10-05T14:27:11.655509395Z","Action":"output","Package":"go.temporal.io/server/tools/gomad3/internal/gomadtool/architecture","Test":"TestEffectCallbackContextsAndUnwrapReturns/cross-argument-alias","Output":"=== RUN   TestEffectCallbackContextsAndUnwrapReturns/cross-argument-alias\n","OutputType":"frame"}
{"Time":"2026-10-05T14:27:12.05733152Z","Action":"output","Package":"go.temporal.io/server/tools/gomad3/internal/gomadtool/architecture","Test":"TestEffectCallbackContextsAndUnwrapReturns/cross-argument-alias","Output":"--- PASS: TestEffectCallbackContextsAndUnwrapReturns/cross-argument-alias (0.40s)\n","OutputType":"frame"}
{"Time":"2026-10-05T14:27:12.057445353Z","Action":"pass","Package":"go.temporal.io/server/tools/gomad3/internal/gomadtool/architecture","Test":"TestEffectCallbackContextsAndUnwrapReturns/cross-argument-alias","Elapsed":0.4}
{"Time":"2026-10-05T14:27:12.057487103Z","Action":"run","Package":"go.temporal.io/server/tools/gomad3/internal/gomadtool/architecture","Test":"TestEffectCallbackContextsAndUnwrapReturns/cached-mutation"}
{"Time":"2026-10-05T14:27:12.057509145Z","Action":"output","Package":"go.temporal.io/server/tools/gomad3/internal/gomadtool/architecture","Test":"TestEffectCallbackContextsAndUnwrapReturns/cached-mutation","Output":"=== RUN   TestEffectCallbackContextsAndUnwrapReturns/cached-mutation\n","OutputType":"frame"}
{"Time":"2026-10-05T14:27:12.441801062Z","Action":"output","Package":"go.temporal.io/server/tools/gomad3/internal/gomadtool/architecture","Test":"TestEffectCallbackContextsAndUnwrapReturns/cached-mutation","Output":"--- PASS: TestEffectCallbackContextsAndUnwrapReturns/cached-mutation (0.38s)\n","OutputType":"frame"}
{"Time":"2026-10-05T14:27:12.441913145Z","Action":"pass","Package":"go.temporal.io/server/tools/gomad3/internal/gomadtool/architecture","Test":"TestEffectCallbackContextsAndUnwrapReturns/cached-mutation","Elapsed":0.38}
{"Time":"2026-10-05T14:27:12.441940145Z","Action":"run","Package":"go.temporal.io/server/tools/gomad3/internal/gomadtool/architecture","Test":"TestEffectCallbackContextsAndUnwrapReturns/json-marshaler-error-return"}
{"Time":"2026-10-05T14:27:12.441958854Z","Action":"output","Package":"go.temporal.io/server/tools/gomad3/internal/gomadtool/architecture","Test":"TestEffectCallbackContextsAndUnwrapReturns/json-marshaler-error-return","Output":"=== RUN   TestEffectCallbackContextsAndUnwrapReturns/json-marshaler-error-return\n","OutputType":"frame"}
{"Time":"2026-10-05T14:27:12.832038187Z","Action":"output","Package":"go.temporal.io/server/tools/gomad3/internal/gomadtool/architecture","Test":"TestEffectCallbackContextsAndUnwrapReturns/json-marshaler-error-return","Output":"--- PASS: TestEffectCallbackContextsAndUnwrapReturns/json-marshaler-error-return (0.39s)\n","OutputType":"frame"}
{"Time":"2026-10-05T14:27:12.832154645Z","Action":"pass","Package":"go.temporal.io/server/tools/gomad3/internal/gomadtool/architecture","Test":"TestEffectCallbackContextsAndUnwrapReturns/json-marshaler-error-return","Elapsed":0.39}
{"Time":"2026-10-05T14:27:12.832180395Z","Action":"run","Package":"go.temporal.io/server/tools/gomad3/internal/gomadtool/architecture","Test":"TestEffectCallbackContextsAndUnwrapReturns/json-writer-error-return"}
{"Time":"2026-10-05T14:27:12.832192645Z","Action":"output","Package":"go.temporal.io/server/tools/gomad3/internal/gomadtool/architecture","Test":"TestEffectCallbackContextsAndUnwrapReturns/json-writer-error-return","Output":"=== RUN   TestEffectCallbackContextsAndUnwrapReturns/json-writer-error-return\n","OutputType":"frame"}
{"Time":"2026-10-05T14:27:13.241965937Z","Action":"output","Package":"go.temporal.io/server/tools/gomad3/internal/gomadtool/architecture","Test":"TestEffectCallbackContextsAndUnwrapReturns/json-writer-error-return","Output":"--- PASS: TestEffectCallbackContextsAndUnwrapReturns/json-writer-error-return (0.41s)\n","OutputType":"frame"}
{"Time":"2026-10-05T14:27:13.242106687Z","Action":"pass","Package":"go.temporal.io/server/tools/gomad3/internal/gomadtool/architecture","Test":"TestEffectCallbackContextsAndUnwrapReturns/json-writer-error-return","Elapsed":0.41}
{"Time":"2026-10-05T14:27:13.242138479Z","Action":"run","Package":"go.temporal.io/server/tools/gomad3/internal/gomadtool/architecture","Test":"TestEffectCallbackContextsAndUnwrapReturns/json-reader-error-return"}
{"Time":"2026-10-05T14:27:13.242165479Z","Action":"output","Package":"go.temporal.io/server/tools/gomad3/internal/gomadtool/architecture","Test":"TestEffectCallbackContextsAndUnwrapReturns/json-reader-error-return","Output":"=== RUN   TestEffectCallbackContextsAndUnwrapReturns/json-reader-error-return\n","OutputType":"frame"}
{"Time":"2026-10-05T14:27:13.633027813Z","Action":"output","Package":"go.temporal.io/server/tools/gomad3/internal/gomadtool/architecture","Test":"TestEffectCallbackContextsAndUnwrapReturns/json-reader-error-return","Output":"--- PASS: TestEffectCallbackContextsAndUnwrapReturns/json-reader-error-return (0.39s)\n","OutputType":"frame"}
{"Time":"2026-10-05T14:27:13.633168063Z","Action":"pass","Package":"go.temporal.io/server/tools/gomad3/internal/gomadtool/architecture","Test":"TestEffectCallbackContextsAndUnwrapReturns/json-reader-error-return","Elapsed":0.39}
{"Time":"2026-10-05T14:27:13.633204438Z","Action":"run","Package":"go.temporal.io/server/tools/gomad3/internal/gomadtool/architecture","Test":"TestEffectCallbackContextsAndUnwrapReturns/json-distinct-receivers"}
{"Time":"2026-10-05T14:27:13.633224188Z","Action":"output","Package":"go.temporal.io/server/tools/gomad3/internal/gomadtool/architecture","Test":"TestEffectCallbackContextsAndUnwrapReturns/json-distinct-receivers","Output":"=== RUN   TestEffectCallbackContextsAndUnwrapReturns/json-distinct-receivers\n","OutputType":"frame"}
{"Time":"2026-10-05T14:27:14.022713313Z","Action":"output","Package":"go.temporal.io/server/tools/gomad3/internal/gomadtool/architecture","Test":"TestEffectCallbackContextsAndUnwrapReturns/json-distinct-receivers","Output":"--- PASS: TestEffectCallbackContextsAndUnwrapReturns/json-distinct-receivers (0.39s)\n","OutputType":"frame"}
{"Time":"2026-10-05T14:27:14.022841771Z","Action":"pass","Package":"go.temporal.io/server/tools/gomad3/internal/gomadtool/architecture","Test":"TestEffectCallbackContextsAndUnwrapReturns/json-distinct-receivers","Elapsed":0.39}
{"Time":"2026-10-05T14:27:14.022911063Z","Action":"output","Package":"go.temporal.io/server/tools/gomad3/internal/gomadtool/architecture","Test":"TestEffectCallbackContextsAndUnwrapReturns","Output":"--- PASS: TestEffectCallbackContextsAndUnwrapReturns (6.70s)\n","OutputType":"frame"}
{"Time":"2026-10-05T14:27:14.022947313Z","Action":"pass","Package":"go.temporal.io/server/tools/gomad3/internal/gomadtool/architecture","Test":"TestEffectCallbackContextsAndUnwrapReturns","Elapsed":6.7}
{"Time":"2026-10-05T14:27:14.022967729Z","Action":"run","Package":"go.temporal.io/server/tools/gomad3/internal/gomadtool/architecture","Test":"TestPureMemoryFormattingAndJSON"}
{"Time":"2026-10-05T14:27:14.023012813Z","Action":"output","Package":"go.temporal.io/server/tools/gomad3/internal/gomadtool/architecture","Test":"TestPureMemoryFormattingAndJSON","Output":"=== RUN   TestPureMemoryFormattingAndJSON\n","OutputType":"frame"}
{"Time":"2026-10-05T14:27:14.390077813Z","Action":"output","Package":"go.temporal.io/server/tools/gomad3/internal/gomadtool/architecture","Test":"TestPureMemoryFormattingAndJSON","Output":"--- PASS: TestPureMemoryFormattingAndJSON (0.37s)\n","OutputType":"frame"}
{"Time":"2026-10-05T14:27:14.390162355Z","Action":"pass","Package":"go.temporal.io/server/tools/gomad3/internal/gomadtool/architecture","Test":"TestPureMemoryFormattingAndJSON","Elapsed":0.37}
{"Time":"2026-10-05T14:27:14.390188646Z","Action":"run","Package":"go.temporal.io/server/tools/gomad3/internal/gomadtool/architecture","Test":"TestPureJSONHelperRetainsConcreteArgument"}
{"Time":"2026-10-05T14:27:14.390216813Z","Action":"output","Package":"go.temporal.io/server/tools/gomad3/internal/gomadtool/architecture","Test":"TestPureJSONHelperRetainsConcreteArgument","Output":"=== RUN   TestPureJSONHelperRetainsConcreteArgument\n","OutputType":"frame"}
{"Time":"2026-10-05T14:27:14.812155896Z","Action":"output","Package":"go.temporal.io/server/tools/gomad3/internal/gomadtool/architecture","Test":"TestPureJSONHelperRetainsConcreteArgument","Output":"--- PASS: TestPureJSONHelperRetainsConcreteArgument (0.42s)\n","OutputType":"frame"}
{"Time":"2026-10-05T14:27:14.812280563Z","Action":"pass","Package":"go.temporal.io/server/tools/gomad3/internal/gomadtool/architecture","Test":"TestPureJSONHelperRetainsConcreteArgument","Elapsed":0.42}
{"Time":"2026-10-05T14:27:14.81231523Z","Action":"run","Package":"go.temporal.io/server/tools/gomad3/internal/gomadtool/architecture","Test":"TestImplicitCallbackPrecedence"}
{"Time":"2026-10-05T14:27:14.812357105Z","Action":"output","Package":"go.temporal.io/server/tools/gomad3/internal/gomadtool/architecture","Test":"TestImplicitCallbackPrecedence","Output":"=== RUN   TestImplicitCallbackPrecedence\n","OutputType":"frame"}
{"Time":"2026-10-05T14:27:14.812395855Z","Action":"run","Package":"go.temporal.io/server/tools/gomad3/internal/gomadtool/architecture","Test":"TestImplicitCallbackPrecedence/formatter-precedence"}
{"Time":"2026-10-05T14:27:14.81242048Z","Action":"output","Package":"go.temporal.io/server/tools/gomad3/internal/gomadtool/architecture","Test":"TestImplicitCallbackPrecedence/formatter-precedence","Output":"=== RUN   TestImplicitCallbackPrecedence/formatter-precedence\n","OutputType":"frame"}
{"Time":"2026-10-05T14:27:15.203789855Z","Action":"output","Package":"go.temporal.io/server/tools/gomad3/internal/gomadtool/architecture","Test":"TestImplicitCallbackPrecedence/formatter-precedence","Output":"--- PASS: TestImplicitCallbackPrecedence/formatter-precedence (0.39s)\n","OutputType":"frame"}
{"Time":"2026-10-05T14:27:15.20388848Z","Action":"pass","Package":"go.temporal.io/server/tools/gomad3/internal/gomadtool/architecture","Test":"TestImplicitCallbackPrecedence/formatter-precedence","Elapsed":0.39}
{"Time":"2026-10-05T14:27:15.203909772Z","Action":"run","Package":"go.temporal.io/server/tools/gomad3/internal/gomadtool/architecture","Test":"TestImplicitCallbackPrecedence/gostring-not-v"}
{"Time":"2026-10-05T14:27:15.203931063Z","Action":"output","Package":"go.temporal.io/server/tools/gomad3/internal/gomadtool/architecture","Test":"TestImplicitCallbackPrecedence/gostring-not-v","Output":"=== RUN   TestImplicitCallbackPrecedence/gostring-not-v\n","OutputType":"frame"}
{"Time":"2026-10-05T14:27:15.618307272Z","Action":"output","Package":"go.temporal.io/server/tools/gomad3/internal/gomadtool/architecture","Test":"TestImplicitCallbackPrecedence/gostring-not-v","Output":"--- PASS: TestImplicitCallbackPrecedence/gostring-not-v (0.41s)\n","OutputType":"frame"}
{"Time":"2026-10-05T14:27:15.618432272Z","Action":"pass","Package":"go.temporal.io/server/tools/gomad3/internal/gomadtool/architecture","Test":"TestImplicitCallbackPrecedence/gostring-not-v","Elapsed":0.41}
{"Time":"2026-10-05T14:27:15.618464813Z","Action":"run","Package":"go.temporal.io/server/tools/gomad3/internal/gomadtool/architecture","Test":"TestImplicitCallbackPrecedence/marshal-precedence"}
{"Time":"2026-10-05T14:27:15.618483397Z","Action":"output","Package":"go.temporal.io/server/tools/gomad3/internal/gomadtool/architecture","Test":"TestImplicitCallbackPrecedence/marshal-precedence","Output":"=== RUN   TestImplicitCallbackPrecedence/marshal-precedence\n","OutputType":"frame"}
{"Time":"2026-10-05T14:27:16.008754897Z","Action":"output","Package":"go.temporal.io/server/tools/gomad3/internal/gomadtool/architecture","Test":"TestImplicitCallbackPrecedence/marshal-precedence","Output":"--- PASS: TestImplicitCallbackPrecedence/marshal-precedence (0.39s)\n","OutputType":"frame"}
{"Time":"2026-10-05T14:27:16.008869522Z","Action":"pass","Package":"go.temporal.io/server/tools/gomad3/internal/gomadtool/architecture","Test":"TestImplicitCallbackPrecedence/marshal-precedence","Elapsed":0.39}
{"Time":"2026-10-05T14:27:16.008901689Z","Action":"run","Package":"go.temporal.io/server/tools/gomad3/internal/gomadtool/architecture","Test":"TestImplicitCallbackPrecedence/recursive-owned-copy"}
{"Time":"2026-10-05T14:27:16.00892073Z","Action":"output","Package":"go.temporal.io/server/tools/gomad3/internal/gomadtool/architecture","Test":"TestImplicitCallbackPrecedence/recursive-owned-copy","Output":"=== RUN   TestImplicitCallbackPrecedence/recursive-owned-copy\n","OutputType":"frame"}
{"Time":"2026-10-05T14:27:16.412584481Z","Action":"output","Package":"go.temporal.io/server/tools/gomad3/internal/gomadtool/architecture","Test":"TestImplicitCallbackPrecedence/recursive-owned-copy","Output":"--- PASS: TestImplicitCallbackPrecedence/recursive-owned-copy (0.40s)\n","OutputType":"frame"}
{"Time":"2026-10-05T14:27:16.412702522Z","Action":"pass","Package":"go.temporal.io/server/tools/gomad3/internal/gomadtool/architecture","Test":"TestImplicitCallbackPrecedence/recursive-owned-copy","Elapsed":0.4}
{"Time":"2026-10-05T14:27:16.412783731Z","Action":"run","Package":"go.temporal.io/server/tools/gomad3/internal/gomadtool/architecture","Test":"TestImplicitCallbackPrecedence/recursive-returned-closure"}
{"Time":"2026-10-05T14:27:16.412809064Z","Action":"output","Package":"go.temporal.io/server/tools/gomad3/internal/gomadtool/architecture","Test":"TestImplicitCallbackPrecedence/recursive-returned-closure","Output":"=== RUN   TestImplicitCallbackPrecedence/recursive-returned-closure\n","OutputType":"frame"}
{"Time":"2026-10-05T14:27:16.819194022Z","Action":"output","Package":"go.temporal.io/server/tools/gomad3/internal/gomadtool/architecture","Test":"TestImplicitCallbackPrecedence/recursive-returned-closure","Output":"--- PASS: TestImplicitCallbackPrecedence/recursive-returned-closure (0.41s)\n","OutputType":"frame"}
{"Time":"2026-10-05T14:27:16.819305189Z","Action":"pass","Package":"go.temporal.io/server/tools/gomad3/internal/gomadtool/architecture","Test":"TestImplicitCallbackPrecedence/recursive-returned-closure","Elapsed":0.41}
{"Time":"2026-10-05T14:27:16.819331147Z","Action":"run","Package":"go.temporal.io/server/tools/gomad3/internal/gomadtool/architecture","Test":"TestImplicitCallbackPrecedence/known-pure-closure-factory"}
{"Time":"2026-10-05T14:27:16.819351064Z","Action":"output","Package":"go.temporal.io/server/tools/gomad3/internal/gomadtool/architecture","Test":"TestImplicitCallbackPrecedence/known-pure-closure-factory","Output":"=== RUN   TestImplicitCallbackPrecedence/known-pure-closure-factory\n","OutputType":"frame"}
{"Time":"2026-10-05T14:27:17.205382314Z","Action":"output","Package":"go.temporal.io/server/tools/gomad3/internal/gomadtool/architecture","Test":"TestImplicitCallbackPrecedence/known-pure-closure-factory","Output":"--- PASS: TestImplicitCallbackPrecedence/known-pure-closure-factory (0.39s)\n","OutputType":"frame"}
{"Time":"2026-10-05T14:27:17.205483398Z","Action":"pass","Package":"go.temporal.io/server/tools/gomad3/internal/gomadtool/architecture","Test":"TestImplicitCallbackPrecedence/known-pure-closure-factory","Elapsed":0.39}
{"Time":"2026-10-05T14:27:17.205509023Z","Action":"run","Package":"go.temporal.io/server/tools/gomad3/internal/gomadtool/architecture","Test":"TestImplicitCallbackPrecedence/unwrap-does-not-call-multi"}
{"Time":"2026-10-05T14:27:17.205533773Z","Action":"output","Package":"go.temporal.io/server/tools/gomad3/internal/gomadtool/architecture","Test":"TestImplicitCallbackPrecedence/unwrap-does-not-call-multi","Output":"=== RUN   TestImplicitCallbackPrecedence/unwrap-does-not-call-multi\n","OutputType":"frame"}
{"Time":"2026-10-05T14:27:17.605216189Z","Action":"output","Package":"go.temporal.io/server/tools/gomad3/internal/gomadtool/architecture","Test":"TestImplicitCallbackPrecedence/unwrap-does-not-call-multi","Output":"--- PASS: TestImplicitCallbackPrecedence/unwrap-does-not-call-multi (0.40s)\n","OutputType":"frame"}
{"Time":"2026-10-05T14:27:17.605327606Z","Action":"pass","Package":"go.temporal.io/server/tools/gomad3/internal/gomadtool/architecture","Test":"TestImplicitCallbackPrecedence/unwrap-does-not-call-multi","Elapsed":0.4}
{"Time":"2026-10-05T14:27:17.605391689Z","Action":"output","Package":"go.temporal.io/server/tools/gomad3/internal/gomadtool/architecture","Test":"TestImplicitCallbackPrecedence","Output":"--- PASS: TestImplicitCallbackPrecedence (2.79s)\n","OutputType":"frame"}
{"Time":"2026-10-05T14:27:17.605420398Z","Action":"pass","Package":"go.temporal.io/server/tools/gomad3/internal/gomadtool/architecture","Test":"TestImplicitCallbackPrecedence","Elapsed":2.79}
{"Time":"2026-10-05T14:27:17.605476648Z","Action":"run","Package":"go.temporal.io/server/tools/gomad3/internal/gomadtool/architecture","Test":"TestPureCanonicalJSONConcreteArgument"}
{"Time":"2026-10-05T14:27:17.605495939Z","Action":"output","Package":"go.temporal.io/server/tools/gomad3/internal/gomadtool/architecture","Test":"TestPureCanonicalJSONConcreteArgument","Output":"=== RUN   TestPureCanonicalJSONConcreteArgument\n","OutputType":"frame"}
{"Time":"2026-10-05T14:27:18.019495315Z","Action":"output","Package":"go.temporal.io/server/tools/gomad3/internal/gomadtool/architecture","Test":"TestPureCanonicalJSONConcreteArgument","Output":"--- PASS: TestPureCanonicalJSONConcreteArgument (0.41s)\n","OutputType":"frame"}
{"Time":"2026-10-05T14:27:18.019611065Z","Action":"pass","Package":"go.temporal.io/server/tools/gomad3/internal/gomadtool/architecture","Test":"TestPureCanonicalJSONConcreteArgument","Elapsed":0.41}
{"Time":"2026-10-05T14:27:18.01964444Z","Action":"run","Package":"go.temporal.io/server/tools/gomad3/internal/gomadtool/architecture","Test":"TestErrorProvenanceUnwrap"}
{"Time":"2026-10-05T14:27:18.01966194Z","Action":"output","Package":"go.temporal.io/server/tools/gomad3/internal/gomadtool/architecture","Test":"TestErrorProvenanceUnwrap","Output":"=== RUN   TestErrorProvenanceUnwrap\n","OutputType":"frame"}
{"Time":"2026-10-05T14:27:18.019680815Z","Action":"run","Package":"go.temporal.io/server/tools/gomad3/internal/gomadtool/architecture","Test":"TestErrorProvenanceUnwrap/single-named-slice"}
{"Time":"2026-10-05T14:27:18.019698023Z","Action":"output","Package":"go.temporal.io/server/tools/gomad3/internal/gomadtool/architecture","Test":"TestErrorProvenanceUnwrap/single-named-slice","Output":"=== RUN   TestErrorProvenanceUnwrap/single-named-slice\n","OutputType":"frame"}
{"Time":"2026-10-05T14:27:18.12557219Z","Action":"output","Package":"go.temporal.io/server/tools/gomad3/internal/gomadtool/architecture","Test":"TestErrorProvenanceUnwrap/single-named-slice","Output":"    error_provenance_test.go:34: stock-host causal fixture: === RUN   TestBehavior\n"}
{"Time":"2026-10-05T14:27:18.125671731Z","Action":"output","Package":"go.temporal.io/server/tools/gomad3/internal/gomadtool/architecture","Test":"TestErrorProvenanceUnwrap/single-named-slice","Output":"            pure_test.go:1: actual callbacks=1 writer count=0\n"}
{"Time":"2026-10-05T14:27:18.12572219Z","Action":"output","Package":"go.temporal.io/server/tools/gomad3/internal/gomadtool/architecture","Test":"TestErrorProvenanceUnwrap/single-named-slice","Output":"        --- PASS: TestBehavior (0.00s)\n"}
{"Time":"2026-10-05T14:27:18.125755398Z","Action":"output","Package":"go.temporal.io/server/tools/gomad3/internal/gomadtool/architecture","Test":"TestErrorProvenanceUnwrap/single-named-slice","Output":"        PASS\n"}
{"Time":"2026-10-05T14:27:18.12576969Z","Action":"output","Package":"go.temporal.io/server/tools/gomad3/internal/gomadtool/architecture","Test":"TestErrorProvenanceUnwrap/single-named-slice","Output":"        ok  \texample.invalid/errorprovenance/record\t0.001s\n"}
{"Time":"2026-10-05T14:27:18.466617606Z","Action":"output","Package":"go.temporal.io/server/tools/gomad3/internal/gomadtool/architecture","Test":"TestErrorProvenanceUnwrap/single-named-slice","Output":"    error_provenance_test.go:34: metadata {linux amd64} package edges=0 effects=[{host-effect  /home/agent/.cache/codex-build/tmp/TestErrorProvenanceUnwrapsingle-named-slice1809079343/001/internal/canonicaljson/helper.go:1:256 example.invalid/errorprovenance/record.Check -\u003e example.invalid/errorprovenance/record.Check -\u003e example.invalid/errorprovenance/internal/canonicaljson.Leaf.Is -\u003e time.Now}]\n"}
{"Time":"2026-10-05T14:27:18.803751815Z","Action":"output","Package":"go.temporal.io/server/tools/gomad3/internal/gomadtool/architecture","Test":"TestErrorProvenanceUnwrap/single-named-slice","Output":"    error_provenance_test.go:34: metadata {darwin arm64} package edges=0 effects=[{host-effect  /home/agent/.cache/codex-build/tmp/TestErrorProvenanceUnwrapsingle-named-slice1809079343/001/internal/canonicaljson/helper.go:1:256 example.invalid/errorprovenance/record.Check -\u003e example.invalid/errorprovenance/record.Check -\u003e example.invalid/errorprovenance/internal/canonicaljson.Leaf.Is -\u003e time.Now}]\n"}
{"Time":"2026-10-05T14:27:18.803902607Z","Action":"output","Package":"go.temporal.io/server/tools/gomad3/internal/gomadtool/architecture","Test":"TestErrorProvenanceUnwrap/single-named-slice","Output":"--- PASS: TestErrorProvenanceUnwrap/single-named-slice (0.78s)\n","OutputType":"frame"}
{"Time":"2026-10-05T14:27:18.80395144Z","Action":"pass","Package":"go.temporal.io/server/tools/gomad3/internal/gomadtool/architecture","Test":"TestErrorProvenanceUnwrap/single-named-slice","Elapsed":0.78}
{"Time":"2026-10-05T14:27:18.804004648Z","Action":"run","Package":"go.temporal.io/server/tools/gomad3/internal/gomadtool/architecture","Test":"TestErrorProvenanceUnwrap/joined-named-slice"}
{"Time":"2026-10-05T14:27:18.804032857Z","Action":"output","Package":"go.temporal.io/server/tools/gomad3/internal/gomadtool/architecture","Test":"TestErrorProvenanceUnwrap/joined-named-slice","Output":"=== RUN   TestErrorProvenanceUnwrap/joined-named-slice\n","OutputType":"frame"}
{"Time":"2026-10-05T14:27:18.907065732Z","Action":"output","Package":"go.temporal.io/server/tools/gomad3/internal/gomadtool/architecture","Test":"TestErrorProvenanceUnwrap/joined-named-slice","Output":"    error_provenance_test.go:34: stock-host causal fixture: === RUN   TestBehavior\n"}
{"Time":"2026-10-05T14:27:18.907188273Z","Action":"output","Package":"go.temporal.io/server/tools/gomad3/internal/gomadtool/architecture","Test":"TestErrorProvenanceUnwrap/joined-named-slice","Output":"            pure_test.go:1: actual callbacks=1 writer count=0\n"}
{"Time":"2026-10-05T14:27:18.907213732Z","Action":"output","Package":"go.temporal.io/server/tools/gomad3/internal/gomadtool/architecture","Test":"TestErrorProvenanceUnwrap/joined-named-slice","Output":"        --- PASS: TestBehavior (0.00s)\n"}
{"Time":"2026-10-05T14:27:18.907227648Z","Action":"output","Package":"go.temporal.io/server/tools/gomad3/internal/gomadtool/architecture","Test":"TestErrorProvenanceUnwrap/joined-named-slice","Output":"        PASS\n"}
{"Time":"2026-10-05T14:27:18.907247273Z","Action":"output","Package":"go.temporal.io/server/tools/gomad3/internal/gomadtool/architecture","Test":"TestErrorProvenanceUnwrap/joined-named-slice","Output":"        ok  \texample.invalid/errorprovenance/record\t0.001s\n"}
{"Time":"2026-10-05T14:27:19.245248732Z","Action":"output","Package":"go.temporal.io/server/tools/gomad3/internal/gomadtool/architecture","Test":"TestErrorProvenanceUnwrap/joined-named-slice","Output":"    error_provenance_test.go:34: metadata {linux amd64} package edges=0 effects=[{host-effect  /home/agent/.cache/codex-build/tmp/TestErrorProvenanceUnwrapjoined-named-slice434252106/001/internal/canonicaljson/helper.go:1:256 example.invalid/errorprovenance/record.Check -\u003e example.invalid/errorprovenance/record.Check -\u003e example.invalid/errorprovenance/internal/canonicaljson.Leaf.Is -\u003e time.Now}]\n"}
{"Time":"2026-10-05T14:27:19.58988844Z","Action":"output","Package":"go.temporal.io/server/tools/gomad3/internal/gomadtool/architecture","Test":"TestErrorProvenanceUnwrap/joined-named-slice","Output":"    error_provenance_test.go:34: metadata {darwin arm64} package edges=0 effects=[{host-effect  /home/agent/.cache/codex-build/tmp/TestErrorProvenanceUnwrapjoined-named-slice434252106/001/internal/canonicaljson/helper.go:1:256 example.invalid/errorprovenance/record.Check -\u003e example.invalid/errorprovenance/record.Check -\u003e example.invalid/errorprovenance/internal/canonicaljson.Leaf.Is -\u003e time.Now}]\n"}
{"Time":"2026-10-05T14:27:19.590059982Z","Action":"output","Package":"go.temporal.io/server/tools/gomad3/internal/gomadtool/architecture","Test":"TestErrorProvenanceUnwrap/joined-named-slice","Output":"--- PASS: TestErrorProvenanceUnwrap/joined-named-slice (0.79s)\n","OutputType":"frame"}
{"Time":"2026-10-05T14:27:19.590102315Z","Action":"pass","Package":"go.temporal.io/server/tools/gomad3/internal/gomadtool/architecture","Test":"TestErrorProvenanceUnwrap/joined-named-slice","Elapsed":0.79}
{"Time":"2026-10-05T14:27:19.590153815Z","Action":"run","Package":"go.temporal.io/server/tools/gomad3/internal/gomadtool/architecture","Test":"TestErrorProvenanceUnwrap/wrapped-named-slice"}
{"Time":"2026-10-05T14:27:19.590176149Z","Action":"output","Package":"go.temporal.io/server/tools/gomad3/internal/gomadtool/architecture","Test":"TestErrorProvenanceUnwrap/wrapped-named-slice","Output":"=== RUN   TestErrorProvenanceUnwrap/wrapped-named-slice\n","OutputType":"frame"}
{"Time":"2026-10-05T14:27:19.694929315Z","Action":"output","Package":"go.temporal.io/server/tools/gomad3/internal/gomadtool/architecture","Test":"TestErrorProvenanceUnwrap/wrapped-named-slice","Output":"    error_provenance_test.go:34: stock-host causal fixture: === RUN   TestBehavior\n"}
{"Time":"2026-10-05T14:27:19.69502619Z","Action":"output","Package":"go.temporal.io/server/tools/gomad3/internal/gomadtool/architecture","Test":"TestErrorProvenanceUnwrap/wrapped-named-slice","Output":"            pure_test.go:1: actual callbacks=1 writer count=0\n"}
{"Time":"2026-10-05T14:27:19.695059107Z","Action":"output","Package":"go.temporal.io/server/tools/gomad3/internal/gomadtool/architecture","Test":"TestErrorProvenanceUnwrap/wrapped-named-slice","Output":"        --- PASS: TestBehavior (0.00s)\n"}
{"Time":"2026-10-05T14:27:19.69508819Z","Action":"output","Package":"go.temporal.io/server/tools/gomad3/internal/gomadtool/architecture","Test":"TestErrorProvenanceUnwrap/wrapped-named-slice","Output":"        PASS\n"}
{"Time":"2026-10-05T14:27:19.695136149Z","Action":"output","Package":"go.temporal.io/server/tools/gomad3/internal/gomadtool/architecture","Test":"TestErrorProvenanceUnwrap/wrapped-named-slice","Output":"        ok  \texample.invalid/errorprovenance/record\t0.001s\n"}
{"Time":"2026-10-05T14:27:20.028819149Z","Action":"output","Package":"go.temporal.io/server/tools/gomad3/internal/gomadtool/architecture","Test":"TestErrorProvenanceUnwrap/wrapped-named-slice","Output":"    error_provenance_test.go:34: metadata {linux amd64} package edges=0 effects=[{host-effect  /home/agent/.cache/codex-build/tmp/TestErrorProvenanceUnwrapwrapped-named-slice663312352/001/internal/canonicaljson/helper.go:1:256 example.invalid/errorprovenance/record.Check -\u003e example.invalid/errorprovenance/record.Check -\u003e example.invalid/errorprovenance/internal/canonicaljson.Leaf.Is -\u003e time.Now}]\n"}
{"Time":"2026-10-05T14:27:20.357382941Z","Action":"output","Package":"go.temporal.io/server/tools/gomad3/internal/gomadtool/architecture","Test":"TestErrorProvenanceUnwrap/wrapped-named-slice","Output":"    error_provenance_test.go:34: metadata {darwin arm64} package edges=0 effects=[{host-effect  /home/agent/.cache/codex-build/tmp/TestErrorProvenanceUnwrapwrapped-named-slice663312352/001/internal/canonicaljson/helper.go:1:256 example.invalid/errorprovenance/record.Check -\u003e example.invalid/errorprovenance/record.Check -\u003e example.invalid/errorprovenance/internal/canonicaljson.Leaf.Is -\u003e time.Now}]\n"}
{"Time":"2026-10-05T14:27:20.359024941Z","Action":"output","Package":"go.temporal.io/server/tools/gomad3/internal/gomadtool/architecture","Test":"TestErrorProvenanceUnwrap/wrapped-named-slice","Output":"--- PASS: TestErrorProvenanceUnwrap/wrapped-named-slice (0.77s)\n","OutputType":"frame"}
{"Time":"2026-10-05T14:27:20.359052649Z","Action":"pass","Package":"go.temporal.io/server/tools/gomad3/internal/gomadtool/architecture","Test":"TestErrorProvenanceUnwrap/wrapped-named-slice","Elapsed":0.77}
{"Time":"2026-10-05T14:27:20.359077441Z","Action":"run","Package":"go.temporal.io/server/tools/gomad3/internal/gomadtool/architecture","Test":"TestErrorProvenanceUnwrap/as-named-slice"}
{"Time":"2026-10-05T14:27:20.359094524Z","Action":"output","Package":"go.temporal.io/server/tools/gomad3/internal/gomadtool/architecture","Test":"TestErrorProvenanceUnwrap/as-named-slice","Output":"=== RUN   TestErrorProvenanceUnwrap/as-named-slice\n","OutputType":"frame"}
{"Time":"2026-10-05T14:27:20.464810441Z","Action":"output","Package":"go.temporal.io/server/tools/gomad3/internal/gomadtool/architecture","Test":"TestErrorProvenanceUnwrap/as-named-slice","Output":"    error_provenance_test.go:34: stock-host causal fixture: === RUN   TestBehavior\n"}
{"Time":"2026-10-05T14:27:20.464906357Z","Action":"output","Package":"go.temporal.io/server/tools/gomad3/internal/gomadtool/architecture","Test":"TestErrorProvenanceUnwrap/as-named-slice","Output":"            pure_test.go:1: actual callbacks=1 writer count=0\n"}
{"Time":"2026-10-05T14:27:20.464948774Z","Action":"output","Package":"go.temporal.io/server/tools/gomad3/internal/gomadtool/architecture","Test":"TestErrorProvenanceUnwrap/as-named-slice","Output":"        --- PASS: TestBehavior (0.00s)\n"}
{"Time":"2026-10-05T14:27:20.464971774Z","Action":"output","Package":"go.temporal.io/server/tools/gomad3/internal/gomadtool/architecture","Test":"TestErrorProvenanceUnwrap/as-named-slice","Output":"        PASS\n"}
{"Time":"2026-10-05T14:27:20.464985399Z","Action":"output","Package":"go.temporal.io/server/tools/gomad3/internal/gomadtool/architecture","Test":"TestErrorProvenanceUnwrap/as-named-slice","Output":"        ok  \texample.invalid/errorprovenance/record\t0.001s\n"}
{"Time":"2026-10-05T14:27:20.810293483Z","Action":"output","Package":"go.temporal.io/server/tools/gomad3/internal/gomadtool/architecture","Test":"TestErrorProvenanceUnwrap/as-named-slice","Output":"    error_provenance_test.go:34: metadata {linux amd64} package edges=0 effects=[{host-effect  /home/agent/.cache/codex-build/tmp/TestErrorProvenanceUnwrapas-named-slice66862636/001/internal/canonicaljson/helper.go:1:254 example.invalid/errorprovenance/record.Check -\u003e example.invalid/errorprovenance/record.Check -\u003e example.invalid/errorprovenance/internal/canonicaljson.Leaf.As -\u003e time.Now}]\n"}
{"Time":"2026-10-05T14:27:21.142459524Z","Action":"output","Package":"go.temporal.io/server/tools/gomad3/internal/gomadtool/architecture","Test":"TestErrorProvenanceUnwrap/as-named-slice","Output":"    error_provenance_test.go:34: metadata {darwin arm64} package edges=0 effects=[{host-effect  /home/agent/.cache/codex-build/tmp/TestErrorProvenanceUnwrapas-named-slice66862636/001/internal/canonicaljson/helper.go:1:254 example.invalid/errorprovenance/record.Check -\u003e example.invalid/errorprovenance/record.Check -\u003e example.invalid/errorprovenance/internal/canonicaljson.Leaf.As -\u003e time.Now}]\n"}
{"Time":"2026-10-05T14:27:21.142588649Z","Action":"output","Package":"go.temporal.io/server/tools/gomad3/internal/gomadtool/architecture","Test":"TestErrorProvenanceUnwrap/as-named-slice","Output":"--- PASS: TestErrorProvenanceUnwrap/as-named-slice (0.78s)\n","OutputType":"frame"}
{"Time":"2026-10-05T14:27:21.142631274Z","Action":"pass","Package":"go.temporal.io/server/tools/gomad3/internal/gomadtool/architecture","Test":"TestErrorProvenanceUnwrap/as-named-slice","Elapsed":0.78}
{"Time":"2026-10-05T14:27:21.142660983Z","Action":"run","Package":"go.temporal.io/server/tools/gomad3/internal/gomadtool/architecture","Test":"TestErrorProvenanceUnwrap/direct-named-slice"}
{"Time":"2026-10-05T14:27:21.142683233Z","Action":"output","Package":"go.temporal.io/server/tools/gomad3/internal/gomadtool/architecture","Test":"TestErrorProvenanceUnwrap/direct-named-slice","Output":"=== RUN   TestErrorProvenanceUnwrap/direct-named-slice\n","OutputType":"frame"}
{"Time":"2026-10-05T14:27:21.248206191Z","Action":"output","Package":"go.temporal.io/server/tools/gomad3/internal/gomadtool/architecture","Test":"TestErrorProvenanceUnwrap/direct-named-slice","Output":"    error_provenance_test.go:34: stock-host causal fixture: === RUN   TestBehavior\n"}
{"Time":"2026-10-05T14:27:21.248313399Z","Action":"output","Package":"go.temporal.io/server/tools/gomad3/internal/gomadtool/architecture","Test":"TestErrorProvenanceUnwrap/direct-named-slice","Output":"            pure_test.go:1: actual callbacks=1 writer count=0\n"}
{"Time":"2026-10-05T14:27:21.248367733Z","Action":"output","Package":"go.temporal.io/server/tools/gomad3/internal/gomadtool/architecture","Test":"TestErrorProvenanceUnwrap/direct-named-slice","Output":"        --- PASS: TestBehavior (0.00s)\n"}
{"Time":"2026-10-05T14:27:21.248399858Z","Action":"output","Package":"go.temporal.io/server/tools/gomad3/internal/gomadtool/architecture","Test":"TestErrorProvenanceUnwrap/direct-named-slice","Output":"        PASS\n"}
{"Time":"2026-10-05T14:27:21.248428983Z","Action":"output","Package":"go.temporal.io/server/tools/gomad3/internal/gomadtool/architecture","Test":"TestErrorProvenanceUnwrap/direct-named-slice","Output":"        ok  \texample.invalid/errorprovenance/record\t0.001s\n"}
{"Time":"2026-10-05T14:27:21.5843114Z","Action":"output","Package":"go.temporal.io/server/tools/gomad3/internal/gomadtool/architecture","Test":"TestErrorProvenanceUnwrap/direct-named-slice","Output":"    error_provenance_test.go:34: metadata {linux amd64} package edges=0 effects=[{host-effect  /home/agent/.cache/codex-build/tmp/TestErrorProvenanceUnwrapdirect-named-slice780209262/001/internal/canonicaljson/helper.go:1:154 example.invalid/errorprovenance/record.Check -\u003e example.invalid/errorprovenance/record.Check -\u003e example.invalid/errorprovenance/internal/canonicaljson.Leaf.Is -\u003e time.Now}]\n"}
{"Time":"2026-10-05T14:27:21.925623191Z","Action":"output","Package":"go.temporal.io/server/tools/gomad3/internal/gomadtool/architecture","Test":"TestErrorProvenanceUnwrap/direct-named-slice","Output":"    error_provenance_test.go:34: metadata {darwin arm64} package edges=0 effects=[{host-effect  /home/agent/.cache/codex-build/tmp/TestErrorProvenanceUnwrapdirect-named-slice780209262/001/internal/canonicaljson/helper.go:1:154 example.invalid/errorprovenance/record.Check -\u003e example.invalid/errorprovenance/record.Check -\u003e example.invalid/errorprovenance/internal/canonicaljson.Leaf.Is -\u003e time.Now}]\n"}
{"Time":"2026-10-05T14:27:21.92575115Z","Action":"output","Package":"go.temporal.io/server/tools/gomad3/internal/gomadtool/architecture","Test":"TestErrorProvenanceUnwrap/direct-named-slice","Output":"--- PASS: TestErrorProvenanceUnwrap/direct-named-slice (0.78s)\n","OutputType":"frame"}
{"Time":"2026-10-05T14:27:21.925781483Z","Action":"pass","Package":"go.temporal.io/server/tools/gomad3/internal/gomadtool/architecture","Test":"TestErrorProvenanceUnwrap/direct-named-slice","Elapsed":0.78}
{"Time":"2026-10-05T14:27:21.9258034Z","Action":"run","Package":"go.temporal.io/server/tools/gomad3/internal/gomadtool/architecture","Test":"TestErrorProvenanceUnwrap/true-multi"}
{"Time":"2026-10-05T14:27:21.925819691Z","Action":"output","Package":"go.temporal.io/server/tools/gomad3/internal/gomadtool/architecture","Test":"TestErrorProvenanceUnwrap/true-multi","Output":"=== RUN   TestErrorProvenanceUnwrap/true-multi\n","OutputType":"frame"}
{"Time":"2026-10-05T14:27:22.028715983Z","Action":"output","Package":"go.temporal.io/server/tools/gomad3/internal/gomadtool/architecture","Test":"TestErrorProvenanceUnwrap/true-multi","Output":"    error_provenance_test.go:34: stock-host causal fixture: === RUN   TestBehavior\n"}
{"Time":"2026-10-05T14:27:22.028821817Z","Action":"output","Package":"go.temporal.io/server/tools/gomad3/internal/gomadtool/architecture","Test":"TestErrorProvenanceUnwrap/true-multi","Output":"            pure_test.go:1: actual callbacks=1 writer count=0\n"}
{"Time":"2026-10-05T14:27:22.028853733Z","Action":"output","Package":"go.temporal.io/server/tools/gomad3/internal/gomadtool/architecture","Test":"TestErrorProvenanceUnwrap/true-multi","Output":"        --- PASS: TestBehavior (0.00s)\n"}
{"Time":"2026-10-05T14:27:22.028873067Z","Action":"output","Package":"go.temporal.io/server/tools/gomad3/internal/gomadtool/architecture","Test":"TestErrorProvenanceUnwrap/true-multi","Output":"        PASS\n"}
{"Time":"2026-10-05T14:27:22.028891942Z","Action":"output","Package":"go.temporal.io/server/tools/gomad3/internal/gomadtool/architecture","Test":"TestErrorProvenanceUnwrap/true-multi","Output":"        ok  \texample.invalid/errorprovenance/record\t0.001s\n"}
{"Time":"2026-10-05T14:27:22.36845715Z","Action":"output","Package":"go.temporal.io/server/tools/gomad3/internal/gomadtool/architecture","Test":"TestErrorProvenanceUnwrap/true-multi","Output":"    error_provenance_test.go:34: metadata {linux amd64} package edges=0 effects=[{host-effect  /home/agent/.cache/codex-build/tmp/TestErrorProvenanceUnwraptrue-multi3197478928/001/internal/canonicaljson/helper.go:1:267 example.invalid/errorprovenance/record.Check -\u003e example.invalid/errorprovenance/record.Check -\u003e example.invalid/errorprovenance/internal/canonicaljson.Leaf.Is -\u003e time.Now}]\n"}
{"Time":"2026-10-05T14:27:22.708985442Z","Action":"output","Package":"go.temporal.io/server/tools/gomad3/internal/gomadtool/architecture","Test":"TestErrorProvenanceUnwrap/true-multi","Output":"    error_provenance_test.go:34: metadata {darwin arm64} package edges=0 effects=[{host-effect  /home/agent/.cache/codex-build/tmp/TestErrorProvenanceUnwraptrue-multi3197478928/001/internal/canonicaljson/helper.go:1:267 example.invalid/errorprovenance/record.Check -\u003e example.invalid/errorprovenance/record.Check -\u003e example.invalid/errorprovenance/internal/canonicaljson.Leaf.Is -\u003e time.Now}]\n"}
{"Time":"2026-10-05T14:27:22.709132275Z","Action":"output","Package":"go.temporal.io/server/tools/gomad3/internal/gomadtool/architecture","Test":"TestErrorProvenanceUnwrap/true-multi","Output":"--- PASS: TestErrorProvenanceUnwrap/true-multi (0.78s)\n","OutputType":"frame"}
{"Time":"2026-10-05T14:27:22.709157567Z","Action":"pass","Package":"go.temporal.io/server/tools/gomad3/internal/gomadtool/architecture","Test":"TestErrorProvenanceUnwrap/true-multi","Elapsed":0.78}
{"Time":"2026-10-05T14:27:22.709180817Z","Action":"run","Package":"go.temporal.io/server/tools/gomad3/internal/gomadtool/architecture","Test":"TestErrorProvenanceUnwrap/single-only"}
{"Time":"2026-10-05T14:27:22.70919765Z","Action":"output","Package":"go.temporal.io/server/tools/gomad3/internal/gomadtool/architecture","Test":"TestErrorProvenanceUnwrap/single-only","Output":"=== RUN   TestErrorProvenanceUnwrap/single-only\n","OutputType":"frame"}
{"Time":"2026-10-05T14:27:22.814181942Z","Action":"output","Package":"go.temporal.io/server/tools/gomad3/internal/gomadtool/architecture","Test":"TestErrorProvenanceUnwrap/single-only","Output":"    error_provenance_test.go:34: stock-host causal fixture: === RUN   TestBehavior\n"}
{"Time":"2026-10-05T14:27:22.814278609Z","Action":"output","Package":"go.temporal.io/server/tools/gomad3/internal/gomadtool/architecture","Test":"TestErrorProvenanceUnwrap/single-only","Output":"            pure_test.go:1: actual callbacks=0 writer count=0\n"}
{"Time":"2026-10-05T14:27:22.814300859Z","Action":"output","Package":"go.temporal.io/server/tools/gomad3/internal/gomadtool/architecture","Test":"TestErrorProvenanceUnwrap/single-only","Output":"        --- PASS: TestBehavior (0.00s)\n"}
{"Time":"2026-10-05T14:27:22.814326234Z","Action":"output","Package":"go.temporal.io/server/tools/gomad3/internal/gomadtool/architecture","Test":"TestErrorProvenanceUnwrap/single-only","Output":"        PASS\n"}
{"Time":"2026-10-05T14:27:22.814343817Z","Action":"output","Package":"go.temporal.io/server/tools/gomad3/internal/gomadtool/architecture","Test":"TestErrorProvenanceUnwrap/single-only","Output":"        ok  \texample.invalid/errorprovenance/record\t0.001s\n"}
{"Time":"2026-10-05T14:27:23.177917859Z","Action":"output","Package":"go.temporal.io/server/tools/gomad3/internal/gomadtool/architecture","Test":"TestErrorProvenanceUnwrap/single-only","Output":"    error_provenance_test.go:34: metadata {linux amd64} package edges=0 effects=[]\n"}
{"Time":"2026-10-05T14:27:23.503488401Z","Action":"output","Package":"go.temporal.io/server/tools/gomad3/internal/gomadtool/architecture","Test":"TestErrorProvenanceUnwrap/single-only","Output":"    error_provenance_test.go:34: metadata {darwin arm64} package edges=0 effects=[]\n"}
{"Time":"2026-10-05T14:27:23.503664484Z","Action":"output","Package":"go.temporal.io/server/tools/gomad3/internal/gomadtool/architecture","Test":"TestErrorProvenanceUnwrap/single-only","Output":"--- PASS: TestErrorProvenanceUnwrap/single-only (0.79s)\n","OutputType":"frame"}
{"Time":"2026-10-05T14:27:23.503697609Z","Action":"pass","Package":"go.temporal.io/server/tools/gomad3/internal/gomadtool/architecture","Test":"TestErrorProvenanceUnwrap/single-only","Elapsed":0.79}
{"Time":"2026-10-05T14:27:23.503724609Z","Action":"run","Package":"go.temporal.io/server/tools/gomad3/internal/gomadtool/architecture","Test":"TestErrorProvenanceUnwrap/clean-slice"}
{"Time":"2026-10-05T14:27:23.503755276Z","Action":"output","Package":"go.temporal.io/server/tools/gomad3/internal/gomadtool/architecture","Test":"TestErrorProvenanceUnwrap/clean-slice","Output":"=== RUN   TestErrorProvenanceUnwrap/clean-slice\n","OutputType":"frame"}
{"Time":"2026-10-05T14:27:23.607214734Z","Action":"output","Package":"go.temporal.io/server/tools/gomad3/internal/gomadtool/architecture","Test":"TestErrorProvenanceUnwrap/clean-slice","Output":"    error_provenance_test.go:34: stock-host causal fixture: === RUN   TestBehavior\n"}
{"Time":"2026-10-05T14:27:23.607308984Z","Action":"output","Package":"go.temporal.io/server/tools/gomad3/internal/gomadtool/architecture","Test":"TestErrorProvenanceUnwrap/clean-slice","Output":"            pure_test.go:1: actual callbacks=0 writer count=0\n"}
{"Time":"2026-10-05T14:27:23.607339276Z","Action":"output","Package":"go.temporal.io/server/tools/gomad3/internal/gomadtool/architecture","Test":"TestErrorProvenanceUnwrap/clean-slice","Output":"        --- PASS: TestBehavior (0.00s)\n"}
{"Time":"2026-10-05T14:27:23.607388567Z","Action":"output","Package":"go.temporal.io/server/tools/gomad3/internal/gomadtool/architecture","Test":"TestErrorProvenanceUnwrap/clean-slice","Output":"        PASS\n"}
{"Time":"2026-10-05T14:27:23.607411651Z","Action":"output","Package":"go.temporal.io/server/tools/gomad3/internal/gomadtool/architecture","Test":"TestErrorProvenanceUnwrap/clean-slice","Output":"        ok  \texample.invalid/errorprovenance/record\t0.001s\n"}
{"Time":"2026-10-05T14:27:23.942636317Z","Action":"output","Package":"go.temporal.io/server/tools/gomad3/internal/gomadtool/architecture","Test":"TestErrorProvenanceUnwrap/clean-slice","Output":"    error_provenance_test.go:34: metadata {linux amd64} package edges=0 effects=[]\n"}
{"Time":"2026-10-05T14:27:24.268194734Z","Action":"output","Package":"go.temporal.io/server/tools/gomad3/internal/gomadtool/architecture","Test":"TestErrorProvenanceUnwrap/clean-slice","Output":"    error_provenance_test.go:34: metadata {darwin arm64} package edges=0 effects=[]\n"}
{"Time":"2026-10-05T14:27:24.268325901Z","Action":"output","Package":"go.temporal.io/server/tools/gomad3/internal/gomadtool/architecture","Test":"TestErrorProvenanceUnwrap/clean-slice","Output":"--- PASS: TestErrorProvenanceUnwrap/clean-slice (0.76s)\n","OutputType":"frame"}
{"Time":"2026-10-05T14:27:24.268352318Z","Action":"pass","Package":"go.temporal.io/server/tools/gomad3/internal/gomadtool/architecture","Test":"TestErrorProvenanceUnwrap/clean-slice","Elapsed":0.76}
{"Time":"2026-10-05T14:27:24.268378318Z","Action":"run","Package":"go.temporal.io/server/tools/gomad3/internal/gomadtool/architecture","Test":"TestErrorProvenanceUnwrap/nil-child"}
{"Time":"2026-10-05T14:27:24.268404484Z","Action":"output","Package":"go.temporal.io/server/tools/gomad3/internal/gomadtool/architecture","Test":"TestErrorProvenanceUnwrap/nil-child","Output":"=== RUN   TestErrorProvenanceUnwrap/nil-child\n","OutputType":"frame"}
{"Time":"2026-10-05T14:27:24.373402359Z","Action":"output","Package":"go.temporal.io/server/tools/gomad3/internal/gomadtool/architecture","Test":"TestErrorProvenanceUnwrap/nil-child","Output":"    error_provenance_test.go:34: stock-host causal fixture: === RUN   TestBehavior\n"}
{"Time":"2026-10-05T14:27:24.373489401Z","Action":"output","Package":"go.temporal.io/server/tools/gomad3/internal/gomadtool/architecture","Test":"TestErrorProvenanceUnwrap/nil-child","Output":"            pure_test.go:1: actual callbacks=0 writer count=0\n"}
{"Time":"2026-10-05T14:27:24.373525151Z","Action":"output","Package":"go.temporal.io/server/tools/gomad3/internal/gomadtool/architecture","Test":"TestErrorProvenanceUnwrap/nil-child","Output":"        --- PASS: TestBehavior (0.00s)\n"}
{"Time":"2026-10-05T14:27:24.373547984Z","Action":"output","Package":"go.temporal.io/server/tools/gomad3/internal/gomadtool/architecture","Test":"TestErrorProvenanceUnwrap/nil-child","Output":"        PASS\n"}
{"Time":"2026-10-05T14:27:24.373603859Z","Action":"output","Package":"go.temporal.io/server/tools/gomad3/internal/gomadtool/architecture","Test":"TestErrorProvenanceUnwrap/nil-child","Output":"        ok  \texample.invalid/errorprovenance/record\t0.001s\n"}
{"Time":"2026-10-05T14:27:24.719567276Z","Action":"output","Package":"go.temporal.io/server/tools/gomad3/internal/gomadtool/architecture","Test":"TestErrorProvenanceUnwrap/nil-child","Output":"    error_provenance_test.go:34: metadata {linux amd64} package edges=0 effects=[]\n"}
{"Time":"2026-10-05T14:27:25.03943261Z","Action":"output","Package":"go.temporal.io/server/tools/gomad3/internal/gomadtool/architecture","Test":"TestErrorProvenanceUnwrap/nil-child","Output":"    error_provenance_test.go:34: metadata {darwin arm64} package edges=0 effects=[]\n"}
{"Time":"2026-10-05T14:27:25.039590318Z","Action":"output","Package":"go.temporal.io/server/tools/gomad3/internal/gomadtool/architecture","Test":"TestErrorProvenanceUnwrap/nil-child","Output":"--- PASS: TestErrorProvenanceUnwrap/nil-child (0.77s)\n","OutputType":"frame"}
{"Time":"2026-10-05T14:27:25.039622151Z","Action":"pass","Package":"go.temporal.io/server/tools/gomad3/internal/gomadtool/architecture","Test":"TestErrorProvenanceUnwrap/nil-child","Elapsed":0.77}
{"Time":"2026-10-05T14:27:25.039646776Z","Action":"run","Package":"go.temporal.io/server/tools/gomad3/internal/gomadtool/architecture","Test":"TestErrorProvenanceUnwrap/empty-multi"}
{"Time":"2026-10-05T14:27:25.039663901Z","Action":"output","Package":"go.temporal.io/server/tools/gomad3/internal/gomadtool/architecture","Test":"TestErrorProvenanceUnwrap/empty-multi","Output":"=== RUN   TestErrorProvenanceUnwrap/empty-multi\n","OutputType":"frame"}
{"Time":"2026-10-05T14:27:25.142315318Z","Action":"output","Package":"go.temporal.io/server/tools/gomad3/internal/gomadtool/architecture","Test":"TestErrorProvenanceUnwrap/empty-multi","Output":"    error_provenance_test.go:34: stock-host causal fixture: === RUN   TestBehavior\n"}
{"Time":"2026-10-05T14:27:25.142414943Z","Action":"output","Package":"go.temporal.io/server/tools/gomad3/internal/gomadtool/architecture","Test":"TestErrorProvenanceUnwrap/empty-multi","Output":"            pure_test.go:1: actual callbacks=0 writer count=0\n"}
{"Time":"2026-10-05T14:27:25.142436776Z","Action":"output","Package":"go.temporal.io/server/tools/gomad3/internal/gomadtool/architecture","Test":"TestErrorProvenanceUnwrap/empty-multi","Output":"        --- PASS: TestBehavior (0.00s)\n"}
{"Time":"2026-10-05T14:27:25.142480318Z","Action":"output","Package":"go.temporal.io/server/tools/gomad3/internal/gomadtool/architecture","Test":"TestErrorProvenanceUnwrap/empty-multi","Output":"        PASS\n"}
{"Time":"2026-10-05T14:27:25.142501526Z","Action":"output","Package":"go.temporal.io/server/tools/gomad3/internal/gomadtool/architecture","Test":"TestErrorProvenanceUnwrap/empty-multi","Output":"        ok  \texample.invalid/errorprovenance/record\t0.001s\n"}
{"Time":"2026-10-05T14:27:25.493143818Z","Action":"output","Package":"go.temporal.io/server/tools/gomad3/internal/gomadtool/architecture","Test":"TestErrorProvenanceUnwrap/empty-multi","Output":"    error_provenance_test.go:34: metadata {linux amd64} package edges=0 effects=[]\n"}
{"Time":"2026-10-05T14:27:25.829761693Z","Action":"output","Package":"go.temporal.io/server/tools/gomad3/internal/gomadtool/architecture","Test":"TestErrorProvenanceUnwrap/empty-multi","Output":"    error_provenance_test.go:34: metadata {darwin arm64} package edges=0 effects=[]\n"}
{"Time":"2026-10-05T14:27:25.829895152Z","Action":"output","Package":"go.temporal.io/server/tools/gomad3/internal/gomadtool/architecture","Test":"TestErrorProvenanceUnwrap/empty-multi","Output":"--- PASS: TestErrorProvenanceUnwrap/empty-multi (0.79s)\n","OutputType":"frame"}
{"Time":"2026-10-05T14:27:25.829930277Z","Action":"pass","Package":"go.temporal.io/server/tools/gomad3/internal/gomadtool/architecture","Test":"TestErrorProvenanceUnwrap/empty-multi","Elapsed":0.79}
{"Time":"2026-10-05T14:27:25.829959027Z","Action":"run","Package":"go.temporal.io/server/tools/gomad3/internal/gomadtool/architecture","Test":"TestErrorProvenanceUnwrap/nil-slice-node"}
{"Time":"2026-10-05T14:27:25.829992318Z","Action":"output","Package":"go.temporal.io/server/tools/gomad3/internal/gomadtool/architecture","Test":"TestErrorProvenanceUnwrap/nil-slice-node","Output":"=== RUN   TestErrorProvenanceUnwrap/nil-slice-node\n","OutputType":"frame"}
{"Time":"2026-10-05T14:27:25.931298777Z","Action":"output","Package":"go.temporal.io/server/tools/gomad3/internal/gomadtool/architecture","Test":"TestErrorProvenanceUnwrap/nil-slice-node","Output":"    error_provenance_test.go:34: stock-host causal fixture: === RUN   TestBehavior\n"}
{"Time":"2026-10-05T14:27:25.931426318Z","Action":"output","Package":"go.temporal.io/server/tools/gomad3/internal/gomadtool/architecture","Test":"TestErrorProvenanceUnwrap/nil-slice-node","Output":"            pure_test.go:1: actual callbacks=1 writer count=0\n"}
{"Time":"2026-10-05T14:27:25.931461735Z","Action":"output","Package":"go.temporal.io/server/tools/gomad3/internal/gomadtool/architecture","Test":"TestErrorProvenanceUnwrap/nil-slice-node","Output":"        --- PASS: TestBehavior (0.00s)\n"}
{"Time":"2026-10-05T14:27:25.931500777Z","Action":"output","Package":"go.temporal.io/server/tools/gomad3/internal/gomadtool/architecture","Test":"TestErrorProvenanceUnwrap/nil-slice-node","Output":"        PASS\n"}
{"Time":"2026-10-05T14:27:25.93150986Z","Action":"output","Package":"go.temporal.io/server/tools/gomad3/internal/gomadtool/architecture","Test":"TestErrorProvenanceUnwrap/nil-slice-node","Output":"        ok  \texample.invalid/errorprovenance/record\t0.001s\n"}
{"Time":"2026-10-05T14:27:26.26454486Z","Action":"output","Package":"go.temporal.io/server/tools/gomad3/internal/gomadtool/architecture","Test":"TestErrorProvenanceUnwrap/nil-slice-node","Output":"    error_provenance_test.go:34: metadata {linux amd64} package edges=0 effects=[{host-effect  /home/agent/.cache/codex-build/tmp/TestErrorProvenanceUnwrapnil-slice-node2801685845/001/internal/canonicaljson/helper.go:1:258 example.invalid/errorprovenance/record.Check -\u003e example.invalid/errorprovenance/record.Check -\u003e example.invalid/errorprovenance/internal/canonicaljson.Leaf.Is -\u003e time.Now}]\n"}
{"Time":"2026-10-05T14:27:26.591141069Z","Action":"output","Package":"go.temporal.io/server/tools/gomad3/internal/gomadtool/architecture","Test":"TestErrorProvenanceUnwrap/nil-slice-node","Output":"    error_provenance_test.go:34: metadata {darwin arm64} package edges=0 effects=[{host-effect  /home/agent/.cache/codex-build/tmp/TestErrorProvenanceUnwrapnil-slice-node2801685845/001/internal/canonicaljson/helper.go:1:258 example.invalid/errorprovenance/record.Check -\u003e example.invalid/errorprovenance/record.Check -\u003e example.invalid/errorprovenance/internal/canonicaljson.Leaf.Is -\u003e time.Now}]\n"}
{"Time":"2026-10-05T14:27:26.59126511Z","Action":"output","Package":"go.temporal.io/server/tools/gomad3/internal/gomadtool/architecture","Test":"TestErrorProvenanceUnwrap/nil-slice-node","Output":"--- PASS: TestErrorProvenanceUnwrap/nil-slice-node (0.76s)\n","OutputType":"frame"}
{"Time":"2026-10-05T14:27:26.591318652Z","Action":"pass","Package":"go.temporal.io/server/tools/gomad3/internal/gomadtool/architecture","Test":"TestErrorProvenanceUnwrap/nil-slice-node","Elapsed":0.76}
{"Time":"2026-10-05T14:27:26.59136036Z","Action":"output","Package":"go.temporal.io/server/tools/gomad3/internal/gomadtool/architecture","Test":"TestErrorProvenanceUnwrap","Output":"--- PASS: TestErrorProvenanceUnwrap (8.57s)\n","OutputType":"frame"}
{"Time":"2026-10-05T14:27:26.591438694Z","Action":"pass","Package":"go.temporal.io/server/tools/gomad3/internal/gomadtool/architecture","Test":"TestErrorProvenanceUnwrap","Elapsed":8.57}
{"Time":"2026-10-05T14:27:26.591481777Z","Action":"run","Package":"go.temporal.io/server/tools/gomad3/internal/gomadtool/architecture","Test":"TestErrorProvenanceConversion"}
{"Time":"2026-10-05T14:27:26.591502902Z","Action":"output","Package":"go.temporal.io/server/tools/gomad3/internal/gomadtool/architecture","Test":"TestErrorProvenanceConversion","Output":"=== RUN   TestErrorProvenanceConversion\n","OutputType":"frame"}
{"Time":"2026-10-05T14:27:26.591529194Z","Action":"run","Package":"go.temporal.io/server/tools/gomad3/internal/gomadtool/architecture","Test":"TestErrorProvenanceConversion/typed-source"}
{"Time":"2026-10-05T14:27:26.591550944Z","Action":"output","Package":"go.temporal.io/server/tools/gomad3/internal/gomadtool/architecture","Test":"TestErrorProvenanceConversion/typed-source","Output":"=== RUN   TestErrorProvenanceConversion/typed-source\n","OutputType":"frame"}
{"Time":"2026-10-05T14:27:26.697905777Z","Action":"output","Package":"go.temporal.io/server/tools/gomad3/internal/gomadtool/architecture","Test":"TestErrorProvenanceConversion/typed-source","Output":"    error_provenance_test.go:52: stock-host causal fixture: === RUN   TestBehavior\n"}
{"Time":"2026-10-05T14:27:26.697980485Z","Action":"output","Package":"go.temporal.io/server/tools/gomad3/internal/gomadtool/architecture","Test":"TestErrorProvenanceConversion/typed-source","Output":"            pure_test.go:1: actual callbacks=1 writer count=0\n"}
{"Time":"2026-10-05T14:27:26.698007652Z","Action":"output","Package":"go.temporal.io/server/tools/gomad3/internal/gomadtool/architecture","Test":"TestErrorProvenanceConversion/typed-source","Output":"        --- PASS: TestBehavior (0.00s)\n"}
{"Time":"2026-10-05T14:27:26.698029194Z","Action":"output","Package":"go.temporal.io/server/tools/gomad3/internal/gomadtool/architecture","Test":"TestErrorProvenanceConversion/typed-source","Output":"        PASS\n"}
{"Time":"2026-10-05T14:27:26.698043819Z","Action":"output","Package":"go.temporal.io/server/tools/gomad3/internal/gomadtool/architecture","Test":"TestErrorProvenanceConversion/typed-source","Output":"        ok  \texample.invalid/errorprovenance/record\t0.001s\n"}
{"Time":"2026-10-05T14:27:27.049418819Z","Action":"output","Package":"go.temporal.io/server/tools/gomad3/internal/gomadtool/architecture","Test":"TestErrorProvenanceConversion/typed-source","Output":"    error_provenance_test.go:52: metadata {linux amd64} package edges=0 effects=[{host-effect  /home/agent/.cache/codex-build/tmp/TestErrorProvenanceConversiontyped-source4085167071/001/internal/canonicaljson/helper.go:1:113 example.invalid/errorprovenance/record.Check -\u003e example.invalid/errorprovenance/record.Check -\u003e example.invalid/errorprovenance/internal/canonicaljson.Leaf.Error -\u003e time.Now}]\n"}
{"Time":"2026-10-05T14:27:27.380728277Z","Action":"output","Package":"go.temporal.io/server/tools/gomad3/internal/gomadtool/architecture","Test":"TestErrorProvenanceConversion/typed-source","Output":"    error_provenance_test.go:52: metadata {darwin arm64} package edges=0 effects=[{host-effect  /home/agent/.cache/codex-build/tmp/TestErrorProvenanceConversiontyped-source4085167071/001/internal/canonicaljson/helper.go:1:113 example.invalid/errorprovenance/record.Check -\u003e example.invalid/errorprovenance/record.Check -\u003e example.invalid/errorprovenance/internal/canonicaljson.Leaf.Error -\u003e time.Now}]\n"}
{"Time":"2026-10-05T14:27:27.380997319Z","Action":"output","Package":"go.temporal.io/server/tools/gomad3/internal/gomadtool/architecture","Test":"TestErrorProvenanceConversion/typed-source","Output":"--- PASS: TestErrorProvenanceConversion/typed-source (0.79s)\n","OutputType":"frame"}
{"Time":"2026-10-05T14:27:27.381034652Z","Action":"pass","Package":"go.temporal.io/server/tools/gomad3/internal/gomadtool/architecture","Test":"TestErrorProvenanceConversion/typed-source","Elapsed":0.79}
{"Time":"2026-10-05T14:27:27.381063944Z","Action":"run","Package":"go.temporal.io/server/tools/gomad3/internal/gomadtool/architecture","Test":"TestErrorProvenanceConversion/supplier"}
{"Time":"2026-10-05T14:27:27.381081361Z","Action":"output","Package":"go.temporal.io/server/tools/gomad3/internal/gomadtool/architecture","Test":"TestErrorProvenanceConversion/supplier","Output":"=== RUN   TestErrorProvenanceConversion/supplier\n","OutputType":"frame"}
{"Time":"2026-10-05T14:27:27.483746486Z","Action":"output","Package":"go.temporal.io/server/tools/gomad3/internal/gomadtool/architecture","Test":"TestErrorProvenanceConversion/supplier","Output":"    error_provenance_test.go:52: stock-host causal fixture: === RUN   TestBehavior\n"}
{"Time":"2026-10-05T14:27:27.483861194Z","Action":"output","Package":"go.temporal.io/server/tools/gomad3/internal/gomadtool/architecture","Test":"TestErrorProvenanceConversion/supplier","Output":"            pure_test.go:1: actual callbacks=1 writer count=0\n"}
{"Time":"2026-10-05T14:27:27.483884111Z","Action":"output","Package":"go.temporal.io/server/tools/gomad3/internal/gomadtool/architecture","Test":"TestErrorProvenanceConversion/supplier","Output":"        --- PASS: TestBehavior (0.00s)\n"}
{"Time":"2026-10-05T14:27:27.483913277Z","Action":"output","Package":"go.temporal.io/server/tools/gomad3/internal/gomadtool/architecture","Test":"TestErrorProvenanceConversion/supplier","Output":"        PASS\n"}
{"Time":"2026-10-05T14:27:27.483933944Z","Action":"output","Package":"go.temporal.io/server/tools/gomad3/internal/gomadtool/architecture","Test":"TestErrorProvenanceConversion/supplier","Output":"        ok  \texample.invalid/errorprovenance/record\t0.001s\n"}
{"Time":"2026-10-05T14:27:27.851906278Z","Action":"output","Package":"go.temporal.io/server/tools/gomad3/internal/gomadtool/architecture","Test":"TestErrorProvenanceConversion/supplier","Output":"    error_provenance_test.go:52: metadata {linux amd64} package edges=0 effects=[{host-effect  /home/agent/.cache/codex-build/tmp/TestErrorProvenanceConversionsupplier390771035/001/internal/canonicaljson/helper.go:1:113 example.invalid/errorprovenance/record.Check -\u003e example.invalid/errorprovenance/record.Check -\u003e example.invalid/errorprovenance/internal/canonicaljson.Leaf.Error -\u003e time.Now}]\n"}
{"Time":"2026-10-05T14:27:28.182131611Z","Action":"output","Package":"go.temporal.io/server/tools/gomad3/internal/gomadtool/architecture","Test":"TestErrorProvenanceConversion/supplier","Output":"    error_provenance_test.go:52: metadata {darwin arm64} package edges=0 effects=[{host-effect  /home/agent/.cache/codex-build/tmp/TestErrorProvenanceConversionsupplier390771035/001/internal/canonicaljson/helper.go:1:113 example.invalid/errorprovenance/record.Check -\u003e example.invalid/errorprovenance/record.Check -\u003e example.invalid/errorprovenance/internal/canonicaljson.Leaf.Error -\u003e time.Now}]\n"}
{"Time":"2026-10-05T14:27:28.182286444Z","Action":"output","Package":"go.temporal.io/server/tools/gomad3/internal/gomadtool/architecture","Test":"TestErrorProvenanceConversion/supplier","Output":"--- PASS: TestErrorProvenanceConversion/supplier (0.80s)\n","OutputType":"frame"}
{"Time":"2026-10-05T14:27:28.182316903Z","Action":"pass","Package":"go.temporal.io/server/tools/gomad3/internal/gomadtool/architecture","Test":"TestErrorProvenanceConversion/supplier","Elapsed":0.8}
{"Time":"2026-10-05T14:27:28.182341778Z","Action":"run","Package":"go.temporal.io/server/tools/gomad3/internal/gomadtool/architecture","Test":"TestErrorProvenanceConversion/interface-dynamic-type"}
{"Time":"2026-10-05T14:27:28.182361486Z","Action":"output","Package":"go.temporal.io/server/tools/gomad3/internal/gomadtool/architecture","Test":"TestErrorProvenanceConversion/interface-dynamic-type","Output":"=== RUN   TestErrorProvenanceConversion/interface-dynamic-type\n","OutputType":"frame"}
{"Time":"2026-10-05T14:27:28.283347695Z","Action":"output","Package":"go.temporal.io/server/tools/gomad3/internal/gomadtool/architecture","Test":"TestErrorProvenanceConversion/interface-dynamic-type","Output":"    error_provenance_test.go:52: stock-host causal fixture: === RUN   TestBehavior\n"}
{"Time":"2026-10-05T14:27:28.283427195Z","Action":"output","Package":"go.temporal.io/server/tools/gomad3/internal/gomadtool/architecture","Test":"TestErrorProvenanceConversion/interface-dynamic-type","Output":"            pure_test.go:1: actual callbacks=1 writer count=0\n"}
{"Time":"2026-10-05T14:27:28.283447653Z","Action":"output","Package":"go.temporal.io/server/tools/gomad3/internal/gomadtool/architecture","Test":"TestErrorProvenanceConversion/interface-dynamic-type","Output":"        --- PASS: TestBehavior (0.00s)\n"}
{"Time":"2026-10-05T14:27:28.283493736Z","Action":"output","Package":"go.temporal.io/server/tools/gomad3/internal/gomadtool/architecture","Test":"TestErrorProvenanceConversion/interface-dynamic-type","Output":"        PASS\n"}
{"Time":"2026-10-05T14:27:28.283520736Z","Action":"output","Package":"go.temporal.io/server/tools/gomad3/internal/gomadtool/architecture","Test":"TestErrorProvenanceConversion/interface-dynamic-type","Output":"        ok  \texample.invalid/errorprovenance/record\t0.001s\n"}
{"Time":"2026-10-05T14:27:28.62360432Z","Action":"output","Package":"go.temporal.io/server/tools/gomad3/internal/gomadtool/architecture","Test":"TestErrorProvenanceConversion/interface-dynamic-type","Output":"    error_provenance_test.go:52: metadata {linux amd64} package edges=0 effects=[{host-effect  /home/agent/.cache/codex-build/tmp/TestErrorProvenanceConversioninterface-dynamic-type3270877279/001/internal/canonicaljson/helper.go:1:113 example.invalid/errorprovenance/record.Check -\u003e example.invalid/errorprovenance/record.Check -\u003e example.invalid/errorprovenance/internal/canonicaljson.Leaf.Error -\u003e time.Now}]\n"}
{"Time":"2026-10-05T14:27:28.969127487Z","Action":"output","Package":"go.temporal.io/server/tools/gomad3/internal/gomadtool/architecture","Test":"TestErrorProvenanceConversion/interface-dynamic-type","Output":"    error_provenance_test.go:52: metadata {darwin arm64} package edges=0 effects=[{host-effect  /home/agent/.cache/codex-build/tmp/TestErrorProvenanceConversioninterface-dynamic-type3270877279/001/internal/canonicaljson/helper.go:1:113 example.invalid/errorprovenance/record.Check -\u003e example.invalid/errorprovenance/record.Check -\u003e example.invalid/errorprovenance/internal/canonicaljson.Leaf.Error -\u003e time.Now}]\n"}
{"Time":"2026-10-05T14:27:28.969304695Z","Action":"output","Package":"go.temporal.io/server/tools/gomad3/internal/gomadtool/architecture","Test":"TestErrorProvenanceConversion/interface-dynamic-type","Output":"--- PASS: TestErrorProvenanceConversion/interface-dynamic-type (0.79s)\n","OutputType":"frame"}
{"Time":"2026-10-05T14:27:28.969369528Z","Action":"pass","Package":"go.temporal.io/server/tools/gomad3/internal/gomadtool/architecture","Test":"TestErrorProvenanceConversion/interface-dynamic-type","Elapsed":0.79}
{"Time":"2026-10-05T14:27:28.969413528Z","Action":"run","Package":"go.temporal.io/server/tools/gomad3/internal/gomadtool/architecture","Test":"TestErrorProvenanceConversion/external-typed-source"}
{"Time":"2026-10-05T14:27:28.969428945Z","Action":"output","Package":"go.temporal.io/server/tools/gomad3/internal/gomadtool/architecture","Test":"TestErrorProvenanceConversion/external-typed-source","Output":"=== RUN   TestErrorProvenanceConversion/external-typed-source\n","OutputType":"frame"}
{"Time":"2026-10-05T14:27:29.07694407Z","Action":"output","Package":"go.temporal.io/server/tools/gomad3/internal/gomadtool/architecture","Test":"TestErrorProvenanceConversion/external-typed-source","Output":"    error_provenance_test.go:52: stock-host causal fixture: === RUN   TestBehavior\n"}
{"Time":"2026-10-05T14:27:29.077041528Z","Action":"output","Package":"go.temporal.io/server/tools/gomad3/internal/gomadtool/architecture","Test":"TestErrorProvenanceConversion/external-typed-source","Output":"            pure_test.go:1: actual callbacks=1 writer count=0\n"}
{"Time":"2026-10-05T14:27:29.07706032Z","Action":"output","Package":"go.temporal.io/server/tools/gomad3/internal/gomadtool/architecture","Test":"TestErrorProvenanceConversion/external-typed-source","Output":"        --- PASS: TestBehavior (0.00s)\n"}
{"Time":"2026-10-05T14:27:29.07708057Z","Action":"output","Package":"go.temporal.io/server/tools/gomad3/internal/gomadtool/architecture","Test":"TestErrorProvenanceConversion/external-typed-source","Output":"        PASS\n"}
{"Time":"2026-10-05T14:27:29.077129445Z","Action":"output","Package":"go.temporal.io/server/tools/gomad3/internal/gomadtool/architecture","Test":"TestErrorProvenanceConversion/external-typed-source","Output":"        ok  \texample.invalid/errorprovenance/record\t0.001s\n"}
{"Time":"2026-10-05T14:27:29.423004195Z","Action":"output","Package":"go.temporal.io/server/tools/gomad3/internal/gomadtool/architecture","Test":"TestErrorProvenanceConversion/external-typed-source","Output":"    error_provenance_test.go:52: metadata {linux amd64} package edges=0 effects=[{host-effect  /home/agent/.cache/codex-build/tmp/TestErrorProvenanceConversionexternal-typed-source1666363442/002/dependency.go:1:96 example.invalid/errorprovenance/record.Check -\u003e example.invalid/errorprovenance/record.Check -\u003e example.invalid/dependency.Leaf.Error -\u003e time.Now}]\n"}
{"Time":"2026-10-05T14:27:29.759204112Z","Action":"output","Package":"go.temporal.io/server/tools/gomad3/internal/gomadtool/architecture","Test":"TestErrorProvenanceConversion/external-typed-source","Output":"    error_provenance_test.go:52: metadata {darwin arm64} package edges=0 effects=[{host-effect  /home/agent/.cache/codex-build/tmp/TestErrorProvenanceConversionexternal-typed-source1666363442/002/dependency.go:1:96 example.invalid/errorprovenance/record.Check -\u003e example.invalid/errorprovenance/record.Check -\u003e example.invalid/dependency.Leaf.Error -\u003e time.Now}]\n"}
{"Time":"2026-10-05T14:27:29.759382987Z","Action":"output","Package":"go.temporal.io/server/tools/gomad3/internal/gomadtool/architecture","Test":"TestErrorProvenanceConversion/external-typed-source","Output":"--- PASS: TestErrorProvenanceConversion/external-typed-source (0.79s)\n","OutputType":"frame"}
{"Time":"2026-10-05T14:27:29.759421529Z","Action":"pass","Package":"go.temporal.io/server/tools/gomad3/internal/gomadtool/architecture","Test":"TestErrorProvenanceConversion/external-typed-source","Elapsed":0.79}
{"Time":"2026-10-05T14:27:29.759450862Z","Action":"run","Package":"go.temporal.io/server/tools/gomad3/internal/gomadtool/architecture","Test":"TestErrorProvenanceConversion/clean-return"}
{"Time":"2026-10-05T14:27:29.759468904Z","Action":"output","Package":"go.temporal.io/server/tools/gomad3/internal/gomadtool/architecture","Test":"TestErrorProvenanceConversion/clean-return","Output":"=== RUN   TestErrorProvenanceConversion/clean-return\n","OutputType":"frame"}
{"Time":"2026-10-05T14:27:29.861635612Z","Action":"output","Package":"go.temporal.io/server/tools/gomad3/internal/gomadtool/architecture","Test":"TestErrorProvenanceConversion/clean-return","Output":"    error_provenance_test.go:52: stock-host causal fixture: === RUN   TestBehavior\n"}
{"Time":"2026-10-05T14:27:29.861732362Z","Action":"output","Package":"go.temporal.io/server/tools/gomad3/internal/gomadtool/architecture","Test":"TestErrorProvenanceConversion/clean-return","Output":"            pure_test.go:1: actual callbacks=0 writer count=0\n"}
{"Time":"2026-10-05T14:27:29.861769695Z","Action":"output","Package":"go.temporal.io/server/tools/gomad3/internal/gomadtool/architecture","Test":"TestErrorProvenanceConversion/clean-return","Output":"        --- PASS: TestBehavior (0.00s)\n"}
{"Time":"2026-10-05T14:27:29.861829862Z","Action":"output","Package":"go.temporal.io/server/tools/gomad3/internal/gomadtool/architecture","Test":"TestErrorProvenanceConversion/clean-return","Output":"        PASS\n"}
{"Time":"2026-10-05T14:27:29.861850154Z","Action":"output","Package":"go.temporal.io/server/tools/gomad3/internal/gomadtool/architecture","Test":"TestErrorProvenanceConversion/clean-return","Output":"        ok  \texample.invalid/errorprovenance/record\t0.001s\n"}
{"Time":"2026-10-05T14:27:30.201827029Z","Action":"output","Package":"go.temporal.io/server/tools/gomad3/internal/gomadtool/architecture","Test":"TestErrorProvenanceConversion/clean-return","Output":"    error_provenance_test.go:52: metadata {linux amd64} package edges=0 effects=[]\n"}
{"Time":"2026-10-05T14:27:30.569110904Z","Action":"output","Package":"go.temporal.io/server/tools/gomad3/internal/gomadtool/architecture","Test":"TestErrorProvenanceConversion/clean-return","Output":"    error_provenance_test.go:52: metadata {darwin arm64} package edges=0 effects=[]\n"}
{"Time":"2026-10-05T14:27:30.570910862Z","Action":"output","Package":"go.temporal.io/server/tools/gomad3/internal/gomadtool/architecture","Test":"TestErrorProvenanceConversion/clean-return","Output":"--- PASS: TestErrorProvenanceConversion/clean-return (0.81s)\n","OutputType":"frame"}
{"Time":"2026-10-05T14:27:30.570959696Z","Action":"pass","Package":"go.temporal.io/server/tools/gomad3/internal/gomadtool/architecture","Test":"TestErrorProvenanceConversion/clean-return","Elapsed":0.81}
{"Time":"2026-10-05T14:27:30.571002862Z","Action":"run","Package":"go.temporal.io/server/tools/gomad3/internal/gomadtool/architecture","Test":"TestErrorProvenanceConversion/noninvoked-return"}
{"Time":"2026-10-05T14:27:30.571030279Z","Action":"output","Package":"go.temporal.io/server/tools/gomad3/internal/gomadtool/architecture","Test":"TestErrorProvenanceConversion/noninvoked-return","Output":"=== RUN   TestErrorProvenanceConversion/noninvoked-return\n","OutputType":"frame"}
{"Time":"2026-10-05T14:27:30.672073487Z","Action":"output","Package":"go.temporal.io/server/tools/gomad3/internal/gomadtool/architecture","Test":"TestErrorProvenanceConversion/noninvoked-return","Output":"    error_provenance_test.go:52: stock-host causal fixture: === RUN   TestBehavior\n"}
{"Time":"2026-10-05T14:27:30.672164029Z","Action":"output","Package":"go.temporal.io/server/tools/gomad3/internal/gomadtool/architecture","Test":"TestErrorProvenanceConversion/noninvoked-return","Output":"            pure_test.go:1: actual callbacks=0 writer count=0\n"}
{"Time":"2026-10-05T14:27:30.672182487Z","Action":"output","Package":"go.temporal.io/server/tools/gomad3/internal/gomadtool/architecture","Test":"TestErrorProvenanceConversion/noninvoked-return","Output":"        --- PASS: TestBehavior (0.00s)\n"}
{"Time":"2026-10-05T14:27:30.672197321Z","Action":"output","Package":"go.temporal.io/server/tools/gomad3/internal/gomadtool/architecture","Test":"TestErrorProvenanceConversion/noninvoked-return","Output":"        PASS\n"}
{"Time":"2026-10-05T14:27:30.672217696Z","Action":"output","Package":"go.temporal.io/server/tools/gomad3/internal/gomadtool/architecture","Test":"TestErrorProvenanceConversion/noninvoked-return","Output":"        ok  \texample.invalid/errorprovenance/record\t0.001s\n"}
{"Time":"2026-10-05T14:27:31.010321362Z","Action":"output","Package":"go.temporal.io/server/tools/gomad3/internal/gomadtool/architecture","Test":"TestErrorProvenanceConversion/noninvoked-return","Output":"    error_provenance_test.go:52: metadata {linux amd64} package edges=0 effects=[]\n"}
{"Time":"2026-10-05T14:27:31.356468113Z","Action":"output","Package":"go.temporal.io/server/tools/gomad3/internal/gomadtool/architecture","Test":"TestErrorProvenanceConversion/noninvoked-return","Output":"    error_provenance_test.go:52: metadata {darwin arm64} package edges=0 effects=[]\n"}
{"Time":"2026-10-05T14:27:31.356601321Z","Action":"output","Package":"go.temporal.io/server/tools/gomad3/internal/gomadtool/architecture","Test":"TestErrorProvenanceConversion/noninvoked-return","Output":"--- PASS: TestErrorProvenanceConversion/noninvoked-return (0.79s)\n","OutputType":"frame"}
{"Time":"2026-10-05T14:27:31.356631404Z","Action":"pass","Package":"go.temporal.io/server/tools/gomad3/internal/gomadtool/architecture","Test":"TestErrorProvenanceConversion/noninvoked-return","Elapsed":0.79}
{"Time":"2026-10-05T14:27:31.356656529Z","Action":"run","Package":"go.temporal.io/server/tools/gomad3/internal/gomadtool/architecture","Test":"TestErrorProvenanceConversion/unrelated-caller"}
{"Time":"2026-10-05T14:27:31.356670738Z","Action":"output","Package":"go.temporal.io/server/tools/gomad3/internal/gomadtool/architecture","Test":"TestErrorProvenanceConversion/unrelated-caller","Output":"=== RUN   TestErrorProvenanceConversion/unrelated-caller\n","OutputType":"frame"}
{"Time":"2026-10-05T14:27:31.457440238Z","Action":"output","Package":"go.temporal.io/server/tools/gomad3/internal/gomadtool/architecture","Test":"TestErrorProvenanceConversion/unrelated-caller","Output":"    error_provenance_test.go:52: stock-host causal fixture: === RUN   TestBehavior\n"}
{"Time":"2026-10-05T14:27:31.457540904Z","Action":"output","Package":"go.temporal.io/server/tools/gomad3/internal/gomadtool/architecture","Test":"TestErrorProvenanceConversion/unrelated-caller","Output":"            pure_test.go:1: actual callbacks=0 writer count=0\n"}
{"Time":"2026-10-05T14:27:31.457562946Z","Action":"output","Package":"go.temporal.io/server/tools/gomad3/internal/gomadtool/architecture","Test":"TestErrorProvenanceConversion/unrelated-caller","Output":"        --- PASS: TestBehavior (0.00s)\n"}
{"Time":"2026-10-05T14:27:31.457581654Z","Action":"output","Package":"go.temporal.io/server/tools/gomad3/internal/gomadtool/architecture","Test":"TestErrorProvenanceConversion/unrelated-caller","Output":"        PASS\n"}
{"Time":"2026-10-05T14:27:31.457594696Z","Action":"output","Package":"go.temporal.io/server/tools/gomad3/internal/gomadtool/architecture","Test":"TestErrorProvenanceConversion/unrelated-caller","Output":"        ok  \texample.invalid/errorprovenance/record\t0.001s\n"}
{"Time":"2026-10-05T14:27:31.79775003Z","Action":"output","Package":"go.temporal.io/server/tools/gomad3/internal/gomadtool/architecture","Test":"TestErrorProvenanceConversion/unrelated-caller","Output":"    error_provenance_test.go:52: metadata {linux amd64} package edges=0 effects=[]\n"}
{"Time":"2026-10-05T14:27:32.115698696Z","Action":"output","Package":"go.temporal.io/server/tools/gomad3/internal/gomadtool/architecture","Test":"TestErrorProvenanceConversion/unrelated-caller","Output":"    error_provenance_test.go:52: metadata {darwin arm64} package edges=0 effects=[]\n"}
{"Time":"2026-10-05T14:27:32.115843613Z","Action":"output","Package":"go.temporal.io/server/tools/gomad3/internal/gomadtool/architecture","Test":"TestErrorProvenanceConversion/unrelated-caller","Output":"--- PASS: TestErrorProvenanceConversion/unrelated-caller (0.76s)\n","OutputType":"frame"}
{"Time":"2026-10-05T14:27:32.115883696Z","Action":"pass","Package":"go.temporal.io/server/tools/gomad3/internal/gomadtool/architecture","Test":"TestErrorProvenanceConversion/unrelated-caller","Elapsed":0.76}
{"Time":"2026-10-05T14:27:32.11590778Z","Action":"run","Package":"go.temporal.io/server/tools/gomad3/internal/gomadtool/architecture","Test":"TestErrorProvenanceConversion/function-payload"}
{"Time":"2026-10-05T14:27:32.115925363Z","Action":"output","Package":"go.temporal.io/server/tools/gomad3/internal/gomadtool/architecture","Test":"TestErrorProvenanceConversion/function-payload","Output":"=== RUN   TestErrorProvenanceConversion/function-payload\n","OutputType":"frame"}
{"Time":"2026-10-05T14:27:32.218072196Z","Action":"output","Package":"go.temporal.io/server/tools/gomad3/internal/gomadtool/architecture","Test":"TestErrorProvenanceConversion/function-payload","Output":"    error_provenance_test.go:52: stock-host causal fixture: === RUN   TestBehavior\n"}
{"Time":"2026-10-05T14:27:32.21816653Z","Action":"output","Package":"go.temporal.io/server/tools/gomad3/internal/gomadtool/architecture","Test":"TestErrorProvenanceConversion/function-payload","Output":"            pure_test.go:1: actual callbacks=1 writer count=0\n"}
{"Time":"2026-10-05T14:27:32.218201488Z","Action":"output","Package":"go.temporal.io/server/tools/gomad3/internal/gomadtool/architecture","Test":"TestErrorProvenanceConversion/function-payload","Output":"        --- PASS: TestBehavior (0.00s)\n"}
{"Time":"2026-10-05T14:27:32.218224196Z","Action":"output","Package":"go.temporal.io/server/tools/gomad3/internal/gomadtool/architecture","Test":"TestErrorProvenanceConversion/function-payload","Output":"        PASS\n"}
{"Time":"2026-10-05T14:27:32.21824553Z","Action":"output","Package":"go.temporal.io/server/tools/gomad3/internal/gomadtool/architecture","Test":"TestErrorProvenanceConversion/function-payload","Output":"        ok  \texample.invalid/errorprovenance/record\t0.001s\n"}
{"Time":"2026-10-05T14:27:32.565578822Z","Action":"output","Package":"go.temporal.io/server/tools/gomad3/internal/gomadtool/architecture","Test":"TestErrorProvenanceConversion/function-payload","Output":"    error_provenance_test.go:52: metadata {linux amd64} package edges=0 effects=[{host-effect  /home/agent/.cache/codex-build/tmp/TestErrorProvenanceConversionfunction-payload2586459704/001/internal/canonicaljson/helper.go:1:88 example.invalid/errorprovenance/record.Check -\u003e example.invalid/errorprovenance/record.Check -\u003e example.invalid/errorprovenance/internal/canonicaljson.Dirty -\u003e time.Now}]\n"}
{"Time":"2026-10-05T14:27:32.914984905Z","Action":"output","Package":"go.temporal.io/server/tools/gomad3/internal/gomadtool/architecture","Test":"TestErrorProvenanceConversion/function-payload","Output":"    error_provenance_test.go:52: metadata {darwin arm64} package edges=0 effects=[{host-effect  /home/agent/.cache/codex-build/tmp/TestErrorProvenanceConversionfunction-payload2586459704/001/internal/canonicaljson/helper.go:1:88 example.invalid/errorprovenance/record.Check -\u003e example.invalid/errorprovenance/record.Check -\u003e example.invalid/errorprovenance/internal/canonicaljson.Dirty -\u003e time.Now}]\n"}
{"Time":"2026-10-05T14:27:32.91512328Z","Action":"output","Package":"go.temporal.io/server/tools/gomad3/internal/gomadtool/architecture","Test":"TestErrorProvenanceConversion/function-payload","Output":"--- PASS: TestErrorProvenanceConversion/function-payload (0.80s)\n","OutputType":"frame"}
{"Time":"2026-10-05T14:27:32.915175363Z","Action":"pass","Package":"go.temporal.io/server/tools/gomad3/internal/gomadtool/architecture","Test":"TestErrorProvenanceConversion/function-payload","Elapsed":0.8}
{"Time":"2026-10-05T14:27:32.915212863Z","Action":"run","Package":"go.temporal.io/server/tools/gomad3/internal/gomadtool/architecture","Test":"TestErrorProvenanceConversion/slice-alias"}
{"Time":"2026-10-05T14:27:32.91524678Z","Action":"output","Package":"go.temporal.io/server/tools/gomad3/internal/gomadtool/architecture","Test":"TestErrorProvenanceConversion/slice-alias","Output":"=== RUN   TestErrorProvenanceConversion/slice-alias\n","OutputType":"frame"}
{"Time":"2026-10-05T14:27:33.017814197Z","Action":"output","Package":"go.temporal.io/server/tools/gomad3/internal/gomadtool/architecture","Test":"TestErrorProvenanceConversion/slice-alias","Output":"    error_provenance_test.go:52: stock-host causal fixture: === RUN   TestBehavior\n"}
{"Time":"2026-10-05T14:27:33.017932488Z","Action":"output","Package":"go.temporal.io/server/tools/gomad3/internal/gomadtool/architecture","Test":"TestErrorProvenanceConversion/slice-alias","Output":"            pure_test.go:1: actual callbacks=1 writer count=0\n"}
{"Time":"2026-10-05T14:27:33.017992822Z","Action":"output","Package":"go.temporal.io/server/tools/gomad3/internal/gomadtool/architecture","Test":"TestErrorProvenanceConversion/slice-alias","Output":"        --- PASS: TestBehavior (0.00s)\n"}
{"Time":"2026-10-05T14:27:33.018028822Z","Action":"output","Package":"go.temporal.io/server/tools/gomad3/internal/gomadtool/architecture","Test":"TestErrorProvenanceConversion/slice-alias","Output":"        PASS\n"}
{"Time":"2026-10-05T14:27:33.018060738Z","Action":"output","Package":"go.temporal.io/server/tools/gomad3/internal/gomadtool/architecture","Test":"TestErrorProvenanceConversion/slice-alias","Output":"        ok  \texample.invalid/errorprovenance/record\t0.001s\n"}
{"Time":"2026-10-05T14:27:33.358703072Z","Action":"output","Package":"go.temporal.io/server/tools/gomad3/internal/gomadtool/architecture","Test":"TestErrorProvenanceConversion/slice-alias","Output":"    error_provenance_test.go:52: metadata {linux amd64} package edges=0 effects=[{host-effect  /home/agent/.cache/codex-build/tmp/TestErrorProvenanceConversionslice-alias2531012485/001/internal/canonicaljson/helper.go:1:103 example.invalid/errorprovenance/record.Check -\u003e example.invalid/errorprovenance/record.Check -\u003e example.invalid/errorprovenance/internal/canonicaljson.Dirty -\u003e time.Now}]\n"}
{"Time":"2026-10-05T14:27:33.707874655Z","Action":"output","Package":"go.temporal.io/server/tools/gomad3/internal/gomadtool/architecture","Test":"TestErrorProvenanceConversion/slice-alias","Output":"    error_provenance_test.go:52: metadata {darwin arm64} package edges=0 effects=[{host-effect  /home/agent/.cache/codex-build/tmp/TestErrorProvenanceConversionslice-alias2531012485/001/internal/canonicaljson/helper.go:1:103 example.invalid/errorprovenance/record.Check -\u003e example.invalid/errorprovenance/record.Check -\u003e example.invalid/errorprovenance/internal/canonicaljson.Dirty -\u003e time.Now}]\n"}
{"Time":"2026-10-05T14:27:33.708020322Z","Action":"output","Package":"go.temporal.io/server/tools/gomad3/internal/gomadtool/architecture","Test":"TestErrorProvenanceConversion/slice-alias","Output":"--- PASS: TestErrorProvenanceConversion/slice-alias (0.79s)\n","OutputType":"frame"}
{"Time":"2026-10-05T14:27:33.70804853Z","Action":"pass","Package":"go.temporal.io/server/tools/gomad3/internal/gomadtool/architecture","Test":"TestErrorProvenanceConversion/slice-alias","Elapsed":0.79}
{"Time":"2026-10-05T14:27:33.708074364Z","Action":"run","Package":"go.temporal.io/server/tools/gomad3/internal/gomadtool/architecture","Test":"TestErrorProvenanceConversion/pointer-alias"}
{"Time":"2026-10-05T14:27:33.708092364Z","Action":"output","Package":"go.temporal.io/server/tools/gomad3/internal/gomadtool/architecture","Test":"TestErrorProvenanceConversion/pointer-alias","Output":"=== RUN   TestErrorProvenanceConversion/pointer-alias\n","OutputType":"frame"}
{"Time":"2026-10-05T14:27:33.80922503Z","Action":"output","Package":"go.temporal.io/server/tools/gomad3/internal/gomadtool/architecture","Test":"TestErrorProvenanceConversion/pointer-alias","Output":"    error_provenance_test.go:52: stock-host causal fixture: === RUN   TestBehavior\n"}
{"Time":"2026-10-05T14:27:33.809340822Z","Action":"output","Package":"go.temporal.io/server/tools/gomad3/internal/gomadtool/architecture","Test":"TestErrorProvenanceConversion/pointer-alias","Output":"            pure_test.go:1: actual callbacks=1 writer count=0\n"}
{"Time":"2026-10-05T14:27:33.809365864Z","Action":"output","Package":"go.temporal.io/server/tools/gomad3/internal/gomadtool/architecture","Test":"TestErrorProvenanceConversion/pointer-alias","Output":"        --- PASS: TestBehavior (0.00s)\n"}
{"Time":"2026-10-05T14:27:33.809383239Z","Action":"output","Package":"go.temporal.io/server/tools/gomad3/internal/gomadtool/architecture","Test":"TestErrorProvenanceConversion/pointer-alias","Output":"        PASS\n"}
{"Time":"2026-10-05T14:27:33.809438447Z","Action":"output","Package":"go.temporal.io/server/tools/gomad3/internal/gomadtool/architecture","Test":"TestErrorProvenanceConversion/pointer-alias","Output":"        ok  \texample.invalid/errorprovenance/record\t0.001s\n"}
{"Time":"2026-10-05T14:27:34.149760031Z","Action":"output","Package":"go.temporal.io/server/tools/gomad3/internal/gomadtool/architecture","Test":"TestErrorProvenanceConversion/pointer-alias","Output":"    error_provenance_test.go:52: metadata {linux amd64} package edges=0 effects=[{host-effect  /home/agent/.cache/codex-build/tmp/TestErrorProvenanceConversionpointer-alias374420278/001/internal/canonicaljson/helper.go:1:103 example.invalid/errorprovenance/record.Check -\u003e example.invalid/errorprovenance/record.Check -\u003e example.invalid/errorprovenance/internal/canonicaljson.Dirty -\u003e time.Now}]\n"}
{"Time":"2026-10-05T14:27:34.500081989Z","Action":"output","Package":"go.temporal.io/server/tools/gomad3/internal/gomadtool/architecture","Test":"TestErrorProvenanceConversion/pointer-alias","Output":"    error_provenance_test.go:52: metadata {darwin arm64} package edges=0 effects=[{host-effect  /home/agent/.cache/codex-build/tmp/TestErrorProvenanceConversionpointer-alias374420278/001/internal/canonicaljson/helper.go:1:103 example.invalid/errorprovenance/record.Check -\u003e example.invalid/errorprovenance/record.Check -\u003e example.invalid/errorprovenance/internal/canonicaljson.Dirty -\u003e time.Now}]\n"}
{"Time":"2026-10-05T14:27:34.500245989Z","Action":"output","Package":"go.temporal.io/server/tools/gomad3/internal/gomadtool/architecture","Test":"TestErrorProvenanceConversion/pointer-alias","Output":"--- PASS: TestErrorProvenanceConversion/pointer-alias (0.79s)\n","OutputType":"frame"}
{"Time":"2026-10-05T14:27:34.500284406Z","Action":"pass","Package":"go.temporal.io/server/tools/gomad3/internal/gomadtool/architecture","Test":"TestErrorProvenanceConversion/pointer-alias","Elapsed":0.79}
{"Time":"2026-10-05T14:27:34.500309656Z","Action":"output","Package":"go.temporal.io/server/tools/gomad3/internal/gomadtool/architecture","Test":"TestErrorProvenanceConversion","Output":"--- PASS: TestErrorProvenanceConversion (7.91s)\n","OutputType":"frame"}
{"Time":"2026-10-05T14:27:34.500329447Z","Action":"pass","Package":"go.temporal.io/server/tools/gomad3/internal/gomadtool/architecture","Test":"TestErrorProvenanceConversion","Elapsed":7.91}
{"Time":"2026-10-05T14:27:34.500342197Z","Action":"run","Package":"go.temporal.io/server/tools/gomad3/internal/gomadtool/architecture","Test":"TestErrorProvenanceWriter"}
{"Time":"2026-10-05T14:27:34.500352822Z","Action":"output","Package":"go.temporal.io/server/tools/gomad3/internal/gomadtool/architecture","Test":"TestErrorProvenanceWriter","Output":"=== RUN   TestErrorProvenanceWriter\n","OutputType":"frame"}
{"Time":"2026-10-05T14:27:34.500372031Z","Action":"run","Package":"go.temporal.io/server/tools/gomad3/internal/gomadtool/architecture","Test":"TestErrorProvenanceWriter/fprint"}
{"Time":"2026-10-05T14:27:34.500388989Z","Action":"output","Package":"go.temporal.io/server/tools/gomad3/internal/gomadtool/architecture","Test":"TestErrorProvenanceWriter/fprint","Output":"=== RUN   TestErrorProvenanceWriter/fprint\n","OutputType":"frame"}
{"Time":"2026-10-05T14:27:34.602312948Z","Action":"output","Package":"go.temporal.io/server/tools/gomad3/internal/gomadtool/architecture","Test":"TestErrorProvenanceWriter/fprint","Output":"    error_provenance_test.go:68: stock-host causal fixture: === RUN   TestBehavior\n"}
{"Time":"2026-10-05T14:27:34.602406198Z","Action":"output","Package":"go.temporal.io/server/tools/gomad3/internal/gomadtool/architecture","Test":"TestErrorProvenanceWriter/fprint","Output":"            pure_test.go:1: actual callbacks=1 writer count=7\n"}
{"Time":"2026-10-05T14:27:34.602445864Z","Action":"output","Package":"go.temporal.io/server/tools/gomad3/internal/gomadtool/architecture","Test":"TestErrorProvenanceWriter/fprint","Output":"        --- PASS: TestBehavior (0.00s)\n"}
{"Time":"2026-10-05T14:27:34.602466781Z","Action":"output","Package":"go.temporal.io/server/tools/gomad3/internal/gomadtool/architecture","Test":"TestErrorProvenanceWriter/fprint","Output":"        PASS\n"}
{"Time":"2026-10-05T14:27:34.602486739Z","Action":"output","Package":"go.temporal.io/server/tools/gomad3/internal/gomadtool/architecture","Test":"TestErrorProvenanceWriter/fprint","Output":"        ok  \texample.invalid/errorprovenance/record\t0.001s\n"}
{"Time":"2026-10-05T14:27:34.944987864Z","Action":"output","Package":"go.temporal.io/server/tools/gomad3/internal/gomadtool/architecture","Test":"TestErrorProvenanceWriter/fprint","Output":"    error_provenance_test.go:68: metadata {linux amd64} package edges=0 effects=[{host-effect  /home/agent/.cache/codex-build/tmp/TestErrorProvenanceWriterfprint1304143682/001/internal/canonicaljson/helper.go:1:118 example.invalid/errorprovenance/record.Check -\u003e example.invalid/errorprovenance/record.Check -\u003e example.invalid/errorprovenance/internal/canonicaljson.Leaf.Error -\u003e time.Now}]\n"}
{"Time":"2026-10-05T14:27:35.278880573Z","Action":"output","Package":"go.temporal.io/server/tools/gomad3/internal/gomadtool/architecture","Test":"TestErrorProvenanceWriter/fprint","Output":"    error_provenance_test.go:68: metadata {darwin arm64} package edges=0 effects=[{host-effect  /home/agent/.cache/codex-build/tmp/TestErrorProvenanceWriterfprint1304143682/001/internal/canonicaljson/helper.go:1:118 example.invalid/errorprovenance/record.Check -\u003e example.invalid/errorprovenance/record.Check -\u003e example.invalid/errorprovenance/internal/canonicaljson.Leaf.Error -\u003e time.Now}]\n"}
{"Time":"2026-10-05T14:27:35.279002323Z","Action":"output","Package":"go.temporal.io/server/tools/gomad3/internal/gomadtool/architecture","Test":"TestErrorProvenanceWriter/fprint","Output":"--- PASS: TestErrorProvenanceWriter/fprint (0.78s)\n","OutputType":"frame"}
{"Time":"2026-10-05T14:27:35.27903749Z","Action":"pass","Package":"go.temporal.io/server/tools/gomad3/internal/gomadtool/architecture","Test":"TestErrorProvenanceWriter/fprint","Elapsed":0.78}
{"Time":"2026-10-05T14:27:35.279061281Z","Action":"run","Package":"go.temporal.io/server/tools/gomad3/internal/gomadtool/architecture","Test":"TestErrorProvenanceWriter/fprintf"}
{"Time":"2026-10-05T14:27:35.27907374Z","Action":"output","Package":"go.temporal.io/server/tools/gomad3/internal/gomadtool/architecture","Test":"TestErrorProvenanceWriter/fprintf","Output":"=== RUN   TestErrorProvenanceWriter/fprintf\n","OutputType":"frame"}
{"Time":"2026-10-05T14:27:35.381571656Z","Action":"output","Package":"go.temporal.io/server/tools/gomad3/internal/gomadtool/architecture","Test":"TestErrorProvenanceWriter/fprintf","Output":"    error_provenance_test.go:68: stock-host causal fixture: === RUN   TestBehavior\n"}
{"Time":"2026-10-05T14:27:35.381698781Z","Action":"output","Package":"go.temporal.io/server/tools/gomad3/internal/gomadtool/architecture","Test":"TestErrorProvenanceWriter/fprintf","Output":"            pure_test.go:1: actual callbacks=1 writer count=7\n"}
{"Time":"2026-10-05T14:27:35.381735781Z","Action":"output","Package":"go.temporal.io/server/tools/gomad3/internal/gomadtool/architecture","Test":"TestErrorProvenanceWriter/fprintf","Output":"        --- PASS: TestBehavior (0.00s)\n"}
{"Time":"2026-10-05T14:27:35.381758531Z","Action":"output","Package":"go.temporal.io/server/tools/gomad3/internal/gomadtool/architecture","Test":"TestErrorProvenanceWriter/fprintf","Output":"        PASS\n"}
{"Time":"2026-10-05T14:27:35.381836156Z","Action":"output","Package":"go.temporal.io/server/tools/gomad3/internal/gomadtool/architecture","Test":"TestErrorProvenanceWriter/fprintf","Output":"        ok  \texample.invalid/errorprovenance/record\t0.001s\n"}
{"Time":"2026-10-05T14:27:35.724726406Z","Action":"output","Package":"go.temporal.io/server/tools/gomad3/internal/gomadtool/architecture","Test":"TestErrorProvenanceWriter/fprintf","Output":"    error_provenance_test.go:68: metadata {linux amd64} package edges=0 effects=[{host-effect  /home/agent/.cache/codex-build/tmp/TestErrorProvenanceWriterfprintf2007482697/001/internal/canonicaljson/helper.go:1:118 example.invalid/errorprovenance/record.Check -\u003e example.invalid/errorprovenance/record.Check -\u003e example.invalid/errorprovenance/internal/canonicaljson.Leaf.Error -\u003e time.Now}]\n"}
{"Time":"2026-10-05T14:27:36.065454157Z","Action":"output","Package":"go.temporal.io/server/tools/gomad3/internal/gomadtool/architecture","Test":"TestErrorProvenanceWriter/fprintf","Output":"    error_provenance_test.go:68: metadata {darwin arm64} package edges=0 effects=[{host-effect  /home/agent/.cache/codex-build/tmp/TestErrorProvenanceWriterfprintf2007482697/001/internal/canonicaljson/helper.go:1:118 example.invalid/errorprovenance/record.Check -\u003e example.invalid/errorprovenance/record.Check -\u003e example.invalid/errorprovenance/internal/canonicaljson.Leaf.Error -\u003e time.Now}]\n"}
{"Time":"2026-10-05T14:27:36.065607407Z","Action":"output","Package":"go.temporal.io/server/tools/gomad3/internal/gomadtool/architecture","Test":"TestErrorProvenanceWriter/fprintf","Output":"--- PASS: TestErrorProvenanceWriter/fprintf (0.79s)\n","OutputType":"frame"}
{"Time":"2026-10-05T14:27:36.065642282Z","Action":"pass","Package":"go.temporal.io/server/tools/gomad3/internal/gomadtool/architecture","Test":"TestErrorProvenanceWriter/fprintf","Elapsed":0.79}
{"Time":"2026-10-05T14:27:36.065663907Z","Action":"run","Package":"go.temporal.io/server/tools/gomad3/internal/gomadtool/architecture","Test":"TestErrorProvenanceWriter/fprintln"}
{"Time":"2026-10-05T14:27:36.065726157Z","Action":"output","Package":"go.temporal.io/server/tools/gomad3/internal/gomadtool/architecture","Test":"TestErrorProvenanceWriter/fprintln","Output":"=== RUN   TestErrorProvenanceWriter/fprintln\n","OutputType":"frame"}
{"Time":"2026-10-05T14:27:36.167094782Z","Action":"output","Package":"go.temporal.io/server/tools/gomad3/internal/gomadtool/architecture","Test":"TestErrorProvenanceWriter/fprintln","Output":"    error_provenance_test.go:68: stock-host causal fixture: === RUN   TestBehavior\n"}
{"Time":"2026-10-05T14:27:36.167197365Z","Action":"output","Package":"go.temporal.io/server/tools/gomad3/internal/gomadtool/architecture","Test":"TestErrorProvenanceWriter/fprintln","Output":"            pure_test.go:1: actual callbacks=1 writer count=7\n"}
{"Time":"2026-10-05T14:27:36.16723024Z","Action":"output","Package":"go.temporal.io/server/tools/gomad3/internal/gomadtool/architecture","Test":"TestErrorProvenanceWriter/fprintln","Output":"        --- PASS: TestBehavior (0.00s)\n"}
{"Time":"2026-10-05T14:27:36.167258407Z","Action":"output","Package":"go.temporal.io/server/tools/gomad3/internal/gomadtool/architecture","Test":"TestErrorProvenanceWriter/fprintln","Output":"        PASS\n"}
{"Time":"2026-10-05T14:27:36.167270823Z","Action":"output","Package":"go.temporal.io/server/tools/gomad3/internal/gomadtool/architecture","Test":"TestErrorProvenanceWriter/fprintln","Output":"        ok  \texample.invalid/errorprovenance/record\t0.001s\n"}
{"Time":"2026-10-05T14:27:36.507439032Z","Action":"output","Package":"go.temporal.io/server/tools/gomad3/internal/gomadtool/architecture","Test":"TestErrorProvenanceWriter/fprintln","Output":"    error_provenance_test.go:68: metadata {linux amd64} package edges=0 effects=[{host-effect  /home/agent/.cache/codex-build/tmp/TestErrorProvenanceWriterfprintln963502224/001/internal/canonicaljson/helper.go:1:118 example.invalid/errorprovenance/record.Check -\u003e example.invalid/errorprovenance/record.Check -\u003e example.invalid/errorprovenance/internal/canonicaljson.Leaf.Error -\u003e time.Now}]\n"}
{"Time":"2026-10-05T14:27:36.839281032Z","Action":"output","Package":"go.temporal.io/server/tools/gomad3/internal/gomadtool/architecture","Test":"TestErrorProvenanceWriter/fprintln","Output":"    error_provenance_test.go:68: metadata {darwin arm64} package edges=0 effects=[{host-effect  /home/agent/.cache/codex-build/tmp/TestErrorProvenanceWriterfprintln963502224/001/internal/canonicaljson/helper.go:1:118 example.invalid/errorprovenance/record.Check -\u003e example.invalid/errorprovenance/record.Check -\u003e example.invalid/errorprovenance/internal/canonicaljson.Leaf.Error -\u003e time.Now}]\n"}
{"Time":"2026-10-05T14:27:36.839418199Z","Action":"output","Package":"go.temporal.io/server/tools/gomad3/internal/gomadtool/architecture","Test":"TestErrorProvenanceWriter/fprintln","Output":"--- PASS: TestErrorProvenanceWriter/fprintln (0.77s)\n","OutputType":"frame"}
{"Time":"2026-10-05T14:27:36.839451365Z","Action":"pass","Package":"go.temporal.io/server/tools/gomad3/internal/gomadtool/architecture","Test":"TestErrorProvenanceWriter/fprintln","Elapsed":0.77}
{"Time":"2026-10-05T14:27:36.839474532Z","Action":"run","Package":"go.temporal.io/server/tools/gomad3/internal/gomadtool/architecture","Test":"TestErrorProvenanceWriter/wrapped-is"}
{"Time":"2026-10-05T14:27:36.839490532Z","Action":"output","Package":"go.temporal.io/server/tools/gomad3/internal/gomadtool/architecture","Test":"TestErrorProvenanceWriter/wrapped-is","Output":"=== RUN   TestErrorProvenanceWriter/wrapped-is\n","OutputType":"frame"}
{"Time":"2026-10-05T14:27:36.941143699Z","Action":"output","Package":"go.temporal.io/server/tools/gomad3/internal/gomadtool/architecture","Test":"TestErrorProvenanceWriter/wrapped-is","Output":"    error_provenance_test.go:68: stock-host causal fixture: === RUN   TestBehavior\n"}
{"Time":"2026-10-05T14:27:36.941280074Z","Action":"output","Package":"go.temporal.io/server/tools/gomad3/internal/gomadtool/architecture","Test":"TestErrorProvenanceWriter/wrapped-is","Output":"            pure_test.go:1: actual callbacks=1 writer count=0\n"}
{"Time":"2026-10-05T14:27:36.941307782Z","Action":"output","Package":"go.temporal.io/server/tools/gomad3/internal/gomadtool/architecture","Test":"TestErrorProvenanceWriter/wrapped-is","Output":"        --- PASS: TestBehavior (0.00s)\n"}
{"Time":"2026-10-05T14:27:36.941375407Z","Action":"output","Package":"go.temporal.io/server/tools/gomad3/internal/gomadtool/architecture","Test":"TestErrorProvenanceWriter/wrapped-is","Output":"        PASS\n"}
{"Time":"2026-10-05T14:27:36.941404699Z","Action":"output","Package":"go.temporal.io/server/tools/gomad3/internal/gomadtool/architecture","Test":"TestErrorProvenanceWriter/wrapped-is","Output":"        ok  \texample.invalid/errorprovenance/record\t0.001s\n"}
{"Time":"2026-10-05T14:27:37.283696615Z","Action":"output","Package":"go.temporal.io/server/tools/gomad3/internal/gomadtool/architecture","Test":"TestErrorProvenanceWriter/wrapped-is","Output":"    error_provenance_test.go:68: metadata {linux amd64} package edges=0 effects=[{host-effect  /home/agent/.cache/codex-build/tmp/TestErrorProvenanceWriterwrapped-is1123177350/001/internal/canonicaljson/helper.go:1:157 example.invalid/errorprovenance/record.Check -\u003e example.invalid/errorprovenance/record.Check -\u003e example.invalid/errorprovenance/internal/canonicaljson.Leaf.Is -\u003e time.Now}]\n"}
{"Time":"2026-10-05T14:27:37.636664574Z","Action":"output","Package":"go.temporal.io/server/tools/gomad3/internal/gomadtool/architecture","Test":"TestErrorProvenanceWriter/wrapped-is","Output":"    error_provenance_test.go:68: metadata {darwin arm64} package edges=0 effects=[{host-effect  /home/agent/.cache/codex-build/tmp/TestErrorProvenanceWriterwrapped-is1123177350/001/internal/canonicaljson/helper.go:1:157 example.invalid/errorprovenance/record.Check -\u003e example.invalid/errorprovenance/record.Check -\u003e example.invalid/errorprovenance/internal/canonicaljson.Leaf.Is -\u003e time.Now}]\n"}
{"Time":"2026-10-05T14:27:37.636799532Z","Action":"output","Package":"go.temporal.io/server/tools/gomad3/internal/gomadtool/architecture","Test":"TestErrorProvenanceWriter/wrapped-is","Output":"--- PASS: TestErrorProvenanceWriter/wrapped-is (0.80s)\n","OutputType":"frame"}
{"Time":"2026-10-05T14:27:37.636824407Z","Action":"pass","Package":"go.temporal.io/server/tools/gomad3/internal/gomadtool/architecture","Test":"TestErrorProvenanceWriter/wrapped-is","Elapsed":0.8}
{"Time":"2026-10-05T14:27:37.636850532Z","Action":"run","Package":"go.temporal.io/server/tools/gomad3/internal/gomadtool/architecture","Test":"TestErrorProvenanceWriter/nil-return"}
{"Time":"2026-10-05T14:27:37.636866491Z","Action":"output","Package":"go.temporal.io/server/tools/gomad3/internal/gomadtool/architecture","Test":"TestErrorProvenanceWriter/nil-return","Output":"=== RUN   TestErrorProvenanceWriter/nil-return\n","OutputType":"frame"}
{"Time":"2026-10-05T14:27:37.740259324Z","Action":"output","Package":"go.temporal.io/server/tools/gomad3/internal/gomadtool/architecture","Test":"TestErrorProvenanceWriter/nil-return","Output":"    error_provenance_test.go:68: stock-host causal fixture: === RUN   TestBehavior\n"}
{"Time":"2026-10-05T14:27:37.740378032Z","Action":"output","Package":"go.temporal.io/server/tools/gomad3/internal/gomadtool/architecture","Test":"TestErrorProvenanceWriter/nil-return","Output":"            pure_test.go:1: actual callbacks=0 writer count=7\n"}
{"Time":"2026-10-05T14:27:37.740438366Z","Action":"output","Package":"go.temporal.io/server/tools/gomad3/internal/gomadtool/architecture","Test":"TestErrorProvenanceWriter/nil-return","Output":"        --- PASS: TestBehavior (0.00s)\n"}
{"Time":"2026-10-05T14:27:37.740461449Z","Action":"output","Package":"go.temporal.io/server/tools/gomad3/internal/gomadtool/architecture","Test":"TestErrorProvenanceWriter/nil-return","Output":"        PASS\n"}
{"Time":"2026-10-05T14:27:37.740495532Z","Action":"output","Package":"go.temporal.io/server/tools/gomad3/internal/gomadtool/architecture","Test":"TestErrorProvenanceWriter/nil-return","Output":"        ok  \texample.invalid/errorprovenance/record\t0.001s\n"}
{"Time":"2026-10-05T14:27:38.070716241Z","Action":"output","Package":"go.temporal.io/server/tools/gomad3/internal/gomadtool/architecture","Test":"TestErrorProvenanceWriter/nil-return","Output":"    error_provenance_test.go:68: metadata {linux amd64} package edges=0 effects=[]\n"}
{"Time":"2026-10-05T14:27:38.423456033Z","Action":"output","Package":"go.temporal.io/server/tools/gomad3/internal/gomadtool/architecture","Test":"TestErrorProvenanceWriter/nil-return","Output":"    error_provenance_test.go:68: metadata {darwin arm64} package edges=0 effects=[]\n"}
{"Time":"2026-10-05T14:27:38.423595741Z","Action":"output","Package":"go.temporal.io/server/tools/gomad3/internal/gomadtool/architecture","Test":"TestErrorProvenanceWriter/nil-return","Output":"--- PASS: TestErrorProvenanceWriter/nil-return (0.79s)\n","OutputType":"frame"}
{"Time":"2026-10-05T14:27:38.423626658Z","Action":"pass","Package":"go.temporal.io/server/tools/gomad3/internal/gomadtool/architecture","Test":"TestErrorProvenanceWriter/nil-return","Elapsed":0.79}
{"Time":"2026-10-05T14:27:38.423652574Z","Action":"run","Package":"go.temporal.io/server/tools/gomad3/internal/gomadtool/architecture","Test":"TestErrorProvenanceWriter/clean-return"}
{"Time":"2026-10-05T14:27:38.423664491Z","Action":"output","Package":"go.temporal.io/server/tools/gomad3/internal/gomadtool/architecture","Test":"TestErrorProvenanceWriter/clean-return","Output":"=== RUN   TestErrorProvenanceWriter/clean-return\n","OutputType":"frame"}
{"Time":"2026-10-05T14:27:38.527059574Z","Action":"output","Package":"go.temporal.io/server/tools/gomad3/internal/gomadtool/architecture","Test":"TestErrorProvenanceWriter/clean-return","Output":"    error_provenance_test.go:68: stock-host causal fixture: === RUN   TestBehavior\n"}
{"Time":"2026-10-05T14:27:38.527194491Z","Action":"output","Package":"go.temporal.io/server/tools/gomad3/internal/gomadtool/architecture","Test":"TestErrorProvenanceWriter/clean-return","Output":"            pure_test.go:1: actual callbacks=0 writer count=0\n"}
{"Time":"2026-10-05T14:27:38.527259658Z","Action":"output","Package":"go.temporal.io/server/tools/gomad3/internal/gomadtool/architecture","Test":"TestErrorProvenanceWriter/clean-return","Output":"        --- PASS: TestBehavior (0.00s)\n"}
{"Time":"2026-10-05T14:27:38.527289408Z","Action":"output","Package":"go.temporal.io/server/tools/gomad3/internal/gomadtool/architecture","Test":"TestErrorProvenanceWriter/clean-return","Output":"        PASS\n"}
{"Time":"2026-10-05T14:27:38.527314408Z","Action":"output","Package":"go.temporal.io/server/tools/gomad3/internal/gomadtool/architecture","Test":"TestErrorProvenanceWriter/clean-return","Output":"        ok  \texample.invalid/errorprovenance/record\t0.001s\n"}
{"Time":"2026-10-05T14:27:38.8641762Z","Action":"output","Package":"go.temporal.io/server/tools/gomad3/internal/gomadtool/architecture","Test":"TestErrorProvenanceWriter/clean-return","Output":"    error_provenance_test.go:68: metadata {linux amd64} package edges=0 effects=[]\n"}
{"Time":"2026-10-05T14:27:39.19304295Z","Action":"output","Package":"go.temporal.io/server/tools/gomad3/internal/gomadtool/architecture","Test":"TestErrorProvenanceWriter/clean-return","Output":"    error_provenance_test.go:68: metadata {darwin arm64} package edges=0 effects=[]\n"}
{"Time":"2026-10-05T14:27:39.193184283Z","Action":"output","Package":"go.temporal.io/server/tools/gomad3/internal/gomadtool/architecture","Test":"TestErrorProvenanceWriter/clean-return","Output":"--- PASS: TestErrorProvenanceWriter/clean-return (0.77s)\n","OutputType":"frame"}
{"Time":"2026-10-05T14:27:39.193226866Z","Action":"pass","Package":"go.temporal.io/server/tools/gomad3/internal/gomadtool/architecture","Test":"TestErrorProvenanceWriter/clean-return","Elapsed":0.77}
{"Time":"2026-10-05T14:27:39.193250325Z","Action":"run","Package":"go.temporal.io/server/tools/gomad3/internal/gomadtool/architecture","Test":"TestErrorProvenanceWriter/noninvoked-return"}
{"Time":"2026-10-05T14:27:39.193262283Z","Action":"output","Package":"go.temporal.io/server/tools/gomad3/internal/gomadtool/architecture","Test":"TestErrorProvenanceWriter/noninvoked-return","Output":"=== RUN   TestErrorProvenanceWriter/noninvoked-return\n","OutputType":"frame"}
{"Time":"2026-10-05T14:27:39.294771783Z","Action":"output","Package":"go.temporal.io/server/tools/gomad3/internal/gomadtool/architecture","Test":"TestErrorProvenanceWriter/noninvoked-return","Output":"    error_provenance_test.go:68: stock-host causal fixture: === RUN   TestBehavior\n"}
{"Time":"2026-10-05T14:27:39.294891533Z","Action":"output","Package":"go.temporal.io/server/tools/gomad3/internal/gomadtool/architecture","Test":"TestErrorProvenanceWriter/noninvoked-return","Output":"            pure_test.go:1: actual callbacks=0 writer count=0\n"}
{"Time":"2026-10-05T14:27:39.294930283Z","Action":"output","Package":"go.temporal.io/server/tools/gomad3/internal/gomadtool/architecture","Test":"TestErrorProvenanceWriter/noninvoked-return","Output":"        --- PASS: TestBehavior (0.00s)\n"}
{"Time":"2026-10-05T14:27:39.29497695Z","Action":"output","Package":"go.temporal.io/server/tools/gomad3/internal/gomadtool/architecture","Test":"TestErrorProvenanceWriter/noninvoked-return","Output":"        PASS\n"}
{"Time":"2026-10-05T14:27:39.295005991Z","Action":"output","Package":"go.temporal.io/server/tools/gomad3/internal/gomadtool/architecture","Test":"TestErrorProvenanceWriter/noninvoked-return","Output":"        ok  \texample.invalid/errorprovenance/record\t0.001s\n"}
{"Time":"2026-10-05T14:27:39.64646195Z","Action":"output","Package":"go.temporal.io/server/tools/gomad3/internal/gomadtool/architecture","Test":"TestErrorProvenanceWriter/noninvoked-return","Output":"    error_provenance_test.go:68: metadata {linux amd64} package edges=0 effects=[]\n"}
{"Time":"2026-10-05T14:27:39.998311867Z","Action":"output","Package":"go.temporal.io/server/tools/gomad3/internal/gomadtool/architecture","Test":"TestErrorProvenanceWriter/noninvoked-return","Output":"    error_provenance_test.go:68: metadata {darwin arm64} package edges=0 effects=[]\n"}
{"Time":"2026-10-05T14:27:39.9984807Z","Action":"output","Package":"go.temporal.io/server/tools/gomad3/internal/gomadtool/architecture","Test":"TestErrorProvenanceWriter/noninvoked-return","Output":"--- PASS: TestErrorProvenanceWriter/noninvoked-return (0.81s)\n","OutputType":"frame"}
{"Time":"2026-10-05T14:27:39.998518075Z","Action":"pass","Package":"go.temporal.io/server/tools/gomad3/internal/gomadtool/architecture","Test":"TestErrorProvenanceWriter/noninvoked-return","Elapsed":0.81}
{"Time":"2026-10-05T14:27:39.998545158Z","Action":"run","Package":"go.temporal.io/server/tools/gomad3/internal/gomadtool/architecture","Test":"TestErrorProvenanceWriter/unknown-return"}
{"Time":"2026-10-05T14:27:39.998563658Z","Action":"output","Package":"go.temporal.io/server/tools/gomad3/internal/gomadtool/architecture","Test":"TestErrorProvenanceWriter/unknown-return","Output":"=== RUN   TestErrorProvenanceWriter/unknown-return\n","OutputType":"frame"}
{"Time":"2026-10-05T14:27:40.101262367Z","Action":"output","Package":"go.temporal.io/server/tools/gomad3/internal/gomadtool/architecture","Test":"TestErrorProvenanceWriter/unknown-return","Output":"    error_provenance_test.go:68: stock-host causal fixture: === RUN   TestBehavior\n"}
{"Time":"2026-10-05T14:27:40.101373408Z","Action":"output","Package":"go.temporal.io/server/tools/gomad3/internal/gomadtool/architecture","Test":"TestErrorProvenanceWriter/unknown-return","Output":"            pure_test.go:1: actual callbacks=0 writer count=0\n"}
{"Time":"2026-10-05T14:27:40.101401783Z","Action":"output","Package":"go.temporal.io/server/tools/gomad3/internal/gomadtool/architecture","Test":"TestErrorProvenanceWriter/unknown-return","Output":"        --- PASS: TestBehavior (0.00s)\n"}
{"Time":"2026-10-05T14:27:40.101423367Z","Action":"output","Package":"go.temporal.io/server/tools/gomad3/internal/gomadtool/architecture","Test":"TestErrorProvenanceWriter/unknown-return","Output":"        PASS\n"}
{"Time":"2026-10-05T14:27:40.101456242Z","Action":"output","Package":"go.temporal.io/server/tools/gomad3/internal/gomadtool/architecture","Test":"TestErrorProvenanceWriter/unknown-return","Output":"        ok  \texample.invalid/errorprovenance/record\t0.001s\n"}
{"Time":"2026-10-05T14:27:40.429571492Z","Action":"output","Package":"go.temporal.io/server/tools/gomad3/internal/gomadtool/architecture","Test":"TestErrorProvenanceWriter/unknown-return","Output":"    error_provenance_test.go:68: metadata {linux amd64} package edges=0 effects=[{unresolved-effect  /home/agent/.cache/codex-build/tmp/TestErrorProvenanceWriterunknown-return2021917832/001/record/pure.go:1:200 example.invalid/errorprovenance/record.Check -\u003e example.invalid/errorprovenance/record.Check -\u003e unknown dynamic callback receiver error}]\n"}
{"Time":"2026-10-05T14:27:40.77400395Z","Action":"output","Package":"go.temporal.io/server/tools/gomad3/internal/gomadtool/architecture","Test":"TestErrorProvenanceWriter/unknown-return","Output":"    error_provenance_test.go:68: metadata {darwin arm64} package edges=0 effects=[{unresolved-effect  /home/agent/.cache/codex-build/tmp/TestErrorProvenanceWriterunknown-return2021917832/001/record/pure.go:1:200 example.invalid/errorprovenance/record.Check -\u003e example.invalid/errorprovenance/record.Check -\u003e unknown dynamic callback receiver error}]\n"}
{"Time":"2026-10-05T14:27:40.776275117Z","Action":"output","Package":"go.temporal.io/server/tools/gomad3/internal/gomadtool/architecture","Test":"TestErrorProvenanceWriter/unknown-return","Output":"--- PASS: TestErrorProvenanceWriter/unknown-return (0.78s)\n","OutputType":"frame"}
{"Time":"2026-10-05T14:27:40.776324825Z","Action":"pass","Package":"go.temporal.io/server/tools/gomad3/internal/gomadtool/architecture","Test":"TestErrorProvenanceWriter/unknown-return","Elapsed":0.78}
{"Time":"2026-10-05T14:27:40.776353909Z","Action":"output","Package":"go.temporal.io/server/tools/gomad3/internal/gomadtool/architecture","Test":"TestErrorProvenanceWriter","Output":"--- PASS: TestErrorProvenanceWriter (6.28s)\n","OutputType":"frame"}
{"Time":"2026-10-05T14:27:40.776370284Z","Action":"pass","Package":"go.temporal.io/server/tools/gomad3/internal/gomadtool/architecture","Test":"TestErrorProvenanceWriter","Elapsed":6.28}
{"Time":"2026-10-05T14:27:40.776383034Z","Action":"run","Package":"go.temporal.io/server/tools/gomad3/internal/gomadtool/architecture","Test":"TestErrorProvenanceEmptySliceAlias"}
{"Time":"2026-10-05T14:27:40.776402867Z","Action":"output","Package":"go.temporal.io/server/tools/gomad3/internal/gomadtool/architecture","Test":"TestErrorProvenanceEmptySliceAlias","Output":"=== RUN   TestErrorProvenanceEmptySliceAlias\n","OutputType":"frame"}
{"Time":"2026-10-05T14:27:40.776434075Z","Action":"run","Package":"go.temporal.io/server/tools/gomad3/internal/gomadtool/architecture","Test":"TestErrorProvenanceEmptySliceAlias/dirty"}
{"Time":"2026-10-05T14:27:40.776451784Z","Action":"output","Package":"go.temporal.io/server/tools/gomad3/internal/gomadtool/architecture","Test":"TestErrorProvenanceEmptySliceAlias/dirty","Output":"=== RUN   TestErrorProvenanceEmptySliceAlias/dirty\n","OutputType":"frame"}
{"Time":"2026-10-05T14:27:40.879111617Z","Action":"output","Package":"go.temporal.io/server/tools/gomad3/internal/gomadtool/architecture","Test":"TestErrorProvenanceEmptySliceAlias/dirty","Output":"    error_provenance_test.go:153: stock-host causal fixture: === RUN   TestBehavior\n"}
{"Time":"2026-10-05T14:27:40.879213284Z","Action":"output","Package":"go.temporal.io/server/tools/gomad3/internal/gomadtool/architecture","Test":"TestErrorProvenanceEmptySliceAlias/dirty","Output":"            pure_test.go:1: actual callbacks=1 writer count=0\n"}
{"Time":"2026-10-05T14:27:40.879252701Z","Action":"output","Package":"go.temporal.io/server/tools/gomad3/internal/gomadtool/architecture","Test":"TestErrorProvenanceEmptySliceAlias/dirty","Output":"        --- PASS: TestBehavior (0.00s)\n"}
{"Time":"2026-10-05T14:27:40.879275117Z","Action":"output","Package":"go.temporal.io/server/tools/gomad3/internal/gomadtool/architecture","Test":"TestErrorProvenanceEmptySliceAlias/dirty","Output":"        PASS\n"}
{"Time":"2026-10-05T14:27:40.879288201Z","Action":"output","Package":"go.temporal.io/server/tools/gomad3/internal/gomadtool/architecture","Test":"TestErrorProvenanceEmptySliceAlias/dirty","Output":"        ok  \texample.invalid/errorprovenance/record\t0.001s\n"}
{"Time":"2026-10-05T14:27:41.221033867Z","Action":"output","Package":"go.temporal.io/server/tools/gomad3/internal/gomadtool/architecture","Test":"TestErrorProvenanceEmptySliceAlias/dirty","Output":"    error_provenance_test.go:153: metadata {linux amd64} package edges=0 effects=[{host-effect  /home/agent/.cache/codex-build/tmp/TestErrorProvenanceEmptySliceAliasdirty4258246721/001/internal/canonicaljson/helper.go:1:88 example.invalid/errorprovenance/record.Check -\u003e example.invalid/errorprovenance/record.Check -\u003e example.invalid/errorprovenance/internal/canonicaljson.Dirty -\u003e time.Now}]\n"}
{"Time":"2026-10-05T14:27:41.557109076Z","Action":"output","Package":"go.temporal.io/server/tools/gomad3/internal/gomadtool/architecture","Test":"TestErrorProvenanceEmptySliceAlias/dirty","Output":"    error_provenance_test.go:153: metadata {darwin arm64} package edges=0 effects=[{host-effect  /home/agent/.cache/codex-build/tmp/TestErrorProvenanceEmptySliceAliasdirty4258246721/001/internal/canonicaljson/helper.go:1:88 example.invalid/errorprovenance/record.Check -\u003e example.invalid/errorprovenance/record.Check -\u003e example.invalid/errorprovenance/internal/canonicaljson.Dirty -\u003e time.Now}]\n"}
{"Time":"2026-10-05T14:27:41.557257076Z","Action":"output","Package":"go.temporal.io/server/tools/gomad3/internal/gomadtool/architecture","Test":"TestErrorProvenanceEmptySliceAlias/dirty","Output":"--- PASS: TestErrorProvenanceEmptySliceAlias/dirty (0.78s)\n","OutputType":"frame"}
{"Time":"2026-10-05T14:27:41.557350493Z","Action":"pass","Package":"go.temporal.io/server/tools/gomad3/internal/gomadtool/architecture","Test":"TestErrorProvenanceEmptySliceAlias/dirty","Elapsed":0.78}
{"Time":"2026-10-05T14:27:41.557380951Z","Action":"run","Package":"go.temporal.io/server/tools/gomad3/internal/gomadtool/architecture","Test":"TestErrorProvenanceEmptySliceAlias/clean"}
{"Time":"2026-10-05T14:27:41.557402284Z","Action":"output","Package":"go.temporal.io/server/tools/gomad3/internal/gomadtool/architecture","Test":"TestErrorProvenanceEmptySliceAlias/clean","Output":"=== RUN   TestErrorProvenanceEmptySliceAlias/clean\n","OutputType":"frame"}
{"Time":"2026-10-05T14:27:41.660033201Z","Action":"output","Package":"go.temporal.io/server/tools/gomad3/internal/gomadtool/architecture","Test":"TestErrorProvenanceEmptySliceAlias/clean","Output":"    error_provenance_test.go:153: stock-host causal fixture: === RUN   TestBehavior\n"}
{"Time":"2026-10-05T14:27:41.660153534Z","Action":"output","Package":"go.temporal.io/server/tools/gomad3/internal/gomadtool/architecture","Test":"TestErrorProvenanceEmptySliceAlias/clean","Output":"            pure_test.go:1: actual callbacks=0 writer count=0\n"}
{"Time":"2026-10-05T14:27:41.660178493Z","Action":"output","Package":"go.temporal.io/server/tools/gomad3/internal/gomadtool/architecture","Test":"TestErrorProvenanceEmptySliceAlias/clean","Output":"        --- PASS: TestBehavior (0.00s)\n"}
{"Time":"2026-10-05T14:27:41.660196451Z","Action":"output","Package":"go.temporal.io/server/tools/gomad3/internal/gomadtool/architecture","Test":"TestErrorProvenanceEmptySliceAlias/clean","Output":"        PASS\n"}
{"Time":"2026-10-05T14:27:41.660223701Z","Action":"output","Package":"go.temporal.io/server/tools/gomad3/internal/gomadtool/architecture","Test":"TestErrorProvenanceEmptySliceAlias/clean","Output":"        ok  \texample.invalid/errorprovenance/record\t0.001s\n"}
{"Time":"2026-10-05T14:27:42.001632034Z","Action":"output","Package":"go.temporal.io/server/tools/gomad3/internal/gomadtool/architecture","Test":"TestErrorProvenanceEmptySliceAlias/clean","Output":"    error_provenance_test.go:153: metadata {linux amd64} package edges=0 effects=[]\n"}
{"Time":"2026-10-05T14:27:42.327617326Z","Action":"output","Package":"go.temporal.io/server/tools/gomad3/internal/gomadtool/architecture","Test":"TestErrorProvenanceEmptySliceAlias/clean","Output":"    error_provenance_test.go:153: metadata {darwin arm64} package edges=0 effects=[]\n"}
{"Time":"2026-10-05T14:27:42.327778993Z","Action":"output","Package":"go.temporal.io/server/tools/gomad3/internal/gomadtool/architecture","Test":"TestErrorProvenanceEmptySliceAlias/clean","Output":"--- PASS: TestErrorProvenanceEmptySliceAlias/clean (0.77s)\n","OutputType":"frame"}
{"Time":"2026-10-05T14:27:42.330193243Z","Action":"pass","Package":"go.temporal.io/server/tools/gomad3/internal/gomadtool/architecture","Test":"TestErrorProvenanceEmptySliceAlias/clean","Elapsed":0.77}
{"Time":"2026-10-05T14:27:42.33023316Z","Action":"run","Package":"go.temporal.io/server/tools/gomad3/internal/gomadtool/architecture","Test":"TestErrorProvenanceEmptySliceAlias/concrete-zero-element"}
{"Time":"2026-10-05T14:27:42.330246326Z","Action":"output","Package":"go.temporal.io/server/tools/gomad3/internal/gomadtool/architecture","Test":"TestErrorProvenanceEmptySliceAlias/concrete-zero-element","Output":"=== RUN   TestErrorProvenanceEmptySliceAlias/concrete-zero-element\n","OutputType":"frame"}
{"Time":"2026-10-05T14:27:42.434715743Z","Action":"output","Package":"go.temporal.io/server/tools/gomad3/internal/gomadtool/architecture","Test":"TestErrorProvenanceEmptySliceAlias/concrete-zero-element","Output":"    error_provenance_test.go:153: stock-host causal fixture: === RUN   TestBehavior\n"}
{"Time":"2026-10-05T14:27:42.434790118Z","Action":"output","Package":"go.temporal.io/server/tools/gomad3/internal/gomadtool/architecture","Test":"TestErrorProvenanceEmptySliceAlias/concrete-zero-element","Output":"            pure_test.go:1: actual callbacks=1 writer count=0\n"}
{"Time":"2026-10-05T14:27:42.434829701Z","Action":"output","Package":"go.temporal.io/server/tools/gomad3/internal/gomadtool/architecture","Test":"TestErrorProvenanceEmptySliceAlias/concrete-zero-element","Output":"        --- PASS: TestBehavior (0.00s)\n"}
{"Time":"2026-10-05T14:27:42.434855451Z","Action":"output","Package":"go.temporal.io/server/tools/gomad3/internal/gomadtool/architecture","Test":"TestErrorProvenanceEmptySliceAlias/concrete-zero-element","Output":"        PASS\n"}
{"Time":"2026-10-05T14:27:42.434872493Z","Action":"output","Package":"go.temporal.io/server/tools/gomad3/internal/gomadtool/architecture","Test":"TestErrorProvenanceEmptySliceAlias/concrete-zero-element","Output":"        ok  \texample.invalid/errorprovenance/record\t0.001s\n"}
{"Time":"2026-10-05T14:27:42.76534216Z","Action":"output","Package":"go.temporal.io/server/tools/gomad3/internal/gomadtool/architecture","Test":"TestErrorProvenanceEmptySliceAlias/concrete-zero-element","Output":"    error_provenance_test.go:153: metadata {linux amd64} package edges=0 effects=[{host-effect  /home/agent/.cache/codex-build/tmp/TestErrorProvenanceEmptySliceAliasconcrete-zero-element3185926393/001/internal/canonicaljson/helper.go:1:119 example.invalid/errorprovenance/record.Check -\u003e example.invalid/errorprovenance/record.Check -\u003e example.invalid/errorprovenance/internal/canonicaljson.Leaf.String -\u003e time.Now}]\n"}
{"Time":"2026-10-05T14:27:43.117267535Z","Action":"output","Package":"go.temporal.io/server/tools/gomad3/internal/gomadtool/architecture","Test":"TestErrorProvenanceEmptySliceAlias/concrete-zero-element","Output":"    error_provenance_test.go:153: metadata {darwin arm64} package edges=0 effects=[{host-effect  /home/agent/.cache/codex-build/tmp/TestErrorProvenanceEmptySliceAliasconcrete-zero-element3185926393/001/internal/canonicaljson/helper.go:1:119 example.invalid/errorprovenance/record.Check -\u003e example.invalid/errorprovenance/record.Check -\u003e example.invalid/errorprovenance/internal/canonicaljson.Leaf.String -\u003e time.Now}]\n"}
{"Time":"2026-10-05T14:27:43.117422202Z","Action":"output","Package":"go.temporal.io/server/tools/gomad3/internal/gomadtool/architecture","Test":"TestErrorProvenanceEmptySliceAlias/concrete-zero-element","Output":"--- PASS: TestErrorProvenanceEmptySliceAlias/concrete-zero-element (0.79s)\n","OutputType":"frame"}
{"Time":"2026-10-05T14:27:43.117455618Z","Action":"pass","Package":"go.temporal.io/server/tools/gomad3/internal/gomadtool/architecture","Test":"TestErrorProvenanceEmptySliceAlias/concrete-zero-element","Elapsed":0.79}
{"Time":"2026-10-05T14:27:43.11747966Z","Action":"run","Package":"go.temporal.io/server/tools/gomad3/internal/gomadtool/architecture","Test":"TestErrorProvenanceEmptySliceAlias/clean-concrete-zero-element"}
{"Time":"2026-10-05T14:27:43.117496118Z","Action":"output","Package":"go.temporal.io/server/tools/gomad3/internal/gomadtool/architecture","Test":"TestErrorProvenanceEmptySliceAlias/clean-concrete-zero-element","Output":"=== RUN   TestErrorProvenanceEmptySliceAlias/clean-concrete-zero-element\n","OutputType":"frame"}
{"Time":"2026-10-05T14:27:43.218528368Z","Action":"output","Package":"go.temporal.io/server/tools/gomad3/internal/gomadtool/architecture","Test":"TestErrorProvenanceEmptySliceAlias/clean-concrete-zero-element","Output":"    error_provenance_test.go:153: stock-host causal fixture: === RUN   TestBehavior\n"}
{"Time":"2026-10-05T14:27:43.218658827Z","Action":"output","Package":"go.temporal.io/server/tools/gomad3/internal/gomadtool/architecture","Test":"TestErrorProvenanceEmptySliceAlias/clean-concrete-zero-element","Output":"            pure_test.go:1: actual callbacks=0 writer count=0\n"}
{"Time":"2026-10-05T14:27:43.21868216Z","Action":"output","Package":"go.temporal.io/server/tools/gomad3/internal/gomadtool/architecture","Test":"TestErrorProvenanceEmptySliceAlias/clean-concrete-zero-element","Output":"        --- PASS: TestBehavior (0.00s)\n"}
{"Time":"2026-10-05T14:27:43.218702827Z","Action":"output","Package":"go.temporal.io/server/tools/gomad3/internal/gomadtool/architecture","Test":"TestErrorProvenanceEmptySliceAlias/clean-concrete-zero-element","Output":"        PASS\n"}
{"Time":"2026-10-05T14:27:43.218758493Z","Action":"output","Package":"go.temporal.io/server/tools/gomad3/internal/gomadtool/architecture","Test":"TestErrorProvenanceEmptySliceAlias/clean-concrete-zero-element","Output":"        ok  \texample.invalid/errorprovenance/record\t0.001s\n"}
{"Time":"2026-10-05T14:27:43.554285118Z","Action":"output","Package":"go.temporal.io/server/tools/gomad3/internal/gomadtool/architecture","Test":"TestErrorProvenanceEmptySliceAlias/clean-concrete-zero-element","Output":"    error_provenance_test.go:153: metadata {linux amd64} package edges=0 effects=[]\n"}
{"Time":"2026-10-05T14:27:43.883639827Z","Action":"output","Package":"go.temporal.io/server/tools/gomad3/internal/gomadtool/architecture","Test":"TestErrorProvenanceEmptySliceAlias/clean-concrete-zero-element","Output":"    error_provenance_test.go:153: metadata {darwin arm64} package edges=0 effects=[]\n"}
{"Time":"2026-10-05T14:27:43.883821452Z","Action":"output","Package":"go.temporal.io/server/tools/gomad3/internal/gomadtool/architecture","Test":"TestErrorProvenanceEmptySliceAlias/clean-concrete-zero-element","Output":"--- PASS: TestErrorProvenanceEmptySliceAlias/clean-concrete-zero-element (0.77s)\n","OutputType":"frame"}
{"Time":"2026-10-05T14:27:43.89201191Z","Action":"pass","Package":"go.temporal.io/server/tools/gomad3/internal/gomadtool/architecture","Test":"TestErrorProvenanceEmptySliceAlias/clean-concrete-zero-element","Elapsed":0.77}
{"Time":"2026-10-05T14:27:43.892094244Z","Action":"run","Package":"go.temporal.io/server/tools/gomad3/internal/gomadtool/architecture","Test":"TestErrorProvenanceEmptySliceAlias/nil-interface-elements"}
{"Time":"2026-10-05T14:27:43.892131452Z","Action":"output","Package":"go.temporal.io/server/tools/gomad3/internal/gomadtool/architecture","Test":"TestErrorProvenanceEmptySliceAlias/nil-interface-elements","Output":"=== RUN   TestErrorProvenanceEmptySliceAlias/nil-interface-elements\n","OutputType":"frame"}
{"Time":"2026-10-05T14:27:43.992621744Z","Action":"output","Package":"go.temporal.io/server/tools/gomad3/internal/gomadtool/architecture","Test":"TestErrorProvenanceEmptySliceAlias/nil-interface-elements","Output":"    error_provenance_test.go:153: stock-host causal fixture: === RUN   TestBehavior\n"}
{"Time":"2026-10-05T14:27:43.992716744Z","Action":"output","Package":"go.temporal.io/server/tools/gomad3/internal/gomadtool/architecture","Test":"TestErrorProvenanceEmptySliceAlias/nil-interface-elements","Output":"            pure_test.go:1: actual callbacks=0 writer count=0\n"}
{"Time":"2026-10-05T14:27:43.992753535Z","Action":"output","Package":"go.temporal.io/server/tools/gomad3/internal/gomadtool/architecture","Test":"TestErrorProvenanceEmptySliceAlias/nil-interface-elements","Output":"        --- PASS: TestBehavior (0.00s)\n"}
{"Time":"2026-10-05T14:27:43.992770494Z","Action":"output","Package":"go.temporal.io/server/tools/gomad3/internal/gomadtool/architecture","Test":"TestErrorProvenanceEmptySliceAlias/nil-interface-elements","Output":"        PASS\n"}
{"Time":"2026-10-05T14:27:43.992781535Z","Action":"output","Package":"go.temporal.io/server/tools/gomad3/internal/gomadtool/architecture","Test":"TestErrorProvenanceEmptySliceAlias/nil-interface-elements","Output":"        ok  \texample.invalid/errorprovenance/record\t0.001s\n"}
{"Time":"2026-10-05T14:27:44.32895166Z","Action":"output","Package":"go.temporal.io/server/tools/gomad3/internal/gomadtool/architecture","Test":"TestErrorProvenanceEmptySliceAlias/nil-interface-elements","Output":"    error_provenance_test.go:153: metadata {linux amd64} package edges=0 effects=[]\n"}
{"Time":"2026-10-05T14:27:44.679425161Z","Action":"output","Package":"go.temporal.io/server/tools/gomad3/internal/gomadtool/architecture","Test":"TestErrorProvenanceEmptySliceAlias/nil-interface-elements","Output":"    error_provenance_test.go:153: metadata {darwin arm64} package edges=0 effects=[]\n"}
{"Time":"2026-10-05T14:27:44.679587119Z","Action":"output","Package":"go.temporal.io/server/tools/gomad3/internal/gomadtool/architecture","Test":"TestErrorProvenanceEmptySliceAlias/nil-interface-elements","Output":"--- PASS: TestErrorProvenanceEmptySliceAlias/nil-interface-elements (0.79s)\n","OutputType":"frame"}
{"Time":"2026-10-05T14:27:44.679665911Z","Action":"pass","Package":"go.temporal.io/server/tools/gomad3/internal/gomadtool/architecture","Test":"TestErrorProvenanceEmptySliceAlias/nil-interface-elements","Elapsed":0.79}
{"Time":"2026-10-05T14:27:44.679692161Z","Action":"run","Package":"go.temporal.io/server/tools/gomad3/internal/gomadtool/architecture","Test":"TestErrorProvenanceEmptySliceAlias/unknown-interface-elements"}
{"Time":"2026-10-05T14:27:44.679722661Z","Action":"output","Package":"go.temporal.io/server/tools/gomad3/internal/gomadtool/architecture","Test":"TestErrorProvenanceEmptySliceAlias/unknown-interface-elements","Output":"=== RUN   TestErrorProvenanceEmptySliceAlias/unknown-interface-elements\n","OutputType":"frame"}
{"Time":"2026-10-05T14:27:44.784618119Z","Action":"output","Package":"go.temporal.io/server/tools/gomad3/internal/gomadtool/architecture","Test":"TestErrorProvenanceEmptySliceAlias/unknown-interface-elements","Output":"    error_provenance_test.go:153: stock-host causal fixture: === RUN   TestBehavior\n"}
{"Time":"2026-10-05T14:27:44.784707202Z","Action":"output","Package":"go.temporal.io/server/tools/gomad3/internal/gomadtool/architecture","Test":"TestErrorProvenanceEmptySliceAlias/unknown-interface-elements","Output":"            pure_test.go:1: actual callbacks=0 writer count=0\n"}
{"Time":"2026-10-05T14:27:44.784753702Z","Action":"output","Package":"go.temporal.io/server/tools/gomad3/internal/gomadtool/architecture","Test":"TestErrorProvenanceEmptySliceAlias/unknown-interface-elements","Output":"        --- PASS: TestBehavior (0.00s)\n"}
{"Time":"2026-10-05T14:27:44.784788411Z","Action":"output","Package":"go.temporal.io/server/tools/gomad3/internal/gomadtool/architecture","Test":"TestErrorProvenanceEmptySliceAlias/unknown-interface-elements","Output":"        PASS\n"}
{"Time":"2026-10-05T14:27:44.784802994Z","Action":"output","Package":"go.temporal.io/server/tools/gomad3/internal/gomadtool/architecture","Test":"TestErrorProvenanceEmptySliceAlias/unknown-interface-elements","Output":"        ok  \texample.invalid/errorprovenance/record\t0.001s\n"}
{"Time":"2026-10-05T14:27:45.145457078Z","Action":"output","Package":"go.temporal.io/server/tools/gomad3/internal/gomadtool/architecture","Test":"TestErrorProvenanceEmptySliceAlias/unknown-interface-elements","Output":"    error_provenance_test.go:153: metadata {linux amd64} package edges=0 effects=[{unresolved-effect  /home/agent/.cache/codex-build/tmp/TestErrorProvenanceEmptySliceAliasunknown-interface-elements1112125550/001/record/pure.go:1:171 example.invalid/errorprovenance/record.Check -\u003e example.invalid/errorprovenance/record.Check -\u003e unknown dynamic callback receiver error}]\n"}
{"Time":"2026-10-05T14:27:45.486712536Z","Action":"output","Package":"go.temporal.io/server/tools/gomad3/internal/gomadtool/architecture","Test":"TestErrorProvenanceEmptySliceAlias/unknown-interface-elements","Output":"    error_provenance_test.go:153: metadata {darwin arm64} package edges=0 effects=[{unresolved-effect  /home/agent/.cache/codex-build/tmp/TestErrorProvenanceEmptySliceAliasunknown-interface-elements1112125550/001/record/pure.go:1:171 example.invalid/errorprovenance/record.Check -\u003e example.invalid/errorprovenance/record.Check -\u003e unknown dynamic callback receiver error}]\n"}
{"Time":"2026-10-05T14:27:45.486866078Z","Action":"output","Package":"go.temporal.io/server/tools/gomad3/internal/gomadtool/architecture","Test":"TestErrorProvenanceEmptySliceAlias/unknown-interface-elements","Output":"--- PASS: TestErrorProvenanceEmptySliceAlias/unknown-interface-elements (0.81s)\n","OutputType":"frame"}
{"Time":"2026-10-05T14:27:45.486896911Z","Action":"pass","Package":"go.temporal.io/server/tools/gomad3/internal/gomadtool/architecture","Test":"TestErrorProvenanceEmptySliceAlias/unknown-interface-elements","Elapsed":0.81}
{"Time":"2026-10-05T14:27:45.486921786Z","Action":"output","Package":"go.temporal.io/server/tools/gomad3/internal/gomadtool/architecture","Test":"TestErrorProvenanceEmptySliceAlias","Output":"--- PASS: TestErrorProvenanceEmptySliceAlias (4.71s)\n","OutputType":"frame"}
{"Time":"2026-10-05T14:27:45.486941536Z","Action":"pass","Package":"go.temporal.io/server/tools/gomad3/internal/gomadtool/architecture","Test":"TestErrorProvenanceEmptySliceAlias","Elapsed":4.71}
{"Time":"2026-10-05T14:27:45.486957869Z","Action":"run","Package":"go.temporal.io/server/tools/gomad3/internal/gomadtool/architecture","Test":"TestErrorProvenanceEmptyMapAlias"}
{"Time":"2026-10-05T14:27:45.486971703Z","Action":"output","Package":"go.temporal.io/server/tools/gomad3/internal/gomadtool/architecture","Test":"TestErrorProvenanceEmptyMapAlias","Output":"=== RUN   TestErrorProvenanceEmptyMapAlias\n","OutputType":"frame"}
{"Time":"2026-10-05T14:27:45.486987036Z","Action":"run","Package":"go.temporal.io/server/tools/gomad3/internal/gomadtool/architecture","Test":"TestErrorProvenanceEmptyMapAlias/dirty"}
{"Time":"2026-10-05T14:27:45.487005869Z","Action":"output","Package":"go.temporal.io/server/tools/gomad3/internal/gomadtool/architecture","Test":"TestErrorProvenanceEmptyMapAlias/dirty","Output":"=== RUN   TestErrorProvenanceEmptyMapAlias/dirty\n","OutputType":"frame"}
{"Time":"2026-10-05T14:27:45.588891494Z","Action":"output","Package":"go.temporal.io/server/tools/gomad3/internal/gomadtool/architecture","Test":"TestErrorProvenanceEmptyMapAlias/dirty","Output":"    error_provenance_test.go:164: stock-host causal fixture: === RUN   TestBehavior\n"}
{"Time":"2026-10-05T14:27:45.588987911Z","Action":"output","Package":"go.temporal.io/server/tools/gomad3/internal/gomadtool/architecture","Test":"TestErrorProvenanceEmptyMapAlias/dirty","Output":"            pure_test.go:1: actual callbacks=1 writer count=0\n"}
{"Time":"2026-10-05T14:27:45.589036744Z","Action":"output","Package":"go.temporal.io/server/tools/gomad3/internal/gomadtool/architecture","Test":"TestErrorProvenanceEmptyMapAlias/dirty","Output":"        --- PASS: TestBehavior (0.00s)\n"}
{"Time":"2026-10-05T14:27:45.589068744Z","Action":"output","Package":"go.temporal.io/server/tools/gomad3/internal/gomadtool/architecture","Test":"TestErrorProvenanceEmptyMapAlias/dirty","Output":"        PASS\n"}
{"Time":"2026-10-05T14:27:45.589087119Z","Action":"output","Package":"go.temporal.io/server/tools/gomad3/internal/gomadtool/architecture","Test":"TestErrorProvenanceEmptyMapAlias/dirty","Output":"        ok  \texample.invalid/errorprovenance/record\t0.001s\n"}
{"Time":"2026-10-05T14:27:45.925504786Z","Action":"output","Package":"go.temporal.io/server/tools/gomad3/internal/gomadtool/architecture","Test":"TestErrorProvenanceEmptyMapAlias/dirty","Output":"    error_provenance_test.go:164: metadata {linux amd64} package edges=0 effects=[{host-effect  /home/agent/.cache/codex-build/tmp/TestErrorProvenanceEmptyMapAliasdirty1509326390/001/internal/canonicaljson/helper.go:1:88 example.invalid/errorprovenance/record.Check -\u003e example.invalid/errorprovenance/record.Check -\u003e example.invalid/errorprovenance/internal/canonicaljson.Dirty -\u003e time.Now}]\n"}
{"Time":"2026-10-05T14:27:46.254404286Z","Action":"output","Package":"go.temporal.io/server/tools/gomad3/internal/gomadtool/architecture","Test":"TestErrorProvenanceEmptyMapAlias/dirty","Output":"    error_provenance_test.go:164: metadata {darwin arm64} package edges=0 effects=[{host-effect  /home/agent/.cache/codex-build/tmp/TestErrorProvenanceEmptyMapAliasdirty1509326390/001/internal/canonicaljson/helper.go:1:88 example.invalid/errorprovenance/record.Check -\u003e example.invalid/errorprovenance/record.Check -\u003e example.invalid/errorprovenance/internal/canonicaljson.Dirty -\u003e time.Now}]\n"}
{"Time":"2026-10-05T14:27:46.254547328Z","Action":"output","Package":"go.temporal.io/server/tools/gomad3/internal/gomadtool/architecture","Test":"TestErrorProvenanceEmptyMapAlias/dirty","Output":"--- PASS: TestErrorProvenanceEmptyMapAlias/dirty (0.77s)\n","OutputType":"frame"}
{"Time":"2026-10-05T14:27:46.25457787Z","Action":"pass","Package":"go.temporal.io/server/tools/gomad3/internal/gomadtool/architecture","Test":"TestErrorProvenanceEmptyMapAlias/dirty","Elapsed":0.77}
{"Time":"2026-10-05T14:27:46.254601203Z","Action":"run","Package":"go.temporal.io/server/tools/gomad3/internal/gomadtool/architecture","Test":"TestErrorProvenanceEmptyMapAlias/clean"}
{"Time":"2026-10-05T14:27:46.254662495Z","Action":"output","Package":"go.temporal.io/server/tools/gomad3/internal/gomadtool/architecture","Test":"TestErrorProvenanceEmptyMapAlias/clean","Output":"=== RUN   TestErrorProvenanceEmptyMapAlias/clean\n","OutputType":"frame"}
{"Time":"2026-10-05T14:27:46.356586286Z","Action":"output","Package":"go.temporal.io/server/tools/gomad3/internal/gomadtool/architecture","Test":"TestErrorProvenanceEmptyMapAlias/clean","Output":"    error_provenance_test.go:164: stock-host causal fixture: === RUN   TestBehavior\n"}
{"Time":"2026-10-05T14:27:46.356701286Z","Action":"output","Package":"go.temporal.io/server/tools/gomad3/internal/gomadtool/architecture","Test":"TestErrorProvenanceEmptyMapAlias/clean","Output":"            pure_test.go:1: actual callbacks=0 writer count=0\n"}
{"Time":"2026-10-05T14:27:46.356731536Z","Action":"output","Package":"go.temporal.io/server/tools/gomad3/internal/gomadtool/architecture","Test":"TestErrorProvenanceEmptyMapAlias/clean","Output":"        --- PASS: TestBehavior (0.00s)\n"}
{"Time":"2026-10-05T14:27:46.356756911Z","Action":"output","Package":"go.temporal.io/server/tools/gomad3/internal/gomadtool/architecture","Test":"TestErrorProvenanceEmptyMapAlias/clean","Output":"        PASS\n"}
{"Time":"2026-10-05T14:27:46.356777245Z","Action":"output","Package":"go.temporal.io/server/tools/gomad3/internal/gomadtool/architecture","Test":"TestErrorProvenanceEmptyMapAlias/clean","Output":"        ok  \texample.invalid/errorprovenance/record\t0.001s\n"}
{"Time":"2026-10-05T14:27:46.715468495Z","Action":"output","Package":"go.temporal.io/server/tools/gomad3/internal/gomadtool/architecture","Test":"TestErrorProvenanceEmptyMapAlias/clean","Output":"    error_provenance_test.go:164: metadata {linux amd64} package edges=0 effects=[]\n"}
{"Time":"2026-10-05T14:27:47.05552962Z","Action":"output","Package":"go.temporal.io/server/tools/gomad3/internal/gomadtool/architecture","Test":"TestErrorProvenanceEmptyMapAlias/clean","Output":"    error_provenance_test.go:164: metadata {darwin arm64} package edges=0 effects=[]\n"}
{"Time":"2026-10-05T14:27:47.055686245Z","Action":"output","Package":"go.temporal.io/server/tools/gomad3/internal/gomadtool/architecture","Test":"TestErrorProvenanceEmptyMapAlias/clean","Output":"--- PASS: TestErrorProvenanceEmptyMapAlias/clean (0.80s)\n","OutputType":"frame"}
{"Time":"2026-10-05T14:27:47.055717495Z","Action":"pass","Package":"go.temporal.io/server/tools/gomad3/internal/gomadtool/architecture","Test":"TestErrorProvenanceEmptyMapAlias/clean","Elapsed":0.8}
{"Time":"2026-10-05T14:27:47.05573937Z","Action":"run","Package":"go.temporal.io/server/tools/gomad3/internal/gomadtool/architecture","Test":"TestErrorProvenanceEmptyMapAlias/nil-interface-elements"}
{"Time":"2026-10-05T14:27:47.055760828Z","Action":"output","Package":"go.temporal.io/server/tools/gomad3/internal/gomadtool/architecture","Test":"TestErrorProvenanceEmptyMapAlias/nil-interface-elements","Output":"=== RUN   TestErrorProvenanceEmptyMapAlias/nil-interface-elements\n","OutputType":"frame"}
{"Time":"2026-10-05T14:27:47.157854954Z","Action":"output","Package":"go.temporal.io/server/tools/gomad3/internal/gomadtool/architecture","Test":"TestErrorProvenanceEmptyMapAlias/nil-interface-elements","Output":"    error_provenance_test.go:164: stock-host causal fixture: === RUN   TestBehavior\n"}
{"Time":"2026-10-05T14:27:47.157947037Z","Action":"output","Package":"go.temporal.io/server/tools/gomad3/internal/gomadtool/architecture","Test":"TestErrorProvenanceEmptyMapAlias/nil-interface-elements","Output":"            pure_test.go:1: actual callbacks=0 writer count=0\n"}
{"Time":"2026-10-05T14:27:47.157973495Z","Action":"output","Package":"go.temporal.io/server/tools/gomad3/internal/gomadtool/architecture","Test":"TestErrorProvenanceEmptyMapAlias/nil-interface-elements","Output":"        --- PASS: TestBehavior (0.00s)\n"}
{"Time":"2026-10-05T14:27:47.158008995Z","Action":"output","Package":"go.temporal.io/server/tools/gomad3/internal/gomadtool/architecture","Test":"TestErrorProvenanceEmptyMapAlias/nil-interface-elements","Output":"        PASS\n"}
{"Time":"2026-10-05T14:27:47.158035954Z","Action":"output","Package":"go.temporal.io/server/tools/gomad3/internal/gomadtool/architecture","Test":"TestErrorProvenanceEmptyMapAlias/nil-interface-elements","Output":"        ok  \texample.invalid/errorprovenance/record\t0.001s\n"}
{"Time":"2026-10-05T14:27:47.493149745Z","Action":"output","Package":"go.temporal.io/server/tools/gomad3/internal/gomadtool/architecture","Test":"TestErrorProvenanceEmptyMapAlias/nil-interface-elements","Output":"    error_provenance_test.go:164: metadata {linux amd64} package edges=0 effects=[]\n"}
{"Time":"2026-10-05T14:27:47.836478329Z","Action":"output","Package":"go.temporal.io/server/tools/gomad3/internal/gomadtool/architecture","Test":"TestErrorProvenanceEmptyMapAlias/nil-interface-elements","Output":"    error_provenance_test.go:164: metadata {darwin arm64} package edges=0 effects=[]\n"}
{"Time":"2026-10-05T14:27:47.83659912Z","Action":"output","Package":"go.temporal.io/server/tools/gomad3/internal/gomadtool/architecture","Test":"TestErrorProvenanceEmptyMapAlias/nil-interface-elements","Output":"--- PASS: TestErrorProvenanceEmptyMapAlias/nil-interface-elements (0.78s)\n","OutputType":"frame"}
{"Time":"2026-10-05T14:27:47.83662762Z","Action":"pass","Package":"go.temporal.io/server/tools/gomad3/internal/gomadtool/architecture","Test":"TestErrorProvenanceEmptyMapAlias/nil-interface-elements","Elapsed":0.78}
{"Time":"2026-10-05T14:27:47.836644204Z","Action":"run","Package":"go.temporal.io/server/tools/gomad3/internal/gomadtool/architecture","Test":"TestErrorProvenanceEmptyMapAlias/unknown-interface-elements"}
{"Time":"2026-10-05T14:27:47.836661412Z","Action":"output","Package":"go.temporal.io/server/tools/gomad3/internal/gomadtool/architecture","Test":"TestErrorProvenanceEmptyMapAlias/unknown-interface-elements","Output":"=== RUN   TestErrorProvenanceEmptyMapAlias/unknown-interface-elements\n","OutputType":"frame"}
{"Time":"2026-10-05T14:27:47.939326412Z","Action":"output","Package":"go.temporal.io/server/tools/gomad3/internal/gomadtool/architecture","Test":"TestErrorProvenanceEmptyMapAlias/unknown-interface-elements","Output":"    error_provenance_test.go:164: stock-host causal fixture: === RUN   TestBehavior\n"}
{"Time":"2026-10-05T14:27:47.939402454Z","Action":"output","Package":"go.temporal.io/server/tools/gomad3/internal/gomadtool/architecture","Test":"TestErrorProvenanceEmptyMapAlias/unknown-interface-elements","Output":"            pure_test.go:1: actual callbacks=0 writer count=0\n"}
{"Time":"2026-10-05T14:27:47.939439037Z","Action":"output","Package":"go.temporal.io/server/tools/gomad3/internal/gomadtool/architecture","Test":"TestErrorProvenanceEmptyMapAlias/unknown-interface-elements","Output":"        --- PASS: TestBehavior (0.00s)\n"}
{"Time":"2026-10-05T14:27:47.939460996Z","Action":"output","Package":"go.temporal.io/server/tools/gomad3/internal/gomadtool/architecture","Test":"TestErrorProvenanceEmptyMapAlias/unknown-interface-elements","Output":"        PASS\n"}
{"Time":"2026-10-05T14:27:47.939484829Z","Action":"output","Package":"go.temporal.io/server/tools/gomad3/internal/gomadtool/architecture","Test":"TestErrorProvenanceEmptyMapAlias/unknown-interface-elements","Output":"        ok  \texample.invalid/errorprovenance/record\t0.001s\n"}
{"Time":"2026-10-05T14:27:48.280894704Z","Action":"output","Package":"go.temporal.io/server/tools/gomad3/internal/gomadtool/architecture","Test":"TestErrorProvenanceEmptyMapAlias/unknown-interface-elements","Output":"    error_provenance_test.go:164: metadata {linux amd64} package edges=0 effects=[{unresolved-effect  /home/agent/.cache/codex-build/tmp/TestErrorProvenanceEmptyMapAliasunknown-interface-elements2081042867/001/record/pure.go:1:171 example.invalid/errorprovenance/record.Check -\u003e example.invalid/errorprovenance/record.Check -\u003e unknown dynamic callback receiver error}]\n"}
{"Time":"2026-10-05T14:27:48.608901663Z","Action":"output","Package":"go.temporal.io/server/tools/gomad3/internal/gomadtool/architecture","Test":"TestErrorProvenanceEmptyMapAlias/unknown-interface-elements","Output":"    error_provenance_test.go:164: metadata {darwin arm64} package edges=0 effects=[{unresolved-effect  /home/agent/.cache/codex-build/tmp/TestErrorProvenanceEmptyMapAliasunknown-interface-elements2081042867/001/record/pure.go:1:171 example.invalid/errorprovenance/record.Check -\u003e example.invalid/errorprovenance/record.Check -\u003e unknown dynamic callback receiver error}]\n"}
{"Time":"2026-10-05T14:27:48.609070371Z","Action":"output","Package":"go.temporal.io/server/tools/gomad3/internal/gomadtool/architecture","Test":"TestErrorProvenanceEmptyMapAlias/unknown-interface-elements","Output":"--- PASS: TestErrorProvenanceEmptyMapAlias/unknown-interface-elements (0.77s)\n","OutputType":"frame"}
{"Time":"2026-10-05T14:27:48.609099621Z","Action":"pass","Package":"go.temporal.io/server/tools/gomad3/internal/gomadtool/architecture","Test":"TestErrorProvenanceEmptyMapAlias/unknown-interface-elements","Elapsed":0.77}
{"Time":"2026-10-05T14:27:48.609122079Z","Action":"output","Package":"go.temporal.io/server/tools/gomad3/internal/gomadtool/architecture","Test":"TestErrorProvenanceEmptyMapAlias","Output":"--- PASS: TestErrorProvenanceEmptyMapAlias (3.12s)\n","OutputType":"frame"}
{"Time":"2026-10-05T14:27:48.609133288Z","Action":"pass","Package":"go.temporal.io/server/tools/gomad3/internal/gomadtool/architecture","Test":"TestErrorProvenanceEmptyMapAlias","Elapsed":3.12}
{"Time":"2026-10-05T14:27:48.609143454Z","Action":"run","Package":"go.temporal.io/server/tools/gomad3/internal/gomadtool/architecture","Test":"TestErrorProvenanceAllocationAliases"}
{"Time":"2026-10-05T14:27:48.609194996Z","Action":"output","Package":"go.temporal.io/server/tools/gomad3/internal/gomadtool/architecture","Test":"TestErrorProvenanceAllocationAliases","Output":"=== RUN   TestErrorProvenanceAllocationAliases\n","OutputType":"frame"}
{"Time":"2026-10-05T14:27:48.609220704Z","Action":"run","Package":"go.temporal.io/server/tools/gomad3/internal/gomadtool/architecture","Test":"TestErrorProvenanceAllocationAliases/new-array/dirty"}
{"Time":"2026-10-05T14:27:48.609234829Z","Action":"output","Package":"go.temporal.io/server/tools/gomad3/internal/gomadtool/architecture","Test":"TestErrorProvenanceAllocationAliases/new-array/dirty","Output":"=== RUN   TestErrorProvenanceAllocationAliases/new-array/dirty\n","OutputType":"frame"}
{"Time":"2026-10-05T14:27:48.714140788Z","Action":"output","Package":"go.temporal.io/server/tools/gomad3/internal/gomadtool/architecture","Test":"TestErrorProvenanceAllocationAliases/new-array/dirty","Output":"    error_provenance_test.go:182: stock-host causal fixture: === RUN   TestBehavior\n"}
{"Time":"2026-10-05T14:27:48.714230413Z","Action":"output","Package":"go.temporal.io/server/tools/gomad3/internal/gomadtool/architecture","Test":"TestErrorProvenanceAllocationAliases/new-array/dirty","Output":"            pure_test.go:1: actual callbacks=1 writer count=0\n"}
{"Time":"2026-10-05T14:27:48.714276121Z","Action":"output","Package":"go.temporal.io/server/tools/gomad3/internal/gomadtool/architecture","Test":"TestErrorProvenanceAllocationAliases/new-array/dirty","Output":"        --- PASS: TestBehavior (0.00s)\n"}
{"Time":"2026-10-05T14:27:48.714303871Z","Action":"output","Package":"go.temporal.io/server/tools/gomad3/internal/gomadtool/architecture","Test":"TestErrorProvenanceAllocationAliases/new-array/dirty","Output":"        PASS\n"}
{"Time":"2026-10-05T14:27:48.714335371Z","Action":"output","Package":"go.temporal.io/server/tools/gomad3/internal/gomadtool/architecture","Test":"TestErrorProvenanceAllocationAliases/new-array/dirty","Output":"        ok  \texample.invalid/errorprovenance/record\t0.001s\n"}
{"Time":"2026-10-05T14:27:49.053890663Z","Action":"output","Package":"go.temporal.io/server/tools/gomad3/internal/gomadtool/architecture","Test":"TestErrorProvenanceAllocationAliases/new-array/dirty","Output":"    error_provenance_test.go:182: metadata {linux amd64} package edges=0 effects=[{host-effect  /home/agent/.cache/codex-build/tmp/TestErrorProvenanceAllocationAliasesnew-arraydirty3789602171/001/internal/canonicaljson/helper.go:1:103 example.invalid/errorprovenance/record.Check -\u003e example.invalid/errorprovenance/record.Check -\u003e example.invalid/errorprovenance/internal/canonicaljson.Dirty -\u003e time.Now}]\n"}
{"Time":"2026-10-05T14:27:49.389896996Z","Action":"output","Package":"go.temporal.io/server/tools/gomad3/internal/gomadtool/architecture","Test":"TestErrorProvenanceAllocationAliases/new-array/dirty","Output":"    error_provenance_test.go:182: metadata {darwin arm64} package edges=0 effects=[{host-effect  /home/agent/.cache/codex-build/tmp/TestErrorProvenanceAllocationAliasesnew-arraydirty3789602171/001/internal/canonicaljson/helper.go:1:103 example.invalid/errorprovenance/record.Check -\u003e example.invalid/errorprovenance/record.Check -\u003e example.invalid/errorprovenance/internal/canonicaljson.Dirty -\u003e time.Now}]\n"}
{"Time":"2026-10-05T14:27:49.390054163Z","Action":"output","Package":"go.temporal.io/server/tools/gomad3/internal/gomadtool/architecture","Test":"TestErrorProvenanceAllocationAliases/new-array/dirty","Output":"--- PASS: TestErrorProvenanceAllocationAliases/new-array/dirty (0.78s)\n","OutputType":"frame"}
{"Time":"2026-10-05T14:27:49.390088538Z","Action":"pass","Package":"go.temporal.io/server/tools/gomad3/internal/gomadtool/architecture","Test":"TestErrorProvenanceAllocationAliases/new-array/dirty","Elapsed":0.78}
{"Time":"2026-10-05T14:27:49.390147996Z","Action":"run","Package":"go.temporal.io/server/tools/gomad3/internal/gomadtool/architecture","Test":"TestErrorProvenanceAllocationAliases/new-array/clean"}
{"Time":"2026-10-05T14:27:49.390174205Z","Action":"output","Package":"go.temporal.io/server/tools/gomad3/internal/gomadtool/architecture","Test":"TestErrorProvenanceAllocationAliases/new-array/clean","Output":"=== RUN   TestErrorProvenanceAllocationAliases/new-array/clean\n","OutputType":"frame"}
{"Time":"2026-10-05T14:27:49.49225483Z","Action":"output","Package":"go.temporal.io/server/tools/gomad3/internal/gomadtool/architecture","Test":"TestErrorProvenanceAllocationAliases/new-array/clean","Output":"    error_provenance_test.go:182: stock-host causal fixture: === RUN   TestBehavior\n"}
{"Time":"2026-10-05T14:27:49.492348121Z","Action":"output","Package":"go.temporal.io/server/tools/gomad3/internal/gomadtool/architecture","Test":"TestErrorProvenanceAllocationAliases/new-array/clean","Output":"            pure_test.go:1: actual callbacks=0 writer count=0\n"}
{"Time":"2026-10-05T14:27:49.492368371Z","Action":"output","Package":"go.temporal.io/server/tools/gomad3/internal/gomadtool/architecture","Test":"TestErrorProvenanceAllocationAliases/new-array/clean","Output":"        --- PASS: TestBehavior (0.00s)\n"}
{"Time":"2026-10-05T14:27:49.492442413Z","Action":"output","Package":"go.temporal.io/server/tools/gomad3/internal/gomadtool/architecture","Test":"TestErrorProvenanceAllocationAliases/new-array/clean","Output":"        PASS\n"}
{"Time":"2026-10-05T14:27:49.49247658Z","Action":"output","Package":"go.temporal.io/server/tools/gomad3/internal/gomadtool/architecture","Test":"TestErrorProvenanceAllocationAliases/new-array/clean","Output":"        ok  \texample.invalid/errorprovenance/record\t0.001s\n"}
{"Time":"2026-10-05T14:27:49.830051913Z","Action":"output","Package":"go.temporal.io/server/tools/gomad3/internal/gomadtool/architecture","Test":"TestErrorProvenanceAllocationAliases/new-array/clean","Output":"    error_provenance_test.go:182: metadata {linux amd64} package edges=0 effects=[]\n"}
{"Time":"2026-10-05T14:27:50.16734183Z","Action":"output","Package":"go.temporal.io/server/tools/gomad3/internal/gomadtool/architecture","Test":"TestErrorProvenanceAllocationAliases/new-array/clean","Output":"    error_provenance_test.go:182: metadata {darwin arm64} package edges=0 effects=[]\n"}
{"Time":"2026-10-05T14:27:50.167470747Z","Action":"output","Package":"go.temporal.io/server/tools/gomad3/internal/gomadtool/architecture","Test":"TestErrorProvenanceAllocationAliases/new-array/clean","Output":"--- PASS: TestErrorProvenanceAllocationAliases/new-array/clean (0.78s)\n","OutputType":"frame"}
{"Time":"2026-10-05T14:27:50.172010622Z","Action":"pass","Package":"go.temporal.io/server/tools/gomad3/internal/gomadtool/architecture","Test":"TestErrorProvenanceAllocationAliases/new-array/clean","Elapsed":0.78}
{"Time":"2026-10-05T14:27:50.17205333Z","Action":"run","Package":"go.temporal.io/server/tools/gomad3/internal/gomadtool/architecture","Test":"TestErrorProvenanceAllocationAliases/new-function/dirty"}
{"Time":"2026-10-05T14:27:50.17207683Z","Action":"output","Package":"go.temporal.io/server/tools/gomad3/internal/gomadtool/architecture","Test":"TestErrorProvenanceAllocationAliases/new-function/dirty","Output":"=== RUN   TestErrorProvenanceAllocationAliases/new-function/dirty\n","OutputType":"frame"}
{"Time":"2026-10-05T14:27:50.273847663Z","Action":"output","Package":"go.temporal.io/server/tools/gomad3/internal/gomadtool/architecture","Test":"TestErrorProvenanceAllocationAliases/new-function/dirty","Output":"    error_provenance_test.go:182: stock-host causal fixture: === RUN   TestBehavior\n"}
{"Time":"2026-10-05T14:27:50.27392258Z","Action":"output","Package":"go.temporal.io/server/tools/gomad3/internal/gomadtool/architecture","Test":"TestErrorProvenanceAllocationAliases/new-function/dirty","Output":"            pure_test.go:1: actual callbacks=1 writer count=0\n"}
{"Time":"2026-10-05T14:27:50.273966663Z","Action":"output","Package":"go.temporal.io/server/tools/gomad3/internal/gomadtool/architecture","Test":"TestErrorProvenanceAllocationAliases/new-function/dirty","Output":"        --- PASS: TestBehavior (0.00s)\n"}
{"Time":"2026-10-05T14:27:50.274007038Z","Action":"output","Package":"go.temporal.io/server/tools/gomad3/internal/gomadtool/architecture","Test":"TestErrorProvenanceAllocationAliases/new-function/dirty","Output":"        PASS\n"}
{"Time":"2026-10-05T14:27:50.274033663Z","Action":"output","Package":"go.temporal.io/server/tools/gomad3/internal/gomadtool/architecture","Test":"TestErrorProvenanceAllocationAliases/new-function/dirty","Output":"        ok  \texample.invalid/errorprovenance/record\t0.001s\n"}
{"Time":"2026-10-05T14:27:50.610134163Z","Action":"output","Package":"go.temporal.io/server/tools/gomad3/internal/gomadtool/architecture","Test":"TestErrorProvenanceAllocationAliases/new-function/dirty","Output":"    error_provenance_test.go:182: metadata {linux amd64} package edges=0 effects=[{host-effect  /home/agent/.cache/codex-build/tmp/TestErrorProvenanceAllocationAliasesnew-functiondirty894266287/001/internal/canonicaljson/helper.go:1:103 example.invalid/errorprovenance/record.Check -\u003e example.invalid/errorprovenance/record.Check -\u003e example.invalid/errorprovenance/internal/canonicaljson.Dirty -\u003e time.Now}]\n"}
{"Time":"2026-10-05T14:27:50.963518622Z","Action":"output","Package":"go.temporal.io/server/tools/gomad3/internal/gomadtool/architecture","Test":"TestErrorProvenanceAllocationAliases/new-function/dirty","Output":"    error_provenance_test.go:182: metadata {darwin arm64} package edges=0 effects=[{host-effect  /home/agent/.cache/codex-build/tmp/TestErrorProvenanceAllocationAliasesnew-functiondirty894266287/001/internal/canonicaljson/helper.go:1:103 example.invalid/errorprovenance/record.Check -\u003e example.invalid/errorprovenance/record.Check -\u003e example.invalid/errorprovenance/internal/canonicaljson.Dirty -\u003e time.Now}]\n"}
{"Time":"2026-10-05T14:27:50.965908705Z","Action":"output","Package":"go.temporal.io/server/tools/gomad3/internal/gomadtool/architecture","Test":"TestErrorProvenanceAllocationAliases/new-function/dirty","Output":"--- PASS: TestErrorProvenanceAllocationAliases/new-function/dirty (0.79s)\n","OutputType":"frame"}
{"Time":"2026-10-05T14:27:50.965944372Z","Action":"pass","Package":"go.temporal.io/server/tools/gomad3/internal/gomadtool/architecture","Test":"TestErrorProvenanceAllocationAliases/new-function/dirty","Elapsed":0.79}
{"Time":"2026-10-05T14:27:50.965970039Z","Action":"run","Package":"go.temporal.io/server/tools/gomad3/internal/gomadtool/architecture","Test":"TestErrorProvenanceAllocationAliases/new-function/clean"}
{"Time":"2026-10-05T14:27:50.96598483Z","Action":"output","Package":"go.temporal.io/server/tools/gomad3/internal/gomadtool/architecture","Test":"TestErrorProvenanceAllocationAliases/new-function/clean","Output":"=== RUN   TestErrorProvenanceAllocationAliases/new-function/clean\n","OutputType":"frame"}
{"Time":"2026-10-05T14:27:51.070711039Z","Action":"output","Package":"go.temporal.io/server/tools/gomad3/internal/gomadtool/architecture","Test":"TestErrorProvenanceAllocationAliases/new-function/clean","Output":"    error_provenance_test.go:182: stock-host causal fixture: === RUN   TestBehavior\n"}
{"Time":"2026-10-05T14:27:51.070786414Z","Action":"output","Package":"go.temporal.io/server/tools/gomad3/internal/gomadtool/architecture","Test":"TestErrorProvenanceAllocationAliases/new-function/clean","Output":"            pure_test.go:1: actual callbacks=0 writer count=0\n"}
{"Time":"2026-10-05T14:27:51.07081608Z","Action":"output","Package":"go.temporal.io/server/tools/gomad3/internal/gomadtool/architecture","Test":"TestErrorProvenanceAllocationAliases/new-function/clean","Output":"        --- PASS: TestBehavior (0.00s)\n"}
{"Time":"2026-10-05T14:27:51.070840997Z","Action":"output","Package":"go.temporal.io/server/tools/gomad3/internal/gomadtool/architecture","Test":"TestErrorProvenanceAllocationAliases/new-function/clean","Output":"        PASS\n"}
{"Time":"2026-10-05T14:27:51.070854705Z","Action":"output","Package":"go.temporal.io/server/tools/gomad3/internal/gomadtool/architecture","Test":"TestErrorProvenanceAllocationAliases/new-function/clean","Output":"        ok  \texample.invalid/errorprovenance/record\t0.001s\n"}
{"Time":"2026-10-05T14:27:51.398797331Z","Action":"output","Package":"go.temporal.io/server/tools/gomad3/internal/gomadtool/architecture","Test":"TestErrorProvenanceAllocationAliases/new-function/clean","Output":"    error_provenance_test.go:182: metadata {linux amd64} package edges=0 effects=[]\n"}
{"Time":"2026-10-05T14:27:51.751334414Z","Action":"output","Package":"go.temporal.io/server/tools/gomad3/internal/gomadtool/architecture","Test":"TestErrorProvenanceAllocationAliases/new-function/clean","Output":"    error_provenance_test.go:182: metadata {darwin arm64} package edges=0 effects=[]\n"}
{"Time":"2026-10-05T14:27:51.751483206Z","Action":"output","Package":"go.temporal.io/server/tools/gomad3/internal/gomadtool/architecture","Test":"TestErrorProvenanceAllocationAliases/new-function/clean","Output":"--- PASS: TestErrorProvenanceAllocationAliases/new-function/clean (0.79s)\n","OutputType":"frame"}
{"Time":"2026-10-05T14:27:51.751516747Z","Action":"pass","Package":"go.temporal.io/server/tools/gomad3/internal/gomadtool/architecture","Test":"TestErrorProvenanceAllocationAliases/new-function/clean","Elapsed":0.79}
{"Time":"2026-10-05T14:27:51.751538622Z","Action":"run","Package":"go.temporal.io/server/tools/gomad3/internal/gomadtool/architecture","Test":"TestErrorProvenanceAllocationAliases/new-map/dirty"}
{"Time":"2026-10-05T14:27:51.751559164Z","Action":"output","Package":"go.temporal.io/server/tools/gomad3/internal/gomadtool/architecture","Test":"TestErrorProvenanceAllocationAliases/new-map/dirty","Output":"=== RUN   TestErrorProvenanceAllocationAliases/new-map/dirty\n","OutputType":"frame"}
{"Time":"2026-10-05T14:27:51.856136289Z","Action":"output","Package":"go.temporal.io/server/tools/gomad3/internal/gomadtool/architecture","Test":"TestErrorProvenanceAllocationAliases/new-map/dirty","Output":"    error_provenance_test.go:182: stock-host causal fixture: === RUN   TestBehavior\n"}
{"Time":"2026-10-05T14:27:51.856226164Z","Action":"output","Package":"go.temporal.io/server/tools/gomad3/internal/gomadtool/architecture","Test":"TestErrorProvenanceAllocationAliases/new-map/dirty","Output":"            pure_test.go:1: actual callbacks=1 writer count=0\n"}
{"Time":"2026-10-05T14:27:51.856256331Z","Action":"output","Package":"go.temporal.io/server/tools/gomad3/internal/gomadtool/architecture","Test":"TestErrorProvenanceAllocationAliases/new-map/dirty","Output":"        --- PASS: TestBehavior (0.00s)\n"}
{"Time":"2026-10-05T14:27:51.856280831Z","Action":"output","Package":"go.temporal.io/server/tools/gomad3/internal/gomadtool/architecture","Test":"TestErrorProvenanceAllocationAliases/new-map/dirty","Output":"        PASS\n"}
{"Time":"2026-10-05T14:27:51.856303081Z","Action":"output","Package":"go.temporal.io/server/tools/gomad3/internal/gomadtool/architecture","Test":"TestErrorProvenanceAllocationAliases/new-map/dirty","Output":"        ok  \texample.invalid/errorprovenance/record\t0.001s\n"}
{"Time":"2026-10-05T14:27:52.201728789Z","Action":"output","Package":"go.temporal.io/server/tools/gomad3/internal/gomadtool/architecture","Test":"TestErrorProvenanceAllocationAliases/new-map/dirty","Output":"    error_provenance_test.go:182: metadata {linux amd64} package edges=0 effects=[{host-effect  /home/agent/.cache/codex-build/tmp/TestErrorProvenanceAllocationAliasesnew-mapdirty1831344428/001/internal/canonicaljson/helper.go:1:103 example.invalid/errorprovenance/record.Check -\u003e example.invalid/errorprovenance/record.Check -\u003e example.invalid/errorprovenance/internal/canonicaljson.Dirty -\u003e time.Now}]\n"}
{"Time":"2026-10-05T14:27:52.550048664Z","Action":"output","Package":"go.temporal.io/server/tools/gomad3/internal/gomadtool/architecture","Test":"TestErrorProvenanceAllocationAliases/new-map/dirty","Output":"    error_provenance_test.go:182: metadata {darwin arm64} package edges=0 effects=[{host-effect  /home/agent/.cache/codex-build/tmp/TestErrorProvenanceAllocationAliasesnew-mapdirty1831344428/001/internal/canonicaljson/helper.go:1:103 example.invalid/errorprovenance/record.Check -\u003e example.invalid/errorprovenance/record.Check -\u003e example.invalid/errorprovenance/internal/canonicaljson.Dirty -\u003e time.Now}]\n"}
{"Time":"2026-10-05T14:27:52.550274831Z","Action":"output","Package":"go.temporal.io/server/tools/gomad3/internal/gomadtool/architecture","Test":"TestErrorProvenanceAllocationAliases/new-map/dirty","Output":"--- PASS: TestErrorProvenanceAllocationAliases/new-map/dirty (0.80s)\n","OutputType":"frame"}
{"Time":"2026-10-05T14:27:52.550299914Z","Action":"pass","Package":"go.temporal.io/server/tools/gomad3/internal/gomadtool/architecture","Test":"TestErrorProvenanceAllocationAliases/new-map/dirty","Elapsed":0.8}
{"Time":"2026-10-05T14:27:52.550314039Z","Action":"run","Package":"go.temporal.io/server/tools/gomad3/internal/gomadtool/architecture","Test":"TestErrorProvenanceAllocationAliases/new-map/clean"}
{"Time":"2026-10-05T14:27:52.550325123Z","Action":"output","Package":"go.temporal.io/server/tools/gomad3/internal/gomadtool/architecture","Test":"TestErrorProvenanceAllocationAliases/new-map/clean","Output":"=== RUN   TestErrorProvenanceAllocationAliases/new-map/clean\n","OutputType":"frame"}
{"Time":"2026-10-05T14:27:52.655627748Z","Action":"output","Package":"go.temporal.io/server/tools/gomad3/internal/gomadtool/architecture","Test":"TestErrorProvenanceAllocationAliases/new-map/clean","Output":"    error_provenance_test.go:182: stock-host causal fixture: === RUN   TestBehavior\n"}
{"Time":"2026-10-05T14:27:52.655739623Z","Action":"output","Package":"go.temporal.io/server/tools/gomad3/internal/gomadtool/architecture","Test":"TestErrorProvenanceAllocationAliases/new-map/clean","Output":"            pure_test.go:1: actual callbacks=0 writer count=0\n"}
{"Time":"2026-10-05T14:27:52.655756331Z","Action":"output","Package":"go.temporal.io/server/tools/gomad3/internal/gomadtool/architecture","Test":"TestErrorProvenanceAllocationAliases/new-map/clean","Output":"        --- PASS: TestBehavior (0.00s)\n"}
{"Time":"2026-10-05T14:27:52.655771248Z","Action":"output","Package":"go.temporal.io/server/tools/gomad3/internal/gomadtool/architecture","Test":"TestErrorProvenanceAllocationAliases/new-map/clean","Output":"        PASS\n"}
{"Time":"2026-10-05T14:27:52.655794081Z","Action":"output","Package":"go.temporal.io/server/tools/gomad3/internal/gomadtool/architecture","Test":"TestErrorProvenanceAllocationAliases/new-map/clean","Output":"        ok  \texample.invalid/errorprovenance/record\t0.001s\n"}
{"Time":"2026-10-05T14:27:52.996835081Z","Action":"output","Package":"go.temporal.io/server/tools/gomad3/internal/gomadtool/architecture","Test":"TestErrorProvenanceAllocationAliases/new-map/clean","Output":"    error_provenance_test.go:182: metadata {linux amd64} package edges=0 effects=[]\n"}
{"Time":"2026-10-05T14:27:53.33136304Z","Action":"output","Package":"go.temporal.io/server/tools/gomad3/internal/gomadtool/architecture","Test":"TestErrorProvenanceAllocationAliases/new-map/clean","Output":"    error_provenance_test.go:182: metadata {darwin arm64} package edges=0 effects=[]\n"}
{"Time":"2026-10-05T14:27:53.331486165Z","Action":"output","Package":"go.temporal.io/server/tools/gomad3/internal/gomadtool/architecture","Test":"TestErrorProvenanceAllocationAliases/new-map/clean","Output":"--- PASS: TestErrorProvenanceAllocationAliases/new-map/clean (0.78s)\n","OutputType":"frame"}
{"Time":"2026-10-05T14:27:53.331519623Z","Action":"pass","Package":"go.temporal.io/server/tools/gomad3/internal/gomadtool/architecture","Test":"TestErrorProvenanceAllocationAliases/new-map/clean","Elapsed":0.78}
{"Time":"2026-10-05T14:27:53.331548748Z","Action":"run","Package":"go.temporal.io/server/tools/gomad3/internal/gomadtool/architecture","Test":"TestErrorProvenanceAllocationAliases/new-slice/dirty"}
{"Time":"2026-10-05T14:27:53.331560665Z","Action":"output","Package":"go.temporal.io/server/tools/gomad3/internal/gomadtool/architecture","Test":"TestErrorProvenanceAllocationAliases/new-slice/dirty","Output":"=== RUN   TestErrorProvenanceAllocationAliases/new-slice/dirty\n","OutputType":"frame"}
{"Time":"2026-10-05T14:27:53.433682623Z","Action":"output","Package":"go.temporal.io/server/tools/gomad3/internal/gomadtool/architecture","Test":"TestErrorProvenanceAllocationAliases/new-slice/dirty","Output":"    error_provenance_test.go:182: stock-host causal fixture: === RUN   TestBehavior\n"}
{"Time":"2026-10-05T14:27:53.433789998Z","Action":"output","Package":"go.temporal.io/server/tools/gomad3/internal/gomadtool/architecture","Test":"TestErrorProvenanceAllocationAliases/new-slice/dirty","Output":"            pure_test.go:1: actual callbacks=1 writer count=0\n"}
{"Time":"2026-10-05T14:27:53.433822498Z","Action":"output","Package":"go.temporal.io/server/tools/gomad3/internal/gomadtool/architecture","Test":"TestErrorProvenanceAllocationAliases/new-slice/dirty","Output":"        --- PASS: TestBehavior (0.00s)\n"}
{"Time":"2026-10-05T14:27:53.433842373Z","Action":"output","Package":"go.temporal.io/server/tools/gomad3/internal/gomadtool/architecture","Test":"TestErrorProvenanceAllocationAliases/new-slice/dirty","Output":"        PASS\n"}
{"Time":"2026-10-05T14:27:53.433859207Z","Action":"output","Package":"go.temporal.io/server/tools/gomad3/internal/gomadtool/architecture","Test":"TestErrorProvenanceAllocationAliases/new-slice/dirty","Output":"        ok  \texample.invalid/errorprovenance/record\t0.001s\n"}
{"Time":"2026-10-05T14:27:53.776328873Z","Action":"output","Package":"go.temporal.io/server/tools/gomad3/internal/gomadtool/architecture","Test":"TestErrorProvenanceAllocationAliases/new-slice/dirty","Output":"    error_provenance_test.go:182: metadata {linux amd64} package edges=0 effects=[{host-effect  /home/agent/.cache/codex-build/tmp/TestErrorProvenanceAllocationAliasesnew-slicedirty3466536751/001/internal/canonicaljson/helper.go:1:103 example.invalid/errorprovenance/record.Check -\u003e example.invalid/errorprovenance/record.Check -\u003e example.invalid/errorprovenance/internal/canonicaljson.Dirty -\u003e time.Now}]\n"}
{"Time":"2026-10-05T14:27:54.110454707Z","Action":"output","Package":"go.temporal.io/server/tools/gomad3/internal/gomadtool/architecture","Test":"TestErrorProvenanceAllocationAliases/new-slice/dirty","Output":"    error_provenance_test.go:182: metadata {darwin arm64} package edges=0 effects=[{host-effect  /home/agent/.cache/codex-build/tmp/TestErrorProvenanceAllocationAliasesnew-slicedirty3466536751/001/internal/canonicaljson/helper.go:1:103 example.invalid/errorprovenance/record.Check -\u003e example.invalid/errorprovenance/record.Check -\u003e example.invalid/errorprovenance/internal/canonicaljson.Dirty -\u003e time.Now}]\n"}
{"Time":"2026-10-05T14:27:54.110618707Z","Action":"output","Package":"go.temporal.io/server/tools/gomad3/internal/gomadtool/architecture","Test":"TestErrorProvenanceAllocationAliases/new-slice/dirty","Output":"--- PASS: TestErrorProvenanceAllocationAliases/new-slice/dirty (0.78s)\n","OutputType":"frame"}
{"Time":"2026-10-05T14:27:54.110652707Z","Action":"pass","Package":"go.temporal.io/server/tools/gomad3/internal/gomadtool/architecture","Test":"TestErrorProvenanceAllocationAliases/new-slice/dirty","Elapsed":0.78}
{"Time":"2026-10-05T14:27:54.110674665Z","Action":"run","Package":"go.temporal.io/server/tools/gomad3/internal/gomadtool/architecture","Test":"TestErrorProvenanceAllocationAliases/new-slice/clean"}
{"Time":"2026-10-05T14:27:54.110689998Z","Action":"output","Package":"go.temporal.io/server/tools/gomad3/internal/gomadtool/architecture","Test":"TestErrorProvenanceAllocationAliases/new-slice/clean","Output":"=== RUN   TestErrorProvenanceAllocationAliases/new-slice/clean\n","OutputType":"frame"}
{"Time":"2026-10-05T14:27:54.210688165Z","Action":"output","Package":"go.temporal.io/server/tools/gomad3/internal/gomadtool/architecture","Test":"TestErrorProvenanceAllocationAliases/new-slice/clean","Output":"    error_provenance_test.go:182: stock-host causal fixture: === RUN   TestBehavior\n"}
{"Time":"2026-10-05T14:27:54.210772582Z","Action":"output","Package":"go.temporal.io/server/tools/gomad3/internal/gomadtool/architecture","Test":"TestErrorProvenanceAllocationAliases/new-slice/clean","Output":"            pure_test.go:1: actual callbacks=0 writer count=0\n"}
{"Time":"2026-10-05T14:27:54.21080329Z","Action":"output","Package":"go.temporal.io/server/tools/gomad3/internal/gomadtool/architecture","Test":"TestErrorProvenanceAllocationAliases/new-slice/clean","Output":"        --- PASS: TestBehavior (0.00s)\n"}
{"Time":"2026-10-05T14:27:54.21081904Z","Action":"output","Package":"go.temporal.io/server/tools/gomad3/internal/gomadtool/architecture","Test":"TestErrorProvenanceAllocationAliases/new-slice/clean","Output":"        PASS\n"}
{"Time":"2026-10-05T14:27:54.210832582Z","Action":"output","Package":"go.temporal.io/server/tools/gomad3/internal/gomadtool/architecture","Test":"TestErrorProvenanceAllocationAliases/new-slice/clean","Output":"        ok  \texample.invalid/errorprovenance/record\t0.001s\n"}
{"Time":"2026-10-05T14:27:54.55685554Z","Action":"output","Package":"go.temporal.io/server/tools/gomad3/internal/gomadtool/architecture","Test":"TestErrorProvenanceAllocationAliases/new-slice/clean","Output":"    error_provenance_test.go:182: metadata {linux amd64} package edges=0 effects=[]\n"}
{"Time":"2026-10-05T14:27:54.925708541Z","Action":"output","Package":"go.temporal.io/server/tools/gomad3/internal/gomadtool/architecture","Test":"TestErrorProvenanceAllocationAliases/new-slice/clean","Output":"    error_provenance_test.go:182: metadata {darwin arm64} package edges=0 effects=[]\n"}
{"Time":"2026-10-05T14:27:54.925858666Z","Action":"output","Package":"go.temporal.io/server/tools/gomad3/internal/gomadtool/architecture","Test":"TestErrorProvenanceAllocationAliases/new-slice/clean","Output":"--- PASS: TestErrorProvenanceAllocationAliases/new-slice/clean (0.82s)\n","OutputType":"frame"}
{"Time":"2026-10-05T14:27:54.925891166Z","Action":"pass","Package":"go.temporal.io/server/tools/gomad3/internal/gomadtool/architecture","Test":"TestErrorProvenanceAllocationAliases/new-slice/clean","Elapsed":0.82}
{"Time":"2026-10-05T14:27:54.925911457Z","Action":"run","Package":"go.temporal.io/server/tools/gomad3/internal/gomadtool/architecture","Test":"TestErrorProvenanceAllocationAliases/map-literal/dirty"}
{"Time":"2026-10-05T14:27:54.925927166Z","Action":"output","Package":"go.temporal.io/server/tools/gomad3/internal/gomadtool/architecture","Test":"TestErrorProvenanceAllocationAliases/map-literal/dirty","Output":"=== RUN   TestErrorProvenanceAllocationAliases/map-literal/dirty\n","OutputType":"frame"}
{"Time":"2026-10-05T14:27:55.029513207Z","Action":"output","Package":"go.temporal.io/server/tools/gomad3/internal/gomadtool/architecture","Test":"TestErrorProvenanceAllocationAliases/map-literal/dirty","Output":"    error_provenance_test.go:182: stock-host causal fixture: === RUN   TestBehavior\n"}
{"Time":"2026-10-05T14:27:55.029612249Z","Action":"output","Package":"go.temporal.io/server/tools/gomad3/internal/gomadtool/architecture","Test":"TestErrorProvenanceAllocationAliases/map-literal/dirty","Output":"            pure_test.go:1: actual callbacks=1 writer count=0\n"}
{"Time":"2026-10-05T14:27:55.029632249Z","Action":"output","Package":"go.temporal.io/server/tools/gomad3/internal/gomadtool/architecture","Test":"TestErrorProvenanceAllocationAliases/map-literal/dirty","Output":"        --- PASS: TestBehavior (0.00s)\n"}
{"Time":"2026-10-05T14:27:55.029651332Z","Action":"output","Package":"go.temporal.io/server/tools/gomad3/internal/gomadtool/architecture","Test":"TestErrorProvenanceAllocationAliases/map-literal/dirty","Output":"        PASS\n"}
{"Time":"2026-10-05T14:27:55.029678124Z","Action":"output","Package":"go.temporal.io/server/tools/gomad3/internal/gomadtool/architecture","Test":"TestErrorProvenanceAllocationAliases/map-literal/dirty","Output":"        ok  \texample.invalid/errorprovenance/record\t0.001s\n"}
{"Time":"2026-10-05T14:27:55.367802541Z","Action":"output","Package":"go.temporal.io/server/tools/gomad3/internal/gomadtool/architecture","Test":"TestErrorProvenanceAllocationAliases/map-literal/dirty","Output":"    error_provenance_test.go:182: metadata {linux amd64} package edges=0 effects=[{host-effect  /home/agent/.cache/codex-build/tmp/TestErrorProvenanceAllocationAliasesmap-literaldirty2654354797/001/internal/canonicaljson/helper.go:1:103 example.invalid/errorprovenance/record.Check -\u003e example.invalid/errorprovenance/record.Check -\u003e example.invalid/errorprovenance/internal/canonicaljson.Dirty -\u003e time.Now}]\n"}
{"Time":"2026-10-05T14:27:55.708573874Z","Action":"output","Package":"go.temporal.io/server/tools/gomad3/internal/gomadtool/architecture","Test":"TestErrorProvenanceAllocationAliases/map-literal/dirty","Output":"    error_provenance_test.go:182: metadata {darwin arm64} package edges=0 effects=[{host-effect  /home/agent/.cache/codex-build/tmp/TestErrorProvenanceAllocationAliasesmap-literaldirty2654354797/001/internal/canonicaljson/helper.go:1:103 example.invalid/errorprovenance/record.Check -\u003e example.invalid/errorprovenance/record.Check -\u003e example.invalid/errorprovenance/internal/canonicaljson.Dirty -\u003e time.Now}]\n"}
{"Time":"2026-10-05T14:27:55.708753374Z","Action":"output","Package":"go.temporal.io/server/tools/gomad3/internal/gomadtool/architecture","Test":"TestErrorProvenanceAllocationAliases/map-literal/dirty","Output":"--- PASS: TestErrorProvenanceAllocationAliases/map-literal/dirty (0.78s)\n","OutputType":"frame"}
{"Time":"2026-10-05T14:27:55.708784291Z","Action":"pass","Package":"go.temporal.io/server/tools/gomad3/internal/gomadtool/architecture","Test":"TestErrorProvenanceAllocationAliases/map-literal/dirty","Elapsed":0.78}
{"Time":"2026-10-05T14:27:55.708805708Z","Action":"run","Package":"go.temporal.io/server/tools/gomad3/internal/gomadtool/architecture","Test":"TestErrorProvenanceAllocationAliases/map-literal/clean"}
{"Time":"2026-10-05T14:27:55.708823833Z","Action":"output","Package":"go.temporal.io/server/tools/gomad3/internal/gomadtool/architecture","Test":"TestErrorProvenanceAllocationAliases/map-literal/clean","Output":"=== RUN   TestErrorProvenanceAllocationAliases/map-literal/clean\n","OutputType":"frame"}
{"Time":"2026-10-05T14:27:55.810125416Z","Action":"output","Package":"go.temporal.io/server/tools/gomad3/internal/gomadtool/architecture","Test":"TestErrorProvenanceAllocationAliases/map-literal/clean","Output":"    error_provenance_test.go:182: stock-host causal fixture: === RUN   TestBehavior\n"}
{"Time":"2026-10-05T14:27:55.810226624Z","Action":"output","Package":"go.temporal.io/server/tools/gomad3/internal/gomadtool/architecture","Test":"TestErrorProvenanceAllocationAliases/map-literal/clean","Output":"            pure_test.go:1: actual callbacks=0 writer count=0\n"}
{"Time":"2026-10-05T14:27:55.810273333Z","Action":"output","Package":"go.temporal.io/server/tools/gomad3/internal/gomadtool/architecture","Test":"TestErrorProvenanceAllocationAliases/map-literal/clean","Output":"        --- PASS: TestBehavior (0.00s)\n"}
{"Time":"2026-10-05T14:27:55.810314583Z","Action":"output","Package":"go.temporal.io/server/tools/gomad3/internal/gomadtool/architecture","Test":"TestErrorProvenanceAllocationAliases/map-literal/clean","Output":"        PASS\n"}
{"Time":"2026-10-05T14:27:55.810344708Z","Action":"output","Package":"go.temporal.io/server/tools/gomad3/internal/gomadtool/architecture","Test":"TestErrorProvenanceAllocationAliases/map-literal/clean","Output":"        ok  \texample.invalid/errorprovenance/record\t0.001s\n"}
{"Time":"2026-10-05T14:27:56.153099291Z","Action":"output","Package":"go.temporal.io/server/tools/gomad3/internal/gomadtool/architecture","Test":"TestErrorProvenanceAllocationAliases/map-literal/clean","Output":"    error_provenance_test.go:182: metadata {linux amd64} package edges=0 effects=[]\n"}
{"Time":"2026-10-05T14:27:56.499300416Z","Action":"output","Package":"go.temporal.io/server/tools/gomad3/internal/gomadtool/architecture","Test":"TestErrorProvenanceAllocationAliases/map-literal/clean","Output":"    error_provenance_test.go:182: metadata {darwin arm64} package edges=0 effects=[]\n"}
{"Time":"2026-10-05T14:27:56.499475458Z","Action":"output","Package":"go.temporal.io/server/tools/gomad3/internal/gomadtool/architecture","Test":"TestErrorProvenanceAllocationAliases/map-literal/clean","Output":"--- PASS: TestErrorProvenanceAllocationAliases/map-literal/clean (0.79s)\n","OutputType":"frame"}
{"Time":"2026-10-05T14:27:56.499501875Z","Action":"pass","Package":"go.temporal.io/server/tools/gomad3/internal/gomadtool/architecture","Test":"TestErrorProvenanceAllocationAliases/map-literal/clean","Elapsed":0.79}
{"Time":"2026-10-05T14:27:56.499534083Z","Action":"run","Package":"go.temporal.io/server/tools/gomad3/internal/gomadtool/architecture","Test":"TestErrorProvenanceAllocationAliases/array-address-literal/dirty"}
{"Time":"2026-10-05T14:27:56.499544333Z","Action":"output","Package":"go.temporal.io/server/tools/gomad3/internal/gomadtool/architecture","Test":"TestErrorProvenanceAllocationAliases/array-address-literal/dirty","Output":"=== RUN   TestErrorProvenanceAllocationAliases/array-address-literal/dirty\n","OutputType":"frame"}
{"Time":"2026-10-05T14:27:56.606278125Z","Action":"output","Package":"go.temporal.io/server/tools/gomad3/internal/gomadtool/architecture","Test":"TestErrorProvenanceAllocationAliases/array-address-literal/dirty","Output":"    error_provenance_test.go:182: stock-host causal fixture: === RUN   TestBehavior\n"}
{"Time":"2026-10-05T14:27:56.6063825Z","Action":"output","Package":"go.temporal.io/server/tools/gomad3/internal/gomadtool/architecture","Test":"TestErrorProvenanceAllocationAliases/array-address-literal/dirty","Output":"            pure_test.go:1: actual callbacks=1 writer count=0\n"}
{"Time":"2026-10-05T14:27:56.606414291Z","Action":"output","Package":"go.temporal.io/server/tools/gomad3/internal/gomadtool/architecture","Test":"TestErrorProvenanceAllocationAliases/array-address-literal/dirty","Output":"        --- PASS: TestBehavior (0.00s)\n"}
{"Time":"2026-10-05T14:27:56.606464708Z","Action":"output","Package":"go.temporal.io/server/tools/gomad3/internal/gomadtool/architecture","Test":"TestErrorProvenanceAllocationAliases/array-address-literal/dirty","Output":"        PASS\n"}
{"Time":"2026-10-05T14:27:56.60649375Z","Action":"output","Package":"go.temporal.io/server/tools/gomad3/internal/gomadtool/architecture","Test":"TestErrorProvenanceAllocationAliases/array-address-literal/dirty","Output":"        ok  \texample.invalid/errorprovenance/record\t0.001s\n"}
{"Time":"2026-10-05T14:27:56.949801958Z","Action":"output","Package":"go.temporal.io/server/tools/gomad3/internal/gomadtool/architecture","Test":"TestErrorProvenanceAllocationAliases/array-address-literal/dirty","Output":"    error_provenance_test.go:182: metadata {linux amd64} package edges=0 effects=[{host-effect  /home/agent/.cache/codex-build/tmp/TestErrorProvenanceAllocationAliasesarray-address-literaldirty947265656/001/internal/canonicaljson/helper.go:1:103 example.invalid/errorprovenance/record.Check -\u003e example.invalid/errorprovenance/record.Check -\u003e example.invalid/errorprovenance/internal/canonicaljson.Dirty -\u003e time.Now}]\n"}
{"Time":"2026-10-05T14:27:57.298676Z","Action":"output","Package":"go.temporal.io/server/tools/gomad3/internal/gomadtool/architecture","Test":"TestErrorProvenanceAllocationAliases/array-address-literal/dirty","Output":"    error_provenance_test.go:182: metadata {darwin arm64} package edges=0 effects=[{host-effect  /home/agent/.cache/codex-build/tmp/TestErrorProvenanceAllocationAliasesarray-address-literaldirty947265656/001/internal/canonicaljson/helper.go:1:103 example.invalid/errorprovenance/record.Check -\u003e example.invalid/errorprovenance/record.Check -\u003e example.invalid/errorprovenance/internal/canonicaljson.Dirty -\u003e time.Now}]\n"}
{"Time":"2026-10-05T14:27:57.298816542Z","Action":"output","Package":"go.temporal.io/server/tools/gomad3/internal/gomadtool/architecture","Test":"TestErrorProvenanceAllocationAliases/array-address-literal/dirty","Output":"--- PASS: TestErrorProvenanceAllocationAliases/array-address-literal/dirty (0.80s)\n","OutputType":"frame"}
{"Time":"2026-10-05T14:27:57.29884325Z","Action":"pass","Package":"go.temporal.io/server/tools/gomad3/internal/gomadtool/architecture","Test":"TestErrorProvenanceAllocationAliases/array-address-literal/dirty","Elapsed":0.8}
{"Time":"2026-10-05T14:27:57.298901333Z","Action":"run","Package":"go.temporal.io/server/tools/gomad3/internal/gomadtool/architecture","Test":"TestErrorProvenanceAllocationAliases/array-address-literal/clean"}
{"Time":"2026-10-05T14:27:57.298935167Z","Action":"output","Package":"go.temporal.io/server/tools/gomad3/internal/gomadtool/architecture","Test":"TestErrorProvenanceAllocationAliases/array-address-literal/clean","Output":"=== RUN   TestErrorProvenanceAllocationAliases/array-address-literal/clean\n","OutputType":"frame"}
{"Time":"2026-10-05T14:27:57.401133583Z","Action":"output","Package":"go.temporal.io/server/tools/gomad3/internal/gomadtool/architecture","Test":"TestErrorProvenanceAllocationAliases/array-address-literal/clean","Output":"    error_provenance_test.go:182: stock-host causal fixture: === RUN   TestBehavior\n"}
{"Time":"2026-10-05T14:27:57.401218917Z","Action":"output","Package":"go.temporal.io/server/tools/gomad3/internal/gomadtool/architecture","Test":"TestErrorProvenanceAllocationAliases/array-address-literal/clean","Output":"            pure_test.go:1: actual callbacks=0 writer count=0\n"}
{"Time":"2026-10-05T14:27:57.401253292Z","Action":"output","Package":"go.temporal.io/server/tools/gomad3/internal/gomadtool/architecture","Test":"TestErrorProvenanceAllocationAliases/array-address-literal/clean","Output":"        --- PASS: TestBehavior (0.00s)\n"}
{"Time":"2026-10-05T14:27:57.401292792Z","Action":"output","Package":"go.temporal.io/server/tools/gomad3/internal/gomadtool/architecture","Test":"TestErrorProvenanceAllocationAliases/array-address-literal/clean","Output":"        PASS\n"}
{"Time":"2026-10-05T14:27:57.401320583Z","Action":"output","Package":"go.temporal.io/server/tools/gomad3/internal/gomadtool/architecture","Test":"TestErrorProvenanceAllocationAliases/array-address-literal/clean","Output":"        ok  \texample.invalid/errorprovenance/record\t0.001s\n"}
{"Time":"2026-10-05T14:27:57.749373Z","Action":"output","Package":"go.temporal.io/server/tools/gomad3/internal/gomadtool/architecture","Test":"TestErrorProvenanceAllocationAliases/array-address-literal/clean","Output":"    error_provenance_test.go:182: metadata {linux amd64} package edges=0 effects=[]\n"}
{"Time":"2026-10-05T14:27:58.087475875Z","Action":"output","Package":"go.temporal.io/server/tools/gomad3/internal/gomadtool/architecture","Test":"TestErrorProvenanceAllocationAliases/array-address-literal/clean","Output":"    error_provenance_test.go:182: metadata {darwin arm64} package edges=0 effects=[]\n"}
{"Time":"2026-10-05T14:27:58.087631292Z","Action":"output","Package":"go.temporal.io/server/tools/gomad3/internal/gomadtool/architecture","Test":"TestErrorProvenanceAllocationAliases/array-address-literal/clean","Output":"--- PASS: TestErrorProvenanceAllocationAliases/array-address-literal/clean (0.79s)\n","OutputType":"frame"}
{"Time":"2026-10-05T14:27:58.087664875Z","Action":"pass","Package":"go.temporal.io/server/tools/gomad3/internal/gomadtool/architecture","Test":"TestErrorProvenanceAllocationAliases/array-address-literal/clean","Elapsed":0.79}
{"Time":"2026-10-05T14:27:58.087692417Z","Action":"output","Package":"go.temporal.io/server/tools/gomad3/internal/gomadtool/architecture","Test":"TestErrorProvenanceAllocationAliases","Output":"--- PASS: TestErrorProvenanceAllocationAliases (9.48s)\n","OutputType":"frame"}
{"Time":"2026-10-05T14:27:58.087709167Z","Action":"pass","Package":"go.temporal.io/server/tools/gomad3/internal/gomadtool/architecture","Test":"TestErrorProvenanceAllocationAliases","Elapsed":9.48}
{"Time":"2026-10-05T14:27:58.087726209Z","Action":"run","Package":"go.temporal.io/server/tools/gomad3/internal/gomadtool/architecture","Test":"TestErrorProvenanceAllocationControls"}
{"Time":"2026-10-05T14:27:58.0877425Z","Action":"output","Package":"go.temporal.io/server/tools/gomad3/internal/gomadtool/architecture","Test":"TestErrorProvenanceAllocationControls","Output":"=== RUN   TestErrorProvenanceAllocationControls\n","OutputType":"frame"}
{"Time":"2026-10-05T14:27:58.08775875Z","Action":"run","Package":"go.temporal.io/server/tools/gomad3/internal/gomadtool/architecture","Test":"TestErrorProvenanceAllocationControls/positive-array-zero"}
{"Time":"2026-10-05T14:27:58.087778917Z","Action":"output","Package":"go.temporal.io/server/tools/gomad3/internal/gomadtool/architecture","Test":"TestErrorProvenanceAllocationControls/positive-array-zero","Output":"=== RUN   TestErrorProvenanceAllocationControls/positive-array-zero\n","OutputType":"frame"}
{"Time":"2026-10-05T14:27:58.189615959Z","Action":"output","Package":"go.temporal.io/server/tools/gomad3/internal/gomadtool/architecture","Test":"TestErrorProvenanceAllocationControls/positive-array-zero","Output":"    error_provenance_test.go:211: stock-host causal fixture: === RUN   TestBehavior\n"}
{"Time":"2026-10-05T14:27:58.189736542Z","Action":"output","Package":"go.temporal.io/server/tools/gomad3/internal/gomadtool/architecture","Test":"TestErrorProvenanceAllocationControls/positive-array-zero","Output":"            pure_test.go:1: actual callbacks=1 writer count=0\n"}
{"Time":"2026-10-05T14:27:58.189763209Z","Action":"output","Package":"go.temporal.io/server/tools/gomad3/internal/gomadtool/architecture","Test":"TestErrorProvenanceAllocationControls/positive-array-zero","Output":"        --- PASS: TestBehavior (0.00s)\n"}
{"Time":"2026-10-05T14:27:58.189787625Z","Action":"output","Package":"go.temporal.io/server/tools/gomad3/internal/gomadtool/architecture","Test":"TestErrorProvenanceAllocationControls/positive-array-zero","Output":"        PASS\n"}
{"Time":"2026-10-05T14:27:58.189807959Z","Action":"output","Package":"go.temporal.io/server/tools/gomad3/internal/gomadtool/architecture","Test":"TestErrorProvenanceAllocationControls/positive-array-zero","Output":"        ok  \texample.invalid/errorprovenance/record\t0.001s\n"}
{"Time":"2026-10-05T14:27:58.534911417Z","Action":"output","Package":"go.temporal.io/server/tools/gomad3/internal/gomadtool/architecture","Test":"TestErrorProvenanceAllocationControls/positive-array-zero","Output":"    error_provenance_test.go:211: metadata {linux amd64} package edges=0 effects=[{host-effect  /home/agent/.cache/codex-build/tmp/TestErrorProvenanceAllocationControlspositive-array-zero1030647822/001/internal/canonicaljson/helper.go:1:119 example.invalid/errorprovenance/record.Check -\u003e example.invalid/errorprovenance/record.Check -\u003e example.invalid/errorprovenance/internal/canonicaljson.Leaf.String -\u003e time.Now}]\n"}
{"Time":"2026-10-05T14:27:58.874477209Z","Action":"output","Package":"go.temporal.io/server/tools/gomad3/internal/gomadtool/architecture","Test":"TestErrorProvenanceAllocationControls/positive-array-zero","Output":"    error_provenance_test.go:211: metadata {darwin arm64} package edges=0 effects=[{host-effect  /home/agent/.cache/codex-build/tmp/TestErrorProvenanceAllocationControlspositive-array-zero1030647822/001/internal/canonicaljson/helper.go:1:119 example.invalid/errorprovenance/record.Check -\u003e example.invalid/errorprovenance/record.Check -\u003e example.invalid/errorprovenance/internal/canonicaljson.Leaf.String -\u003e time.Now}]\n"}
{"Time":"2026-10-05T14:27:58.877090751Z","Action":"output","Package":"go.temporal.io/server/tools/gomad3/internal/gomadtool/architecture","Test":"TestErrorProvenanceAllocationControls/positive-array-zero","Output":"--- PASS: TestErrorProvenanceAllocationControls/positive-array-zero (0.79s)\n","OutputType":"frame"}
{"Time":"2026-10-05T14:27:58.877137417Z","Action":"pass","Package":"go.temporal.io/server/tools/gomad3/internal/gomadtool/architecture","Test":"TestErrorProvenanceAllocationControls/positive-array-zero","Elapsed":0.79}
{"Time":"2026-10-05T14:27:58.877157459Z","Action":"run","Package":"go.temporal.io/server/tools/gomad3/internal/gomadtool/architecture","Test":"TestErrorProvenanceAllocationControls/positive-new-array-zero"}
{"Time":"2026-10-05T14:27:58.877174584Z","Action":"output","Package":"go.temporal.io/server/tools/gomad3/internal/gomadtool/architecture","Test":"TestErrorProvenanceAllocationControls/positive-new-array-zero","Output":"=== RUN   TestErrorProvenanceAllocationControls/positive-new-array-zero\n","OutputType":"frame"}
{"Time":"2026-10-05T14:27:58.974550376Z","Action":"output","Package":"go.temporal.io/server/tools/gomad3/internal/gomadtool/architecture","Test":"TestErrorProvenanceAllocationControls/positive-new-array-zero","Output":"    error_provenance_test.go:211: stock-host causal fixture: === RUN   TestBehavior\n"}
{"Time":"2026-10-05T14:27:58.974681834Z","Action":"output","Package":"go.temporal.io/server/tools/gomad3/internal/gomadtool/architecture","Test":"TestErrorProvenanceAllocationControls/positive-new-array-zero","Output":"            pure_test.go:1: actual callbacks=1 writer count=0\n"}
{"Time":"2026-10-05T14:27:58.974739501Z","Action":"output","Package":"go.temporal.io/server/tools/gomad3/internal/gomadtool/architecture","Test":"TestErrorProvenanceAllocationControls/positive-new-array-zero","Output":"        --- PASS: TestBehavior (0.00s)\n"}
{"Time":"2026-10-05T14:27:58.974768751Z","Action":"output","Package":"go.temporal.io/server/tools/gomad3/internal/gomadtool/architecture","Test":"TestErrorProvenanceAllocationControls/positive-new-array-zero","Output":"        PASS\n"}
{"Time":"2026-10-05T14:27:58.974793834Z","Action":"output","Package":"go.temporal.io/server/tools/gomad3/internal/gomadtool/architecture","Test":"TestErrorProvenanceAllocationControls/positive-new-array-zero","Output":"        ok  \texample.invalid/errorprovenance/record\t0.001s\n"}
{"Time":"2026-10-05T14:27:59.315710751Z","Action":"output","Package":"go.temporal.io/server/tools/gomad3/internal/gomadtool/architecture","Test":"TestErrorProvenanceAllocationControls/positive-new-array-zero","Output":"    error_provenance_test.go:211: metadata {linux amd64} package edges=0 effects=[{host-effect  /home/agent/.cache/codex-build/tmp/TestErrorProvenanceAllocationControlspositive-new-array-zero1276140357/001/internal/canonicaljson/helper.go:1:119 example.invalid/errorprovenance/record.Check -\u003e example.invalid/errorprovenance/record.Check -\u003e example.invalid/errorprovenance/internal/canonicaljson.Leaf.String -\u003e time.Now}]\n"}
{"Time":"2026-10-05T14:27:59.646901793Z","Action":"output","Package":"go.temporal.io/server/tools/gomad3/internal/gomadtool/architecture","Test":"TestErrorProvenanceAllocationControls/positive-new-array-zero","Output":"    error_provenance_test.go:211: metadata {darwin arm64} package edges=0 effects=[{host-effect  /home/agent/.cache/codex-build/tmp/TestErrorProvenanceAllocationControlspositive-new-array-zero1276140357/001/internal/canonicaljson/helper.go:1:119 example.invalid/errorprovenance/record.Check -\u003e example.invalid/errorprovenance/record.Check -\u003e example.invalid/errorprovenance/internal/canonicaljson.Leaf.String -\u003e time.Now}]\n"}
{"Time":"2026-10-05T14:27:59.647046293Z","Action":"output","Package":"go.temporal.io/server/tools/gomad3/internal/gomadtool/architecture","Test":"TestErrorProvenanceAllocationControls/positive-new-array-zero","Output":"--- PASS: TestErrorProvenanceAllocationControls/positive-new-array-zero (0.77s)\n","OutputType":"frame"}
{"Time":"2026-10-05T14:27:59.647084418Z","Action":"pass","Package":"go.temporal.io/server/tools/gomad3/internal/gomadtool/architecture","Test":"TestErrorProvenanceAllocationControls/positive-new-array-zero","Elapsed":0.77}
{"Time":"2026-10-05T14:27:59.647105001Z","Action":"run","Package":"go.temporal.io/server/tools/gomad3/internal/gomadtool/architecture","Test":"TestErrorProvenanceAllocationControls/capacity-reslice-zero"}
{"Time":"2026-10-05T14:27:59.647121668Z","Action":"output","Package":"go.temporal.io/server/tools/gomad3/internal/gomadtool/architecture","Test":"TestErrorProvenanceAllocationControls/capacity-reslice-zero","Output":"=== RUN   TestErrorProvenanceAllocationControls/capacity-reslice-zero\n","OutputType":"frame"}
{"Time":"2026-10-05T14:27:59.752715085Z","Action":"output","Package":"go.temporal.io/server/tools/gomad3/internal/gomadtool/architecture","Test":"TestErrorProvenanceAllocationControls/capacity-reslice-zero","Output":"    error_provenance_test.go:211: stock-host causal fixture: === RUN   TestBehavior\n"}
{"Time":"2026-10-05T14:27:59.752816918Z","Action":"output","Package":"go.temporal.io/server/tools/gomad3/internal/gomadtool/architecture","Test":"TestErrorProvenanceAllocationControls/capacity-reslice-zero","Output":"            pure_test.go:1: actual callbacks=1 writer count=0\n"}
{"Time":"2026-10-05T14:27:59.752842543Z","Action":"output","Package":"go.temporal.io/server/tools/gomad3/internal/gomadtool/architecture","Test":"TestErrorProvenanceAllocationControls/capacity-reslice-zero","Output":"        --- PASS: TestBehavior (0.00s)\n"}
{"Time":"2026-10-05T14:27:59.752869918Z","Action":"output","Package":"go.temporal.io/server/tools/gomad3/internal/gomadtool/architecture","Test":"TestErrorProvenanceAllocationControls/capacity-reslice-zero","Output":"        PASS\n"}
{"Time":"2026-10-05T14:27:59.752889668Z","Action":"output","Package":"go.temporal.io/server/tools/gomad3/internal/gomadtool/architecture","Test":"TestErrorProvenanceAllocationControls/capacity-reslice-zero","Output":"        ok  \texample.invalid/errorprovenance/record\t0.001s\n"}
{"Time":"2026-10-05T14:28:00.10685996Z","Action":"output","Package":"go.temporal.io/server/tools/gomad3/internal/gomadtool/architecture","Test":"TestErrorProvenanceAllocationControls/capacity-reslice-zero","Output":"    error_provenance_test.go:211: metadata {linux amd64} package edges=0 effects=[{host-effect  /home/agent/.cache/codex-build/tmp/TestErrorProvenanceAllocationControlscapacity-reslice-zero2382527122/001/internal/canonicaljson/helper.go:1:119 example.invalid/errorprovenance/record.Check -\u003e example.invalid/errorprovenance/record.Check -\u003e example.invalid/errorprovenance/internal/canonicaljson.Leaf.String -\u003e time.Now}]\n"}
{"Time":"2026-10-05T14:28:00.439839252Z","Action":"output","Package":"go.temporal.io/server/tools/gomad3/internal/gomadtool/architecture","Test":"TestErrorProvenanceAllocationControls/capacity-reslice-zero","Output":"    error_provenance_test.go:211: metadata {darwin arm64} package edges=0 effects=[{host-effect  /home/agent/.cache/codex-build/tmp/TestErrorProvenanceAllocationControlscapacity-reslice-zero2382527122/001/internal/canonicaljson/helper.go:1:119 example.invalid/errorprovenance/record.Check -\u003e example.invalid/errorprovenance/record.Check -\u003e example.invalid/errorprovenance/internal/canonicaljson.Leaf.String -\u003e time.Now}]\n"}
{"Time":"2026-10-05T14:28:00.439981918Z","Action":"output","Package":"go.temporal.io/server/tools/gomad3/internal/gomadtool/architecture","Test":"TestErrorProvenanceAllocationControls/capacity-reslice-zero","Output":"--- PASS: TestErrorProvenanceAllocationControls/capacity-reslice-zero (0.79s)\n","OutputType":"frame"}
{"Time":"2026-10-05T14:28:00.440013627Z","Action":"pass","Package":"go.temporal.io/server/tools/gomad3/internal/gomadtool/architecture","Test":"TestErrorProvenanceAllocationControls/capacity-reslice-zero","Elapsed":0.79}
{"Time":"2026-10-05T14:28:00.440036293Z","Action":"run","Package":"go.temporal.io/server/tools/gomad3/internal/gomadtool/architecture","Test":"TestErrorProvenanceAllocationControls/nil-new-interface"}
{"Time":"2026-10-05T14:28:00.44005421Z","Action":"output","Package":"go.temporal.io/server/tools/gomad3/internal/gomadtool/architecture","Test":"TestErrorProvenanceAllocationControls/nil-new-interface","Output":"=== RUN   TestErrorProvenanceAllocationControls/nil-new-interface\n","OutputType":"frame"}
{"Time":"2026-10-05T14:28:00.548228002Z","Action":"output","Package":"go.temporal.io/server/tools/gomad3/internal/gomadtool/architecture","Test":"TestErrorProvenanceAllocationControls/nil-new-interface","Output":"    error_provenance_test.go:211: stock-host causal fixture: === RUN   TestBehavior\n"}
{"Time":"2026-10-05T14:28:00.548316168Z","Action":"output","Package":"go.temporal.io/server/tools/gomad3/internal/gomadtool/architecture","Test":"TestErrorProvenanceAllocationControls/nil-new-interface","Output":"            pure_test.go:1: actual callbacks=0 writer count=0\n"}
{"Time":"2026-10-05T14:28:00.548337585Z","Action":"output","Package":"go.temporal.io/server/tools/gomad3/internal/gomadtool/architecture","Test":"TestErrorProvenanceAllocationControls/nil-new-interface","Output":"        --- PASS: TestBehavior (0.00s)\n"}
{"Time":"2026-10-05T14:28:00.548394168Z","Action":"output","Package":"go.temporal.io/server/tools/gomad3/internal/gomadtool/architecture","Test":"TestErrorProvenanceAllocationControls/nil-new-interface","Output":"        PASS\n"}
{"Time":"2026-10-05T14:28:00.54841596Z","Action":"output","Package":"go.temporal.io/server/tools/gomad3/internal/gomadtool/architecture","Test":"TestErrorProvenanceAllocationControls/nil-new-interface","Output":"        ok  \texample.invalid/errorprovenance/record\t0.001s\n"}
{"Time":"2026-10-05T14:28:00.900570002Z","Action":"output","Package":"go.temporal.io/server/tools/gomad3/internal/gomadtool/architecture","Test":"TestErrorProvenanceAllocationControls/nil-new-interface","Output":"    error_provenance_test.go:211: metadata {linux amd64} package edges=0 effects=[]\n"}
{"Time":"2026-10-05T14:28:01.236293377Z","Action":"output","Package":"go.temporal.io/server/tools/gomad3/internal/gomadtool/architecture","Test":"TestErrorProvenanceAllocationControls/nil-new-interface","Output":"    error_provenance_test.go:211: metadata {darwin arm64} package edges=0 effects=[]\n"}
{"Time":"2026-10-05T14:28:01.236478252Z","Action":"output","Package":"go.temporal.io/server/tools/gomad3/internal/gomadtool/architecture","Test":"TestErrorProvenanceAllocationControls/nil-new-interface","Output":"--- PASS: TestErrorProvenanceAllocationControls/nil-new-interface (0.80s)\n","OutputType":"frame"}
{"Time":"2026-10-05T14:28:01.239454085Z","Action":"pass","Package":"go.temporal.io/server/tools/gomad3/internal/gomadtool/architecture","Test":"TestErrorProvenanceAllocationControls/nil-new-interface","Elapsed":0.8}
{"Time":"2026-10-05T14:28:01.239490044Z","Action":"run","Package":"go.temporal.io/server/tools/gomad3/internal/gomadtool/architecture","Test":"TestErrorProvenanceAllocationControls/unknown-interface-field"}
{"Time":"2026-10-05T14:28:01.239518294Z","Action":"output","Package":"go.temporal.io/server/tools/gomad3/internal/gomadtool/architecture","Test":"TestErrorProvenanceAllocationControls/unknown-interface-field","Output":"=== RUN   TestErrorProvenanceAllocationControls/unknown-interface-field\n","OutputType":"frame"}
{"Time":"2026-10-05T14:28:01.343034752Z","Action":"output","Package":"go.temporal.io/server/tools/gomad3/internal/gomadtool/architecture","Test":"TestErrorProvenanceAllocationControls/unknown-interface-field","Output":"    error_provenance_test.go:211: stock-host causal fixture: === RUN   TestBehavior\n"}
{"Time":"2026-10-05T14:28:01.343143294Z","Action":"output","Package":"go.temporal.io/server/tools/gomad3/internal/gomadtool/architecture","Test":"TestErrorProvenanceAllocationControls/unknown-interface-field","Output":"            pure_test.go:1: actual callbacks=0 writer count=0\n"}
{"Time":"2026-10-05T14:28:01.343185502Z","Action":"output","Package":"go.temporal.io/server/tools/gomad3/internal/gomadtool/architecture","Test":"TestErrorProvenanceAllocationControls/unknown-interface-field","Output":"        --- PASS: TestBehavior (0.00s)\n"}
{"Time":"2026-10-05T14:28:01.343234669Z","Action":"output","Package":"go.temporal.io/server/tools/gomad3/internal/gomadtool/architecture","Test":"TestErrorProvenanceAllocationControls/unknown-interface-field","Output":"        PASS\n"}
{"Time":"2026-10-05T14:28:01.343257835Z","Action":"output","Package":"go.temporal.io/server/tools/gomad3/internal/gomadtool/architecture","Test":"TestErrorProvenanceAllocationControls/unknown-interface-field","Output":"        ok  \texample.invalid/errorprovenance/record\t0.001s\n"}
{"Time":"2026-10-05T14:28:01.682811544Z","Action":"output","Package":"go.temporal.io/server/tools/gomad3/internal/gomadtool/architecture","Test":"TestErrorProvenanceAllocationControls/unknown-interface-field","Output":"    error_provenance_test.go:211: metadata {linux amd64} package edges=0 effects=[{unresolved-effect  /home/agent/.cache/codex-build/tmp/TestErrorProvenanceAllocationControlsunknown-interface-field2162715108/001/record/pure.go:1:148 example.invalid/errorprovenance/record.Check -\u003e example.invalid/errorprovenance/record.Check -\u003e unknown dynamic callback receiver error}]\n"}
{"Time":"2026-10-05T14:28:02.037744377Z","Action":"output","Package":"go.temporal.io/server/tools/gomad3/internal/gomadtool/architecture","Test":"TestErrorProvenanceAllocationControls/unknown-interface-field","Output":"    error_provenance_test.go:211: metadata {darwin arm64} package edges=0 effects=[{unresolved-effect  /home/agent/.cache/codex-build/tmp/TestErrorProvenanceAllocationControlsunknown-interface-field2162715108/001/record/pure.go:1:148 example.invalid/errorprovenance/record.Check -\u003e example.invalid/errorprovenance/record.Check -\u003e unknown dynamic callback receiver error}]\n"}
{"Time":"2026-10-05T14:28:02.037897169Z","Action":"output","Package":"go.temporal.io/server/tools/gomad3/internal/gomadtool/architecture","Test":"TestErrorProvenanceAllocationControls/unknown-interface-field","Output":"--- PASS: TestErrorProvenanceAllocationControls/unknown-interface-field (0.80s)\n","OutputType":"frame"}
{"Time":"2026-10-05T14:28:02.037937919Z","Action":"pass","Package":"go.temporal.io/server/tools/gomad3/internal/gomadtool/architecture","Test":"TestErrorProvenanceAllocationControls/unknown-interface-field","Elapsed":0.8}
{"Time":"2026-10-05T14:28:02.037995836Z","Action":"run","Package":"go.temporal.io/server/tools/gomad3/internal/gomadtool/architecture","Test":"TestErrorProvenanceAllocationControls/recursive-new-zero"}
{"Time":"2026-10-05T14:28:02.038027836Z","Action":"output","Package":"go.temporal.io/server/tools/gomad3/internal/gomadtool/architecture","Test":"TestErrorProvenanceAllocationControls/recursive-new-zero","Output":"=== RUN   TestErrorProvenanceAllocationControls/recursive-new-zero\n","OutputType":"frame"}
{"Time":"2026-10-05T14:28:02.142386002Z","Action":"output","Package":"go.temporal.io/server/tools/gomad3/internal/gomadtool/architecture","Test":"TestErrorProvenanceAllocationControls/recursive-new-zero","Output":"    error_provenance_test.go:211: stock-host causal fixture: === RUN   TestBehavior\n"}
{"Time":"2026-10-05T14:28:02.142492169Z","Action":"output","Package":"go.temporal.io/server/tools/gomad3/internal/gomadtool/architecture","Test":"TestErrorProvenanceAllocationControls/recursive-new-zero","Output":"            pure_test.go:1: actual callbacks=0 writer count=0\n"}
{"Time":"2026-10-05T14:28:02.142513836Z","Action":"output","Package":"go.temporal.io/server/tools/gomad3/internal/gomadtool/architecture","Test":"TestErrorProvenanceAllocationControls/recursive-new-zero","Output":"        --- PASS: TestBehavior (0.00s)\n"}
{"Time":"2026-10-05T14:28:02.142541919Z","Action":"output","Package":"go.temporal.io/server/tools/gomad3/internal/gomadtool/architecture","Test":"TestErrorProvenanceAllocationControls/recursive-new-zero","Output":"        PASS\n"}
{"Time":"2026-10-05T14:28:02.142558586Z","Action":"output","Package":"go.temporal.io/server/tools/gomad3/internal/gomadtool/architecture","Test":"TestErrorProvenanceAllocationControls/recursive-new-zero","Output":"        ok  \texample.invalid/errorprovenance/record\t0.001s\n"}
{"Time":"2026-10-05T14:28:02.492370127Z","Action":"output","Package":"go.temporal.io/server/tools/gomad3/internal/gomadtool/architecture","Test":"TestErrorProvenanceAllocationControls/recursive-new-zero","Output":"    error_provenance_test.go:211: metadata {linux amd64} package edges=0 effects=[]\n"}
{"Time":"2026-10-05T14:28:02.833040128Z","Action":"output","Package":"go.temporal.io/server/tools/gomad3/internal/gomadtool/architecture","Test":"TestErrorProvenanceAllocationControls/recursive-new-zero","Output":"    error_provenance_test.go:211: metadata {darwin arm64} package edges=0 effects=[]\n"}
{"Time":"2026-10-05T14:28:02.833182086Z","Action":"output","Package":"go.temporal.io/server/tools/gomad3/internal/gomadtool/architecture","Test":"TestErrorProvenanceAllocationControls/recursive-new-zero","Output":"--- PASS: TestErrorProvenanceAllocationControls/recursive-new-zero (0.80s)\n","OutputType":"frame"}
{"Time":"2026-10-05T14:28:02.833213086Z","Action":"pass","Package":"go.temporal.io/server/tools/gomad3/internal/gomadtool/architecture","Test":"TestErrorProvenanceAllocationControls/recursive-new-zero","Elapsed":0.8}
{"Time":"2026-10-05T14:28:02.833236044Z","Action":"run","Package":"go.temporal.io/server/tools/gomad3/internal/gomadtool/architecture","Test":"TestErrorProvenanceAllocationControls/array-value-copy"}
{"Time":"2026-10-05T14:28:02.833258628Z","Action":"output","Package":"go.temporal.io/server/tools/gomad3/internal/gomadtool/architecture","Test":"TestErrorProvenanceAllocationControls/array-value-copy","Output":"=== RUN   TestErrorProvenanceAllocationControls/array-value-copy\n","OutputType":"frame"}
{"Time":"2026-10-05T14:28:02.935445711Z","Action":"output","Package":"go.temporal.io/server/tools/gomad3/internal/gomadtool/architecture","Test":"TestErrorProvenanceAllocationControls/array-value-copy","Output":"    error_provenance_test.go:211: stock-host causal fixture: === RUN   TestBehavior\n"}
{"Time":"2026-10-05T14:28:02.935526169Z","Action":"output","Package":"go.temporal.io/server/tools/gomad3/internal/gomadtool/architecture","Test":"TestErrorProvenanceAllocationControls/array-value-copy","Output":"            pure_test.go:1: actual callbacks=0 writer count=0\n"}
{"Time":"2026-10-05T14:28:02.935558419Z","Action":"output","Package":"go.temporal.io/server/tools/gomad3/internal/gomadtool/architecture","Test":"TestErrorProvenanceAllocationControls/array-value-copy","Output":"        --- PASS: TestBehavior (0.00s)\n"}
{"Time":"2026-10-05T14:28:02.935584753Z","Action":"output","Package":"go.temporal.io/server/tools/gomad3/internal/gomadtool/architecture","Test":"TestErrorProvenanceAllocationControls/array-value-copy","Output":"        PASS\n"}
{"Time":"2026-10-05T14:28:02.935599378Z","Action":"output","Package":"go.temporal.io/server/tools/gomad3/internal/gomadtool/architecture","Test":"TestErrorProvenanceAllocationControls/array-value-copy","Output":"        ok  \texample.invalid/errorprovenance/record\t0.001s\n"}
{"Time":"2026-10-05T14:28:03.280991045Z","Action":"output","Package":"go.temporal.io/server/tools/gomad3/internal/gomadtool/architecture","Test":"TestErrorProvenanceAllocationControls/array-value-copy","Output":"    error_provenance_test.go:211: metadata {linux amd64} package edges=0 effects=[]\n"}
{"Time":"2026-10-05T14:28:03.626860128Z","Action":"output","Package":"go.temporal.io/server/tools/gomad3/internal/gomadtool/architecture","Test":"TestErrorProvenanceAllocationControls/array-value-copy","Output":"    error_provenance_test.go:211: metadata {darwin arm64} package edges=0 effects=[]\n"}
{"Time":"2026-10-05T14:28:03.627052295Z","Action":"output","Package":"go.temporal.io/server/tools/gomad3/internal/gomadtool/architecture","Test":"TestErrorProvenanceAllocationControls/array-value-copy","Output":"--- PASS: TestErrorProvenanceAllocationControls/array-value-copy (0.79s)\n","OutputType":"frame"}
{"Time":"2026-10-05T14:28:03.627090295Z","Action":"pass","Package":"go.temporal.io/server/tools/gomad3/internal/gomadtool/architecture","Test":"TestErrorProvenanceAllocationControls/array-value-copy","Elapsed":0.79}
{"Time":"2026-10-05T14:28:03.627117336Z","Action":"run","Package":"go.temporal.io/server/tools/gomad3/internal/gomadtool/architecture","Test":"TestErrorProvenanceAllocationControls/struct-value-copy"}
{"Time":"2026-10-05T14:28:03.627136711Z","Action":"output","Package":"go.temporal.io/server/tools/gomad3/internal/gomadtool/architecture","Test":"TestErrorProvenanceAllocationControls/struct-value-copy","Output":"=== RUN   TestErrorProvenanceAllocationControls/struct-value-copy\n","OutputType":"frame"}
{"Time":"2026-10-05T14:28:03.729821253Z","Action":"output","Package":"go.temporal.io/server/tools/gomad3/internal/gomadtool/architecture","Test":"TestErrorProvenanceAllocationControls/struct-value-copy","Output":"    error_provenance_test.go:211: stock-host causal fixture: === RUN   TestBehavior\n"}
{"Time":"2026-10-05T14:28:03.729947045Z","Action":"output","Package":"go.temporal.io/server/tools/gomad3/internal/gomadtool/architecture","Test":"TestErrorProvenanceAllocationControls/struct-value-copy","Output":"            pure_test.go:1: actual callbacks=0 writer count=0\n"}
{"Time":"2026-10-05T14:28:03.729991295Z","Action":"output","Package":"go.temporal.io/server/tools/gomad3/internal/gomadtool/architecture","Test":"TestErrorProvenanceAllocationControls/struct-value-copy","Output":"        --- PASS: TestBehavior (0.00s)\n"}
{"Time":"2026-10-05T14:28:03.730010378Z","Action":"output","Package":"go.temporal.io/server/tools/gomad3/internal/gomadtool/architecture","Test":"TestErrorProvenanceAllocationControls/struct-value-copy","Output":"        PASS\n"}
{"Time":"2026-10-05T14:28:03.730073378Z","Action":"output","Package":"go.temporal.io/server/tools/gomad3/internal/gomadtool/architecture","Test":"TestErrorProvenanceAllocationControls/struct-value-copy","Output":"        ok  \texample.invalid/errorprovenance/record\t0.001s\n"}
{"Time":"2026-10-05T14:28:04.07725467Z","Action":"output","Package":"go.temporal.io/server/tools/gomad3/internal/gomadtool/architecture","Test":"TestErrorProvenanceAllocationControls/struct-value-copy","Output":"    error_provenance_test.go:211: metadata {linux amd64} package edges=0 effects=[]\n"}
{"Time":"2026-10-05T14:28:04.418410628Z","Action":"output","Package":"go.temporal.io/server/tools/gomad3/internal/gomadtool/architecture","Test":"TestErrorProvenanceAllocationControls/struct-value-copy","Output":"    error_provenance_test.go:211: metadata {darwin arm64} package edges=0 effects=[]\n"}
{"Time":"2026-10-05T14:28:04.418542837Z","Action":"output","Package":"go.temporal.io/server/tools/gomad3/internal/gomadtool/architecture","Test":"TestErrorProvenanceAllocationControls/struct-value-copy","Output":"--- PASS: TestErrorProvenanceAllocationControls/struct-value-copy (0.79s)\n","OutputType":"frame"}
{"Time":"2026-10-05T14:28:04.418565295Z","Action":"pass","Package":"go.temporal.io/server/tools/gomad3/internal/gomadtool/architecture","Test":"TestErrorProvenanceAllocationControls/struct-value-copy","Elapsed":0.79}
{"Time":"2026-10-05T14:28:04.41864017Z","Action":"run","Package":"go.temporal.io/server/tools/gomad3/internal/gomadtool/architecture","Test":"TestErrorProvenanceAllocationControls/nested-reference-copy"}
{"Time":"2026-10-05T14:28:04.41867167Z","Action":"output","Package":"go.temporal.io/server/tools/gomad3/internal/gomadtool/architecture","Test":"TestErrorProvenanceAllocationControls/nested-reference-copy","Output":"=== RUN   TestErrorProvenanceAllocationControls/nested-reference-copy\n","OutputType":"frame"}
{"Time":"2026-10-05T14:28:04.516629753Z","Action":"output","Package":"go.temporal.io/server/tools/gomad3/internal/gomadtool/architecture","Test":"TestErrorProvenanceAllocationControls/nested-reference-copy","Output":"    error_provenance_test.go:211: stock-host causal fixture: === RUN   TestBehavior\n"}
{"Time":"2026-10-05T14:28:04.516723962Z","Action":"output","Package":"go.temporal.io/server/tools/gomad3/internal/gomadtool/architecture","Test":"TestErrorProvenanceAllocationControls/nested-reference-copy","Output":"            pure_test.go:1: actual callbacks=1 writer count=0\n"}
{"Time":"2026-10-05T14:28:04.516759628Z","Action":"output","Package":"go.temporal.io/server/tools/gomad3/internal/gomadtool/architecture","Test":"TestErrorProvenanceAllocationControls/nested-reference-copy","Output":"        --- PASS: TestBehavior (0.00s)\n"}
{"Time":"2026-10-05T14:28:04.516779253Z","Action":"output","Package":"go.temporal.io/server/tools/gomad3/internal/gomadtool/architecture","Test":"TestErrorProvenanceAllocationControls/nested-reference-copy","Output":"        PASS\n"}
{"Time":"2026-10-05T14:28:04.516823212Z","Action":"output","Package":"go.temporal.io/server/tools/gomad3/internal/gomadtool/architecture","Test":"TestErrorProvenanceAllocationControls/nested-reference-copy","Output":"        ok  \texample.invalid/errorprovenance/record\t0.001s\n"}
{"Time":"2026-10-05T14:28:04.861242337Z","Action":"output","Package":"go.temporal.io/server/tools/gomad3/internal/gomadtool/architecture","Test":"TestErrorProvenanceAllocationControls/nested-reference-copy","Output":"    error_provenance_test.go:211: metadata {linux amd64} package edges=0 effects=[{host-effect  /home/agent/.cache/codex-build/tmp/TestErrorProvenanceAllocationControlsnested-reference-copy1182615410/001/internal/canonicaljson/helper.go:1:103 example.invalid/errorprovenance/record.Check -\u003e example.invalid/errorprovenance/record.Check -\u003e example.invalid/errorprovenance/internal/canonicaljson.Dirty -\u003e time.Now}]\n"}
{"Time":"2026-10-05T14:28:05.192651879Z","Action":"output","Package":"go.temporal.io/server/tools/gomad3/internal/gomadtool/architecture","Test":"TestErrorProvenanceAllocationControls/nested-reference-copy","Output":"    error_provenance_test.go:211: metadata {darwin arm64} package edges=0 effects=[{host-effect  /home/agent/.cache/codex-build/tmp/TestErrorProvenanceAllocationControlsnested-reference-copy1182615410/001/internal/canonicaljson/helper.go:1:103 example.invalid/errorprovenance/record.Check -\u003e example.invalid/errorprovenance/record.Check -\u003e example.invalid/errorprovenance/internal/canonicaljson.Dirty -\u003e time.Now}]\n"}
{"Time":"2026-10-05T14:28:05.192784587Z","Action":"output","Package":"go.temporal.io/server/tools/gomad3/internal/gomadtool/architecture","Test":"TestErrorProvenanceAllocationControls/nested-reference-copy","Output":"--- PASS: TestErrorProvenanceAllocationControls/nested-reference-copy (0.77s)\n","OutputType":"frame"}
{"Time":"2026-10-05T14:28:05.192807795Z","Action":"pass","Package":"go.temporal.io/server/tools/gomad3/internal/gomadtool/architecture","Test":"TestErrorProvenanceAllocationControls/nested-reference-copy","Elapsed":0.77}
{"Time":"2026-10-05T14:28:05.192836337Z","Action":"run","Package":"go.temporal.io/server/tools/gomad3/internal/gomadtool/architecture","Test":"TestErrorProvenanceAllocationControls/new-struct-dirty"}
{"Time":"2026-10-05T14:28:05.19285292Z","Action":"output","Package":"go.temporal.io/server/tools/gomad3/internal/gomadtool/architecture","Test":"TestErrorProvenanceAllocationControls/new-struct-dirty","Output":"=== RUN   TestErrorProvenanceAllocationControls/new-struct-dirty\n","OutputType":"frame"}
{"Time":"2026-10-05T14:28:05.289283629Z","Action":"output","Package":"go.temporal.io/server/tools/gomad3/internal/gomadtool/architecture","Test":"TestErrorProvenanceAllocationControls/new-struct-dirty","Output":"    error_provenance_test.go:211: stock-host causal fixture: === RUN   TestBehavior\n"}
{"Time":"2026-10-05T14:28:05.289383087Z","Action":"output","Package":"go.temporal.io/server/tools/gomad3/internal/gomadtool/architecture","Test":"TestErrorProvenanceAllocationControls/new-struct-dirty","Output":"            pure_test.go:1: actual callbacks=1 writer count=0\n"}
{"Time":"2026-10-05T14:28:05.289421004Z","Action":"output","Package":"go.temporal.io/server/tools/gomad3/internal/gomadtool/architecture","Test":"TestErrorProvenanceAllocationControls/new-struct-dirty","Output":"        --- PASS: TestBehavior (0.00s)\n"}
{"Time":"2026-10-05T14:28:05.289437879Z","Action":"output","Package":"go.temporal.io/server/tools/gomad3/internal/gomadtool/architecture","Test":"TestErrorProvenanceAllocationControls/new-struct-dirty","Output":"        PASS\n"}
{"Time":"2026-10-05T14:28:05.289456545Z","Action":"output","Package":"go.temporal.io/server/tools/gomad3/internal/gomadtool/architecture","Test":"TestErrorProvenanceAllocationControls/new-struct-dirty","Output":"        ok  \texample.invalid/errorprovenance/record\t0.001s\n"}
{"Time":"2026-10-05T14:28:05.658632671Z","Action":"output","Package":"go.temporal.io/server/tools/gomad3/internal/gomadtool/architecture","Test":"TestErrorProvenanceAllocationControls/new-struct-dirty","Output":"    error_provenance_test.go:211: metadata {linux amd64} package edges=0 effects=[{host-effect  /home/agent/.cache/codex-build/tmp/TestErrorProvenanceAllocationControlsnew-struct-dirty2523613300/001/internal/canonicaljson/helper.go:1:88 example.invalid/errorprovenance/record.Check -\u003e example.invalid/errorprovenance/record.Check -\u003e example.invalid/errorprovenance/internal/canonicaljson.Dirty -\u003e time.Now}]\n"}
{"Time":"2026-10-05T14:28:05.994443004Z","Action":"output","Package":"go.temporal.io/server/tools/gomad3/internal/gomadtool/architecture","Test":"TestErrorProvenanceAllocationControls/new-struct-dirty","Output":"    error_provenance_test.go:211: metadata {darwin arm64} package edges=0 effects=[{host-effect  /home/agent/.cache/codex-build/tmp/TestErrorProvenanceAllocationControlsnew-struct-dirty2523613300/001/internal/canonicaljson/helper.go:1:88 example.invalid/errorprovenance/record.Check -\u003e example.invalid/errorprovenance/record.Check -\u003e example.invalid/errorprovenance/internal/canonicaljson.Dirty -\u003e time.Now}]\n"}
{"Time":"2026-10-05T14:28:05.994671921Z","Action":"output","Package":"go.temporal.io/server/tools/gomad3/internal/gomadtool/architecture","Test":"TestErrorProvenanceAllocationControls/new-struct-dirty","Output":"--- PASS: TestErrorProvenanceAllocationControls/new-struct-dirty (0.80s)\n","OutputType":"frame"}
{"Time":"2026-10-05T14:28:05.994708671Z","Action":"pass","Package":"go.temporal.io/server/tools/gomad3/internal/gomadtool/architecture","Test":"TestErrorProvenanceAllocationControls/new-struct-dirty","Elapsed":0.8}
{"Time":"2026-10-05T14:28:05.994737671Z","Action":"run","Package":"go.temporal.io/server/tools/gomad3/internal/gomadtool/architecture","Test":"TestErrorProvenanceAllocationControls/new-struct-clean"}
{"Time":"2026-10-05T14:28:05.994758004Z","Action":"output","Package":"go.temporal.io/server/tools/gomad3/internal/gomadtool/architecture","Test":"TestErrorProvenanceAllocationControls/new-struct-clean","Output":"=== RUN   TestErrorProvenanceAllocationControls/new-struct-clean\n","OutputType":"frame"}
{"Time":"2026-10-05T14:28:06.097208129Z","Action":"output","Package":"go.temporal.io/server/tools/gomad3/internal/gomadtool/architecture","Test":"TestErrorProvenanceAllocationControls/new-struct-clean","Output":"    error_provenance_test.go:211: stock-host causal fixture: === RUN   TestBehavior\n"}
{"Time":"2026-10-05T14:28:06.097329046Z","Action":"output","Package":"go.temporal.io/server/tools/gomad3/internal/gomadtool/architecture","Test":"TestErrorProvenanceAllocationControls/new-struct-clean","Output":"            pure_test.go:1: actual callbacks=0 writer count=0\n"}
{"Time":"2026-10-05T14:28:06.097381463Z","Action":"output","Package":"go.temporal.io/server/tools/gomad3/internal/gomadtool/architecture","Test":"TestErrorProvenanceAllocationControls/new-struct-clean","Output":"        --- PASS: TestBehavior (0.00s)\n"}
{"Time":"2026-10-05T14:28:06.097419213Z","Action":"output","Package":"go.temporal.io/server/tools/gomad3/internal/gomadtool/architecture","Test":"TestErrorProvenanceAllocationControls/new-struct-clean","Output":"        PASS\n"}
{"Time":"2026-10-05T14:28:06.097442879Z","Action":"output","Package":"go.temporal.io/server/tools/gomad3/internal/gomadtool/architecture","Test":"TestErrorProvenanceAllocationControls/new-struct-clean","Output":"        ok  \texample.invalid/errorprovenance/record\t0.001s\n"}
{"Time":"2026-10-05T14:28:06.437593671Z","Action":"output","Package":"go.temporal.io/server/tools/gomad3/internal/gomadtool/architecture","Test":"TestErrorProvenanceAllocationControls/new-struct-clean","Output":"    error_provenance_test.go:211: metadata {linux amd64} package edges=0 effects=[]\n"}
{"Time":"2026-10-05T14:28:06.784726713Z","Action":"output","Package":"go.temporal.io/server/tools/gomad3/internal/gomadtool/architecture","Test":"TestErrorProvenanceAllocationControls/new-struct-clean","Output":"    error_provenance_test.go:211: metadata {darwin arm64} package edges=0 effects=[]\n"}
{"Time":"2026-10-05T14:28:06.78524413Z","Action":"output","Package":"go.temporal.io/server/tools/gomad3/internal/gomadtool/architecture","Test":"TestErrorProvenanceAllocationControls/new-struct-clean","Output":"--- PASS: TestErrorProvenanceAllocationControls/new-struct-clean (0.79s)\n","OutputType":"frame"}
{"Time":"2026-10-05T14:28:06.785320088Z","Action":"pass","Package":"go.temporal.io/server/tools/gomad3/internal/gomadtool/architecture","Test":"TestErrorProvenanceAllocationControls/new-struct-clean","Elapsed":0.79}
{"Time":"2026-10-05T14:28:06.785360338Z","Action":"run","Package":"go.temporal.io/server/tools/gomad3/internal/gomadtool/architecture","Test":"TestErrorProvenanceAllocationControls/empty-make-map-values"}
{"Time":"2026-10-05T14:28:06.78540113Z","Action":"output","Package":"go.temporal.io/server/tools/gomad3/internal/gomadtool/architecture","Test":"TestErrorProvenanceAllocationControls/empty-make-map-values","Output":"=== RUN   TestErrorProvenanceAllocationControls/empty-make-map-values\n","OutputType":"frame"}
{"Time":"2026-10-05T14:28:06.892391213Z","Action":"output","Package":"go.temporal.io/server/tools/gomad3/internal/gomadtool/architecture","Test":"TestErrorProvenanceAllocationControls/empty-make-map-values","Output":"    error_provenance_test.go:211: stock-host causal fixture: === RUN   TestBehavior\n"}
{"Time":"2026-10-05T14:28:06.892501838Z","Action":"output","Package":"go.temporal.io/server/tools/gomad3/internal/gomadtool/architecture","Test":"TestErrorProvenanceAllocationControls/empty-make-map-values","Output":"            pure_test.go:1: actual callbacks=0 writer count=0\n"}
{"Time":"2026-10-05T14:28:06.892542421Z","Action":"output","Package":"go.temporal.io/server/tools/gomad3/internal/gomadtool/architecture","Test":"TestErrorProvenanceAllocationControls/empty-make-map-values","Output":"        --- PASS: TestBehavior (0.00s)\n"}
{"Time":"2026-10-05T14:28:06.892595213Z","Action":"output","Package":"go.temporal.io/server/tools/gomad3/internal/gomadtool/architecture","Test":"TestErrorProvenanceAllocationControls/empty-make-map-values","Output":"        PASS\n"}
{"Time":"2026-10-05T14:28:06.89262838Z","Action":"output","Package":"go.temporal.io/server/tools/gomad3/internal/gomadtool/architecture","Test":"TestErrorProvenanceAllocationControls/empty-make-map-values","Output":"        ok  \texample.invalid/errorprovenance/record\t0.001s\n"}
{"Time":"2026-10-05T14:28:07.222246421Z","Action":"output","Package":"go.temporal.io/server/tools/gomad3/internal/gomadtool/architecture","Test":"TestErrorProvenanceAllocationControls/empty-make-map-values","Output":"    error_provenance_test.go:211: metadata {linux amd64} package edges=0 effects=[]\n"}
{"Time":"2026-10-05T14:28:07.57196738Z","Action":"output","Package":"go.temporal.io/server/tools/gomad3/internal/gomadtool/architecture","Test":"TestErrorProvenanceAllocationControls/empty-make-map-values","Output":"    error_provenance_test.go:211: metadata {darwin arm64} package edges=0 effects=[]\n"}
{"Time":"2026-10-05T14:28:07.57212988Z","Action":"output","Package":"go.temporal.io/server/tools/gomad3/internal/gomadtool/architecture","Test":"TestErrorProvenanceAllocationControls/empty-make-map-values","Output":"--- PASS: TestErrorProvenanceAllocationControls/empty-make-map-values (0.79s)\n","OutputType":"frame"}
{"Time":"2026-10-05T14:28:07.572166213Z","Action":"pass","Package":"go.temporal.io/server/tools/gomad3/internal/gomadtool/architecture","Test":"TestErrorProvenanceAllocationControls/empty-make-map-values","Elapsed":0.79}
{"Time":"2026-10-05T14:28:07.572194088Z","Action":"run","Package":"go.temporal.io/server/tools/gomad3/internal/gomadtool/architecture","Test":"TestErrorProvenanceAllocationControls/empty-map-literal-values"}
{"Time":"2026-10-05T14:28:07.572212755Z","Action":"output","Package":"go.temporal.io/server/tools/gomad3/internal/gomadtool/architecture","Test":"TestErrorProvenanceAllocationControls/empty-map-literal-values","Output":"=== RUN   TestErrorProvenanceAllocationControls/empty-map-literal-values\n","OutputType":"frame"}
{"Time":"2026-10-05T14:28:07.675495713Z","Action":"output","Package":"go.temporal.io/server/tools/gomad3/internal/gomadtool/architecture","Test":"TestErrorProvenanceAllocationControls/empty-map-literal-values","Output":"    error_provenance_test.go:211: stock-host causal fixture: === RUN   TestBehavior\n"}
{"Time":"2026-10-05T14:28:07.675597672Z","Action":"output","Package":"go.temporal.io/server/tools/gomad3/internal/gomadtool/architecture","Test":"TestErrorProvenanceAllocationControls/empty-map-literal-values","Output":"            pure_test.go:1: actual callbacks=0 writer count=0\n"}
{"Time":"2026-10-05T14:28:07.675633213Z","Action":"output","Package":"go.temporal.io/server/tools/gomad3/internal/gomadtool/architecture","Test":"TestErrorProvenanceAllocationControls/empty-map-literal-values","Output":"        --- PASS: TestBehavior (0.00s)\n"}
{"Time":"2026-10-05T14:28:07.675694422Z","Action":"output","Package":"go.temporal.io/server/tools/gomad3/internal/gomadtool/architecture","Test":"TestErrorProvenanceAllocationControls/empty-map-literal-values","Output":"        PASS\n"}
{"Time":"2026-10-05T14:28:07.675713172Z","Action":"output","Package":"go.temporal.io/server/tools/gomad3/internal/gomadtool/architecture","Test":"TestErrorProvenanceAllocationControls/empty-map-literal-values","Output":"        ok  \texample.invalid/errorprovenance/record\t0.001s\n"}
{"Time":"2026-10-05T14:28:08.028042255Z","Action":"output","Package":"go.temporal.io/server/tools/gomad3/internal/gomadtool/architecture","Test":"TestErrorProvenanceAllocationControls/empty-map-literal-values","Output":"    error_provenance_test.go:211: metadata {linux amd64} package edges=0 effects=[]\n"}
{"Time":"2026-10-05T14:28:08.35501288Z","Action":"output","Package":"go.temporal.io/server/tools/gomad3/internal/gomadtool/architecture","Test":"TestErrorProvenanceAllocationControls/empty-map-literal-values","Output":"    error_provenance_test.go:211: metadata {darwin arm64} package edges=0 effects=[]\n"}
{"Time":"2026-10-05T14:28:08.355162755Z","Action":"output","Package":"go.temporal.io/server/tools/gomad3/internal/gomadtool/architecture","Test":"TestErrorProvenanceAllocationControls/empty-map-literal-values","Output":"--- PASS: TestErrorProvenanceAllocationControls/empty-map-literal-values (0.78s)\n","OutputType":"frame"}
{"Time":"2026-10-05T14:28:08.355204547Z","Action":"pass","Package":"go.temporal.io/server/tools/gomad3/internal/gomadtool/architecture","Test":"TestErrorProvenanceAllocationControls/empty-map-literal-values","Elapsed":0.78}
{"Time":"2026-10-05T14:28:08.355240964Z","Action":"run","Package":"go.temporal.io/server/tools/gomad3/internal/gomadtool/architecture","Test":"TestErrorProvenanceAllocationControls/empty-make-slice-values"}
{"Time":"2026-10-05T14:28:08.355255005Z","Action":"output","Package":"go.temporal.io/server/tools/gomad3/internal/gomadtool/architecture","Test":"TestErrorProvenanceAllocationControls/empty-make-slice-values","Output":"=== RUN   TestErrorProvenanceAllocationControls/empty-make-slice-values\n","OutputType":"frame"}
{"Time":"2026-10-05T14:28:08.458836755Z","Action":"output","Package":"go.temporal.io/server/tools/gomad3/internal/gomadtool/architecture","Test":"TestErrorProvenanceAllocationControls/empty-make-slice-values","Output":"    error_provenance_test.go:211: stock-host causal fixture: === RUN   TestBehavior\n"}
{"Time":"2026-10-05T14:28:08.459009964Z","Action":"output","Package":"go.temporal.io/server/tools/gomad3/internal/gomadtool/architecture","Test":"TestErrorProvenanceAllocationControls/empty-make-slice-values","Output":"            pure_test.go:1: actual callbacks=0 writer count=0\n"}
{"Time":"2026-10-05T14:28:08.45904588Z","Action":"output","Package":"go.temporal.io/server/tools/gomad3/internal/gomadtool/architecture","Test":"TestErrorProvenanceAllocationControls/empty-make-slice-values","Output":"        --- PASS: TestBehavior (0.00s)\n"}
{"Time":"2026-10-05T14:28:08.459079297Z","Action":"output","Package":"go.temporal.io/server/tools/gomad3/internal/gomadtool/architecture","Test":"TestErrorProvenanceAllocationControls/empty-make-slice-values","Output":"        PASS\n"}
{"Time":"2026-10-05T14:28:08.459108714Z","Action":"output","Package":"go.temporal.io/server/tools/gomad3/internal/gomadtool/architecture","Test":"TestErrorProvenanceAllocationControls/empty-make-slice-values","Output":"        ok  \texample.invalid/errorprovenance/record\t0.001s\n"}
{"Time":"2026-10-05T14:28:08.829205964Z","Action":"output","Package":"go.temporal.io/server/tools/gomad3/internal/gomadtool/architecture","Test":"TestErrorProvenanceAllocationControls/empty-make-slice-values","Output":"    error_provenance_test.go:211: metadata {linux amd64} package edges=0 effects=[]\n"}
{"Time":"2026-10-05T14:28:09.164712714Z","Action":"output","Package":"go.temporal.io/server/tools/gomad3/internal/gomadtool/architecture","Test":"TestErrorProvenanceAllocationControls/empty-make-slice-values","Output":"    error_provenance_test.go:211: metadata {darwin arm64} package edges=0 effects=[]\n"}
{"Time":"2026-10-05T14:28:09.164914922Z","Action":"output","Package":"go.temporal.io/server/tools/gomad3/internal/gomadtool/architecture","Test":"TestErrorProvenanceAllocationControls/empty-make-slice-values","Output":"--- PASS: TestErrorProvenanceAllocationControls/empty-make-slice-values (0.81s)\n","OutputType":"frame"}
{"Time":"2026-10-05T14:28:09.165011172Z","Action":"pass","Package":"go.temporal.io/server/tools/gomad3/internal/gomadtool/architecture","Test":"TestErrorProvenanceAllocationControls/empty-make-slice-values","Elapsed":0.81}
{"Time":"2026-10-05T14:28:09.165155631Z","Action":"run","Package":"go.temporal.io/server/tools/gomad3/internal/gomadtool/architecture","Test":"TestErrorProvenanceAllocationControls/empty-slice-literal-values"}
{"Time":"2026-10-05T14:28:09.165245839Z","Action":"output","Package":"go.temporal.io/server/tools/gomad3/internal/gomadtool/architecture","Test":"TestErrorProvenanceAllocationControls/empty-slice-literal-values","Output":"=== RUN   TestErrorProvenanceAllocationControls/empty-slice-literal-values\n","OutputType":"frame"}
{"Time":"2026-10-05T14:28:09.262562006Z","Action":"output","Package":"go.temporal.io/server/tools/gomad3/internal/gomadtool/architecture","Test":"TestErrorProvenanceAllocationControls/empty-slice-literal-values","Output":"    error_provenance_test.go:211: stock-host causal fixture: === RUN   TestBehavior\n"}
{"Time":"2026-10-05T14:28:09.262701422Z","Action":"output","Package":"go.temporal.io/server/tools/gomad3/internal/gomadtool/architecture","Test":"TestErrorProvenanceAllocationControls/empty-slice-literal-values","Output":"            pure_test.go:1: actual callbacks=0 writer count=0\n"}
{"Time":"2026-10-05T14:28:09.262794506Z","Action":"output","Package":"go.temporal.io/server/tools/gomad3/internal/gomadtool/architecture","Test":"TestErrorProvenanceAllocationControls/empty-slice-literal-values","Output":"        --- PASS: TestBehavior (0.00s)\n"}
{"Time":"2026-10-05T14:28:09.262827839Z","Action":"output","Package":"go.temporal.io/server/tools/gomad3/internal/gomadtool/architecture","Test":"TestErrorProvenanceAllocationControls/empty-slice-literal-values","Output":"        PASS\n"}
{"Time":"2026-10-05T14:28:09.262846589Z","Action":"output","Package":"go.temporal.io/server/tools/gomad3/internal/gomadtool/architecture","Test":"TestErrorProvenanceAllocationControls/empty-slice-literal-values","Output":"        ok  \texample.invalid/errorprovenance/record\t0.001s\n"}
{"Time":"2026-10-05T14:28:09.604799381Z","Action":"output","Package":"go.temporal.io/server/tools/gomad3/internal/gomadtool/architecture","Test":"TestErrorProvenanceAllocationControls/empty-slice-literal-values","Output":"    error_provenance_test.go:211: metadata {linux amd64} package edges=0 effects=[]\n"}
{"Time":"2026-10-05T14:28:09.953895131Z","Action":"output","Package":"go.temporal.io/server/tools/gomad3/internal/gomadtool/architecture","Test":"TestErrorProvenanceAllocationControls/empty-slice-literal-values","Output":"    error_provenance_test.go:211: metadata {darwin arm64} package edges=0 effects=[]\n"}
{"Time":"2026-10-05T14:28:09.954140131Z","Action":"output","Package":"go.temporal.io/server/tools/gomad3/internal/gomadtool/architecture","Test":"TestErrorProvenanceAllocationControls/empty-slice-literal-values","Output":"--- PASS: TestErrorProvenanceAllocationControls/empty-slice-literal-values (0.79s)\n","OutputType":"frame"}
{"Time":"2026-10-05T14:28:09.954174756Z","Action":"pass","Package":"go.temporal.io/server/tools/gomad3/internal/gomadtool/architecture","Test":"TestErrorProvenanceAllocationControls/empty-slice-literal-values","Elapsed":0.79}
{"Time":"2026-10-05T14:28:09.954199256Z","Action":"run","Package":"go.temporal.io/server/tools/gomad3/internal/gomadtool/architecture","Test":"TestErrorProvenanceAllocationControls/empty-array-literal-values"}
{"Time":"2026-10-05T14:28:09.954215548Z","Action":"output","Package":"go.temporal.io/server/tools/gomad3/internal/gomadtool/architecture","Test":"TestErrorProvenanceAllocationControls/empty-array-literal-values","Output":"=== RUN   TestErrorProvenanceAllocationControls/empty-array-literal-values\n","OutputType":"frame"}
{"Time":"2026-10-05T14:28:10.055002006Z","Action":"output","Package":"go.temporal.io/server/tools/gomad3/internal/gomadtool/architecture","Test":"TestErrorProvenanceAllocationControls/empty-array-literal-values","Output":"    error_provenance_test.go:211: stock-host causal fixture: === RUN   TestBehavior\n"}
{"Time":"2026-10-05T14:28:10.055103964Z","Action":"output","Package":"go.temporal.io/server/tools/gomad3/internal/gomadtool/architecture","Test":"TestErrorProvenanceAllocationControls/empty-array-literal-values","Output":"            pure_test.go:1: actual callbacks=0 writer count=0\n"}
{"Time":"2026-10-05T14:28:10.055135006Z","Action":"output","Package":"go.temporal.io/server/tools/gomad3/internal/gomadtool/architecture","Test":"TestErrorProvenanceAllocationControls/empty-array-literal-values","Output":"        --- PASS: TestBehavior (0.00s)\n"}
{"Time":"2026-10-05T14:28:10.055155839Z","Action":"output","Package":"go.temporal.io/server/tools/gomad3/internal/gomadtool/architecture","Test":"TestErrorProvenanceAllocationControls/empty-array-literal-values","Output":"        PASS\n"}
{"Time":"2026-10-05T14:28:10.055183756Z","Action":"output","Package":"go.temporal.io/server/tools/gomad3/internal/gomadtool/architecture","Test":"TestErrorProvenanceAllocationControls/empty-array-literal-values","Output":"        ok  \texample.invalid/errorprovenance/record\t0.001s\n"}
{"Time":"2026-10-05T14:28:10.39961484Z","Action":"output","Package":"go.temporal.io/server/tools/gomad3/internal/gomadtool/architecture","Test":"TestErrorProvenanceAllocationControls/empty-array-literal-values","Output":"    error_provenance_test.go:211: metadata {linux amd64} package edges=0 effects=[]\n"}
{"Time":"2026-10-05T14:28:10.74057384Z","Action":"output","Package":"go.temporal.io/server/tools/gomad3/internal/gomadtool/architecture","Test":"TestErrorProvenanceAllocationControls/empty-array-literal-values","Output":"    error_provenance_test.go:211: metadata {darwin arm64} package edges=0 effects=[]\n"}
{"Time":"2026-10-05T14:28:10.740746965Z","Action":"output","Package":"go.temporal.io/server/tools/gomad3/internal/gomadtool/architecture","Test":"TestErrorProvenanceAllocationControls/empty-array-literal-values","Output":"--- PASS: TestErrorProvenanceAllocationControls/empty-array-literal-values (0.79s)\n","OutputType":"frame"}
{"Time":"2026-10-05T14:28:10.740826631Z","Action":"pass","Package":"go.temporal.io/server/tools/gomad3/internal/gomadtool/architecture","Test":"TestErrorProvenanceAllocationControls/empty-array-literal-values","Elapsed":0.79}
{"Time":"2026-10-05T14:28:10.740870631Z","Action":"output","Package":"go.temporal.io/server/tools/gomad3/internal/gomadtool/architecture","Test":"TestErrorProvenanceAllocationControls","Output":"--- PASS: TestErrorProvenanceAllocationControls (12.65s)\n","OutputType":"frame"}
{"Time":"2026-10-05T14:28:10.740897215Z","Action":"pass","Package":"go.temporal.io/server/tools/gomad3/internal/gomadtool/architecture","Test":"TestErrorProvenanceAllocationControls","Elapsed":12.65}
{"Time":"2026-10-05T14:28:10.740915631Z","Action":"run","Package":"go.temporal.io/server/tools/gomad3/internal/gomadtool/architecture","Test":"TestDependencyInitialization"}
{"Time":"2026-10-05T14:28:10.740934256Z","Action":"output","Package":"go.temporal.io/server/tools/gomad3/internal/gomadtool/architecture","Test":"TestDependencyInitialization","Output":"=== RUN   TestDependencyInitialization\n","OutputType":"frame"}
{"Time":"2026-10-05T14:28:10.740955548Z","Action":"run","Package":"go.temporal.io/server/tools/gomad3/internal/gomadtool/architecture","Test":"TestDependencyInitialization/called-dependency"}
{"Time":"2026-10-05T14:28:10.740970423Z","Action":"output","Package":"go.temporal.io/server/tools/gomad3/internal/gomadtool/architecture","Test":"TestDependencyInitialization/called-dependency","Output":"=== RUN   TestDependencyInitialization/called-dependency\n","OutputType":"frame"}
{"Time":"2026-10-05T14:28:11.229614798Z","Action":"output","Package":"go.temporal.io/server/tools/gomad3/internal/gomadtool/architecture","Test":"TestDependencyInitialization/called-dependency","Output":"--- PASS: TestDependencyInitialization/called-dependency (0.49s)\n","OutputType":"frame"}
{"Time":"2026-10-05T14:28:11.229767298Z","Action":"pass","Package":"go.temporal.io/server/tools/gomad3/internal/gomadtool/architecture","Test":"TestDependencyInitialization/called-dependency","Elapsed":0.49}
{"Time":"2026-10-05T14:28:11.229831798Z","Action":"run","Package":"go.temporal.io/server/tools/gomad3/internal/gomadtool/architecture","Test":"TestDependencyInitialization/blank-import"}
{"Time":"2026-10-05T14:28:11.229871298Z","Action":"output","Package":"go.temporal.io/server/tools/gomad3/internal/gomadtool/architecture","Test":"TestDependencyInitialization/blank-import","Output":"=== RUN   TestDependencyInitialization/blank-import\n","OutputType":"frame"}
{"Time":"2026-10-05T14:28:11.720200215Z","Action":"output","Package":"go.temporal.io/server/tools/gomad3/internal/gomadtool/architecture","Test":"TestDependencyInitialization/blank-import","Output":"--- PASS: TestDependencyInitialization/blank-import (0.49s)\n","OutputType":"frame"}
{"Time":"2026-10-05T14:28:11.720315757Z","Action":"pass","Package":"go.temporal.io/server/tools/gomad3/internal/gomadtool/architecture","Test":"TestDependencyInitialization/blank-import","Elapsed":0.49}
{"Time":"2026-10-05T14:28:11.720343424Z","Action":"run","Package":"go.temporal.io/server/tools/gomad3/internal/gomadtool/architecture","Test":"TestDependencyInitialization/variable-initializer"}
{"Time":"2026-10-05T14:28:11.72042059Z","Action":"output","Package":"go.temporal.io/server/tools/gomad3/internal/gomadtool/architecture","Test":"TestDependencyInitialization/variable-initializer","Output":"=== RUN   TestDependencyInitialization/variable-initializer\n","OutputType":"frame"}
{"Time":"2026-10-05T14:28:12.214623965Z","Action":"output","Package":"go.temporal.io/server/tools/gomad3/internal/gomadtool/architecture","Test":"TestDependencyInitialization/variable-initializer","Output":"--- PASS: TestDependencyInitialization/variable-initializer (0.49s)\n","OutputType":"frame"}
{"Time":"2026-10-05T14:28:12.219375965Z","Action":"pass","Package":"go.temporal.io/server/tools/gomad3/internal/gomadtool/architecture","Test":"TestDependencyInitialization/variable-initializer","Elapsed":0.49}
{"Time":"2026-10-05T14:28:12.219444549Z","Action":"run","Package":"go.temporal.io/server/tools/gomad3/internal/gomadtool/architecture","Test":"TestDependencyInitialization/second-init"}
{"Time":"2026-10-05T14:28:12.21946984Z","Action":"output","Package":"go.temporal.io/server/tools/gomad3/internal/gomadtool/architecture","Test":"TestDependencyInitialization/second-init","Output":"=== RUN   TestDependencyInitialization/second-init\n","OutputType":"frame"}
{"Time":"2026-10-05T14:28:12.712511924Z","Action":"output","Package":"go.temporal.io/server/tools/gomad3/internal/gomadtool/architecture","Test":"TestDependencyInitialization/second-init","Output":"--- PASS: TestDependencyInitialization/second-init (0.49s)\n","OutputType":"frame"}
{"Time":"2026-10-05T14:28:12.712628507Z","Action":"pass","Package":"go.temporal.io/server/tools/gomad3/internal/gomadtool/architecture","Test":"TestDependencyInitialization/second-init","Elapsed":0.49}
{"Time":"2026-10-05T14:28:12.712657549Z","Action":"run","Package":"go.temporal.io/server/tools/gomad3/internal/gomadtool/architecture","Test":"TestDependencyInitialization/transitive-import"}
{"Time":"2026-10-05T14:28:12.712677757Z","Action":"output","Package":"go.temporal.io/server/tools/gomad3/internal/gomadtool/architecture","Test":"TestDependencyInitialization/transitive-import","Output":"=== RUN   TestDependencyInitialization/transitive-import\n","OutputType":"frame"}
{"Time":"2026-10-05T14:28:13.205905508Z","Action":"output","Package":"go.temporal.io/server/tools/gomad3/internal/gomadtool/architecture","Test":"TestDependencyInitialization/transitive-import","Output":"--- PASS: TestDependencyInitialization/transitive-import (0.49s)\n","OutputType":"frame"}
{"Time":"2026-10-05T14:28:13.206040133Z","Action":"pass","Package":"go.temporal.io/server/tools/gomad3/internal/gomadtool/architecture","Test":"TestDependencyInitialization/transitive-import","Elapsed":0.49}
{"Time":"2026-10-05T14:28:13.206066633Z","Action":"run","Package":"go.temporal.io/server/tools/gomad3/internal/gomadtool/architecture","Test":"TestDependencyInitialization/pure-initializers"}
{"Time":"2026-10-05T14:28:13.206084758Z","Action":"output","Package":"go.temporal.io/server/tools/gomad3/internal/gomadtool/architecture","Test":"TestDependencyInitialization/pure-initializers","Output":"=== RUN   TestDependencyInitialization/pure-initializers\n","OutputType":"frame"}
{"Time":"2026-10-05T14:28:13.214387591Z","Action":"output","Package":"go.temporal.io/server/tools/gomad3/internal/gomadtool/architecture","Test":"TestDependencyInitialization/pure-initializers","Output":"--- PASS: TestDependencyInitialization/pure-initializers (0.01s)\n","OutputType":"frame"}
{"Time":"2026-10-05T14:28:13.214446799Z","Action":"pass","Package":"go.temporal.io/server/tools/gomad3/internal/gomadtool/architecture","Test":"TestDependencyInitialization/pure-initializers","Elapsed":0.01}
{"Time":"2026-10-05T14:28:13.214463091Z","Action":"run","Package":"go.temporal.io/server/tools/gomad3/internal/gomadtool/architecture","Test":"TestDependencyInitialization/once-callback"}
{"Time":"2026-10-05T14:28:13.214473966Z","Action":"output","Package":"go.temporal.io/server/tools/gomad3/internal/gomadtool/architecture","Test":"TestDependencyInitialization/once-callback","Output":"=== RUN   TestDependencyInitialization/once-callback\n","OutputType":"frame"}
{"Time":"2026-10-05T14:28:13.714659591Z","Action":"output","Package":"go.temporal.io/server/tools/gomad3/internal/gomadtool/architecture","Test":"TestDependencyInitialization/once-callback","Output":"--- PASS: TestDependencyInitialization/once-callback (0.50s)\n","OutputType":"frame"}
{"Time":"2026-10-05T14:28:13.714800216Z","Action":"pass","Package":"go.temporal.io/server/tools/gomad3/internal/gomadtool/architecture","Test":"TestDependencyInitialization/once-callback","Elapsed":0.5}
{"Time":"2026-10-05T14:28:13.714828008Z","Action":"run","Package":"go.temporal.io/server/tools/gomad3/internal/gomadtool/architecture","Test":"TestDependencyInitialization/pure-once"}
{"Time":"2026-10-05T14:28:13.714844925Z","Action":"output","Package":"go.temporal.io/server/tools/gomad3/internal/gomadtool/architecture","Test":"TestDependencyInitialization/pure-once","Output":"=== RUN   TestDependencyInitialization/pure-once\n","OutputType":"frame"}
{"Time":"2026-10-05T14:28:14.141981883Z","Action":"output","Package":"go.temporal.io/server/tools/gomad3/internal/gomadtool/architecture","Test":"TestDependencyInitialization/pure-once","Output":"--- PASS: TestDependencyInitialization/pure-once (0.43s)\n","OutputType":"frame"}
{"Time":"2026-10-05T14:28:14.142129425Z","Action":"pass","Package":"go.temporal.io/server/tools/gomad3/internal/gomadtool/architecture","Test":"TestDependencyInitialization/pure-once","Elapsed":0.43}
{"Time":"2026-10-05T14:28:14.142162966Z","Action":"run","Package":"go.temporal.io/server/tools/gomad3/internal/gomadtool/architecture","Test":"TestDependencyInitialization/standard-startup"}
{"Time":"2026-10-05T14:28:14.142181341Z","Action":"output","Package":"go.temporal.io/server/tools/gomad3/internal/gomadtool/architecture","Test":"TestDependencyInitialization/standard-startup","Output":"=== RUN   TestDependencyInitialization/standard-startup\n","OutputType":"frame"}
{"Time":"2026-10-05T14:28:15.171068467Z","Action":"output","Package":"go.temporal.io/server/tools/gomad3/internal/gomadtool/architecture","Test":"TestDependencyInitialization/standard-startup","Output":"--- PASS: TestDependencyInitialization/standard-startup (1.03s)\n","OutputType":"frame"}
{"Time":"2026-10-05T14:28:15.171210384Z","Action":"pass","Package":"go.temporal.io/server/tools/gomad3/internal/gomadtool/architecture","Test":"TestDependencyInitialization/standard-startup","Elapsed":1.03}
{"Time":"2026-10-05T14:28:15.171252175Z","Action":"output","Package":"go.temporal.io/server/tools/gomad3/internal/gomadtool/architecture","Test":"TestDependencyInitialization","Output":"--- PASS: TestDependencyInitialization (4.43s)\n","OutputType":"frame"}
{"Time":"2026-10-05T14:28:15.171272134Z","Action":"pass","Package":"go.temporal.io/server/tools/gomad3/internal/gomadtool/architecture","Test":"TestDependencyInitialization","Elapsed":4.43}
{"Time":"2026-10-05T14:28:15.171292384Z","Action":"run","Package":"go.temporal.io/server/tools/gomad3/internal/gomadtool/architecture","Test":"TestThirdPartyInitialization"}
{"Time":"2026-10-05T14:28:15.171310884Z","Action":"output","Package":"go.temporal.io/server/tools/gomad3/internal/gomadtool/architecture","Test":"TestThirdPartyInitialization","Output":"=== RUN   TestThirdPartyInitialization\n","OutputType":"frame"}
{"Time":"2026-10-05T14:28:15.171329759Z","Action":"run","Package":"go.temporal.io/server/tools/gomad3/internal/gomadtool/architecture","Test":"TestThirdPartyInitialization/clock"}
{"Time":"2026-10-05T14:28:15.171355884Z","Action":"output","Package":"go.temporal.io/server/tools/gomad3/internal/gomadtool/architecture","Test":"TestThirdPartyInitialization/clock","Output":"=== RUN   TestThirdPartyInitialization/clock\n","OutputType":"frame"}
{"Time":"2026-10-05T14:28:15.663219467Z","Action":"output","Package":"go.temporal.io/server/tools/gomad3/internal/gomadtool/architecture","Test":"TestThirdPartyInitialization/clock","Output":"--- PASS: TestThirdPartyInitialization/clock (0.49s)\n","OutputType":"frame"}
{"Time":"2026-10-05T14:28:15.66335555Z","Action":"pass","Package":"go.temporal.io/server/tools/gomad3/internal/gomadtool/architecture","Test":"TestThirdPartyInitialization/clock","Elapsed":0.49}
{"Time":"2026-10-05T14:28:15.663413009Z","Action":"run","Package":"go.temporal.io/server/tools/gomad3/internal/gomadtool/architecture","Test":"TestThirdPartyInitialization/pure"}
{"Time":"2026-10-05T14:28:15.663449717Z","Action":"output","Package":"go.temporal.io/server/tools/gomad3/internal/gomadtool/architecture","Test":"TestThirdPartyInitialization/pure","Output":"=== RUN   TestThirdPartyInitialization/pure\n","OutputType":"frame"}
{"Time":"2026-10-05T14:28:15.671581717Z","Action":"output","Package":"go.temporal.io/server/tools/gomad3/internal/gomadtool/architecture","Test":"TestThirdPartyInitialization/pure","Output":"--- PASS: TestThirdPartyInitialization/pure (0.01s)\n","OutputType":"frame"}
{"Time":"2026-10-05T14:28:15.671641634Z","Action":"pass","Package":"go.temporal.io/server/tools/gomad3/internal/gomadtool/architecture","Test":"TestThirdPartyInitialization/pure","Elapsed":0.01}
{"Time":"2026-10-05T14:28:15.671675467Z","Action":"output","Package":"go.temporal.io/server/tools/gomad3/internal/gomadtool/architecture","Test":"TestThirdPartyInitialization","Output":"--- PASS: TestThirdPartyInitialization (0.50s)\n","OutputType":"frame"}
{"Time":"2026-10-05T14:28:15.671695592Z","Action":"pass","Package":"go.temporal.io/server/tools/gomad3/internal/gomadtool/architecture","Test":"TestThirdPartyInitialization","Elapsed":0.5}
{"Time":"2026-10-05T14:28:15.671713342Z","Action":"run","Package":"go.temporal.io/server/tools/gomad3/internal/gomadtool/architecture","Test":"TestStandardStartupIdentity"}
{"Time":"2026-10-05T14:28:15.671728425Z","Action":"output","Package":"go.temporal.io/server/tools/gomad3/internal/gomadtool/architecture","Test":"TestStandardStartupIdentity","Output":"=== RUN   TestStandardStartupIdentity\n","OutputType":"frame"}
{"Time":"2026-10-05T14:28:15.931586842Z","Action":"output","Package":"go.temporal.io/server/tools/gomad3/internal/gomadtool/architecture","Test":"TestStandardStartupIdentity","Output":"--- PASS: TestStandardStartupIdentity (0.26s)\n","OutputType":"frame"}
{"Time":"2026-10-05T14:28:15.932966134Z","Action":"pass","Package":"go.temporal.io/server/tools/gomad3/internal/gomadtool/architecture","Test":"TestStandardStartupIdentity","Elapsed":0.26}
{"Time":"2026-10-05T14:28:15.933007092Z","Action":"run","Package":"go.temporal.io/server/tools/gomad3/internal/gomadtool/architecture","Test":"TestCallbackContainerMutations"}
{"Time":"2026-10-05T14:28:15.933030051Z","Action":"output","Package":"go.temporal.io/server/tools/gomad3/internal/gomadtool/architecture","Test":"TestCallbackContainerMutations","Output":"=== RUN   TestCallbackContainerMutations\n","OutputType":"frame"}
{"Time":"2026-10-05T14:28:15.933047426Z","Action":"run","Package":"go.temporal.io/server/tools/gomad3/internal/gomadtool/architecture","Test":"TestCallbackContainerMutations/copy-slice"}
{"Time":"2026-10-05T14:28:15.933057342Z","Action":"output","Package":"go.temporal.io/server/tools/gomad3/internal/gomadtool/architecture","Test":"TestCallbackContainerMutations/copy-slice","Output":"=== RUN   TestCallbackContainerMutations/copy-slice\n","OutputType":"frame"}
{"Time":"2026-10-05T14:28:16.703686634Z","Action":"output","Package":"go.temporal.io/server/tools/gomad3/internal/gomadtool/architecture","Test":"TestCallbackContainerMutations/copy-slice","Output":"--- PASS: TestCallbackContainerMutations/copy-slice (0.77s)\n","OutputType":"frame"}
{"Time":"2026-10-05T14:28:16.706437426Z","Action":"pass","Package":"go.temporal.io/server/tools/gomad3/internal/gomadtool/architecture","Test":"TestCallbackContainerMutations/copy-slice","Elapsed":0.77}
{"Time":"2026-10-05T14:28:16.706660634Z","Action":"run","Package":"go.temporal.io/server/tools/gomad3/internal/gomadtool/architecture","Test":"TestCallbackContainerMutations/copy-alias"}
{"Time":"2026-10-05T14:28:16.706688634Z","Action":"output","Package":"go.temporal.io/server/tools/gomad3/internal/gomadtool/architecture","Test":"TestCallbackContainerMutations/copy-alias","Output":"=== RUN   TestCallbackContainerMutations/copy-alias\n","OutputType":"frame"}
{"Time":"2026-10-05T14:28:17.49116026Z","Action":"output","Package":"go.temporal.io/server/tools/gomad3/internal/gomadtool/architecture","Test":"TestCallbackContainerMutations/copy-alias","Output":"--- PASS: TestCallbackContainerMutations/copy-alias (0.78s)\n","OutputType":"frame"}
{"Time":"2026-10-05T14:28:17.491293051Z","Action":"pass","Package":"go.temporal.io/server/tools/gomad3/internal/gomadtool/architecture","Test":"TestCallbackContainerMutations/copy-alias","Elapsed":0.78}
{"Time":"2026-10-05T14:28:17.49132876Z","Action":"run","Package":"go.temporal.io/server/tools/gomad3/internal/gomadtool/architecture","Test":"TestCallbackContainerMutations/insert"}
{"Time":"2026-10-05T14:28:17.491350635Z","Action":"output","Package":"go.temporal.io/server/tools/gomad3/internal/gomadtool/architecture","Test":"TestCallbackContainerMutations/insert","Output":"=== RUN   TestCallbackContainerMutations/insert\n","OutputType":"frame"}
{"Time":"2026-10-05T14:28:18.295807385Z","Action":"output","Package":"go.temporal.io/server/tools/gomad3/internal/gomadtool/architecture","Test":"TestCallbackContainerMutations/insert","Output":"--- PASS: TestCallbackContainerMutations/insert (0.80s)\n","OutputType":"frame"}
{"Time":"2026-10-05T14:28:18.295889343Z","Action":"pass","Package":"go.temporal.io/server/tools/gomad3/internal/gomadtool/architecture","Test":"TestCallbackContainerMutations/insert","Elapsed":0.8}
{"Time":"2026-10-05T14:28:18.29590776Z","Action":"run","Package":"go.temporal.io/server/tools/gomad3/internal/gomadtool/architecture","Test":"TestCallbackContainerMutations/insert-ellipsis"}
{"Time":"2026-10-05T14:28:18.295928927Z","Action":"output","Package":"go.temporal.io/server/tools/gomad3/internal/gomadtool/architecture","Test":"TestCallbackContainerMutations/insert-ellipsis","Output":"=== RUN   TestCallbackContainerMutations/insert-ellipsis\n","OutputType":"frame"}
{"Time":"2026-10-05T14:28:19.103912635Z","Action":"output","Package":"go.temporal.io/server/tools/gomad3/internal/gomadtool/architecture","Test":"TestCallbackContainerMutations/insert-ellipsis","Output":"--- PASS: TestCallbackContainerMutations/insert-ellipsis (0.81s)\n","OutputType":"frame"}
{"Time":"2026-10-05T14:28:19.104057302Z","Action":"pass","Package":"go.temporal.io/server/tools/gomad3/internal/gomadtool/architecture","Test":"TestCallbackContainerMutations/insert-ellipsis","Elapsed":0.81}
{"Time":"2026-10-05T14:28:19.104099177Z","Action":"run","Package":"go.temporal.io/server/tools/gomad3/internal/gomadtool/architecture","Test":"TestCallbackContainerMutations/insert-alias"}
{"Time":"2026-10-05T14:28:19.10412101Z","Action":"output","Package":"go.temporal.io/server/tools/gomad3/internal/gomadtool/architecture","Test":"TestCallbackContainerMutations/insert-alias","Output":"=== RUN   TestCallbackContainerMutations/insert-alias\n","OutputType":"frame"}
{"Time":"2026-10-05T14:28:19.883765552Z","Action":"output","Package":"go.temporal.io/server/tools/gomad3/internal/gomadtool/architecture","Test":"TestCallbackContainerMutations/insert-alias","Output":"--- PASS: TestCallbackContainerMutations/insert-alias (0.78s)\n","OutputType":"frame"}
{"Time":"2026-10-05T14:28:19.883903511Z","Action":"pass","Package":"go.temporal.io/server/tools/gomad3/internal/gomadtool/architecture","Test":"TestCallbackContainerMutations/insert-alias","Elapsed":0.78}
{"Time":"2026-10-05T14:28:19.883988886Z","Action":"run","Package":"go.temporal.io/server/tools/gomad3/internal/gomadtool/architecture","Test":"TestCallbackContainerMutations/clone-assignment"}
{"Time":"2026-10-05T14:28:19.884030719Z","Action":"output","Package":"go.temporal.io/server/tools/gomad3/internal/gomadtool/architecture","Test":"TestCallbackContainerMutations/clone-assignment","Output":"=== RUN   TestCallbackContainerMutations/clone-assignment\n","OutputType":"frame"}
{"Time":"2026-10-05T14:28:20.699582511Z","Action":"output","Package":"go.temporal.io/server/tools/gomad3/internal/gomadtool/architecture","Test":"TestCallbackContainerMutations/clone-assignment","Output":"--- PASS: TestCallbackContainerMutations/clone-assignment (0.82s)\n","OutputType":"frame"}
{"Time":"2026-10-05T14:28:20.69971997Z","Action":"pass","Package":"go.temporal.io/server/tools/gomad3/internal/gomadtool/architecture","Test":"TestCallbackContainerMutations/clone-assignment","Elapsed":0.82}
{"Time":"2026-10-05T14:28:20.699753345Z","Action":"run","Package":"go.temporal.io/server/tools/gomad3/internal/gomadtool/architecture","Test":"TestCallbackContainerMutations/pointer-store"}
{"Time":"2026-10-05T14:28:20.699780928Z","Action":"output","Package":"go.temporal.io/server/tools/gomad3/internal/gomadtool/architecture","Test":"TestCallbackContainerMutations/pointer-store","Output":"=== RUN   TestCallbackContainerMutations/pointer-store\n","OutputType":"frame"}
{"Time":"2026-10-05T14:28:21.512502762Z","Action":"output","Package":"go.temporal.io/server/tools/gomad3/internal/gomadtool/architecture","Test":"TestCallbackContainerMutations/pointer-store","Output":"--- PASS: TestCallbackContainerMutations/pointer-store (0.81s)\n","OutputType":"frame"}
{"Time":"2026-10-05T14:28:21.512631303Z","Action":"pass","Package":"go.temporal.io/server/tools/gomad3/internal/gomadtool/architecture","Test":"TestCallbackContainerMutations/pointer-store","Elapsed":0.81}
{"Time":"2026-10-05T14:28:21.51266397Z","Action":"run","Package":"go.temporal.io/server/tools/gomad3/internal/gomadtool/architecture","Test":"TestCallbackContainerMutations/pointer-helper"}
{"Time":"2026-10-05T14:28:21.512685887Z","Action":"output","Package":"go.temporal.io/server/tools/gomad3/internal/gomadtool/architecture","Test":"TestCallbackContainerMutations/pointer-helper","Output":"=== RUN   TestCallbackContainerMutations/pointer-helper\n","OutputType":"frame"}
{"Time":"2026-10-05T14:28:22.29407997Z","Action":"output","Package":"go.temporal.io/server/tools/gomad3/internal/gomadtool/architecture","Test":"TestCallbackContainerMutations/pointer-helper","Output":"--- PASS: TestCallbackContainerMutations/pointer-helper (0.78s)\n","OutputType":"frame"}
{"Time":"2026-10-05T14:28:22.294206679Z","Action":"pass","Package":"go.temporal.io/server/tools/gomad3/internal/gomadtool/architecture","Test":"TestCallbackContainerMutations/pointer-helper","Elapsed":0.78}
{"Time":"2026-10-05T14:28:22.294244387Z","Action":"run","Package":"go.temporal.io/server/tools/gomad3/internal/gomadtool/architecture","Test":"TestCallbackContainerMutations/range-function"}
{"Time":"2026-10-05T14:28:22.294266845Z","Action":"output","Package":"go.temporal.io/server/tools/gomad3/internal/gomadtool/architecture","Test":"TestCallbackContainerMutations/range-function","Output":"=== RUN   TestCallbackContainerMutations/range-function\n","OutputType":"frame"}
{"Time":"2026-10-05T14:28:23.077562096Z","Action":"output","Package":"go.temporal.io/server/tools/gomad3/internal/gomadtool/architecture","Test":"TestCallbackContainerMutations/range-function","Output":"--- PASS: TestCallbackContainerMutations/range-function (0.78s)\n","OutputType":"frame"}
{"Time":"2026-10-05T14:28:23.083026304Z","Action":"pass","Package":"go.temporal.io/server/tools/gomad3/internal/gomadtool/architecture","Test":"TestCallbackContainerMutations/range-function","Elapsed":0.78}
{"Time":"2026-10-05T14:28:23.083082512Z","Action":"run","Package":"go.temporal.io/server/tools/gomad3/internal/gomadtool/architecture","Test":"TestCallbackContainerMutations/range-yield-callback"}
{"Time":"2026-10-05T14:28:23.083107429Z","Action":"output","Package":"go.temporal.io/server/tools/gomad3/internal/gomadtool/architecture","Test":"TestCallbackContainerMutations/range-yield-callback","Output":"=== RUN   TestCallbackContainerMutations/range-yield-callback\n","OutputType":"frame"}
{"Time":"2026-10-05T14:28:23.863093054Z","Action":"output","Package":"go.temporal.io/server/tools/gomad3/internal/gomadtool/architecture","Test":"TestCallbackContainerMutations/range-yield-callback","Output":"--- PASS: TestCallbackContainerMutations/range-yield-callback (0.78s)\n","OutputType":"frame"}
{"Time":"2026-10-05T14:28:23.870186763Z","Action":"pass","Package":"go.temporal.io/server/tools/gomad3/internal/gomadtool/architecture","Test":"TestCallbackContainerMutations/range-yield-callback","Elapsed":0.78}
{"Time":"2026-10-05T14:28:23.870253888Z","Action":"run","Package":"go.temporal.io/server/tools/gomad3/internal/gomadtool/architecture","Test":"TestCallbackContainerMutations/slice-pointer-marshaler"}
{"Time":"2026-10-05T14:28:23.870271763Z","Action":"output","Package":"go.temporal.io/server/tools/gomad3/internal/gomadtool/architecture","Test":"TestCallbackContainerMutations/slice-pointer-marshaler","Output":"=== RUN   TestCallbackContainerMutations/slice-pointer-marshaler\n","OutputType":"frame"}
{"Time":"2026-10-05T14:28:24.649699971Z","Action":"output","Package":"go.temporal.io/server/tools/gomad3/internal/gomadtool/architecture","Test":"TestCallbackContainerMutations/slice-pointer-marshaler","Output":"--- PASS: TestCallbackContainerMutations/slice-pointer-marshaler (0.78s)\n","OutputType":"frame"}
{"Time":"2026-10-05T14:28:24.652520346Z","Action":"pass","Package":"go.temporal.io/server/tools/gomad3/internal/gomadtool/architecture","Test":"TestCallbackContainerMutations/slice-pointer-marshaler","Elapsed":0.78}
{"Time":"2026-10-05T14:28:24.652577096Z","Action":"run","Package":"go.temporal.io/server/tools/gomad3/internal/gomadtool/architecture","Test":"TestCallbackContainerMutations/addressable-array-marshaler"}
{"Time":"2026-10-05T14:28:24.652605763Z","Action":"output","Package":"go.temporal.io/server/tools/gomad3/internal/gomadtool/architecture","Test":"TestCallbackContainerMutations/addressable-array-marshaler","Output":"=== RUN   TestCallbackContainerMutations/addressable-array-marshaler\n","OutputType":"frame"}
{"Time":"2026-10-05T14:28:25.426569763Z","Action":"output","Package":"go.temporal.io/server/tools/gomad3/internal/gomadtool/architecture","Test":"TestCallbackContainerMutations/addressable-array-marshaler","Output":"--- PASS: TestCallbackContainerMutations/addressable-array-marshaler (0.77s)\n","OutputType":"frame"}
{"Time":"2026-10-05T14:28:25.42677368Z","Action":"pass","Package":"go.temporal.io/server/tools/gomad3/internal/gomadtool/architecture","Test":"TestCallbackContainerMutations/addressable-array-marshaler","Elapsed":0.77}
{"Time":"2026-10-05T14:28:25.426805972Z","Action":"run","Package":"go.temporal.io/server/tools/gomad3/internal/gomadtool/architecture","Test":"TestCallbackContainerMutations/addressable-field-marshaler"}
{"Time":"2026-10-05T14:28:25.426826555Z","Action":"output","Package":"go.temporal.io/server/tools/gomad3/internal/gomadtool/architecture","Test":"TestCallbackContainerMutations/addressable-field-marshaler","Output":"=== RUN   TestCallbackContainerMutations/addressable-field-marshaler\n","OutputType":"frame"}
{"Time":"2026-10-05T14:28:26.237591055Z","Action":"output","Package":"go.temporal.io/server/tools/gomad3/internal/gomadtool/architecture","Test":"TestCallbackContainerMutations/addressable-field-marshaler","Output":"--- PASS: TestCallbackContainerMutations/addressable-field-marshaler (0.81s)\n","OutputType":"frame"}
{"Time":"2026-10-05T14:28:26.23776743Z","Action":"pass","Package":"go.temporal.io/server/tools/gomad3/internal/gomadtool/architecture","Test":"TestCallbackContainerMutations/addressable-field-marshaler","Elapsed":0.81}
{"Time":"2026-10-05T14:28:26.237798805Z","Action":"run","Package":"go.temporal.io/server/tools/gomad3/internal/gomadtool/architecture","Test":"TestCallbackContainerMutations/map-nonaddressable"}
{"Time":"2026-10-05T14:28:26.23781768Z","Action":"output","Package":"go.temporal.io/server/tools/gomad3/internal/gomadtool/architecture","Test":"TestCallbackContainerMutations/map-nonaddressable","Output":"=== RUN   TestCallbackContainerMutations/map-nonaddressable\n","OutputType":"frame"}
{"Time":"2026-10-05T14:28:27.007902098Z","Action":"output","Package":"go.temporal.io/server/tools/gomad3/internal/gomadtool/architecture","Test":"TestCallbackContainerMutations/map-nonaddressable","Output":"--- PASS: TestCallbackContainerMutations/map-nonaddressable (0.77s)\n","OutputType":"frame"}
{"Time":"2026-10-05T14:28:27.008001223Z","Action":"pass","Package":"go.temporal.io/server/tools/gomad3/internal/gomadtool/architecture","Test":"TestCallbackContainerMutations/map-nonaddressable","Elapsed":0.77}
{"Time":"2026-10-05T14:28:27.008028348Z","Action":"run","Package":"go.temporal.io/server/tools/gomad3/internal/gomadtool/architecture","Test":"TestCallbackContainerMutations/array-nonaddressable"}
{"Time":"2026-10-05T14:28:27.008044848Z","Action":"output","Package":"go.temporal.io/server/tools/gomad3/internal/gomadtool/architecture","Test":"TestCallbackContainerMutations/array-nonaddressable","Output":"=== RUN   TestCallbackContainerMutations/array-nonaddressable\n","OutputType":"frame"}
{"Time":"2026-10-05T14:28:27.78377339Z","Action":"output","Package":"go.temporal.io/server/tools/gomad3/internal/gomadtool/architecture","Test":"TestCallbackContainerMutations/array-nonaddressable","Output":"--- PASS: TestCallbackContainerMutations/array-nonaddressable (0.78s)\n","OutputType":"frame"}
{"Time":"2026-10-05T14:28:27.783873515Z","Action":"pass","Package":"go.temporal.io/server/tools/gomad3/internal/gomadtool/architecture","Test":"TestCallbackContainerMutations/array-nonaddressable","Elapsed":0.78}
{"Time":"2026-10-05T14:28:27.78389564Z","Action":"run","Package":"go.temporal.io/server/tools/gomad3/internal/gomadtool/architecture","Test":"TestCallbackContainerMutations/field-nonaddressable"}
{"Time":"2026-10-05T14:28:27.783907723Z","Action":"output","Package":"go.temporal.io/server/tools/gomad3/internal/gomadtool/architecture","Test":"TestCallbackContainerMutations/field-nonaddressable","Output":"=== RUN   TestCallbackContainerMutations/field-nonaddressable\n","OutputType":"frame"}
{"Time":"2026-10-05T14:28:28.55991414Z","Action":"output","Package":"go.temporal.io/server/tools/gomad3/internal/gomadtool/architecture","Test":"TestCallbackContainerMutations/field-nonaddressable","Output":"--- PASS: TestCallbackContainerMutations/field-nonaddressable (0.78s)\n","OutputType":"frame"}
{"Time":"2026-10-05T14:28:28.560830557Z","Action":"pass","Package":"go.temporal.io/server/tools/gomad3/internal/gomadtool/architecture","Test":"TestCallbackContainerMutations/field-nonaddressable","Elapsed":0.78}
{"Time":"2026-10-05T14:28:28.560881182Z","Action":"run","Package":"go.temporal.io/server/tools/gomad3/internal/gomadtool/architecture","Test":"TestCallbackContainerMutations/pure-copy"}
{"Time":"2026-10-05T14:28:28.560899932Z","Action":"output","Package":"go.temporal.io/server/tools/gomad3/internal/gomadtool/architecture","Test":"TestCallbackContainerMutations/pure-copy","Output":"=== RUN   TestCallbackContainerMutations/pure-copy\n","OutputType":"frame"}
{"Time":"2026-10-05T14:28:29.366334849Z","Action":"output","Package":"go.temporal.io/server/tools/gomad3/internal/gomadtool/architecture","Test":"TestCallbackContainerMutations/pure-copy","Output":"--- PASS: TestCallbackContainerMutations/pure-copy (0.81s)\n","OutputType":"frame"}
{"Time":"2026-10-05T14:28:29.366483182Z","Action":"pass","Package":"go.temporal.io/server/tools/gomad3/internal/gomadtool/architecture","Test":"TestCallbackContainerMutations/pure-copy","Elapsed":0.81}
{"Time":"2026-10-05T14:28:29.366518349Z","Action":"run","Package":"go.temporal.io/server/tools/gomad3/internal/gomadtool/architecture","Test":"TestCallbackContainerMutations/pure-insert"}
{"Time":"2026-10-05T14:28:29.366538307Z","Action":"output","Package":"go.temporal.io/server/tools/gomad3/internal/gomadtool/architecture","Test":"TestCallbackContainerMutations/pure-insert","Output":"=== RUN   TestCallbackContainerMutations/pure-insert\n","OutputType":"frame"}
{"Time":"2026-10-05T14:28:30.150826849Z","Action":"output","Package":"go.temporal.io/server/tools/gomad3/internal/gomadtool/architecture","Test":"TestCallbackContainerMutations/pure-insert","Output":"--- PASS: TestCallbackContainerMutations/pure-insert (0.78s)\n","OutputType":"frame"}
{"Time":"2026-10-05T14:28:30.150957974Z","Action":"pass","Package":"go.temporal.io/server/tools/gomad3/internal/gomadtool/architecture","Test":"TestCallbackContainerMutations/pure-insert","Elapsed":0.78}
{"Time":"2026-10-05T14:28:30.150998516Z","Action":"run","Package":"go.temporal.io/server/tools/gomad3/internal/gomadtool/architecture","Test":"TestCallbackContainerMutations/pure-clone"}
{"Time":"2026-10-05T14:28:30.151021766Z","Action":"output","Package":"go.temporal.io/server/tools/gomad3/internal/gomadtool/architecture","Test":"TestCallbackContainerMutations/pure-clone","Output":"=== RUN   TestCallbackContainerMutations/pure-clone\n","OutputType":"frame"}
{"Time":"2026-10-05T14:28:30.928310058Z","Action":"output","Package":"go.temporal.io/server/tools/gomad3/internal/gomadtool/architecture","Test":"TestCallbackContainerMutations/pure-clone","Output":"--- PASS: TestCallbackContainerMutations/pure-clone (0.78s)\n","OutputType":"frame"}
{"Time":"2026-10-05T14:28:30.928447183Z","Action":"pass","Package":"go.temporal.io/server/tools/gomad3/internal/gomadtool/architecture","Test":"TestCallbackContainerMutations/pure-clone","Elapsed":0.78}
{"Time":"2026-10-05T14:28:30.928477891Z","Action":"run","Package":"go.temporal.io/server/tools/gomad3/internal/gomadtool/architecture","Test":"TestCallbackContainerMutations/pure-pointer"}
{"Time":"2026-10-05T14:28:30.928498474Z","Action":"output","Package":"go.temporal.io/server/tools/gomad3/internal/gomadtool/architecture","Test":"TestCallbackContainerMutations/pure-pointer","Output":"=== RUN   TestCallbackContainerMutations/pure-pointer\n","OutputType":"frame"}
{"Time":"2026-10-05T14:28:31.728349266Z","Action":"output","Package":"go.temporal.io/server/tools/gomad3/internal/gomadtool/architecture","Test":"TestCallbackContainerMutations/pure-pointer","Output":"--- PASS: TestCallbackContainerMutations/pure-pointer (0.80s)\n","OutputType":"frame"}
{"Time":"2026-10-05T14:28:31.7284991Z","Action":"pass","Package":"go.temporal.io/server/tools/gomad3/internal/gomadtool/architecture","Test":"TestCallbackContainerMutations/pure-pointer","Elapsed":0.8}
{"Time":"2026-10-05T14:28:31.728532516Z","Action":"run","Package":"go.temporal.io/server/tools/gomad3/internal/gomadtool/architecture","Test":"TestCallbackContainerMutations/pure-iterator"}
{"Time":"2026-10-05T14:28:31.728551975Z","Action":"output","Package":"go.temporal.io/server/tools/gomad3/internal/gomadtool/architecture","Test":"TestCallbackContainerMutations/pure-iterator","Output":"=== RUN   TestCallbackContainerMutations/pure-iterator\n","OutputType":"frame"}
{"Time":"2026-10-05T14:28:32.53062885Z","Action":"output","Package":"go.temporal.io/server/tools/gomad3/internal/gomadtool/architecture","Test":"TestCallbackContainerMutations/pure-iterator","Output":"--- PASS: TestCallbackContainerMutations/pure-iterator (0.80s)\n","OutputType":"frame"}
{"Time":"2026-10-05T14:28:32.530749767Z","Action":"pass","Package":"go.temporal.io/server/tools/gomad3/internal/gomadtool/architecture","Test":"TestCallbackContainerMutations/pure-iterator","Elapsed":0.8}
{"Time":"2026-10-05T14:28:32.53078235Z","Action":"output","Package":"go.temporal.io/server/tools/gomad3/internal/gomadtool/architecture","Test":"TestCallbackContainerMutations","Output":"--- PASS: TestCallbackContainerMutations (16.60s)\n","OutputType":"frame"}
{"Time":"2026-10-05T14:28:32.530805642Z","Action":"pass","Package":"go.temporal.io/server/tools/gomad3/internal/gomadtool/architecture","Test":"TestCallbackContainerMutations","Elapsed":16.6}
{"Time":"2026-10-05T14:28:32.530836475Z","Action":"run","Package":"go.temporal.io/server/tools/gomad3/internal/gomadtool/architecture","Test":"TestRangeAssignmentSlots"}
{"Time":"2026-10-05T14:28:32.530856017Z","Action":"output","Package":"go.temporal.io/server/tools/gomad3/internal/gomadtool/architecture","Test":"TestRangeAssignmentSlots","Output":"=== RUN   TestRangeAssignmentSlots\n","OutputType":"frame"}
{"Time":"2026-10-05T14:28:32.530878683Z","Action":"run","Package":"go.temporal.io/server/tools/gomad3/internal/gomadtool/architecture","Test":"TestRangeAssignmentSlots/existing"}
{"Time":"2026-10-05T14:28:32.530897892Z","Action":"output","Package":"go.temporal.io/server/tools/gomad3/internal/gomadtool/architecture","Test":"TestRangeAssignmentSlots/existing","Output":"=== RUN   TestRangeAssignmentSlots/existing\n","OutputType":"frame"}
{"Time":"2026-10-05T14:28:32.6355676Z","Action":"output","Package":"go.temporal.io/server/tools/gomad3/internal/gomadtool/architecture","Test":"TestRangeAssignmentSlots/existing","Output":"    range_test.go:73: stock native causal fixture: === RUN   TestBehavior\n"}
{"Time":"2026-10-05T14:28:32.635671392Z","Action":"output","Package":"go.temporal.io/server/tools/gomad3/internal/gomadtool/architecture","Test":"TestRangeAssignmentSlots/existing","Output":"            pure_test.go:1: actual effects=1\n"}
{"Time":"2026-10-05T14:28:32.63570385Z","Action":"output","Package":"go.temporal.io/server/tools/gomad3/internal/gomadtool/architecture","Test":"TestRangeAssignmentSlots/existing","Output":"        --- PASS: TestBehavior (0.00s)\n"}
{"Time":"2026-10-05T14:28:32.635725559Z","Action":"output","Package":"go.temporal.io/server/tools/gomad3/internal/gomadtool/architecture","Test":"TestRangeAssignmentSlots/existing","Output":"        PASS\n"}
{"Time":"2026-10-05T14:28:32.635783975Z","Action":"output","Package":"go.temporal.io/server/tools/gomad3/internal/gomadtool/architecture","Test":"TestRangeAssignmentSlots/existing","Output":"        ok  \texample.invalid/rangeslots/record\t0.001s\n"}
{"Time":"2026-10-05T14:28:33.122643184Z","Action":"output","Package":"go.temporal.io/server/tools/gomad3/internal/gomadtool/architecture","Test":"TestRangeAssignmentSlots/existing","Output":"--- PASS: TestRangeAssignmentSlots/existing (0.59s)\n","OutputType":"frame"}
{"Time":"2026-10-05T14:28:33.122767767Z","Action":"pass","Package":"go.temporal.io/server/tools/gomad3/internal/gomadtool/architecture","Test":"TestRangeAssignmentSlots/existing","Elapsed":0.59}
{"Time":"2026-10-05T14:28:33.122806267Z","Action":"run","Package":"go.temporal.io/server/tools/gomad3/internal/gomadtool/architecture","Test":"TestRangeAssignmentSlots/field"}
{"Time":"2026-10-05T14:28:33.122834975Z","Action":"output","Package":"go.temporal.io/server/tools/gomad3/internal/gomadtool/architecture","Test":"TestRangeAssignmentSlots/field","Output":"=== RUN   TestRangeAssignmentSlots/field\n","OutputType":"frame"}
{"Time":"2026-10-05T14:28:33.225206684Z","Action":"output","Package":"go.temporal.io/server/tools/gomad3/internal/gomadtool/architecture","Test":"TestRangeAssignmentSlots/field","Output":"    range_test.go:73: stock native causal fixture: === RUN   TestBehavior\n"}
{"Time":"2026-10-05T14:28:33.225313892Z","Action":"output","Package":"go.temporal.io/server/tools/gomad3/internal/gomadtool/architecture","Test":"TestRangeAssignmentSlots/field","Output":"            pure_test.go:1: actual effects=1\n"}
{"Time":"2026-10-05T14:28:33.225353017Z","Action":"output","Package":"go.temporal.io/server/tools/gomad3/internal/gomadtool/architecture","Test":"TestRangeAssignmentSlots/field","Output":"        --- PASS: TestBehavior (0.00s)\n"}
{"Time":"2026-10-05T14:28:33.2254096Z","Action":"output","Package":"go.temporal.io/server/tools/gomad3/internal/gomadtool/architecture","Test":"TestRangeAssignmentSlots/field","Output":"        PASS\n"}
{"Time":"2026-10-05T14:28:33.225431392Z","Action":"output","Package":"go.temporal.io/server/tools/gomad3/internal/gomadtool/architecture","Test":"TestRangeAssignmentSlots/field","Output":"        ok  \texample.invalid/rangeslots/record\t0.001s\n"}
{"Time":"2026-10-05T14:28:33.726027392Z","Action":"output","Package":"go.temporal.io/server/tools/gomad3/internal/gomadtool/architecture","Test":"TestRangeAssignmentSlots/field","Output":"--- PASS: TestRangeAssignmentSlots/field (0.60s)\n","OutputType":"frame"}
{"Time":"2026-10-05T14:28:33.726139226Z","Action":"pass","Package":"go.temporal.io/server/tools/gomad3/internal/gomadtool/architecture","Test":"TestRangeAssignmentSlots/field","Elapsed":0.6}
{"Time":"2026-10-05T14:28:33.726165392Z","Action":"run","Package":"go.temporal.io/server/tools/gomad3/internal/gomadtool/architecture","Test":"TestRangeAssignmentSlots/index"}
{"Time":"2026-10-05T14:28:33.726185559Z","Action":"output","Package":"go.temporal.io/server/tools/gomad3/internal/gomadtool/architecture","Test":"TestRangeAssignmentSlots/index","Output":"=== RUN   TestRangeAssignmentSlots/index\n","OutputType":"frame"}
{"Time":"2026-10-05T14:28:33.829725642Z","Action":"output","Package":"go.temporal.io/server/tools/gomad3/internal/gomadtool/architecture","Test":"TestRangeAssignmentSlots/index","Output":"    range_test.go:73: stock native causal fixture: === RUN   TestBehavior\n"}
{"Time":"2026-10-05T14:28:33.829815684Z","Action":"output","Package":"go.temporal.io/server/tools/gomad3/internal/gomadtool/architecture","Test":"TestRangeAssignmentSlots/index","Output":"            pure_test.go:1: actual effects=1\n"}
{"Time":"2026-10-05T14:28:33.829834934Z","Action":"output","Package":"go.temporal.io/server/tools/gomad3/internal/gomadtool/architecture","Test":"TestRangeAssignmentSlots/index","Output":"        --- PASS: TestBehavior (0.00s)\n"}
{"Time":"2026-10-05T14:28:33.829851726Z","Action":"output","Package":"go.temporal.io/server/tools/gomad3/internal/gomadtool/architecture","Test":"TestRangeAssignmentSlots/index","Output":"        PASS\n"}
{"Time":"2026-10-05T14:28:33.829863142Z","Action":"output","Package":"go.temporal.io/server/tools/gomad3/internal/gomadtool/architecture","Test":"TestRangeAssignmentSlots/index","Output":"        ok  \texample.invalid/rangeslots/record\t0.001s\n"}
{"Time":"2026-10-05T14:28:34.319270476Z","Action":"output","Package":"go.temporal.io/server/tools/gomad3/internal/gomadtool/architecture","Test":"TestRangeAssignmentSlots/index","Output":"--- PASS: TestRangeAssignmentSlots/index (0.59s)\n","OutputType":"frame"}
{"Time":"2026-10-05T14:28:34.319391934Z","Action":"pass","Package":"go.temporal.io/server/tools/gomad3/internal/gomadtool/architecture","Test":"TestRangeAssignmentSlots/index","Elapsed":0.59}
{"Time":"2026-10-05T14:28:34.319421601Z","Action":"run","Package":"go.temporal.io/server/tools/gomad3/internal/gomadtool/architecture","Test":"TestRangeAssignmentSlots/dereference"}
{"Time":"2026-10-05T14:28:34.319442184Z","Action":"output","Package":"go.temporal.io/server/tools/gomad3/internal/gomadtool/architecture","Test":"TestRangeAssignmentSlots/dereference","Output":"=== RUN   TestRangeAssignmentSlots/dereference\n","OutputType":"frame"}
{"Time":"2026-10-05T14:28:34.421492934Z","Action":"output","Package":"go.temporal.io/server/tools/gomad3/internal/gomadtool/architecture","Test":"TestRangeAssignmentSlots/dereference","Output":"    range_test.go:73: stock native causal fixture: === RUN   TestBehavior\n"}
{"Time":"2026-10-05T14:28:34.421600018Z","Action":"output","Package":"go.temporal.io/server/tools/gomad3/internal/gomadtool/architecture","Test":"TestRangeAssignmentSlots/dereference","Output":"            pure_test.go:1: actual effects=1\n"}
{"Time":"2026-10-05T14:28:34.421630851Z","Action":"output","Package":"go.temporal.io/server/tools/gomad3/internal/gomadtool/architecture","Test":"TestRangeAssignmentSlots/dereference","Output":"        --- PASS: TestBehavior (0.00s)\n"}
{"Time":"2026-10-05T14:28:34.421658643Z","Action":"output","Package":"go.temporal.io/server/tools/gomad3/internal/gomadtool/architecture","Test":"TestRangeAssignmentSlots/dereference","Output":"        PASS\n"}
{"Time":"2026-10-05T14:28:34.421675393Z","Action":"output","Package":"go.temporal.io/server/tools/gomad3/internal/gomadtool/architecture","Test":"TestRangeAssignmentSlots/dereference","Output":"        ok  \texample.invalid/rangeslots/record\t0.001s\n"}
{"Time":"2026-10-05T14:28:34.928787351Z","Action":"output","Package":"go.temporal.io/server/tools/gomad3/internal/gomadtool/architecture","Test":"TestRangeAssignmentSlots/dereference","Output":"--- PASS: TestRangeAssignmentSlots/dereference (0.61s)\n","OutputType":"frame"}
{"Time":"2026-10-05T14:28:34.928921518Z","Action":"pass","Package":"go.temporal.io/server/tools/gomad3/internal/gomadtool/architecture","Test":"TestRangeAssignmentSlots/dereference","Elapsed":0.61}
{"Time":"2026-10-05T14:28:34.92895556Z","Action":"run","Package":"go.temporal.io/server/tools/gomad3/internal/gomadtool/architecture","Test":"TestRangeAssignmentSlots/captured-existing"}
{"Time":"2026-10-05T14:28:34.928981393Z","Action":"output","Package":"go.temporal.io/server/tools/gomad3/internal/gomadtool/architecture","Test":"TestRangeAssignmentSlots/captured-existing","Output":"=== RUN   TestRangeAssignmentSlots/captured-existing\n","OutputType":"frame"}
{"Time":"2026-10-05T14:28:35.02737981Z","Action":"output","Package":"go.temporal.io/server/tools/gomad3/internal/gomadtool/architecture","Test":"TestRangeAssignmentSlots/captured-existing","Output":"    range_test.go:73: stock native causal fixture: === RUN   TestBehavior\n"}
{"Time":"2026-10-05T14:28:35.027495351Z","Action":"output","Package":"go.temporal.io/server/tools/gomad3/internal/gomadtool/architecture","Test":"TestRangeAssignmentSlots/captured-existing","Output":"            pure_test.go:1: actual effects=1\n"}
{"Time":"2026-10-05T14:28:35.02753006Z","Action":"output","Package":"go.temporal.io/server/tools/gomad3/internal/gomadtool/architecture","Test":"TestRangeAssignmentSlots/captured-existing","Output":"        --- PASS: TestBehavior (0.00s)\n"}
{"Time":"2026-10-05T14:28:35.027550518Z","Action":"output","Package":"go.temporal.io/server/tools/gomad3/internal/gomadtool/architecture","Test":"TestRangeAssignmentSlots/captured-existing","Output":"        PASS\n"}
{"Time":"2026-10-05T14:28:35.02757031Z","Action":"output","Package":"go.temporal.io/server/tools/gomad3/internal/gomadtool/architecture","Test":"TestRangeAssignmentSlots/captured-existing","Output":"        ok  \texample.invalid/rangeslots/record\t0.001s\n"}
{"Time":"2026-10-05T14:28:35.520092352Z","Action":"output","Package":"go.temporal.io/server/tools/gomad3/internal/gomadtool/architecture","Test":"TestRangeAssignmentSlots/captured-existing","Output":"--- PASS: TestRangeAssignmentSlots/captured-existing (0.59s)\n","OutputType":"frame"}
{"Time":"2026-10-05T14:28:35.520230185Z","Action":"pass","Package":"go.temporal.io/server/tools/gomad3/internal/gomadtool/architecture","Test":"TestRangeAssignmentSlots/captured-existing","Elapsed":0.59}
{"Time":"2026-10-05T14:28:35.52026781Z","Action":"run","Package":"go.temporal.io/server/tools/gomad3/internal/gomadtool/architecture","Test":"TestRangeAssignmentSlots/declared-capture"}
{"Time":"2026-10-05T14:28:35.52028081Z","Action":"output","Package":"go.temporal.io/server/tools/gomad3/internal/gomadtool/architecture","Test":"TestRangeAssignmentSlots/declared-capture","Output":"=== RUN   TestRangeAssignmentSlots/declared-capture\n","OutputType":"frame"}
{"Time":"2026-10-05T14:28:35.623095435Z","Action":"output","Package":"go.temporal.io/server/tools/gomad3/internal/gomadtool/architecture","Test":"TestRangeAssignmentSlots/declared-capture","Output":"    range_test.go:73: stock native causal fixture: === RUN   TestBehavior\n"}
{"Time":"2026-10-05T14:28:35.623204393Z","Action":"output","Package":"go.temporal.io/server/tools/gomad3/internal/gomadtool/architecture","Test":"TestRangeAssignmentSlots/declared-capture","Output":"            pure_test.go:1: actual effects=1\n"}
{"Time":"2026-10-05T14:28:35.623226768Z","Action":"output","Package":"go.temporal.io/server/tools/gomad3/internal/gomadtool/architecture","Test":"TestRangeAssignmentSlots/declared-capture","Output":"        --- PASS: TestBehavior (0.00s)\n"}
{"Time":"2026-10-05T14:28:35.62325831Z","Action":"output","Package":"go.temporal.io/server/tools/gomad3/internal/gomadtool/architecture","Test":"TestRangeAssignmentSlots/declared-capture","Output":"        PASS\n"}
{"Time":"2026-10-05T14:28:35.62327681Z","Action":"output","Package":"go.temporal.io/server/tools/gomad3/internal/gomadtool/architecture","Test":"TestRangeAssignmentSlots/declared-capture","Output":"        ok  \texample.invalid/rangeslots/record\t0.001s\n"}
{"Time":"2026-10-05T14:28:36.13099056Z","Action":"output","Package":"go.temporal.io/server/tools/gomad3/internal/gomadtool/architecture","Test":"TestRangeAssignmentSlots/declared-capture","Output":"--- PASS: TestRangeAssignmentSlots/declared-capture (0.61s)\n","OutputType":"frame"}
{"Time":"2026-10-05T14:28:36.131121435Z","Action":"pass","Package":"go.temporal.io/server/tools/gomad3/internal/gomadtool/architecture","Test":"TestRangeAssignmentSlots/declared-capture","Elapsed":0.61}
{"Time":"2026-10-05T14:28:36.13116156Z","Action":"run","Package":"go.temporal.io/server/tools/gomad3/internal/gomadtool/architecture","Test":"TestRangeAssignmentSlots/two-values"}
{"Time":"2026-10-05T14:28:36.131182102Z","Action":"output","Package":"go.temporal.io/server/tools/gomad3/internal/gomadtool/architecture","Test":"TestRangeAssignmentSlots/two-values","Output":"=== RUN   TestRangeAssignmentSlots/two-values\n","OutputType":"frame"}
{"Time":"2026-10-05T14:28:36.23256056Z","Action":"output","Package":"go.temporal.io/server/tools/gomad3/internal/gomadtool/architecture","Test":"TestRangeAssignmentSlots/two-values","Output":"    range_test.go:73: stock native causal fixture: === RUN   TestBehavior\n"}
{"Time":"2026-10-05T14:28:36.232666227Z","Action":"output","Package":"go.temporal.io/server/tools/gomad3/internal/gomadtool/architecture","Test":"TestRangeAssignmentSlots/two-values","Output":"            pure_test.go:1: actual effects=1\n"}
{"Time":"2026-10-05T14:28:36.232703852Z","Action":"output","Package":"go.temporal.io/server/tools/gomad3/internal/gomadtool/architecture","Test":"TestRangeAssignmentSlots/two-values","Output":"        --- PASS: TestBehavior (0.00s)\n"}
{"Time":"2026-10-05T14:28:36.232727769Z","Action":"output","Package":"go.temporal.io/server/tools/gomad3/internal/gomadtool/architecture","Test":"TestRangeAssignmentSlots/two-values","Output":"        PASS\n"}
{"Time":"2026-10-05T14:28:36.232797477Z","Action":"output","Package":"go.temporal.io/server/tools/gomad3/internal/gomadtool/architecture","Test":"TestRangeAssignmentSlots/two-values","Output":"        ok  \texample.invalid/rangeslots/record\t0.001s\n"}
{"Time":"2026-10-05T14:28:36.728915727Z","Action":"output","Package":"go.temporal.io/server/tools/gomad3/internal/gomadtool/architecture","Test":"TestRangeAssignmentSlots/two-values","Output":"--- PASS: TestRangeAssignmentSlots/two-values (0.60s)\n","OutputType":"frame"}
{"Time":"2026-10-05T14:28:36.729038185Z","Action":"pass","Package":"go.temporal.io/server/tools/gomad3/internal/gomadtool/architecture","Test":"TestRangeAssignmentSlots/two-values","Elapsed":0.6}
{"Time":"2026-10-05T14:28:36.729090644Z","Action":"run","Package":"go.temporal.io/server/tools/gomad3/internal/gomadtool/architecture","Test":"TestRangeAssignmentSlots/slice-existing-capture"}
{"Time":"2026-10-05T14:28:36.729115019Z","Action":"output","Package":"go.temporal.io/server/tools/gomad3/internal/gomadtool/architecture","Test":"TestRangeAssignmentSlots/slice-existing-capture","Output":"=== RUN   TestRangeAssignmentSlots/slice-existing-capture\n","OutputType":"frame"}
{"Time":"2026-10-05T14:28:36.833571977Z","Action":"output","Package":"go.temporal.io/server/tools/gomad3/internal/gomadtool/architecture","Test":"TestRangeAssignmentSlots/slice-existing-capture","Output":"    range_test.go:73: stock native causal fixture: === RUN   TestBehavior\n"}
{"Time":"2026-10-05T14:28:36.833682227Z","Action":"output","Package":"go.temporal.io/server/tools/gomad3/internal/gomadtool/architecture","Test":"TestRangeAssignmentSlots/slice-existing-capture","Output":"            pure_test.go:1: actual effects=1\n"}
{"Time":"2026-10-05T14:28:36.833710311Z","Action":"output","Package":"go.temporal.io/server/tools/gomad3/internal/gomadtool/architecture","Test":"TestRangeAssignmentSlots/slice-existing-capture","Output":"        --- PASS: TestBehavior (0.00s)\n"}
{"Time":"2026-10-05T14:28:36.833766477Z","Action":"output","Package":"go.temporal.io/server/tools/gomad3/internal/gomadtool/architecture","Test":"TestRangeAssignmentSlots/slice-existing-capture","Output":"        PASS\n"}
{"Time":"2026-10-05T14:28:36.833791519Z","Action":"output","Package":"go.temporal.io/server/tools/gomad3/internal/gomadtool/architecture","Test":"TestRangeAssignmentSlots/slice-existing-capture","Output":"        ok  \texample.invalid/rangeslots/record\t0.001s\n"}
{"Time":"2026-10-05T14:28:37.328726352Z","Action":"output","Package":"go.temporal.io/server/tools/gomad3/internal/gomadtool/architecture","Test":"TestRangeAssignmentSlots/slice-existing-capture","Output":"--- PASS: TestRangeAssignmentSlots/slice-existing-capture (0.60s)\n","OutputType":"frame"}
{"Time":"2026-10-05T14:28:37.328821227Z","Action":"pass","Package":"go.temporal.io/server/tools/gomad3/internal/gomadtool/architecture","Test":"TestRangeAssignmentSlots/slice-existing-capture","Elapsed":0.6}
{"Time":"2026-10-05T14:28:37.328853352Z","Action":"run","Package":"go.temporal.io/server/tools/gomad3/internal/gomadtool/architecture","Test":"TestRangeAssignmentSlots/slice-field"}
{"Time":"2026-10-05T14:28:37.328878852Z","Action":"output","Package":"go.temporal.io/server/tools/gomad3/internal/gomadtool/architecture","Test":"TestRangeAssignmentSlots/slice-field","Output":"=== RUN   TestRangeAssignmentSlots/slice-field\n","OutputType":"frame"}
{"Time":"2026-10-05T14:28:37.434248977Z","Action":"output","Package":"go.temporal.io/server/tools/gomad3/internal/gomadtool/architecture","Test":"TestRangeAssignmentSlots/slice-field","Output":"    range_test.go:73: stock native causal fixture: === RUN   TestBehavior\n"}
{"Time":"2026-10-05T14:28:37.434368644Z","Action":"output","Package":"go.temporal.io/server/tools/gomad3/internal/gomadtool/architecture","Test":"TestRangeAssignmentSlots/slice-field","Output":"            pure_test.go:1: actual effects=1\n"}
{"Time":"2026-10-05T14:28:37.434426852Z","Action":"output","Package":"go.temporal.io/server/tools/gomad3/internal/gomadtool/architecture","Test":"TestRangeAssignmentSlots/slice-field","Output":"        --- PASS: TestBehavior (0.00s)\n"}
{"Time":"2026-10-05T14:28:37.434457602Z","Action":"output","Package":"go.temporal.io/server/tools/gomad3/internal/gomadtool/architecture","Test":"TestRangeAssignmentSlots/slice-field","Output":"        PASS\n"}
{"Time":"2026-10-05T14:28:37.434477852Z","Action":"output","Package":"go.temporal.io/server/tools/gomad3/internal/gomadtool/architecture","Test":"TestRangeAssignmentSlots/slice-field","Output":"        ok  \texample.invalid/rangeslots/record\t0.001s\n"}
{"Time":"2026-10-05T14:28:37.946731311Z","Action":"output","Package":"go.temporal.io/server/tools/gomad3/internal/gomadtool/architecture","Test":"TestRangeAssignmentSlots/slice-field","Output":"--- PASS: TestRangeAssignmentSlots/slice-field (0.62s)\n","OutputType":"frame"}
{"Time":"2026-10-05T14:28:37.946862978Z","Action":"pass","Package":"go.temporal.io/server/tools/gomad3/internal/gomadtool/architecture","Test":"TestRangeAssignmentSlots/slice-field","Elapsed":0.62}
{"Time":"2026-10-05T14:28:37.946926853Z","Action":"run","Package":"go.temporal.io/server/tools/gomad3/internal/gomadtool/architecture","Test":"TestRangeAssignmentSlots/map-index"}
{"Time":"2026-10-05T14:28:37.946953269Z","Action":"output","Package":"go.temporal.io/server/tools/gomad3/internal/gomadtool/architecture","Test":"TestRangeAssignmentSlots/map-index","Output":"=== RUN   TestRangeAssignmentSlots/map-index\n","OutputType":"frame"}
{"Time":"2026-10-05T14:28:38.051105228Z","Action":"output","Package":"go.temporal.io/server/tools/gomad3/internal/gomadtool/architecture","Test":"TestRangeAssignmentSlots/map-index","Output":"    range_test.go:73: stock native causal fixture: === RUN   TestBehavior\n"}
{"Time":"2026-10-05T14:28:38.051230644Z","Action":"output","Package":"go.temporal.io/server/tools/gomad3/internal/gomadtool/architecture","Test":"TestRangeAssignmentSlots/map-index","Output":"            pure_test.go:1: actual effects=1\n"}
{"Time":"2026-10-05T14:28:38.051259019Z","Action":"output","Package":"go.temporal.io/server/tools/gomad3/internal/gomadtool/architecture","Test":"TestRangeAssignmentSlots/map-index","Output":"        --- PASS: TestBehavior (0.00s)\n"}
{"Time":"2026-10-05T14:28:38.051282103Z","Action":"output","Package":"go.temporal.io/server/tools/gomad3/internal/gomadtool/architecture","Test":"TestRangeAssignmentSlots/map-index","Output":"        PASS\n"}
{"Time":"2026-10-05T14:28:38.051306394Z","Action":"output","Package":"go.temporal.io/server/tools/gomad3/internal/gomadtool/architecture","Test":"TestRangeAssignmentSlots/map-index","Output":"        ok  \texample.invalid/rangeslots/record\t0.001s\n"}
{"Time":"2026-10-05T14:28:38.555820395Z","Action":"output","Package":"go.temporal.io/server/tools/gomad3/internal/gomadtool/architecture","Test":"TestRangeAssignmentSlots/map-index","Output":"--- PASS: TestRangeAssignmentSlots/map-index (0.61s)\n","OutputType":"frame"}
{"Time":"2026-10-05T14:28:38.55595452Z","Action":"pass","Package":"go.temporal.io/server/tools/gomad3/internal/gomadtool/architecture","Test":"TestRangeAssignmentSlots/map-index","Elapsed":0.61}
{"Time":"2026-10-05T14:28:38.555987228Z","Action":"run","Package":"go.temporal.io/server/tools/gomad3/internal/gomadtool/architecture","Test":"TestRangeAssignmentSlots/clean-existing"}
{"Time":"2026-10-05T14:28:38.556008436Z","Action":"output","Package":"go.temporal.io/server/tools/gomad3/internal/gomadtool/architecture","Test":"TestRangeAssignmentSlots/clean-existing","Output":"=== RUN   TestRangeAssignmentSlots/clean-existing\n","OutputType":"frame"}
{"Time":"2026-10-05T14:28:38.66030677Z","Action":"output","Package":"go.temporal.io/server/tools/gomad3/internal/gomadtool/architecture","Test":"TestRangeAssignmentSlots/clean-existing","Output":"    range_test.go:73: stock native causal fixture: === RUN   TestBehavior\n"}
{"Time":"2026-10-05T14:28:38.660418895Z","Action":"output","Package":"go.temporal.io/server/tools/gomad3/internal/gomadtool/architecture","Test":"TestRangeAssignmentSlots/clean-existing","Output":"            pure_test.go:1: actual effects=0\n"}
{"Time":"2026-10-05T14:28:38.660464811Z","Action":"output","Package":"go.temporal.io/server/tools/gomad3/internal/gomadtool/architecture","Test":"TestRangeAssignmentSlots/clean-existing","Output":"        --- PASS: TestBehavior (0.00s)\n"}
{"Time":"2026-10-05T14:28:38.66049002Z","Action":"output","Package":"go.temporal.io/server/tools/gomad3/internal/gomadtool/architecture","Test":"TestRangeAssignmentSlots/clean-existing","Output":"        PASS\n"}
{"Time":"2026-10-05T14:28:38.660508436Z","Action":"output","Package":"go.temporal.io/server/tools/gomad3/internal/gomadtool/architecture","Test":"TestRangeAssignmentSlots/clean-existing","Output":"        ok  \texample.invalid/rangeslots/record\t0.001s\n"}
{"Time":"2026-10-05T14:28:39.16026377Z","Action":"output","Package":"go.temporal.io/server/tools/gomad3/internal/gomadtool/architecture","Test":"TestRangeAssignmentSlots/clean-existing","Output":"--- PASS: TestRangeAssignmentSlots/clean-existing (0.60s)\n","OutputType":"frame"}
{"Time":"2026-10-05T14:28:39.160394478Z","Action":"pass","Package":"go.temporal.io/server/tools/gomad3/internal/gomadtool/architecture","Test":"TestRangeAssignmentSlots/clean-existing","Elapsed":0.6}
{"Time":"2026-10-05T14:28:39.160424937Z","Action":"run","Package":"go.temporal.io/server/tools/gomad3/internal/gomadtool/architecture","Test":"TestRangeAssignmentSlots/clean-field"}
{"Time":"2026-10-05T14:28:39.160444103Z","Action":"output","Package":"go.temporal.io/server/tools/gomad3/internal/gomadtool/architecture","Test":"TestRangeAssignmentSlots/clean-field","Output":"=== RUN   TestRangeAssignmentSlots/clean-field\n","OutputType":"frame"}
{"Time":"2026-10-05T14:28:39.261712103Z","Action":"output","Package":"go.temporal.io/server/tools/gomad3/internal/gomadtool/architecture","Test":"TestRangeAssignmentSlots/clean-field","Output":"    range_test.go:73: stock native causal fixture: === RUN   TestBehavior\n"}
{"Time":"2026-10-05T14:28:39.261808937Z","Action":"output","Package":"go.temporal.io/server/tools/gomad3/internal/gomadtool/architecture","Test":"TestRangeAssignmentSlots/clean-field","Output":"            pure_test.go:1: actual effects=0\n"}
{"Time":"2026-10-05T14:28:39.261833645Z","Action":"output","Package":"go.temporal.io/server/tools/gomad3/internal/gomadtool/architecture","Test":"TestRangeAssignmentSlots/clean-field","Output":"        --- PASS: TestBehavior (0.00s)\n"}
{"Time":"2026-10-05T14:28:39.261859478Z","Action":"output","Package":"go.temporal.io/server/tools/gomad3/internal/gomadtool/architecture","Test":"TestRangeAssignmentSlots/clean-field","Output":"        PASS\n"}
{"Time":"2026-10-05T14:28:39.261878687Z","Action":"output","Package":"go.temporal.io/server/tools/gomad3/internal/gomadtool/architecture","Test":"TestRangeAssignmentSlots/clean-field","Output":"        ok  \texample.invalid/rangeslots/record\t0.001s\n"}
{"Time":"2026-10-05T14:28:39.76238702Z","Action":"output","Package":"go.temporal.io/server/tools/gomad3/internal/gomadtool/architecture","Test":"TestRangeAssignmentSlots/clean-field","Output":"--- PASS: TestRangeAssignmentSlots/clean-field (0.60s)\n","OutputType":"frame"}
{"Time":"2026-10-05T14:28:39.762524354Z","Action":"pass","Package":"go.temporal.io/server/tools/gomad3/internal/gomadtool/architecture","Test":"TestRangeAssignmentSlots/clean-field","Elapsed":0.6}
{"Time":"2026-10-05T14:28:39.762558979Z","Action":"run","Package":"go.temporal.io/server/tools/gomad3/internal/gomadtool/architecture","Test":"TestRangeAssignmentSlots/clean-capture"}
{"Time":"2026-10-05T14:28:39.762605104Z","Action":"output","Package":"go.temporal.io/server/tools/gomad3/internal/gomadtool/architecture","Test":"TestRangeAssignmentSlots/clean-capture","Output":"=== RUN   TestRangeAssignmentSlots/clean-capture\n","OutputType":"frame"}
{"Time":"2026-10-05T14:28:39.86512827Z","Action":"output","Package":"go.temporal.io/server/tools/gomad3/internal/gomadtool/architecture","Test":"TestRangeAssignmentSlots/clean-capture","Output":"    range_test.go:73: stock native causal fixture: === RUN   TestBehavior\n"}
{"Time":"2026-10-05T14:28:39.865226562Z","Action":"output","Package":"go.temporal.io/server/tools/gomad3/internal/gomadtool/architecture","Test":"TestRangeAssignmentSlots/clean-capture","Output":"            pure_test.go:1: actual effects=0\n"}
{"Time":"2026-10-05T14:28:39.86525727Z","Action":"output","Package":"go.temporal.io/server/tools/gomad3/internal/gomadtool/architecture","Test":"TestRangeAssignmentSlots/clean-capture","Output":"        --- PASS: TestBehavior (0.00s)\n"}
{"Time":"2026-10-05T14:28:39.865282937Z","Action":"output","Package":"go.temporal.io/server/tools/gomad3/internal/gomadtool/architecture","Test":"TestRangeAssignmentSlots/clean-capture","Output":"        PASS\n"}
{"Time":"2026-10-05T14:28:39.865305229Z","Action":"output","Package":"go.temporal.io/server/tools/gomad3/internal/gomadtool/architecture","Test":"TestRangeAssignmentSlots/clean-capture","Output":"        ok  \texample.invalid/rangeslots/record\t0.001s\n"}
{"Time":"2026-10-05T14:28:40.369169271Z","Action":"output","Package":"go.temporal.io/server/tools/gomad3/internal/gomadtool/architecture","Test":"TestRangeAssignmentSlots/clean-capture","Output":"--- PASS: TestRangeAssignmentSlots/clean-capture (0.61s)\n","OutputType":"frame"}
{"Time":"2026-10-05T14:28:40.369319521Z","Action":"pass","Package":"go.temporal.io/server/tools/gomad3/internal/gomadtool/architecture","Test":"TestRangeAssignmentSlots/clean-capture","Elapsed":0.61}
{"Time":"2026-10-05T14:28:40.369355396Z","Action":"run","Package":"go.temporal.io/server/tools/gomad3/internal/gomadtool/architecture","Test":"TestRangeAssignmentSlots/noninvoked"}
{"Time":"2026-10-05T14:28:40.369381937Z","Action":"output","Package":"go.temporal.io/server/tools/gomad3/internal/gomadtool/architecture","Test":"TestRangeAssignmentSlots/noninvoked","Output":"=== RUN   TestRangeAssignmentSlots/noninvoked\n","OutputType":"frame"}
{"Time":"2026-10-05T14:28:40.472554979Z","Action":"output","Package":"go.temporal.io/server/tools/gomad3/internal/gomadtool/architecture","Test":"TestRangeAssignmentSlots/noninvoked","Output":"    range_test.go:73: stock native causal fixture: === RUN   TestBehavior\n"}
{"Time":"2026-10-05T14:28:40.472658146Z","Action":"output","Package":"go.temporal.io/server/tools/gomad3/internal/gomadtool/architecture","Test":"TestRangeAssignmentSlots/noninvoked","Output":"            pure_test.go:1: actual effects=0\n"}
{"Time":"2026-10-05T14:28:40.472680062Z","Action":"output","Package":"go.temporal.io/server/tools/gomad3/internal/gomadtool/architecture","Test":"TestRangeAssignmentSlots/noninvoked","Output":"        --- PASS: TestBehavior (0.00s)\n"}
{"Time":"2026-10-05T14:28:40.472694521Z","Action":"output","Package":"go.temporal.io/server/tools/gomad3/internal/gomadtool/architecture","Test":"TestRangeAssignmentSlots/noninvoked","Output":"        PASS\n"}
{"Time":"2026-10-05T14:28:40.472716312Z","Action":"output","Package":"go.temporal.io/server/tools/gomad3/internal/gomadtool/architecture","Test":"TestRangeAssignmentSlots/noninvoked","Output":"        ok  \texample.invalid/rangeslots/record\t0.001s\n"}
{"Time":"2026-10-05T14:28:40.968841604Z","Action":"output","Package":"go.temporal.io/server/tools/gomad3/internal/gomadtool/architecture","Test":"TestRangeAssignmentSlots/noninvoked","Output":"--- PASS: TestRangeAssignmentSlots/noninvoked (0.60s)\n","OutputType":"frame"}
{"Time":"2026-10-05T14:28:40.968988479Z","Action":"pass","Package":"go.temporal.io/server/tools/gomad3/internal/gomadtool/architecture","Test":"TestRangeAssignmentSlots/noninvoked","Elapsed":0.6}
{"Time":"2026-10-05T14:28:40.969022604Z","Action":"run","Package":"go.temporal.io/server/tools/gomad3/internal/gomadtool/architecture","Test":"TestRangeAssignmentSlots/paren-existing"}
{"Time":"2026-10-05T14:28:40.969042104Z","Action":"output","Package":"go.temporal.io/server/tools/gomad3/internal/gomadtool/architecture","Test":"TestRangeAssignmentSlots/paren-existing","Output":"=== RUN   TestRangeAssignmentSlots/paren-existing\n","OutputType":"frame"}
{"Time":"2026-10-05T14:28:41.071608938Z","Action":"output","Package":"go.temporal.io/server/tools/gomad3/internal/gomadtool/architecture","Test":"TestRangeAssignmentSlots/paren-existing","Output":"    range_test.go:73: stock native causal fixture: === RUN   TestBehavior\n"}
{"Time":"2026-10-05T14:28:41.071714021Z","Action":"output","Package":"go.temporal.io/server/tools/gomad3/internal/gomadtool/architecture","Test":"TestRangeAssignmentSlots/paren-existing","Output":"            pure_test.go:1: actual effects=1\n"}
{"Time":"2026-10-05T14:28:41.071750396Z","Action":"output","Package":"go.temporal.io/server/tools/gomad3/internal/gomadtool/architecture","Test":"TestRangeAssignmentSlots/paren-existing","Output":"        --- PASS: TestBehavior (0.00s)\n"}
{"Time":"2026-10-05T14:28:41.071767188Z","Action":"output","Package":"go.temporal.io/server/tools/gomad3/internal/gomadtool/architecture","Test":"TestRangeAssignmentSlots/paren-existing","Output":"        PASS\n"}
{"Time":"2026-10-05T14:28:41.071845146Z","Action":"output","Package":"go.temporal.io/server/tools/gomad3/internal/gomadtool/architecture","Test":"TestRangeAssignmentSlots/paren-existing","Output":"        ok  \texample.invalid/rangeslots/record\t0.001s\n"}
{"Time":"2026-10-05T14:28:41.564692271Z","Action":"output","Package":"go.temporal.io/server/tools/gomad3/internal/gomadtool/architecture","Test":"TestRangeAssignmentSlots/paren-existing","Output":"--- PASS: TestRangeAssignmentSlots/paren-existing (0.60s)\n","OutputType":"frame"}
{"Time":"2026-10-05T14:28:41.569785438Z","Action":"pass","Package":"go.temporal.io/server/tools/gomad3/internal/gomadtool/architecture","Test":"TestRangeAssignmentSlots/paren-existing","Elapsed":0.6}
{"Time":"2026-10-05T14:28:41.569918271Z","Action":"run","Package":"go.temporal.io/server/tools/gomad3/internal/gomadtool/architecture","Test":"TestRangeAssignmentSlots/paren-field"}
{"Time":"2026-10-05T14:28:41.569965771Z","Action":"output","Package":"go.temporal.io/server/tools/gomad3/internal/gomadtool/architecture","Test":"TestRangeAssignmentSlots/paren-field","Output":"=== RUN   TestRangeAssignmentSlots/paren-field\n","OutputType":"frame"}
{"Time":"2026-10-05T14:28:41.674002813Z","Action":"output","Package":"go.temporal.io/server/tools/gomad3/internal/gomadtool/architecture","Test":"TestRangeAssignmentSlots/paren-field","Output":"    range_test.go:73: stock native causal fixture: === RUN   TestBehavior\n"}
{"Time":"2026-10-05T14:28:41.67411598Z","Action":"output","Package":"go.temporal.io/server/tools/gomad3/internal/gomadtool/architecture","Test":"TestRangeAssignmentSlots/paren-field","Output":"            pure_test.go:1: actual effects=1\n"}
{"Time":"2026-10-05T14:28:41.67414698Z","Action":"output","Package":"go.temporal.io/server/tools/gomad3/internal/gomadtool/architecture","Test":"TestRangeAssignmentSlots/paren-field","Output":"        --- PASS: TestBehavior (0.00s)\n"}
{"Time":"2026-10-05T14:28:41.674162563Z","Action":"output","Package":"go.temporal.io/server/tools/gomad3/internal/gomadtool/architecture","Test":"TestRangeAssignmentSlots/paren-field","Output":"        PASS\n"}
{"Time":"2026-10-05T14:28:41.674184271Z","Action":"output","Package":"go.temporal.io/server/tools/gomad3/internal/gomadtool/architecture","Test":"TestRangeAssignmentSlots/paren-field","Output":"        ok  \texample.invalid/rangeslots/record\t0.001s\n"}
{"Time":"2026-10-05T14:28:42.166784938Z","Action":"output","Package":"go.temporal.io/server/tools/gomad3/internal/gomadtool/architecture","Test":"TestRangeAssignmentSlots/paren-field","Output":"--- PASS: TestRangeAssignmentSlots/paren-field (0.60s)\n","OutputType":"frame"}
{"Time":"2026-10-05T14:28:42.166906646Z","Action":"pass","Package":"go.temporal.io/server/tools/gomad3/internal/gomadtool/architecture","Test":"TestRangeAssignmentSlots/paren-field","Elapsed":0.6}
{"Time":"2026-10-05T14:28:42.16694098Z","Action":"run","Package":"go.temporal.io/server/tools/gomad3/internal/gomadtool/architecture","Test":"TestRangeAssignmentSlots/paren-index"}
{"Time":"2026-10-05T14:28:42.166963855Z","Action":"output","Package":"go.temporal.io/server/tools/gomad3/internal/gomadtool/architecture","Test":"TestRangeAssignmentSlots/paren-index","Output":"=== RUN   TestRangeAssignmentSlots/paren-index\n","OutputType":"frame"}
{"Time":"2026-10-05T14:28:42.267986313Z","Action":"output","Package":"go.temporal.io/server/tools/gomad3/internal/gomadtool/architecture","Test":"TestRangeAssignmentSlots/paren-index","Output":"    range_test.go:73: stock native causal fixture: === RUN   TestBehavior\n"}
{"Time":"2026-10-05T14:28:42.268118063Z","Action":"output","Package":"go.temporal.io/server/tools/gomad3/internal/gomadtool/architecture","Test":"TestRangeAssignmentSlots/paren-index","Output":"            pure_test.go:1: actual effects=1\n"}
{"Time":"2026-10-05T14:28:42.268176021Z","Action":"output","Package":"go.temporal.io/server/tools/gomad3/internal/gomadtool/architecture","Test":"TestRangeAssignmentSlots/paren-index","Output":"        --- PASS: TestBehavior (0.00s)\n"}
{"Time":"2026-10-05T14:28:42.268213521Z","Action":"output","Package":"go.temporal.io/server/tools/gomad3/internal/gomadtool/architecture","Test":"TestRangeAssignmentSlots/paren-index","Output":"        PASS\n"}
{"Time":"2026-10-05T14:28:42.268241313Z","Action":"output","Package":"go.temporal.io/server/tools/gomad3/internal/gomadtool/architecture","Test":"TestRangeAssignmentSlots/paren-index","Output":"        ok  \texample.invalid/rangeslots/record\t0.001s\n"}
{"Time":"2026-10-05T14:28:42.759700105Z","Action":"output","Package":"go.temporal.io/server/tools/gomad3/internal/gomadtool/architecture","Test":"TestRangeAssignmentSlots/paren-index","Output":"--- PASS: TestRangeAssignmentSlots/paren-index (0.59s)\n","OutputType":"frame"}
{"Time":"2026-10-05T14:28:42.759815438Z","Action":"pass","Package":"go.temporal.io/server/tools/gomad3/internal/gomadtool/architecture","Test":"TestRangeAssignmentSlots/paren-index","Elapsed":0.59}
{"Time":"2026-10-05T14:28:42.759853188Z","Action":"run","Package":"go.temporal.io/server/tools/gomad3/internal/gomadtool/architecture","Test":"TestRangeAssignmentSlots/paren-dereference"}
{"Time":"2026-10-05T14:28:42.759919147Z","Action":"output","Package":"go.temporal.io/server/tools/gomad3/internal/gomadtool/architecture","Test":"TestRangeAssignmentSlots/paren-dereference","Output":"=== RUN   TestRangeAssignmentSlots/paren-dereference\n","OutputType":"frame"}
{"Time":"2026-10-05T14:28:42.861741522Z","Action":"output","Package":"go.temporal.io/server/tools/gomad3/internal/gomadtool/architecture","Test":"TestRangeAssignmentSlots/paren-dereference","Output":"    range_test.go:73: stock native causal fixture: === RUN   TestBehavior\n"}
{"Time":"2026-10-05T14:28:42.861838313Z","Action":"output","Package":"go.temporal.io/server/tools/gomad3/internal/gomadtool/architecture","Test":"TestRangeAssignmentSlots/paren-dereference","Output":"            pure_test.go:1: actual effects=1\n"}
{"Time":"2026-10-05T14:28:42.861873105Z","Action":"output","Package":"go.temporal.io/server/tools/gomad3/internal/gomadtool/architecture","Test":"TestRangeAssignmentSlots/paren-dereference","Output":"        --- PASS: TestBehavior (0.00s)\n"}
{"Time":"2026-10-05T14:28:42.861893855Z","Action":"output","Package":"go.temporal.io/server/tools/gomad3/internal/gomadtool/architecture","Test":"TestRangeAssignmentSlots/paren-dereference","Output":"        PASS\n"}
{"Time":"2026-10-05T14:28:42.861908147Z","Action":"output","Package":"go.temporal.io/server/tools/gomad3/internal/gomadtool/architecture","Test":"TestRangeAssignmentSlots/paren-dereference","Output":"        ok  \texample.invalid/rangeslots/record\t0.001s\n"}
{"Time":"2026-10-05T14:28:43.360328439Z","Action":"output","Package":"go.temporal.io/server/tools/gomad3/internal/gomadtool/architecture","Test":"TestRangeAssignmentSlots/paren-dereference","Output":"--- PASS: TestRangeAssignmentSlots/paren-dereference (0.60s)\n","OutputType":"frame"}
{"Time":"2026-10-05T14:28:43.36045773Z","Action":"pass","Package":"go.temporal.io/server/tools/gomad3/internal/gomadtool/architecture","Test":"TestRangeAssignmentSlots/paren-dereference","Elapsed":0.6}
{"Time":"2026-10-05T14:28:43.360498647Z","Action":"run","Package":"go.temporal.io/server/tools/gomad3/internal/gomadtool/architecture","Test":"TestRangeAssignmentSlots/effect-index"}
{"Time":"2026-10-05T14:28:43.360527397Z","Action":"output","Package":"go.temporal.io/server/tools/gomad3/internal/gomadtool/architecture","Test":"TestRangeAssignmentSlots/effect-index","Output":"=== RUN   TestRangeAssignmentSlots/effect-index\n","OutputType":"frame"}
{"Time":"2026-10-05T14:28:43.464979272Z","Action":"output","Package":"go.temporal.io/server/tools/gomad3/internal/gomadtool/architecture","Test":"TestRangeAssignmentSlots/effect-index","Output":"    range_test.go:73: stock native causal fixture: === RUN   TestBehavior\n"}
{"Time":"2026-10-05T14:28:43.465064814Z","Action":"output","Package":"go.temporal.io/server/tools/gomad3/internal/gomadtool/architecture","Test":"TestRangeAssignmentSlots/effect-index","Output":"            pure_test.go:1: actual effects=1\n"}
{"Time":"2026-10-05T14:28:43.465095689Z","Action":"output","Package":"go.temporal.io/server/tools/gomad3/internal/gomadtool/architecture","Test":"TestRangeAssignmentSlots/effect-index","Output":"        --- PASS: TestBehavior (0.00s)\n"}
{"Time":"2026-10-05T14:28:43.465115397Z","Action":"output","Package":"go.temporal.io/server/tools/gomad3/internal/gomadtool/architecture","Test":"TestRangeAssignmentSlots/effect-index","Output":"        PASS\n"}
{"Time":"2026-10-05T14:28:43.465136355Z","Action":"output","Package":"go.temporal.io/server/tools/gomad3/internal/gomadtool/architecture","Test":"TestRangeAssignmentSlots/effect-index","Output":"        ok  \texample.invalid/rangeslots/record\t0.001s\n"}
{"Time":"2026-10-05T14:28:43.970372647Z","Action":"output","Package":"go.temporal.io/server/tools/gomad3/internal/gomadtool/architecture","Test":"TestRangeAssignmentSlots/effect-index","Output":"--- PASS: TestRangeAssignmentSlots/effect-index (0.61s)\n","OutputType":"frame"}
{"Time":"2026-10-05T14:28:43.970484231Z","Action":"pass","Package":"go.temporal.io/server/tools/gomad3/internal/gomadtool/architecture","Test":"TestRangeAssignmentSlots/effect-index","Elapsed":0.61}
{"Time":"2026-10-05T14:28:43.970512439Z","Action":"run","Package":"go.temporal.io/server/tools/gomad3/internal/gomadtool/architecture","Test":"TestRangeAssignmentSlots/ordinary-paren"}
{"Time":"2026-10-05T14:28:43.970525314Z","Action":"output","Package":"go.temporal.io/server/tools/gomad3/internal/gomadtool/architecture","Test":"TestRangeAssignmentSlots/ordinary-paren","Output":"=== RUN   TestRangeAssignmentSlots/ordinary-paren\n","OutputType":"frame"}
{"Time":"2026-10-05T14:28:44.072534772Z","Action":"output","Package":"go.temporal.io/server/tools/gomad3/internal/gomadtool/architecture","Test":"TestRangeAssignmentSlots/ordinary-paren","Output":"    range_test.go:73: stock native causal fixture: === RUN   TestBehavior\n"}
{"Time":"2026-10-05T14:28:44.072630647Z","Action":"output","Package":"go.temporal.io/server/tools/gomad3/internal/gomadtool/architecture","Test":"TestRangeAssignmentSlots/ordinary-paren","Output":"            pure_test.go:1: actual effects=1\n"}
{"Time":"2026-10-05T14:28:44.072655981Z","Action":"output","Package":"go.temporal.io/server/tools/gomad3/internal/gomadtool/architecture","Test":"TestRangeAssignmentSlots/ordinary-paren","Output":"        --- PASS: TestBehavior (0.00s)\n"}
{"Time":"2026-10-05T14:28:44.072697856Z","Action":"output","Package":"go.temporal.io/server/tools/gomad3/internal/gomadtool/architecture","Test":"TestRangeAssignmentSlots/ordinary-paren","Output":"        PASS\n"}
{"Time":"2026-10-05T14:28:44.072721731Z","Action":"output","Package":"go.temporal.io/server/tools/gomad3/internal/gomadtool/architecture","Test":"TestRangeAssignmentSlots/ordinary-paren","Output":"        ok  \texample.invalid/rangeslots/record\t0.001s\n"}
{"Time":"2026-10-05T14:28:44.594141398Z","Action":"output","Package":"go.temporal.io/server/tools/gomad3/internal/gomadtool/architecture","Test":"TestRangeAssignmentSlots/ordinary-paren","Output":"--- PASS: TestRangeAssignmentSlots/ordinary-paren (0.62s)\n","OutputType":"frame"}
{"Time":"2026-10-05T14:28:44.594254939Z","Action":"pass","Package":"go.temporal.io/server/tools/gomad3/internal/gomadtool/architecture","Test":"TestRangeAssignmentSlots/ordinary-paren","Elapsed":0.62}
{"Time":"2026-10-05T14:28:44.594289814Z","Action":"run","Package":"go.temporal.io/server/tools/gomad3/internal/gomadtool/architecture","Test":"TestRangeAssignmentSlots/ordinary-index"}
{"Time":"2026-10-05T14:28:44.594309273Z","Action":"output","Package":"go.temporal.io/server/tools/gomad3/internal/gomadtool/architecture","Test":"TestRangeAssignmentSlots/ordinary-index","Output":"=== RUN   TestRangeAssignmentSlots/ordinary-index\n","OutputType":"frame"}
{"Time":"2026-10-05T14:28:44.697929439Z","Action":"output","Package":"go.temporal.io/server/tools/gomad3/internal/gomadtool/architecture","Test":"TestRangeAssignmentSlots/ordinary-index","Output":"    range_test.go:73: stock native causal fixture: === RUN   TestBehavior\n"}
{"Time":"2026-10-05T14:28:44.698008148Z","Action":"output","Package":"go.temporal.io/server/tools/gomad3/internal/gomadtool/architecture","Test":"TestRangeAssignmentSlots/ordinary-index","Output":"            pure_test.go:1: actual effects=1\n"}
{"Time":"2026-10-05T14:28:44.698023148Z","Action":"output","Package":"go.temporal.io/server/tools/gomad3/internal/gomadtool/architecture","Test":"TestRangeAssignmentSlots/ordinary-index","Output":"        --- PASS: TestBehavior (0.00s)\n"}
{"Time":"2026-10-05T14:28:44.698037648Z","Action":"output","Package":"go.temporal.io/server/tools/gomad3/internal/gomadtool/architecture","Test":"TestRangeAssignmentSlots/ordinary-index","Output":"        PASS\n"}
{"Time":"2026-10-05T14:28:44.698076481Z","Action":"output","Package":"go.temporal.io/server/tools/gomad3/internal/gomadtool/architecture","Test":"TestRangeAssignmentSlots/ordinary-index","Output":"        ok  \texample.invalid/rangeslots/record\t0.001s\n"}
{"Time":"2026-10-05T14:28:45.210215356Z","Action":"output","Package":"go.temporal.io/server/tools/gomad3/internal/gomadtool/architecture","Test":"TestRangeAssignmentSlots/ordinary-index","Output":"--- PASS: TestRangeAssignmentSlots/ordinary-index (0.62s)\n","OutputType":"frame"}
{"Time":"2026-10-05T14:28:45.210343731Z","Action":"pass","Package":"go.temporal.io/server/tools/gomad3/internal/gomadtool/architecture","Test":"TestRangeAssignmentSlots/ordinary-index","Elapsed":0.62}
{"Time":"2026-10-05T14:28:45.21037469Z","Action":"run","Package":"go.temporal.io/server/tools/gomad3/internal/gomadtool/architecture","Test":"TestRangeAssignmentSlots/slice-max"}
{"Time":"2026-10-05T14:28:45.210391856Z","Action":"output","Package":"go.temporal.io/server/tools/gomad3/internal/gomadtool/architecture","Test":"TestRangeAssignmentSlots/slice-max","Output":"=== RUN   TestRangeAssignmentSlots/slice-max\n","OutputType":"frame"}
{"Time":"2026-10-05T14:28:45.31389819Z","Action":"output","Package":"go.temporal.io/server/tools/gomad3/internal/gomadtool/architecture","Test":"TestRangeAssignmentSlots/slice-max","Output":"    range_test.go:73: stock native causal fixture: === RUN   TestBehavior\n"}
{"Time":"2026-10-05T14:28:45.314008981Z","Action":"output","Package":"go.temporal.io/server/tools/gomad3/internal/gomadtool/architecture","Test":"TestRangeAssignmentSlots/slice-max","Output":"            pure_test.go:1: actual effects=1\n"}
{"Time":"2026-10-05T14:28:45.314029148Z","Action":"output","Package":"go.temporal.io/server/tools/gomad3/internal/gomadtool/architecture","Test":"TestRangeAssignmentSlots/slice-max","Output":"        --- PASS: TestBehavior (0.00s)\n"}
{"Time":"2026-10-05T14:28:45.314056315Z","Action":"output","Package":"go.temporal.io/server/tools/gomad3/internal/gomadtool/architecture","Test":"TestRangeAssignmentSlots/slice-max","Output":"        PASS\n"}
{"Time":"2026-10-05T14:28:45.314069148Z","Action":"output","Package":"go.temporal.io/server/tools/gomad3/internal/gomadtool/architecture","Test":"TestRangeAssignmentSlots/slice-max","Output":"        ok  \texample.invalid/rangeslots/record\t0.001s\n"}
{"Time":"2026-10-05T14:28:45.805100731Z","Action":"output","Package":"go.temporal.io/server/tools/gomad3/internal/gomadtool/architecture","Test":"TestRangeAssignmentSlots/slice-max","Output":"--- PASS: TestRangeAssignmentSlots/slice-max (0.59s)\n","OutputType":"frame"}
{"Time":"2026-10-05T14:28:45.805193106Z","Action":"pass","Package":"go.temporal.io/server/tools/gomad3/internal/gomadtool/architecture","Test":"TestRangeAssignmentSlots/slice-max","Elapsed":0.59}
{"Time":"2026-10-05T14:28:45.805217565Z","Action":"run","Package":"go.temporal.io/server/tools/gomad3/internal/gomadtool/architecture","Test":"TestRangeAssignmentSlots/map-key"}
{"Time":"2026-10-05T14:28:45.805228023Z","Action":"output","Package":"go.temporal.io/server/tools/gomad3/internal/gomadtool/architecture","Test":"TestRangeAssignmentSlots/map-key","Output":"=== RUN   TestRangeAssignmentSlots/map-key\n","OutputType":"frame"}
{"Time":"2026-10-05T14:28:45.906046315Z","Action":"output","Package":"go.temporal.io/server/tools/gomad3/internal/gomadtool/architecture","Test":"TestRangeAssignmentSlots/map-key","Output":"    range_test.go:73: stock native causal fixture: === RUN   TestBehavior\n"}
{"Time":"2026-10-05T14:28:45.906151898Z","Action":"output","Package":"go.temporal.io/server/tools/gomad3/internal/gomadtool/architecture","Test":"TestRangeAssignmentSlots/map-key","Output":"            pure_test.go:1: actual effects=1\n"}
{"Time":"2026-10-05T14:28:45.906169857Z","Action":"output","Package":"go.temporal.io/server/tools/gomad3/internal/gomadtool/architecture","Test":"TestRangeAssignmentSlots/map-key","Output":"        --- PASS: TestBehavior (0.00s)\n"}
{"Time":"2026-10-05T14:28:45.906188357Z","Action":"output","Package":"go.temporal.io/server/tools/gomad3/internal/gomadtool/architecture","Test":"TestRangeAssignmentSlots/map-key","Output":"        PASS\n"}
{"Time":"2026-10-05T14:28:45.906205523Z","Action":"output","Package":"go.temporal.io/server/tools/gomad3/internal/gomadtool/architecture","Test":"TestRangeAssignmentSlots/map-key","Output":"        ok  \texample.invalid/rangeslots/record\t0.001s\n"}
{"Time":"2026-10-05T14:28:46.406151982Z","Action":"output","Package":"go.temporal.io/server/tools/gomad3/internal/gomadtool/architecture","Test":"TestRangeAssignmentSlots/map-key","Output":"--- PASS: TestRangeAssignmentSlots/map-key (0.60s)\n","OutputType":"frame"}
{"Time":"2026-10-05T14:28:46.406273148Z","Action":"pass","Package":"go.temporal.io/server/tools/gomad3/internal/gomadtool/architecture","Test":"TestRangeAssignmentSlots/map-key","Elapsed":0.6}
{"Time":"2026-10-05T14:28:46.406305982Z","Action":"run","Package":"go.temporal.io/server/tools/gomad3/internal/gomadtool/architecture","Test":"TestRangeAssignmentSlots/clean-paren"}
{"Time":"2026-10-05T14:28:46.406325232Z","Action":"output","Package":"go.temporal.io/server/tools/gomad3/internal/gomadtool/architecture","Test":"TestRangeAssignmentSlots/clean-paren","Output":"=== RUN   TestRangeAssignmentSlots/clean-paren\n","OutputType":"frame"}
{"Time":"2026-10-05T14:28:46.506682232Z","Action":"output","Package":"go.temporal.io/server/tools/gomad3/internal/gomadtool/architecture","Test":"TestRangeAssignmentSlots/clean-paren","Output":"    range_test.go:73: stock native causal fixture: === RUN   TestBehavior\n"}
{"Time":"2026-10-05T14:28:46.506771898Z","Action":"output","Package":"go.temporal.io/server/tools/gomad3/internal/gomadtool/architecture","Test":"TestRangeAssignmentSlots/clean-paren","Output":"            pure_test.go:1: actual effects=0\n"}
{"Time":"2026-10-05T14:28:46.506791232Z","Action":"output","Package":"go.temporal.io/server/tools/gomad3/internal/gomadtool/architecture","Test":"TestRangeAssignmentSlots/clean-paren","Output":"        --- PASS: TestBehavior (0.00s)\n"}
{"Time":"2026-10-05T14:28:46.506847732Z","Action":"output","Package":"go.temporal.io/server/tools/gomad3/internal/gomadtool/architecture","Test":"TestRangeAssignmentSlots/clean-paren","Output":"        PASS\n"}
{"Time":"2026-10-05T14:28:46.506874565Z","Action":"output","Package":"go.temporal.io/server/tools/gomad3/internal/gomadtool/architecture","Test":"TestRangeAssignmentSlots/clean-paren","Output":"        ok  \texample.invalid/rangeslots/record\t0.002s\n"}
{"Time":"2026-10-05T14:28:47.00784569Z","Action":"output","Package":"go.temporal.io/server/tools/gomad3/internal/gomadtool/architecture","Test":"TestRangeAssignmentSlots/clean-paren","Output":"--- PASS: TestRangeAssignmentSlots/clean-paren (0.60s)\n","OutputType":"frame"}
{"Time":"2026-10-05T14:28:47.008050107Z","Action":"pass","Package":"go.temporal.io/server/tools/gomad3/internal/gomadtool/architecture","Test":"TestRangeAssignmentSlots/clean-paren","Elapsed":0.6}
{"Time":"2026-10-05T14:28:47.008099357Z","Action":"run","Package":"go.temporal.io/server/tools/gomad3/internal/gomadtool/architecture","Test":"TestRangeAssignmentSlots/clean-index"}
{"Time":"2026-10-05T14:28:47.008155149Z","Action":"output","Package":"go.temporal.io/server/tools/gomad3/internal/gomadtool/architecture","Test":"TestRangeAssignmentSlots/clean-index","Output":"=== RUN   TestRangeAssignmentSlots/clean-index\n","OutputType":"frame"}
{"Time":"2026-10-05T14:28:47.107364524Z","Action":"output","Package":"go.temporal.io/server/tools/gomad3/internal/gomadtool/architecture","Test":"TestRangeAssignmentSlots/clean-index","Output":"    range_test.go:73: stock native causal fixture: === RUN   TestBehavior\n"}
{"Time":"2026-10-05T14:28:47.107477107Z","Action":"output","Package":"go.temporal.io/server/tools/gomad3/internal/gomadtool/architecture","Test":"TestRangeAssignmentSlots/clean-index","Output":"            pure_test.go:1: actual effects=0\n"}
{"Time":"2026-10-05T14:28:47.10751594Z","Action":"output","Package":"go.temporal.io/server/tools/gomad3/internal/gomadtool/architecture","Test":"TestRangeAssignmentSlots/clean-index","Output":"        --- PASS: TestBehavior (0.00s)\n"}
{"Time":"2026-10-05T14:28:47.10753819Z","Action":"output","Package":"go.temporal.io/server/tools/gomad3/internal/gomadtool/architecture","Test":"TestRangeAssignmentSlots/clean-index","Output":"        PASS\n"}
{"Time":"2026-10-05T14:28:47.107551107Z","Action":"output","Package":"go.temporal.io/server/tools/gomad3/internal/gomadtool/architecture","Test":"TestRangeAssignmentSlots/clean-index","Output":"        ok  \texample.invalid/rangeslots/record\t0.001s\n"}
{"Time":"2026-10-05T14:28:47.602112691Z","Action":"output","Package":"go.temporal.io/server/tools/gomad3/internal/gomadtool/architecture","Test":"TestRangeAssignmentSlots/clean-index","Output":"--- PASS: TestRangeAssignmentSlots/clean-index (0.59s)\n","OutputType":"frame"}
{"Time":"2026-10-05T14:28:47.602200774Z","Action":"pass","Package":"go.temporal.io/server/tools/gomad3/internal/gomadtool/architecture","Test":"TestRangeAssignmentSlots/clean-index","Elapsed":0.59}
{"Time":"2026-10-05T14:28:47.602220441Z","Action":"run","Package":"go.temporal.io/server/tools/gomad3/internal/gomadtool/architecture","Test":"TestRangeAssignmentSlots/clean-slice-max"}
{"Time":"2026-10-05T14:28:47.602275566Z","Action":"output","Package":"go.temporal.io/server/tools/gomad3/internal/gomadtool/architecture","Test":"TestRangeAssignmentSlots/clean-slice-max","Output":"=== RUN   TestRangeAssignmentSlots/clean-slice-max\n","OutputType":"frame"}
{"Time":"2026-10-05T14:28:47.707658149Z","Action":"output","Package":"go.temporal.io/server/tools/gomad3/internal/gomadtool/architecture","Test":"TestRangeAssignmentSlots/clean-slice-max","Output":"    range_test.go:73: stock native causal fixture: === RUN   TestBehavior\n"}
{"Time":"2026-10-05T14:28:47.707733941Z","Action":"output","Package":"go.temporal.io/server/tools/gomad3/internal/gomadtool/architecture","Test":"TestRangeAssignmentSlots/clean-slice-max","Output":"            pure_test.go:1: actual effects=0\n"}
{"Time":"2026-10-05T14:28:47.707748316Z","Action":"output","Package":"go.temporal.io/server/tools/gomad3/internal/gomadtool/architecture","Test":"TestRangeAssignmentSlots/clean-slice-max","Output":"        --- PASS: TestBehavior (0.00s)\n"}
{"Time":"2026-10-05T14:28:47.707771441Z","Action":"output","Package":"go.temporal.io/server/tools/gomad3/internal/gomadtool/architecture","Test":"TestRangeAssignmentSlots/clean-slice-max","Output":"        PASS\n"}
{"Time":"2026-10-05T14:28:47.707811357Z","Action":"output","Package":"go.temporal.io/server/tools/gomad3/internal/gomadtool/architecture","Test":"TestRangeAssignmentSlots/clean-slice-max","Output":"        ok  \texample.invalid/rangeslots/record\t0.001s\n"}
{"Time":"2026-10-05T14:28:48.225344899Z","Action":"output","Package":"go.temporal.io/server/tools/gomad3/internal/gomadtool/architecture","Test":"TestRangeAssignmentSlots/clean-slice-max","Output":"--- PASS: TestRangeAssignmentSlots/clean-slice-max (0.62s)\n","OutputType":"frame"}
{"Time":"2026-10-05T14:28:48.225454524Z","Action":"pass","Package":"go.temporal.io/server/tools/gomad3/internal/gomadtool/architecture","Test":"TestRangeAssignmentSlots/clean-slice-max","Elapsed":0.62}
{"Time":"2026-10-05T14:28:48.225482024Z","Action":"run","Package":"go.temporal.io/server/tools/gomad3/internal/gomadtool/architecture","Test":"TestRangeAssignmentSlots/clean-map-key"}
{"Time":"2026-10-05T14:28:48.225498483Z","Action":"output","Package":"go.temporal.io/server/tools/gomad3/internal/gomadtool/architecture","Test":"TestRangeAssignmentSlots/clean-map-key","Output":"=== RUN   TestRangeAssignmentSlots/clean-map-key\n","OutputType":"frame"}
{"Time":"2026-10-05T14:28:48.330066858Z","Action":"output","Package":"go.temporal.io/server/tools/gomad3/internal/gomadtool/architecture","Test":"TestRangeAssignmentSlots/clean-map-key","Output":"    range_test.go:73: stock native causal fixture: === RUN   TestBehavior\n"}
{"Time":"2026-10-05T14:28:48.330166941Z","Action":"output","Package":"go.temporal.io/server/tools/gomad3/internal/gomadtool/architecture","Test":"TestRangeAssignmentSlots/clean-map-key","Output":"            pure_test.go:1: actual effects=0\n"}
{"Time":"2026-10-05T14:28:48.330185066Z","Action":"output","Package":"go.temporal.io/server/tools/gomad3/internal/gomadtool/architecture","Test":"TestRangeAssignmentSlots/clean-map-key","Output":"        --- PASS: TestBehavior (0.00s)\n"}
{"Time":"2026-10-05T14:28:48.330207441Z","Action":"output","Package":"go.temporal.io/server/tools/gomad3/internal/gomadtool/architecture","Test":"TestRangeAssignmentSlots/clean-map-key","Output":"        PASS\n"}
{"Time":"2026-10-05T14:28:48.330224816Z","Action":"output","Package":"go.temporal.io/server/tools/gomad3/internal/gomadtool/architecture","Test":"TestRangeAssignmentSlots/clean-map-key","Output":"        ok  \texample.invalid/rangeslots/record\t0.001s\n"}
{"Time":"2026-10-05T14:28:48.831458816Z","Action":"output","Package":"go.temporal.io/server/tools/gomad3/internal/gomadtool/architecture","Test":"TestRangeAssignmentSlots/clean-map-key","Output":"--- PASS: TestRangeAssignmentSlots/clean-map-key (0.61s)\n","OutputType":"frame"}
{"Time":"2026-10-05T14:28:48.835202316Z","Action":"pass","Package":"go.temporal.io/server/tools/gomad3/internal/gomadtool/architecture","Test":"TestRangeAssignmentSlots/clean-map-key","Elapsed":0.61}
{"Time":"2026-10-05T14:28:48.835257566Z","Action":"run","Package":"go.temporal.io/server/tools/gomad3/internal/gomadtool/architecture","Test":"TestRangeAssignmentSlots/noninvoked-map-key"}
{"Time":"2026-10-05T14:28:48.835288775Z","Action":"output","Package":"go.temporal.io/server/tools/gomad3/internal/gomadtool/architecture","Test":"TestRangeAssignmentSlots/noninvoked-map-key","Output":"=== RUN   TestRangeAssignmentSlots/noninvoked-map-key\n","OutputType":"frame"}
{"Time":"2026-10-05T14:28:48.936932566Z","Action":"output","Package":"go.temporal.io/server/tools/gomad3/internal/gomadtool/architecture","Test":"TestRangeAssignmentSlots/noninvoked-map-key","Output":"    range_test.go:73: stock native causal fixture: === RUN   TestBehavior\n"}
{"Time":"2026-10-05T14:28:48.937006566Z","Action":"output","Package":"go.temporal.io/server/tools/gomad3/internal/gomadtool/architecture","Test":"TestRangeAssignmentSlots/noninvoked-map-key","Output":"            pure_test.go:1: actual effects=0\n"}
{"Time":"2026-10-05T14:28:48.937055775Z","Action":"output","Package":"go.temporal.io/server/tools/gomad3/internal/gomadtool/architecture","Test":"TestRangeAssignmentSlots/noninvoked-map-key","Output":"        --- PASS: TestBehavior (0.00s)\n"}
{"Time":"2026-10-05T14:28:48.937084983Z","Action":"output","Package":"go.temporal.io/server/tools/gomad3/internal/gomadtool/architecture","Test":"TestRangeAssignmentSlots/noninvoked-map-key","Output":"        PASS\n"}
{"Time":"2026-10-05T14:28:48.937106316Z","Action":"output","Package":"go.temporal.io/server/tools/gomad3/internal/gomadtool/architecture","Test":"TestRangeAssignmentSlots/noninvoked-map-key","Output":"        ok  \texample.invalid/rangeslots/record\t0.001s\n"}
{"Time":"2026-10-05T14:28:49.422653358Z","Action":"output","Package":"go.temporal.io/server/tools/gomad3/internal/gomadtool/architecture","Test":"TestRangeAssignmentSlots/noninvoked-map-key","Output":"--- PASS: TestRangeAssignmentSlots/noninvoked-map-key (0.59s)\n","OutputType":"frame"}
{"Time":"2026-10-05T14:28:49.422808567Z","Action":"pass","Package":"go.temporal.io/server/tools/gomad3/internal/gomadtool/architecture","Test":"TestRangeAssignmentSlots/noninvoked-map-key","Elapsed":0.59}
{"Time":"2026-10-05T14:28:49.422843275Z","Action":"run","Package":"go.temporal.io/server/tools/gomad3/internal/gomadtool/architecture","Test":"TestRangeAssignmentSlots/noninvoked-slice-max"}
{"Time":"2026-10-05T14:28:49.4229054Z","Action":"output","Package":"go.temporal.io/server/tools/gomad3/internal/gomadtool/architecture","Test":"TestRangeAssignmentSlots/noninvoked-slice-max","Output":"=== RUN   TestRangeAssignmentSlots/noninvoked-slice-max\n","OutputType":"frame"}
{"Time":"2026-10-05T14:28:49.522222317Z","Action":"output","Package":"go.temporal.io/server/tools/gomad3/internal/gomadtool/architecture","Test":"TestRangeAssignmentSlots/noninvoked-slice-max","Output":"    range_test.go:73: stock native causal fixture: === RUN   TestBehavior\n"}
{"Time":"2026-10-05T14:28:49.522336067Z","Action":"output","Package":"go.temporal.io/server/tools/gomad3/internal/gomadtool/architecture","Test":"TestRangeAssignmentSlots/noninvoked-slice-max","Output":"            pure_test.go:1: actual effects=0\n"}
{"Time":"2026-10-05T14:28:49.522386275Z","Action":"output","Package":"go.temporal.io/server/tools/gomad3/internal/gomadtool/architecture","Test":"TestRangeAssignmentSlots/noninvoked-slice-max","Output":"        --- PASS: TestBehavior (0.00s)\n"}
{"Time":"2026-10-05T14:28:49.522403442Z","Action":"output","Package":"go.temporal.io/server/tools/gomad3/internal/gomadtool/architecture","Test":"TestRangeAssignmentSlots/noninvoked-slice-max","Output":"        PASS\n"}
{"Time":"2026-10-05T14:28:49.522428692Z","Action":"output","Package":"go.temporal.io/server/tools/gomad3/internal/gomadtool/architecture","Test":"TestRangeAssignmentSlots/noninvoked-slice-max","Output":"        ok  \texample.invalid/rangeslots/record\t0.001s\n"}
{"Time":"2026-10-05T14:28:50.041790317Z","Action":"output","Package":"go.temporal.io/server/tools/gomad3/internal/gomadtool/architecture","Test":"TestRangeAssignmentSlots/noninvoked-slice-max","Output":"--- PASS: TestRangeAssignmentSlots/noninvoked-slice-max (0.62s)\n","OutputType":"frame"}
{"Time":"2026-10-05T14:28:50.041900317Z","Action":"pass","Package":"go.temporal.io/server/tools/gomad3/internal/gomadtool/architecture","Test":"TestRangeAssignmentSlots/noninvoked-slice-max","Elapsed":0.62}
{"Time":"2026-10-05T14:28:50.04194215Z","Action":"output","Package":"go.temporal.io/server/tools/gomad3/internal/gomadtool/architecture","Test":"TestRangeAssignmentSlots","Output":"--- PASS: TestRangeAssignmentSlots (17.51s)\n","OutputType":"frame"}
{"Time":"2026-10-05T14:28:50.041963817Z","Action":"pass","Package":"go.temporal.io/server/tools/gomad3/internal/gomadtool/architecture","Test":"TestRangeAssignmentSlots","Elapsed":17.51}
{"Time":"2026-10-05T14:28:50.041984067Z","Action":"run","Package":"go.temporal.io/server/tools/gomad3/internal/gomadtool/architecture","Test":"TestSignatureNestedInternalIdentity"}
{"Time":"2026-10-05T14:28:50.042004983Z","Action":"output","Package":"go.temporal.io/server/tools/gomad3/internal/gomadtool/architecture","Test":"TestSignatureNestedInternalIdentity","Output":"=== RUN   TestSignatureNestedInternalIdentity\n","OutputType":"frame"}
{"Time":"2026-10-05T14:28:50.042024275Z","Action":"output","Package":"go.temporal.io/server/tools/gomad3/internal/gomadtool/architecture","Test":"TestSignatureNestedInternalIdentity","Output":"--- PASS: TestSignatureNestedInternalIdentity (0.00s)\n","OutputType":"frame"}
{"Time":"2026-10-05T14:28:50.0420529Z","Action":"pass","Package":"go.temporal.io/server/tools/gomad3/internal/gomadtool/architecture","Test":"TestSignatureNestedInternalIdentity","Elapsed":0}
{"Time":"2026-10-05T14:28:50.04206865Z","Action":"run","Package":"go.temporal.io/server/tools/gomad3/internal/gomadtool/architecture","Test":"TestImportableForeignNamedBoundary"}
{"Time":"2026-10-05T14:28:50.042083775Z","Action":"output","Package":"go.temporal.io/server/tools/gomad3/internal/gomadtool/architecture","Test":"TestImportableForeignNamedBoundary","Output":"=== RUN   TestImportableForeignNamedBoundary\n","OutputType":"frame"}
{"Time":"2026-10-05T14:28:50.042114233Z","Action":"output","Package":"go.temporal.io/server/tools/gomad3/internal/gomadtool/architecture","Test":"TestImportableForeignNamedBoundary","Output":"--- PASS: TestImportableForeignNamedBoundary (0.00s)\n","OutputType":"frame"}
{"Time":"2026-10-05T14:28:50.042124025Z","Action":"pass","Package":"go.temporal.io/server/tools/gomad3/internal/gomadtool/architecture","Test":"TestImportableForeignNamedBoundary","Elapsed":0}
{"Time":"2026-10-05T14:28:50.0421334Z","Action":"run","Package":"go.temporal.io/server/tools/gomad3/internal/gomadtool/architecture","Test":"TestInternalVisibilityChecksEveryParent"}
{"Time":"2026-10-05T14:28:50.042144025Z","Action":"output","Package":"go.temporal.io/server/tools/gomad3/internal/gomadtool/architecture","Test":"TestInternalVisibilityChecksEveryParent","Output":"=== RUN   TestInternalVisibilityChecksEveryParent\n","OutputType":"frame"}
{"Time":"2026-10-05T14:28:50.042164025Z","Action":"output","Package":"go.temporal.io/server/tools/gomad3/internal/gomadtool/architecture","Test":"TestInternalVisibilityChecksEveryParent","Output":"--- PASS: TestInternalVisibilityChecksEveryParent (0.00s)\n","OutputType":"frame"}
{"Time":"2026-10-05T14:28:50.042180525Z","Action":"pass","Package":"go.temporal.io/server/tools/gomad3/internal/gomadtool/architecture","Test":"TestInternalVisibilityChecksEveryParent","Elapsed":0}
{"Time":"2026-10-05T14:28:50.042196483Z","Action":"output","Package":"go.temporal.io/server/tools/gomad3/internal/gomadtool/architecture","Output":"PASS\n","OutputType":"frame"}
{"Time":"2026-10-05T14:28:50.044024692Z","Action":"output","Package":"go.temporal.io/server/tools/gomad3/internal/gomadtool/architecture","Output":"ok  \tgo.temporal.io/server/tools/gomad3/internal/gomadtool/architecture\t103.528s\n"}
{"Time":"2026-10-05T14:28:50.044076942Z","Action":"pass","Package":"go.temporal.io/server/tools/gomad3/internal/gomadtool/architecture","Elapsed":103.529}
